kickoff_utc,week,away_team,home_team,venue,dome,capacity,wind_mph,wind_dir,temp_f,precip_pct,away_talent,home_talent,market_spread_home,market_total,model_margin_adjusted,model_total,ats_pick,ats_confidence,total_pick,total_confidence,ml_pick,ml_edge,adjustment_notes
2026-08-29T16:00:00.000Z,1,North Carolina,TCU,Aviva Stadium,no,51700,1.8,ESE,62.8,84,767.89,730.79,-8.5,46.5,5.743312291532975,55.160000000000004,away,medium,over,high,away,-0.09335600476065542,"blend of 5 margin source(s) (fitted weights): espn_fpi, sagarin_predictor, sagarin_rating, fei, team_rankings; total from fei"
2026-08-29T19:00:00.000Z,1,San José State,USC,Los Angeles Memorial Coliseum,no,77500,4.9,SW,94.9,0,569.25,899,-38.5,60.5,27.243768364607018,60.08,away,high,under,low,,-0.025059127000899184,"blend of 5 margin source(s) (fitted weights): espn_fpi, sagarin_predictor, sagarin_rating, fei, team_rankings; total from fei"
2026-08-29T19:30:00.000Z,1,NC State,Virginia,Scott Stadium,no,61500,3.6,ENE,81.2,0,757.14,700.18,-4,51,8.308449207122294,51.08,home,high,over,low,home,0.12710061786566507,"blend of 5 margin source(s) (fitted weights): espn_fpi, sagarin_predictor, sagarin_rating, fei, team_rankings; total from fei"
2026-08-29T21:30:00.000Z,1,Jacksonville State,North Dakota State,Fargodome,yes,18700,,,,,602.83,515.59,-7,46.5,8.228436422846176,53.72,home,medium,over,high,,-0.040451670530661676,"blend of 5 margin source(s) (fitted weights): espn_fpi, sagarin_predictor, sagarin_rating, fei, team_rankings; total from fei"
2026-08-29T22:30:00.000Z,1,Sacramento State,Eastern Michigan,Rynearson Stadium,no,30200,8.3,SW,81,1,561.42,580.64,-8.5,52.5,7.417320365377375,57.56,away,medium,over,medium,away,-0.0692561624836594,"blend of 5 margin source(s) (fitted weights): espn_fpi, sagarin_predictor, sagarin_rating, fei, team_rankings; total from fei"
2026-08-29T23:00:00.000Z,1,Hawai'i,Stanford,Stanford Stadium,no,50424,9.1,NNW,81.1,0,556.82,705.81,-4.5,48.5,5.9041800738601244,50.480000000000004,home,medium,over,low,,0.007036089969451931,"blend of 5 margin source(s) (fitted weights): espn_fpi, sagarin_predictor, sagarin_rating, fei, team_rankings; total from fei"
2026-08-29T23:00:00.000Z,1,New Mexico State,Florida State,Doak Campbell Stadium,no,67277,5.1,SE,84.9,6,460.38,800.2,-30.5,53.5,23.988426904443987,53.480000000000004,away,high,under,low,,-0.02077937119305262,"blend of 5 margin source(s) (fitted weights): espn_fpi, sagarin_predictor, sagarin_rating, fei, team_rankings; total from fei"
2026-08-30T02:00:00.000Z,1,Memphis,UNLV,Allegiant Stadium,yes,65000,,,,,670.31,696.03,-4,55.5,1.6423203505742299,56.6,away,medium,over,low,away,-0.07556065532819489,"blend of 5 margin source(s) (fitted weights): espn_fpi, sagarin_predictor, sagarin_rating, fei, team_rankings; total from fei"
2026-09-03T22:00:00.000Z,1,Massachusetts,Rutgers,SHI Stadium,no,52454,7.7,W,85.7,37,525.94,709.04,-28.5,51.5,24.268584334160497,60.56,away,high,over,high,,-0.02249478170242214,"blend of 5 margin source(s) (fitted weights): espn_fpi, sagarin_predictor, sagarin_rating, fei, team_rankings; total from fei"
2026-09-03T23:00:00.000Z,1,Akron,Wake Forest,Allegacy Federal Credit Union Stadium,no,31500,11.2,SSW,95.2,3,546.84,680.87,-24.5,48.5,21.39269734890631,47.24,away,high,under,low,,-0.02627678451476323,"blend of 5 margin source(s) (fitted weights): espn_fpi, sagarin_predictor, sagarin_rating, fei, team_rankings; total from fei"
2026-09-04T00:00:00.000Z,1,Colorado,Georgia Tech,Bobby Dodd Stadium,no,55000,9,SSE,84.5,10,731.62,751.65,-6.5,50.5,4.583252617214527,54.68,away,medium,over,medium,away,-0.08742762363402912,"blend of 5 margin source(s) (fitted weights): espn_fpi, sagarin_predictor, sagarin_rating, fei, team_rankings; total from fei"
2026-09-04T01:00:00.000Z,1,UAB,Illinois,"Memorial Stadium (Champaign, IL)",no,60670,5.1,E,81.7,2,606.18,704.01,-28.5,57,23.715599572193067,58.04,away,high,over,low,,-0.023642324668992853,"blend of 5 margin source(s) (fitted weights): espn_fpi, sagarin_predictor, sagarin_rating, fei, team_rankings; total from fei"
2026-09-04T22:30:00.000Z,1,San José State,Eastern Michigan,Rynearson Stadium,no,30200,6.1,SSE,83.8,15,569.25,580.64,-3.5,54.5,0.29722760480041854,54.68,away,high,over,low,away,-0.11505589867207888,"blend of 5 margin source(s) (fitted weights): espn_fpi, sagarin_predictor, sagarin_rating, fei, team_rankings; total from fei"
2026-09-05T00:00:00.000Z,1,UTEP,Oklahoma,"Memorial Stadium (Norman, OK)",no,86112,11.2,SSE,89,3,585.76,851.14,-41.5,51,34.05220259067341,44.599999999999994,away,high,under,high,,,"blend of 5 margin source(s) (fitted weights): espn_fpi, sagarin_predictor, sagarin_rating, fei, team_rankings; total from fei"
2026-09-05T00:00:00.000Z,1,Toledo,Michigan State,Spartan Stadium,no,75005,9.5,NE,71.8,13,556.26,685.02,-10,47.5,6.81830918242332,50.36,away,high,over,medium,away,-0.11183453578744074,"blend of 5 margin source(s) (fitted weights): espn_fpi, sagarin_predictor, sagarin_rating, fei, team_rankings; total from fei"
2026-09-05T01:00:00.000Z,1,Miami,Stanford,Stanford Stadium,no,50424,10.4,WNW,69,0,885.94,705.81,24.5,47.5,-18.326481053864473,50,home,high,over,medium,home,0.07228243830517642,"blend of 5 margin source(s) (fitted weights): espn_fpi, sagarin_predictor, sagarin_rating, fei, team_rankings; total from fei"
2026-09-05T01:00:00.000Z,1,Fresno State,USC,Los Angeles Memorial Coliseum,no,77500,9.9,S,78.8,3,609.75,899,-22.5,51.5,20.18590263757455,56.480000000000004,away,medium,over,medium,,-0.034659431624828985,"blend of 5 margin source(s) (fitted weights): espn_fpi, sagarin_predictor, sagarin_rating, fei, team_rankings; total from fei"
2026-09-05T16:00:00.000Z,1,North Texas,Indiana,"Memorial Stadium (Bloomington, IN)",no,52656,7.4,WNW,92,10,602.08,735.26,-40.5,56.5,30.79659329892695,58.64,away,high,over,medium,,,"blend of 6 margin source(s) (fitted weights): espn_fpi, sagarin_predictor, sagarin_rating, fei, team_rankings, predictiontracker; total from fei"
2026-09-05T16:00:00.000Z,1,Liberty,James Madison,Bridgeforth Stadium,no,24877,3.8,NNW,78.8,33,633.35,588.31,-6,50.5,13.913113552903717,53.96,home,high,over,medium,home,0.14408408660270933,"blend of 6 margin source(s) (fitted weights): espn_fpi, sagarin_predictor, sagarin_rating, fei, team_rankings, predictiontracker; total from fei"
2026-09-05T16:00:00.000Z,1,Ohio,Nebraska,"Memorial Stadium (Lincoln, NE)",no,85458,4,SSW,91.8,1,522.84,787.45,-23.5,46.5,17.599978439545325,53.36,away,high,over,high,away,-0.07133891339461884,"blend of 6 margin source(s) (fitted weights): espn_fpi, sagarin_predictor, sagarin_rating, fei, team_rankings, predictiontracker; total from fei"
2026-09-05T16:00:00.000Z,1,East Carolina,Alabama,Bryant-Denny Stadium,no,101821,1.5,NNW,93.5,1,623.79,973.53,-28,52.5,21.868019506419035,52.040000000000006,away,high,under,low,,-0.02257110981338717,"blend of 6 margin source(s) (fitted weights): espn_fpi, sagarin_predictor, sagarin_rating, fei, team_rankings, predictiontracker; total from fei"
2026-09-05T16:00:00.000Z,1,Coastal Carolina,West Virginia,Milan Puskar Stadium,no,60000,5.9,WSW,77.2,15,573.96,707.6,-21,55,15.04261204704019,51.68,away,high,under,medium,home,0.3402679265944305,"blend of 6 margin source(s) (fitted weights): espn_fpi, sagarin_predictor, sagarin_rating, fei, team_rankings, predictiontracker; total from fei"
2026-09-05T16:00:00.000Z,1,Oregon State,Houston,TDECU Stadium,no,40000,1.6,NW,89.7,6,635.79,695.93,-20.5,50.5,20.204029925966783,53.239999999999995,away,low,over,medium,,0.012124665536224266,"blend of 6 margin source(s) (fitted weights): espn_fpi, sagarin_predictor, sagarin_rating, fei, team_rankings, predictiontracker; total from fei"
2026-09-05T16:30:00.000Z,1,Ball State,Ohio State,Ohio Stadium,no,102780,7.5,W,78.9,9,563.88,964.27,-51,56.5,48.55566001278264,49.4,away,medium,under,high,,,"blend of 6 margin source(s) (fitted weights): espn_fpi, sagarin_predictor, sagarin_rating, fei, team_rankings, predictiontracker; total from fei"
2026-09-05T16:30:00.000Z,1,Miami (OH),Pittsburgh,Acrisure Stadium,no,68400,0.9,NE,71.1,7,621.37,675.02,-16,47,17.486680785980077,45.56,home,medium,under,low,,0.015327329479746354,"blend of 6 margin source(s) (fitted weights): espn_fpi, sagarin_predictor, sagarin_rating, fei, team_rankings, predictiontracker; total from fei"
2026-09-05T16:45:00.000Z,1,Kent State,South Carolina,Williams-Brice Stadium,no,80250,3,SW,95.9,0,522.83,862.87,-36.5,53.5,31.37362534471016,51.44,away,high,under,medium,home,0.475051899768562,"blend of 6 margin source(s) (fitted weights): espn_fpi, sagarin_predictor, sagarin_rating, fei, team_rankings, predictiontracker; total from fei"
2026-09-05T19:30:00.000Z,1,Marshall,Penn State,Beaver Stadium,no,106572,6.7,N,76.2,0,594.71,774.04,-23.5,52,25.048571304422293,50.96,home,medium,under,low,,0.02021868232922852,"blend of 6 margin source(s) (fitted weights): espn_fpi, sagarin_predictor, sagarin_rating, fei, team_rankings, predictiontracker; total from fei"
2026-09-05T19:30:00.000Z,1,Tulane,Duke,Wallace Wade Stadium,no,40004,24.3,NW,80.1,11,665.11,668.47,-7.5,51.5,6.026224293249496,56.599999999999994,away,medium,over,low,away,-0.08676332129053788,"blend of 6 margin source(s) (fitted weights): espn_fpi, sagarin_predictor, sagarin_rating, fei, team_rankings, predictiontracker; total from fei; high wind (24.3mph) forced total confidence to low"
2026-09-05T19:30:00.000Z,1,Baylor,Auburn,Mercedes-Benz Stadium,yes,75000,,,,,723.28,828.19,-7.5,59.5,8.217387634520755,51.92,home,low,under,high,,-0.013314040400058458,"blend of 6 margin source(s) (fitted weights): espn_fpi, sagarin_predictor, sagarin_rating, fei, team_rankings, predictiontracker; total from fei"
2026-09-05T19:30:00.000Z,1,Boise State,Oregon,Autzen Stadium,no,54000,3.1,NNW,64,1,641.17,984.33,-24.5,51.5,24.243966907644346,54.44,away,low,over,medium,,-0.0005273543180354112,"blend of 6 margin source(s) (fitted weights): espn_fpi, sagarin_predictor, sagarin_rating, fei, team_rankings, predictiontracker; total from fei"
2026-09-05T19:30:00.000Z,1,Texas State,Texas,DKR-Texas Memorial Stadium,no,100119,6,SE,96,3,624.81,985.17,-29.5,59.5,27.69917345665309,54.8,away,medium,under,medium,,0.0004573786185895212,"blend of 6 margin source(s) (fitted weights): espn_fpi, sagarin_predictor, sagarin_rating, fei, team_rankings, predictiontracker; total from fei"
2026-09-05T19:30:00.000Z,1,Boston College,Cincinnati,Nippert Stadium,no,40000,7.6,NW,93.2,5,660,634.28,-7.5,50.5,10.2410136699493,58.04,home,medium,over,high,,0.016855095180767,"blend of 6 margin source(s) (fitted weights): espn_fpi, sagarin_predictor, sagarin_rating, fei, team_rankings, predictiontracker; total from fei"
2026-09-05T19:45:00.000Z,1,Oklahoma State,Tulsa,Chapman Stadium,no,30000,2.9,S,101,0,672.69,622.84,13.5,59.5,-4.984937154120729,49.28,home,high,under,high,home,0.19494696352015844,"blend of 6 margin source(s) (fitted weights): espn_fpi, sagarin_predictor, sagarin_rating, fei, team_rankings, predictiontracker; total from fei"
2026-09-05T20:15:00.000Z,1,Northern Illinois,Iowa,Kinnick Stadium,no,69250,8.2,NE,93.8,0,536.58,722.73,-32,44.5,30.64822412942806,43.76,away,medium,under,low,,0.00935927587353702,"blend of 6 margin source(s) (fitted weights): espn_fpi, sagarin_predictor, sagarin_rating, fei, team_rankings, predictiontracker; total from fei"
2026-09-05T22:00:00.000Z,1,Wyoming,Colorado State,Canvas Stadium,no,36500,9.5,ESE,93.3,4,528.29,640.31,-3,46.5,2.275743730480027,47.599999999999994,away,low,over,low,,-0.026440211946493153,"blend of 6 margin source(s) (fitted weights): espn_fpi, sagarin_predictor, sagarin_rating, fei, team_rankings, predictiontracker; total from fei"
2026-09-05T23:00:00.000Z,1,Sam Houston,Troy,Veterans Memorial Stadium (AL),no,30000,6.2,WSW,88.5,7,554.47,596.19,-16.5,54,16.0859267087618,45.44,away,low,under,high,,-0.04189535349806717,"blend of 5 margin source(s) (fitted weights): sagarin_predictor, sagarin_rating, fei, team_rankings, predictiontracker; total from fei"
2026-09-05T23:00:00.000Z,1,Florida International,South Florida,Raymond James Stadium,no,65828,6,WNW,83.7,4,607.56,703.81,-14.5,52,13.850121032966364,51.2,away,low,under,low,,0.02337246190673037,"blend of 2 margin source(s) (fitted weights): espn_fpi, fei; total from fei"
2026-09-05T23:00:00.000Z,1,Arkansas State,Memphis,Simmons Bank Liberty Stadium,no,58325,8.3,NW,99,2,606.22,670.31,-11,53.5,13.363924094054841,52.519999999999996,home,medium,under,low,home,0.057338620554896025,"blend of 6 margin source(s) (fitted weights): espn_fpi, sagarin_predictor, sagarin_rating, fei, team_rankings, predictiontracker; total from fei"
2026-09-05T23:00:00.000Z,1,Missouri State,Texas A&M,Kyle Field,no,102733,6.3,SE,90.7,10,549.92,933,-40.5,53.5,34.35301003788171,55.64,away,high,over,medium,,,"blend of 6 margin source(s) (fitted weights): espn_fpi, sagarin_predictor, sagarin_rating, fei, team_rankings, predictiontracker; total from fei"
2026-09-05T23:30:00.000Z,1,Western Michigan,Michigan,Michigan Stadium,no,107601,4.8,NE,74.2,0,572.2,890.02,-27.5,49.5,22.86021364830616,50.84,away,high,over,low,,-0.008981469506754491,"blend of 6 margin source(s) (fitted weights): espn_fpi, sagarin_predictor, sagarin_rating, fei, team_rankings, predictiontracker; total from fei"
2026-09-05T23:30:00.000Z,1,Clemson,LSU,Tiger Stadium (LA),no,102321,2.2,W,89.7,22,862.85,931.76,-9.5,50.5,7.412702969838907,47.239999999999995,away,medium,under,medium,away,-0.10989803228472583,"blend of 6 margin source(s) (fitted weights): espn_fpi, sagarin_predictor, sagarin_rating, fei, team_rankings, predictiontracker; total from fei"
2026-09-05T23:30:00.000Z,1,UL Monroe,Mississippi State,Davis Wade Stadium,no,61337,3,NW,97,2,505.49,804.53,-28.5,55,25.104085220867823,52.64,away,high,under,medium,,-0.021250657057023892,"blend of 6 margin source(s) (fitted weights): espn_fpi, sagarin_predictor, sagarin_rating, fei, team_rankings, predictiontracker; total from fei"
2026-09-05T23:45:00.000Z,1,Florida Atlantic,Florida,Ben Hill Griffin Stadium,no,88548,3.8,WSW,81.5,7,593.36,891.07,-26.5,59.5,23.514641018966483,53.36,away,medium,under,high,,-0.00320333187198496,"blend of 6 margin source(s) (fitted weights): espn_fpi, sagarin_predictor, sagarin_rating, fei, team_rankings, predictiontracker; total from fei"
2026-09-06T02:00:00.000Z,1,Central Michigan,New Mexico,University Stadium (NM),no,39224,3.2,SSW,83.3,3,540.01,568.19,-10.5,47,11.467366135923744,49.760000000000005,home,low,over,medium,,-0.04663549431165992,"blend of 6 margin source(s) (fitted weights): espn_fpi, sagarin_predictor, sagarin_rating, fei, team_rankings, predictiontracker; total from fei"
2026-09-06T02:00:00.000Z,1,UNLV,Hawai'i,Clarence T.C. Ching Athletics Complex,no,15194,12.2,NE,79.9,36,696.03,556.82,3,55.5,-0.5461777376763918,56.120000000000005,home,medium,over,low,home,0.06621618287276171,"blend of 6 margin source(s) (fitted weights): espn_fpi, sagarin_predictor, sagarin_rating, fei, team_rankings, predictiontracker; total from fei"
2026-09-06T02:30:00.000Z,1,Western Kentucky,Nevada,Mackay Stadium,no,27000,17.7,W,64.2,3,611.52,549.99,1.5,51.5,-3.770884135710973,49.879999999999995,away,medium,under,low,away,-0.09748931114346182,"blend of 6 margin source(s) (fitted weights): espn_fpi, sagarin_predictor, sagarin_rating, fei, team_rankings, predictiontracker; total from fei"
2026-09-06T02:30:00.000Z,1,UCLA,California,California Memorial Stadium,no,62467,5.7,NW,67.5,0,774.45,751.92,2.5,53.5,1.4872238170578878,53,home,high,under,low,home,0.07977254955479346,"blend of 6 margin source(s) (fitted weights): espn_fpi, sagarin_predictor, sagarin_rating, fei, team_rankings, predictiontracker; total from fei"
2026-09-06T20:00:00.000Z,1,Washington State,Washington,Husky Stadium,no,70138,6.5,NNW,70.2,0,630.29,777.63,-23.5,51.5,17.87278770727597,50.84,away,high,under,low,away,-0.06310307633525514,"blend of 6 margin source(s) (fitted weights): espn_fpi, sagarin_predictor, sagarin_rating, fei, team_rankings, predictiontracker; total from fei"
2026-09-06T23:30:00.000Z,1,Wisconsin,Notre Dame,Lambeau Field,no,80735,4.4,SE,73.2,0,767.68,953.03,-20.5,46.5,21.005088095866817,46.400000000000006,home,low,under,low,,-0.008243469997079145,"blend of 6 margin source(s) (fitted weights): espn_fpi, sagarin_predictor, sagarin_rating, fei, team_rankings, predictiontracker; total from fei"
2026-09-06T23:30:00.000Z,1,Louisville,Ole Miss,Nissan Stadium,no,69143,9.5,N,92,1,739.97,885.72,-6.5,55,9.23718996840628,54.56,home,medium,under,low,,0.017977788698421815,"blend of 6 margin source(s) (fitted weights): espn_fpi, sagarin_predictor, sagarin_rating, fei, team_rankings, predictiontracker; total from fei"
2026-09-07T23:30:00.000Z,1,SMU,Florida State,Doak Campbell Stadium,no,67277,6.5,NE,88.2,11,764.5,800.2,3,54.5,-0.7360828013960166,57.56,home,medium,over,medium,home,0.06464563812168667,"blend of 5 margin source(s) (fitted weights): espn_fpi, sagarin_predictor, sagarin_rating, fei, team_rankings; total from fei"
2026-09-11T23:30:00.000Z,2,Rutgers,Boston College,"Alumni Stadium (Chestnut Hill, MA)",no,44500,4.8,NNW,67.4,0,709.04,660,-3,54.5,3.5483728312621383,60.32,home,low,over,medium,,-0.016002192766970125,"blend of 5 margin source(s) (fitted weights): espn_fpi, sagarin_predictor, sagarin_rating, fei, team_rankings; total from fei"
2026-09-12T00:00:00.000Z,2,Missouri,Kansas,Memorial Stadium,no,47000,10.8,S,91.4,3,808.36,684.51,5.5,50.5,-1.9814668378619982,57.2,home,high,over,high,home,0.10819550246675796,"blend of 5 margin source(s) (fitted weights): espn_fpi, sagarin_predictor, sagarin_rating, fei, team_rankings; total from fei"
2026-09-12T16:00:00.000Z,2,Old Dominion,Virginia Tech,Lane Stadium,no,65632,3.8,E,68.7,25,544.25,769.12,-18.5,51.5,13.28800912426303,49.760000000000005,away,high,under,low,away,-0.09008438216884729,"blend of 5 margin source(s) (fitted weights): espn_fpi, sagarin_predictor, sagarin_rating, fei, team_rankings; total from fei"
2026-09-12T16:00:00.000Z,2,Washington State,Kansas State,Bill Snyder Family Stadium,no,50000,4.5,NW,74,28,630.29,718.67,-18.5,49.5,13.454529547214111,49.519999999999996,away,high,over,low,away,-0.08715618349016618,"blend of 5 margin source(s) (fitted weights): espn_fpi, sagarin_predictor, sagarin_rating, fei, team_rankings; total from fei"
2026-09-12T16:00:00.000Z,2,Oregon,Oklahoma State,Boone Pickens Stadium,no,55509,8.2,NNE,78.9,39,984.33,672.69,22.5,57.5,-19.60696387423595,53.96,home,medium,under,medium,,0.02991373413368699,"blend of 5 margin source(s) (fitted weights): espn_fpi, sagarin_predictor, sagarin_rating, fei, team_rankings; total from fei"
2026-09-12T16:00:00.000Z,2,Arizona State,Texas A&M,Kyle Field,no,102733,12,S,88.7,3,722,933,-14.5,51.5,13.255600752296576,50.72,away,medium,under,low,,-0.030824403457407112,"blend of 5 margin source(s) (fitted weights): espn_fpi, sagarin_predictor, sagarin_rating, fei, team_rankings; total from fei"
2026-09-12T16:00:00.000Z,2,Oklahoma,Michigan,Michigan Stadium,no,107601,8.9,SW,75.7,2,851.14,890.02,5.5,43.5,-2.6897050869332175,49.28,home,medium,over,medium,home,0.09072494612083926,"blend of 5 margin source(s) (fitted weights): espn_fpi, sagarin_predictor, sagarin_rating, fei, team_rankings; total from fei"
2026-09-12T16:00:00.000Z,2,South Florida,Army,Michie Stadium,no,38000,3.3,SSW,72.1,0,703.81,303.83,-3.5,47.5,3.4755935306344923,53.72,away,low,over,high,,-0.03648324767883937,"blend of 5 margin source(s) (fitted weights): espn_fpi, sagarin_predictor, sagarin_rating, fei, team_rankings; total from fei"
2026-09-12T16:00:00.000Z,2,Penn State,Temple,Lincoln Financial Field,no,69879,4,ESE,78,3,774.04,631.07,23.5,49.5,-19.148911245261242,55.4,home,high,over,medium,home,0.05136348285881903,"blend of 5 margin source(s) (fitted weights): espn_fpi, sagarin_predictor, sagarin_rating, fei, team_rankings; total from fei"
2026-09-12T16:00:00.000Z,2,App State,East Carolina,Dowdy-Ficklen Stadium,no,50000,6.5,SSE,89.8,33,621.61,623.79,-7.5,56.5,5.467932547670148,54.08,away,medium,under,medium,away,-0.09981349314338961,"blend of 5 margin source(s) (fitted weights): espn_fpi, sagarin_predictor, sagarin_rating, fei, team_rankings; total from fei"
2026-09-12T16:00:00.000Z,2,Wake Forest,Purdue,Ross-Ade Stadium,no,57282,6.9,SSW,77.3,11,680.87,698.33,4,49.5,-1.6658869862992476,48.92,home,medium,under,low,home,0.08100437580410808,"blend of 5 margin source(s) (fitted weights): espn_fpi, sagarin_predictor, sagarin_rating, fei, team_rankings; total from fei"
2026-09-12T16:45:00.000Z,2,Western Kentucky,Georgia,Sanford Stadium,no,92746,4,SSW,84.2,27,611.52,1003.67,-40.5,54.5,33.3250961933212,54.2,away,high,under,low,,,"blend of 5 margin source(s) (fitted weights): espn_fpi, sagarin_predictor, sagarin_rating, fei, team_rankings; total from fei"
2026-09-12T19:30:00.000Z,2,Utah State,Washington,Husky Stadium,no,70138,8.8,N,66.2,25,543.98,777.63,-26.5,55.5,22.038776408108262,55.879999999999995,away,high,over,low,,-0.027325265934733833,"blend of 5 margin source(s) (fitted weights): espn_fpi, sagarin_predictor, sagarin_rating, fei, team_rankings; total from fei"
2026-09-12T19:30:00.000Z,2,Eastern Michigan,Michigan State,Spartan Stadium,no,75005,10,SW,83.5,7,580.64,685.02,-17.5,50.5,16.11951660216948,53.96,away,medium,over,medium,,-0.01479847265879597,"blend of 5 margin source(s) (fitted weights): espn_fpi, sagarin_predictor, sagarin_rating, fei, team_rankings; total from fei"
2026-09-12T19:30:00.000Z,2,California,Syracuse,JMA Wireless Dome,yes,49057,,,,,751.92,745.61,-3.5,56.5,6.1294032101019615,48.68000000000001,home,medium,under,high,,0.049533803002663856,"blend of 5 margin source(s) (fitted weights): espn_fpi, sagarin_predictor, sagarin_rating, fei, team_rankings; total from fei"
2026-09-12T19:30:00.000Z,2,Maryland,UConn,Pratt & Whitney Stadium,no,40000,6.2,SSW,79,1,719.64,652.56,12.5,52.5,-6.977021154655382,52.4,home,high,under,low,home,0.1313952449104928,"blend of 5 margin source(s) (fitted weights): espn_fpi, sagarin_predictor, sagarin_rating, fei, team_rankings; total from fei"
2026-09-12T19:30:00.000Z,2,Duke,Illinois,"Memorial Stadium (Champaign, IL)",no,60670,7.9,SSW,86.7,14,668.47,704.01,-6,53.5,5.0769148997786475,59.36,away,low,over,medium,,-0.04451235441188728,"blend of 5 margin source(s) (fitted weights): espn_fpi, sagarin_predictor, sagarin_rating, fei, team_rankings; total from fei"
2026-09-12T19:30:00.000Z,2,Alabama,Kentucky,Kroger Field,no,61000,9.1,SSW,73.4,19,973.53,786.65,10.5,49.5,-10.267742161930297,49.4,home,low,under,low,,0.032028307848823045,"blend of 5 margin source(s) (fitted weights): espn_fpi, sagarin_predictor, sagarin_rating, fei, team_rankings; total from fei"
2026-09-12T19:30:00.000Z,2,Mississippi State,Minnesota,Huntington Bank Stadium,no,50850,7.8,NW,75.8,5,804.53,728.79,1.5,55.5,-0.3150109313105701,52.4,home,medium,under,medium,,0.013885149156966647,"blend of 5 margin source(s) (fitted weights): espn_fpi, sagarin_predictor, sagarin_rating, fei, team_rankings; total from fei"
2026-09-12T19:30:00.000Z,2,UTSA,Texas State,Bobcat Stadium (TX),no,30000,14.8,S,98.2,2,655.82,624.81,-1.5,64.5,-1.2830410403230086,59,away,medium,under,medium,,-0.049321146673776184,"blend of 5 margin source(s) (fitted weights): espn_fpi, sagarin_predictor, sagarin_rating, fei, team_rankings; total from fei"
2026-09-12T19:30:00.000Z,2,Rice,Notre Dame,Notre Dame Stadium,no,80795,9.6,S,80.1,21,589.89,953.03,-44.5,54.5,37.08868248860794,49.879999999999995,away,high,under,medium,,,"blend of 5 margin source(s) (fitted weights): espn_fpi, sagarin_predictor, sagarin_rating, fei, team_rankings; total from fei"
2026-09-12T19:30:00.000Z,2,Arizona,BYU,LaVell Edwards Stadium,no,63470,13.2,SW,86.2,6,699.59,689.42,-7.5,50.5,7.111049079390129,53.72,away,low,over,medium,,-0.0379056412778358,"blend of 5 margin source(s) (fitted weights): espn_fpi, sagarin_predictor, sagarin_rating, fei, team_rankings; total from fei"
2026-09-12T19:30:00.000Z,2,UCF,Pittsburgh,Acrisure Stadium,no,68400,5.5,SSW,82.4,36,672.14,675.02,-7,57.5,8.005283123057687,46.16,home,medium,under,high,,-0.008583370973073157,"blend of 3 margin source(s) (fitted weights): espn_fpi, fei, team_rankings; total from fei"
2026-09-12T19:30:00.000Z,2,UL Monroe,UAB,Protective Stadium,no,45000,4.5,SSE,89.8,39,505.49,606.18,-10.5,55.5,9.440573075624332,55.04,away,medium,under,low,,-0.049088650518125165,"blend of 5 margin source(s) (fitted weights): espn_fpi, sagarin_predictor, sagarin_rating, fei, team_rankings; total from fei"
2026-09-12T19:45:00.000Z,2,UNLV,North Texas,DATCU Stadium,no,30850,15.1,SSE,101.9,0,696.03,602.08,3.5,56.5,-1.6738970993810613,61.64,home,medium,over,low,home,0.08080573765046639,"blend of 5 margin source(s) (fitted weights): espn_fpi, sagarin_predictor, sagarin_rating, fei, team_rankings; total from fei; wind (15.1mph) downgraded total confidence"
2026-09-12T20:15:00.000Z,2,Delaware,Vanderbilt,FirstBank Stadium,no,40351,4.7,SSW,87.4,28,483.48,727.39,-20.5,53.5,17.79048061388035,61.16,away,medium,over,high,,-0.03704434091372544,"blend of 5 margin source(s) (fitted weights): espn_fpi, sagarin_predictor, sagarin_rating, fei, team_rankings; total from fei"
2026-09-12T22:00:00.000Z,2,Jacksonville State,Ohio,Peden Stadium,no,24000,5.4,S,80.3,29,602.83,522.84,-3,51.5,3.9748318550434814,51.56,home,low,over,low,,0.04665680485848034,"blend of 5 margin source(s) (fitted weights): espn_fpi, sagarin_predictor, sagarin_rating, fei, team_rankings; total from fei"
2026-09-12T22:00:00.000Z,2,Memphis,Boise State,Albertsons Stadium,no,36387,8.2,WNW,83,5,670.31,641.17,-8.5,54.5,7.076310106738282,52.519999999999996,away,medium,under,low,away,-0.07692987678288565,"blend of 5 margin source(s) (fitted weights): espn_fpi, sagarin_predictor, sagarin_rating, fei, team_rankings; total from fei"
2026-09-12T22:00:00.000Z,2,Buffalo,Florida International,Pitbull Stadium,no,20000,3.3,SSE,81.3,69,549.31,607.56,-10.5,47.5,2.4907989467407368,44.599999999999994,away,high,under,medium,away,-0.22005091621584572,"blend of 2 margin source(s) (fitted weights): espn_fpi, fei; total from fei"
2026-09-12T23:00:00.000Z,2,Middle Tennessee,Marshall,Joan C. Edwards Stadium,no,38016,2.4,SW,74.9,27,571.5,594.71,-14,58.5,7.188872116486735,51.32,away,high,under,high,away,-0.14894105453984308,"blend of 5 margin source(s) (fitted weights): espn_fpi, sagarin_predictor, sagarin_rating, fei, team_rankings; total from fei"
2026-09-12T23:00:00.000Z,2,Tennessee,Georgia Tech,Bobby Dodd Stadium,no,55000,6.3,SSW,82.2,57,885.9,751.65,12.5,55.5,-7.74114377934067,59.239999999999995,home,high,over,medium,home,0.11425628979710464,"blend of 5 margin source(s) (fitted weights): espn_fpi, sagarin_predictor, sagarin_rating, fei, team_rankings; total from fei"
2026-09-12T23:00:00.000Z,2,Tulsa,Sam Houston,Elliott T. Bowers Stadium,no,14000,10.3,SE,82.1,15,622.84,554.47,13.5,51.5,-8.168503362536587,48.8,home,high,under,medium,home,0.1167064425114932,"blend of 5 margin source(s) (fitted weights): espn_fpi, sagarin_predictor, sagarin_rating, fei, team_rankings; total from fei"
2026-09-12T23:00:00.000Z,2,South Alabama,Tulane,Yulman Stadium,no,30000,6.2,SSW,89.5,75,573.38,665.11,-9.5,49.5,10.588995136103087,54.44,home,medium,over,medium,,-0.011234228306419625,"blend of 5 margin source(s) (fitted weights): espn_fpi, sagarin_predictor, sagarin_rating, fei, team_rankings; total from fei"
2026-09-12T23:00:00.000Z,2,Bowling Green,Nebraska,"Memorial Stadium (Lincoln, NE)",no,85458,8.2,ENE,75.7,23,568.33,787.45,-28.5,51.5,23.303835345760323,47.36,away,high,under,medium,,-0.030463148971542564,"blend of 5 margin source(s) (fitted weights): espn_fpi, sagarin_predictor, sagarin_rating, fei, team_rankings; total from fei"
2026-09-12T23:00:00.000Z,2,Georgia State,Kennesaw State,Fifth Third Stadium,no,11040,3.8,SW,76.2,54,573.83,502.86,-9.5,54.5,7.644210695194179,55.519999999999996,away,medium,over,low,away,-0.05728101354569359,"blend of 5 margin source(s) (fitted weights): espn_fpi, sagarin_predictor, sagarin_rating, fei, team_rankings; total from fei"
2026-09-12T23:15:00.000Z,2,San Diego State,UCLA,Rose Bowl,no,88565,8.8,SSW,83.6,0,609.22,774.45,-11.5,53.5,7.429675760394379,48.67999999999999,away,high,under,medium,away,-0.1125584649970568,"blend of 5 margin source(s) (fitted weights): espn_fpi, sagarin_predictor, sagarin_rating, fei, team_rankings; total from fei"
2026-09-12T23:30:00.000Z,2,Louisiana Tech,LSU,Tiger Stadium (LA),no,102321,3.7,SW,88.8,62,543.02,931.76,-35.5,55.5,26.98527913516011,48.8,away,high,under,high,,-0.02198604271847293,"blend of 5 margin source(s) (fitted weights): espn_fpi, sagarin_predictor, sagarin_rating, fei, team_rankings; total from fei"
2026-09-12T23:30:00.000Z,2,Iowa State,Iowa,Kinnick Stadium,no,69250,5.8,NNW,78.2,29,669.55,722.73,-14.5,41.5,11.358722067551433,43.76,away,high,over,medium,away,-0.07052659587245169,"blend of 5 margin source(s) (fitted weights): espn_fpi, sagarin_predictor, sagarin_rating, fei, team_rankings; total from fei"
2026-09-12T23:30:00.000Z,2,Ohio State,Texas,DKR-Texas Memorial Stadium,no,100119,12.9,SSE,98,2,964.27,985.17,-1.5,48.5,0.23175168702098708,49.76,away,medium,over,low,,-0.0203082841770047,"blend of 5 margin source(s) (fitted weights): espn_fpi, sagarin_predictor, sagarin_rating, fei, team_rankings; total from fei"
2026-09-12T23:30:00.000Z,2,Navy,Florida Atlantic,FAU Stadium,no,29419,8.7,SE,86.6,66,195.68,593.36,4.5,59.5,-8.028873421759762,56.84,away,high,under,medium,,-0.034622283775963825,"blend of 5 margin source(s) (fitted weights): espn_fpi, sagarin_predictor, sagarin_rating, fei, team_rankings; total from fei"
2026-09-12T23:30:00.000Z,2,Texas Tech,Oregon State,Reser Stadium,no,43363,4.8,SSE,64.3,41,767.89,635.79,26.5,51.5,-17.224060962008444,45.68,home,high,under,medium,home,0.08049214538754187,"blend of 5 margin source(s) (fitted weights): espn_fpi, sagarin_predictor, sagarin_rating, fei, team_rankings; total from fei"
2026-09-12T23:30:00.000Z,2,Georgia Southern,Clemson,"Memorial Stadium (Clemson, SC)",no,81500,4.7,NNW,78.7,52,634.19,862.85,-20.5,55.5,16.72265159447216,55.400000000000006,away,high,under,low,,-0.0413555704961569,"blend of 4 margin source(s) (fitted weights): espn_fpi, sagarin_predictor, sagarin_rating, fei; total from fei"
2026-09-12T23:45:00.000Z,2,Charlotte,Ole Miss,Vaught-Hemingway Stadium,no,64038,7.2,SE,84.2,24,576.77,885.72,-47.5,61.5,33.15734593808163,55.76,away,high,under,medium,,,"blend of 4 margin source(s) (fitted weights): sagarin_predictor, sagarin_rating, fei, team_rankings; total from fei"
2026-09-12T23:45:00.000Z,2,Southern Miss,Auburn,Jordan-Hare Stadium,no,87451,3.3,NE,79.9,48,602.63,828.19,-33.5,54.5,19.515211458382637,,away,high,,,away,-0.07385608674855304,"blend of 4 margin source(s) (fitted weights): espn_fpi, sagarin_predictor, sagarin_rating, team_rankings"
2026-09-13T02:00:00.000Z,2,North Dakota State,Air Force,Falcon Stadium,no,46692,4.7,S,59,21,515.59,272.35,2.5,47.5,0.8288065285378836,60.56,home,high,over,high,home,0.07209731734612279,"blend of 5 margin source(s) (fitted weights): espn_fpi, sagarin_predictor, sagarin_rating, fei, team_rankings; total from fei"
2026-09-13T02:15:00.000Z,2,Arkansas,Utah,Rice-Eccles Stadium,no,51444,15.6,SSW,83.3,9,745.48,695.72,-11.5,56.5,10.733209458680449,59.72,away,low,over,low,,-0.042527395132257895,"blend of 5 margin source(s) (fitted weights): espn_fpi, sagarin_predictor, sagarin_rating, fei, team_rankings; total from fei; wind (15.6mph) downgraded total confidence"
2026-09-13T02:30:00.000Z,2,Sacramento State,Fresno State,Valley Children's Stadium,no,41031,16.8,WNW,86.2,0,561.42,609.75,-18.5,45.5,12.705096726060766,46.879999999999995,away,high,over,low,away,-0.08129423819797954,"blend of 5 margin source(s) (fitted weights): espn_fpi, sagarin_predictor, sagarin_rating, fei, team_rankings; total from fei"
2026-09-13T03:00:00.000Z,2,Louisiana,USC,Los Angeles Memorial Coliseum,no,77500,7.5,SSW,77.4,0,590.94,899,-31.5,60.5,22.923438823332546,62.12,away,high,over,low,,-0.048811216344715636,"blend of 5 margin source(s) (fitted weights): espn_fpi, sagarin_predictor, sagarin_rating, fei, team_rankings; total from fei"
2026-09-13T03:59:00.000Z,2,New Mexico State,Hawai'i,Clarence T.C. Ching Athletics Complex,no,15194,7.6,NE,79.5,17,460.38,556.82,-9.5,50.5,7.106155351844532,53.36,away,medium,over,medium,away,-0.08847262503285036,"blend of 5 margin source(s) (fitted weights): espn_fpi, sagarin_predictor, sagarin_rating, fei, team_rankings; total from fei"
2026-09-17T23:30:00.000Z,3,Syracuse,Pittsburgh,Acrisure Stadium,no,68400,4.8,SW,74.8,20,745.61,675.02,,,9.888392933548626,45.8,,,,,,,"blend of 5 margin source(s) (fitted weights): espn_fpi, sagarin_predictor, sagarin_rating, fei, team_rankings; total from fei"
2026-09-18T23:30:00.000Z,3,Miami,Wake Forest,Allegacy Federal Credit Union Stadium,no,31500,9.6,N,77.3,19,885.94,680.87,,,-14.613540517276359,48.2,,,,,,,"blend of 5 margin source(s) (fitted weights): espn_fpi, sagarin_predictor, sagarin_rating, fei, team_rankings; total from fei"
2026-09-19T00:00:00.000Z,3,Houston,Texas Tech,Jones AT&T Stadium,no,60454,7.3,NNE,78.4,17,695.93,767.89,-13.5,,11.230674264652485,47.480000000000004,away,medium,,,,,"blend of 5 margin source(s) (fitted weights): espn_fpi, sagarin_predictor, sagarin_rating, fei, team_rankings; total from fei"
2026-09-19T15:30:00.000Z,3,Coastal Carolina,Delaware,Delaware Stadium,no,22000,9.7,N,59.5,16,573.96,483.48,,,4.564155124870771,54.2,,,,,,,"blend of 5 margin source(s) (fitted weights): espn_fpi, sagarin_predictor, sagarin_rating, fei, team_rankings; total from fei"
2026-09-19T16:00:00.000Z,3,Kent State,Ohio State,Ohio Stadium,no,102780,4.3,NE,61.5,24,522.83,964.27,,,47.512749772303806,55.040000000000006,,,,,,,"blend of 5 margin source(s) (fitted weights): espn_fpi, sagarin_predictor, sagarin_rating, fei, team_rankings; total from fei"
2026-09-19T16:00:00.000Z,3,Akron,Minnesota,Huntington Bank Stadium,no,50850,10.1,SSW,60,17,546.84,728.79,,,21.640892192082493,49.879999999999995,,,,,,,"blend of 5 margin source(s) (fitted weights): espn_fpi, sagarin_predictor, sagarin_rating, fei, team_rankings; total from fei"
2026-09-19T16:00:00.000Z,3,North Texas,Texas State,Bobcat Stadium (TX),no,30000,12.2,NE,88.9,5,602.08,624.81,,,0.7147648800211601,63.56,,,,,,,"blend of 5 margin source(s) (fitted weights): espn_fpi, sagarin_predictor, sagarin_rating, fei, team_rankings; total from fei"
2026-09-19T16:00:00.000Z,3,Tulane,Kansas State,Bill Snyder Family Stadium,no,50000,12.8,SE,63.3,34,665.11,718.67,,,12.27434078290931,52.04,,,,,,,"blend of 5 margin source(s) (fitted weights): espn_fpi, sagarin_predictor, sagarin_rating, fei, team_rankings; total from fei"
2026-09-19T16:00:00.000Z,3,Georgia,Arkansas,Razorback Stadium,no,80000,9.9,ESE,73.5,27,1003.67,745.48,,,-15.104190971639671,59.480000000000004,,,,,,,"blend of 5 margin source(s) (fitted weights): espn_fpi, sagarin_predictor, sagarin_rating, fei, team_rankings; total from fei"
2026-09-19T16:00:00.000Z,3,Bowling Green,Iowa State,Jack Trice Stadium,no,61500,12.8,S,60.4,18,568.33,669.55,,,16.75304475370159,46.040000000000006,,,,,,,"blend of 5 margin source(s) (fitted weights): espn_fpi, sagarin_predictor, sagarin_rating, fei, team_rankings; total from fei"
2026-09-19T16:00:00.000Z,3,Buffalo,Penn State,Beaver Stadium,no,106572,8.3,N,57.2,23,549.31,774.04,,,29.538917113909772,47.36,,,,,,,"blend of 5 margin source(s) (fitted weights): espn_fpi, sagarin_predictor, sagarin_rating, fei, team_rankings; total from fei"
2026-09-19T16:00:00.000Z,3,North Carolina,Clemson,"Memorial Stadium (Clemson, SC)",no,81500,12.3,ENE,66.1,0,767.89,862.85,,,5.038864297698977,48.68,,,,,,,"blend of 5 margin source(s) (fitted weights): espn_fpi, sagarin_predictor, sagarin_rating, fei, team_rankings; total from fei"
2026-09-19T16:00:00.000Z,3,Arizona State,Kansas,Wembley Stadium,no,90000,0.8,SSW,65.8,22,722,684.51,,,0.016560072826671157,58.28,,,,,,,"blend of 5 margin source(s) (fitted weights): espn_fpi, sagarin_predictor, sagarin_rating, fei, team_rankings; total from fei"
2026-09-19T16:30:00.000Z,3,Eastern Michigan,Wisconsin,Camp Randall Stadium,no,80321,9.7,SW,59.1,11,580.64,767.68,,,19.79621766543289,47.72,,,,,,,"blend of 5 margin source(s) (fitted weights): espn_fpi, sagarin_predictor, sagarin_rating, fei, team_rankings; total from fei"
2026-09-19T16:45:00.000Z,3,NC State,Vanderbilt,FirstBank Stadium,no,40351,10.6,NE,71.3,19,757.14,727.39,,,9.912195564836335,59.84,,,,,,,"blend of 5 margin source(s) (fitted weights): espn_fpi, sagarin_predictor, sagarin_rating, fei, team_rankings; total from fei"
2026-09-19T17:00:00.000Z,3,Wyoming,Central Michigan,Kelly/Shorts Stadium,no,30255,12,WSW,63,7,528.29,540.01,,,2.3516252247311886,45.32,,,,,,,"blend of 5 margin source(s) (fitted weights): espn_fpi, sagarin_predictor, sagarin_rating, fei, team_rankings; total from fei"
2026-09-19T19:00:00.000Z,3,Temple,Toledo,Glass Bowl,no,26038,4,WSW,68.4,16,631.07,556.26,,,6.057305390371823,52.64,,,,,,,"blend of 5 margin source(s) (fitted weights): espn_fpi, sagarin_predictor, sagarin_rating, fei, team_rankings; total from fei"
2026-09-19T19:30:00.000Z,3,Florida State,Alabama,Bryant-Denny Stadium,no,101821,8.3,ENE,77.8,12,800.2,973.53,-15.5,52.5,15.243058699780669,57.32,away,low,over,medium,,0.007291698774268052,"blend of 5 margin source(s) (fitted weights): espn_fpi, sagarin_predictor, sagarin_rating, fei, team_rankings; total from fei"
2026-09-19T19:30:00.000Z,3,SMU,Louisville,L&N Federal Credit Union Stadium,no,60000,8.8,ENE,70.4,14,764.5,739.97,-1.5,56.5,2.045863542910844,50.6,home,low,under,medium,,0.040038477683529194,"blend of 5 margin source(s) (fitted weights): espn_fpi, sagarin_predictor, sagarin_rating, fei, team_rankings; total from fei"
2026-09-19T19:30:00.000Z,3,USC,Rutgers,SHI Stadium,no,52454,7.7,NNW,67.2,14,899,709.04,,,-16.743896229895395,68,,,,,,,"blend of 5 margin source(s) (fitted weights): espn_fpi, sagarin_predictor, sagarin_rating, fei, team_rankings; total from fei"
2026-09-19T19:30:00.000Z,3,Miami (OH),Cincinnati,TQL Stadium,no,26000,7.8,ENE,68.2,22,621.37,634.28,,,17.110295002858003,53.599999999999994,,,,,,,"blend of 5 margin source(s) (fitted weights): espn_fpi, sagarin_predictor, sagarin_rating, fei, team_rankings; total from fei"
2026-09-19T19:30:00.000Z,3,Utah State,Utah,Rice-Eccles Stadium,no,51444,3.2,SW,81.8,16,543.98,695.72,,,23.39288884016202,56.36,,,,,,,"blend of 5 margin source(s) (fitted weights): espn_fpi, sagarin_predictor, sagarin_rating, fei, team_rankings; total from fei"
2026-09-19T19:30:00.000Z,3,Kentucky,Texas A&M,Kyle Field,no,102733,9.9,ENE,97.7,5,786.65,933,,,13.978319163517483,47.72,,,,,,,"blend of 5 margin source(s) (fitted weights): espn_fpi, sagarin_predictor, sagarin_rating, fei, team_rankings; total from fei"
2026-09-19T19:30:00.000Z,3,UTEP,Michigan,Michigan Stadium,no,107601,4.5,WSW,64.7,15,585.76,890.02,,,29.404040911389096,50.6,,,,,,,"blend of 5 margin source(s) (fitted weights): espn_fpi, sagarin_predictor, sagarin_rating, fei, team_rankings; total from fei"
2026-09-19T20:00:00.000Z,3,Louisiana Tech,Baylor,McLane Stadium,no,45140,8.9,ENE,98.1,2,543.02,723.28,,,13.909722303472066,53.84,,,,,,,"blend of 5 margin source(s) (fitted weights): espn_fpi, sagarin_predictor, sagarin_rating, fei, team_rankings; total from fei"
2026-09-19T20:00:00.000Z,3,Western Kentucky,Indiana,"Memorial Stadium (Bloomington, IN)",no,52656,8.1,E,69.5,12,611.52,735.26,,,32.875051467483395,52.04,,,,,,,"blend of 5 margin source(s) (fitted weights): espn_fpi, sagarin_predictor, sagarin_rating, fei, team_rankings; total from fei"
2026-09-19T20:00:00.000Z,3,Ball State,Liberty,Williams Stadium (VA),no,25000,8.5,ENE,70,12,563.88,633.35,,,12.047655656891997,53,,,,,,,"blend of 5 margin source(s) (fitted weights): espn_fpi, sagarin_predictor, sagarin_rating, fei, team_rankings; total from fei"
2026-09-19T20:00:00.000Z,3,Stanford,Duke,Wallace Wade Stadium,no,40004,11.1,NE,70.8,15,705.81,668.47,,,10.069503778503378,55.28,,,,,,,"blend of 5 margin source(s) (fitted weights): espn_fpi, sagarin_predictor, sagarin_rating, fei, team_rankings; total from fei"
2026-09-19T20:15:00.000Z,3,Mississippi State,South Carolina,Williams-Brice Stadium,no,80250,12.9,ENE,73.1,8,804.53,862.87,,,7.6164342527181335,49.16,,,,,,,"blend of 5 margin source(s) (fitted weights): espn_fpi, sagarin_predictor, sagarin_rating, fei, team_rankings; total from fei"
2026-09-19T22:00:00.000Z,3,East Carolina,Old Dominion,S.B. Ballard Stadium,no,20118,10.8,NE,66.4,14,623.79,544.25,,,0.720410004149705,47.36,,,,,,,"blend of 5 margin source(s) (fitted weights): espn_fpi, sagarin_predictor, sagarin_rating, fei, team_rankings; total from fei"
2026-09-19T22:00:00.000Z,3,Charlotte,App State,Kidd Brewer Stadium,no,30000,8,ESE,60.7,15,576.77,621.61,,,14.379485788536694,53.599999999999994,,,,,,,"blend of 4 margin source(s) (fitted weights): sagarin_predictor, sagarin_rating, fei, team_rankings; total from fei"
2026-09-19T22:00:00.000Z,3,Florida International,Florida Atlantic,FAU Stadium,no,29419,12.8,ENE,88.3,54,607.56,593.36,,,1.4713704998083286,52.4,,,,,,,"blend of 2 margin source(s) (fitted weights): espn_fpi, fei; total from fei"
2026-09-19T22:30:00.000Z,3,Marshall,Missouri State,Plaster Sports Complex,no,17337,6.5,SE,75.5,10,594.71,549.92,,,-1.0243397552092572,54.8,,,,,,,"blend of 5 margin source(s) (fitted weights): espn_fpi, sagarin_predictor, sagarin_rating, fei, team_rankings; total from fei"
2026-09-19T23:00:00.000Z,3,Nevada,Middle Tennessee,"Johnny ""Red"" Floyd Stadium",no,30788,8.5,NE,67.5,14,549.99,571.5,,,-6.003506033160558,50.480000000000004,,,,,,,"blend of 5 margin source(s) (fitted weights): espn_fpi, sagarin_predictor, sagarin_rating, fei, team_rankings; total from fei"
2026-09-19T23:00:00.000Z,3,Ohio,South Alabama,Hancock Whitney Stadium,no,25450,9,NNE,86,24,522.84,573.38,,,2.009605545066454,55.64,,,,,,,"blend of 5 margin source(s) (fitted weights): espn_fpi, sagarin_predictor, sagarin_rating, fei, team_rankings; total from fei"
2026-09-19T23:00:00.000Z,3,Western Michigan,Rice,Rice Stadium,no,47000,9,E,93.6,5,572.2,589.89,,,-6.953047830080732,47,,,,,,,"blend of 5 margin source(s) (fitted weights): espn_fpi, sagarin_predictor, sagarin_rating, fei, team_rankings; total from fei"
2026-09-19T23:00:00.000Z,3,Florida,Auburn,Jordan-Hare Stadium,no,87451,9.2,ENE,69.4,3,891.07,828.19,1.5,53.5,0.24816106462878054,47.36,home,medium,under,high,,0.010517160561893557,"blend of 5 margin source(s) (fitted weights): espn_fpi, sagarin_predictor, sagarin_rating, fei, team_rankings; total from fei"
2026-09-19T23:00:00.000Z,3,Georgia State,UCF,FBC Mortgage Stadium,no,44206,11.4,ENE,82.8,59,573.83,672.14,,,16.667530145939295,52.16,,,,,,,"blend of 3 margin source(s) (fitted weights): espn_fpi, fei, team_rankings; total from fei"
2026-09-19T23:00:00.000Z,3,Troy,Missouri,Memorial Stadium,no,71168,7.4,ESE,67.5,25,596.19,808.36,,,16.95429008232521,45.67999999999999,,,,,,,"blend of 4 margin source(s) (fitted weights): sagarin_predictor, sagarin_rating, fei, team_rankings; total from fei"
2026-09-19T23:00:00.000Z,3,UConn,Southern Miss,M. M. Roberts Stadium,no,36000,6.5,NNE,83.5,17,652.56,602.63,,,4.043821566336238,,,,,,,,"blend of 4 margin source(s) (fitted weights): espn_fpi, sagarin_predictor, sagarin_rating, team_rankings"
2026-09-19T23:00:00.000Z,3,Georgia Southern,Jacksonville State,AmFirst Stadium,no,24000,5.4,ESE,70.8,19,634.19,602.83,,,1.251053714956861,57.08,,,,,,,"blend of 4 margin source(s) (fitted weights): espn_fpi, sagarin_predictor, sagarin_rating, fei; total from fei"
2026-09-19T23:30:00.000Z,3,West Virginia,Virginia,Bank of America Stadium,no,73778,9.3,ENE,67.9,5,707.6,700.18,,,12.281094050410342,49.64,,,,,,,"blend of 5 margin source(s) (fitted weights): espn_fpi, sagarin_predictor, sagarin_rating, fei, team_rankings; total from fei"
2026-09-19T23:30:00.000Z,3,Michigan State,Notre Dame,Notre Dame Stadium,no,80795,6.3,S,57.7,17,685.02,953.03,,,25.225503725701657,52.64,,,,,,,"blend of 5 margin source(s) (fitted weights): espn_fpi, sagarin_predictor, sagarin_rating, fei, team_rankings; total from fei"
2026-09-19T23:30:00.000Z,3,New Mexico,Oklahoma,"Memorial Stadium (Norman, OK)",no,86112,3.3,SSE,90.8,11,568.19,851.14,,,19.94445270332932,47.120000000000005,,,,,,,"blend of 5 margin source(s) (fitted weights): espn_fpi, sagarin_predictor, sagarin_rating, fei, team_rankings; total from fei"
2026-09-19T23:30:00.000Z,3,Virginia Tech,Maryland,SECU Stadium,no,51802,5.1,NNE,63.9,18,769.12,719.64,,,-0.6184597484923118,50.84,,,,,,,"blend of 5 margin source(s) (fitted weights): espn_fpi, sagarin_predictor, sagarin_rating, fei, team_rankings; total from fei"
2026-09-19T23:30:00.000Z,3,BYU,Colorado State,Canvas Stadium,no,36500,7.3,SW,83.5,23,689.42,640.31,,,-16.191345214573204,54.32,,,,,,,"blend of 5 margin source(s) (fitted weights): espn_fpi, sagarin_predictor, sagarin_rating, fei, team_rankings; total from fei"
2026-09-19T23:30:00.000Z,3,LSU,Ole Miss,Vaught-Hemingway Stadium,no,64038,5,NE,74,6,931.76,885.72,-1.5,57.5,-1.5093823842733847,55.400000000000006,away,high,under,medium,away,-0.08032263091137626,"blend of 5 margin source(s) (fitted weights): espn_fpi, sagarin_predictor, sagarin_rating, fei, team_rankings; total from fei"
2026-09-19T23:30:00.000Z,3,Colorado,Northwestern,Lanny and Sharon Martin Stadium,no,12023,6.3,SSW,65.1,16,731.62,688.32,,,3.132739086244091,48.92,,,,,,,"blend of 5 margin source(s) (fitted weights): espn_fpi, sagarin_predictor, sagarin_rating, fei, team_rankings; total from fei"
2026-09-19T23:45:00.000Z,3,Kennesaw State,Tennessee,Neyland Stadium,no,102455,6,NE,67.4,15,502.86,885.9,,,22.269881320474806,57.08,,,,,,,"blend of 5 margin source(s) (fitted weights): espn_fpi, sagarin_predictor, sagarin_rating, fei, team_rankings; total from fei"
2026-09-20T00:00:00.000Z,3,Arkansas State,TCU,Amon G. Carter Stadium,no,46000,6.8,E,93.7,3,606.22,730.79,,,16.84974574116698,50.24,,,,,,,"blend of 5 margin source(s) (fitted weights): espn_fpi, sagarin_predictor, sagarin_rating, fei, team_rankings; total from fei"
2026-09-20T00:00:00.000Z,3,UAB,Louisiana,Cajun Field,no,41426,9.2,NE,87.9,19,606.18,590.94,,,8.876415859565412,56.24,,,,,,,"blend of 5 margin source(s) (fitted weights): espn_fpi, sagarin_predictor, sagarin_rating, fei, team_rankings; total from fei"
2026-09-20T00:00:00.000Z,3,UTSA,Texas,DKR-Texas Memorial Stadium,no,100119,7.6,ENE,96.9,0,655.82,985.17,,,27.729648066888704,52.519999999999996,,,,,,,"blend of 5 margin source(s) (fitted weights): espn_fpi, sagarin_predictor, sagarin_rating, fei, team_rankings; total from fei"
2026-09-20T02:00:00.000Z,3,James Madison,San Diego State,Snapdragon Stadium,no,35000,5.9,WSW,79.3,1,588.31,609.22,,,3.4262870009179127,45.56,,,,,,,"blend of 5 margin source(s) (fitted weights): espn_fpi, sagarin_predictor, sagarin_rating, fei, team_rankings; total from fei"
2026-09-20T02:30:00.000Z,3,North Dakota State,Sacramento State,Hornet Stadium,no,21195,7.7,SSW,79,0,515.59,561.42,,,-10.690630331542113,52.76,,,,,,,"blend of 5 margin source(s) (fitted weights): espn_fpi, sagarin_predictor, sagarin_rating, fei, team_rankings; total from fei"
2026-09-20T02:30:00.000Z,3,Northern Illinois,Arizona,Arizona Stadium,no,50782,5.6,NW,92,4,536.58,699.59,,,23.517039254994774,51.08,,,,,,,"blend of 5 margin source(s) (fitted weights): espn_fpi, sagarin_predictor, sagarin_rating, fei, team_rankings; total from fei"
2026-09-20T03:00:00.000Z,3,Purdue,UCLA,Rose Bowl,no,88565,3.8,S,84.8,0,698.33,774.45,,,8.640357111698833,54.2,,,,,,,"blend of 5 margin source(s) (fitted weights): espn_fpi, sagarin_predictor, sagarin_rating, fei, team_rankings; total from fei"
2026-09-20T03:00:00.000Z,3,Fresno State,San José State,CEFCU Stadium,no,30456,7.8,NW,66.1,0,609.75,569.25,,,0.1048367828728678,48.32,,,,,,,"blend of 5 margin source(s) (fitted weights): espn_fpi, sagarin_predictor, sagarin_rating, fei, team_rankings; total from fei"
2026-09-24T23:30:00.000Z,4,Liberty,Coastal Carolina,Brooks Stadium (SC),no,21000,,,,,633.35,573.96,,,0.13493204456084235,55.400000000000006,,,,,,,"blend of 5 margin source(s) (fitted weights): espn_fpi, sagarin_predictor, sagarin_rating, fei, team_rankings; total from fei"
2026-09-25T20:00:00.000Z,4,Army,Temple,Lincoln Financial Field,no,69879,,,,,303.83,631.07,,,-3.8364705943346804,55.16,,,,,,,"blend of 5 margin source(s) (fitted weights): espn_fpi, sagarin_predictor, sagarin_rating, fei, team_rankings; total from fei"
2026-09-25T23:00:00.000Z,4,Navy,UAB,Protective Stadium,no,45000,,,,,195.68,606.18,,,-8.465857722975617,57.8,,,,,,,"blend of 5 margin source(s) (fitted weights): espn_fpi, sagarin_predictor, sagarin_rating, fei, team_rankings; total from fei"
2026-09-26T00:00:00.000Z,4,Northwestern,Indiana,"Memorial Stadium (Bloomington, IN)",no,52656,,,,,688.32,735.26,,,19.918058099675086,49.400000000000006,,,,,,,"blend of 5 margin source(s) (fitted weights): espn_fpi, sagarin_predictor, sagarin_rating, fei, team_rankings; total from fei"
2026-09-26T02:30:00.000Z,4,Clemson,California,California Memorial Stadium,no,62467,,,,,862.85,751.92,,,-5.0527753797387085,48.08,,,,,,,"blend of 5 margin source(s) (fitted weights): espn_fpi, sagarin_predictor, sagarin_rating, fei, team_rankings; total from fei"
2026-09-26T04:00:00.000Z,4,Southern Miss,Tulane,Yulman Stadium,no,30000,,,,,602.63,665.11,,,6.654088900284929,,,,,,,,"blend of 4 margin source(s) (fitted weights): espn_fpi, sagarin_predictor, sagarin_rating, team_rankings"
2026-09-26T04:00:00.000Z,4,Minnesota,Washington,Husky Stadium,no,70138,,,,,728.79,777.63,,,8.605649464574526,52.879999999999995,,,,,,,"blend of 5 margin source(s) (fitted weights): espn_fpi, sagarin_predictor, sagarin_rating, fei, team_rankings; total from fei"
2026-09-26T04:00:00.000Z,4,Missouri,Mississippi State,Davis Wade Stadium,no,61337,,,,,808.36,804.53,,,0.8518838529554311,51.56,,,,,,,"blend of 5 margin source(s) (fitted weights): espn_fpi, sagarin_predictor, sagarin_rating, fei, team_rankings; total from fei"
2026-09-26T04:00:00.000Z,4,Ball State,Kent State,Dix Stadium,no,25319,,,,,563.88,522.83,,,-0.506224422325028,53.239999999999995,,,,,,,"blend of 5 margin source(s) (fitted weights): espn_fpi, sagarin_predictor, sagarin_rating, fei, team_rankings; total from fei"
2026-09-26T04:00:00.000Z,4,Massachusetts,Sacramento State,Hornet Stadium,no,21195,,,,,525.94,561.42,,,0.47792920418979645,53.84,,,,,,,"blend of 5 margin source(s) (fitted weights): espn_fpi, sagarin_predictor, sagarin_rating, fei, team_rankings; total from fei"
2026-09-26T04:00:00.000Z,4,Notre Dame,Purdue,Ross-Ade Stadium,no,57282,,,,,953.03,698.33,,,-22.07335747622724,52.400000000000006,,,,,,,"blend of 5 margin source(s) (fitted weights): espn_fpi, sagarin_predictor, sagarin_rating, fei, team_rankings; total from fei"
2026-09-26T04:00:00.000Z,4,Delaware,Virginia,Scott Stadium,no,61500,,,,,483.48,700.18,,,19.408080130296508,52.16,,,,,,,"blend of 5 margin source(s) (fitted weights): espn_fpi, sagarin_predictor, sagarin_rating, fei, team_rankings; total from fei"
2026-09-26T04:00:00.000Z,4,Oklahoma State,West Virginia,Milan Puskar Stadium,no,60000,,,,,672.69,707.6,,,4.146368065610329,50.120000000000005,,,,,,,"blend of 5 margin source(s) (fitted weights): espn_fpi, sagarin_predictor, sagarin_rating, fei, team_rankings; total from fei"
2026-09-26T04:00:00.000Z,4,Louisiana,Charlotte,Jerry Richardson Stadium,no,15300,,,,,590.94,576.77,,,-9.450089845785499,51.32,,,,,,,"blend of 4 margin source(s) (fitted weights): sagarin_predictor, sagarin_rating, fei, team_rankings; total from fei"
2026-09-26T04:00:00.000Z,4,Iowa,Michigan,Michigan Stadium,no,107601,,,,,722.73,890.02,,,3.0677730222808943,46.28,,,,,,,"blend of 5 margin source(s) (fitted weights): espn_fpi, sagarin_predictor, sagarin_rating, fei, team_rankings; total from fei"
2026-09-26T04:00:00.000Z,4,Missouri State,SMU,Gerald J. Ford Stadium,no,32000,,,,,549.92,764.5,,,25.74831472388723,57.56,,,,,,,"blend of 5 margin source(s) (fitted weights): espn_fpi, sagarin_predictor, sagarin_rating, fei, team_rankings; total from fei"
2026-09-26T04:00:00.000Z,4,Boise State,Western Michigan,Waldo Stadium,no,30200,,,,,641.17,572.2,,,-4.392634954647844,48.32,,,,,,,"blend of 5 margin source(s) (fitted weights): espn_fpi, sagarin_predictor, sagarin_rating, fei, team_rankings; total from fei"
2026-09-26T04:00:00.000Z,4,UNLV,Akron,InfoCision Stadium,no,30000,,,,,696.03,546.84,,,-12.492235136100643,53.36,,,,,,,"blend of 5 margin source(s) (fitted weights): espn_fpi, sagarin_predictor, sagarin_rating, fei, team_rankings; total from fei"
2026-09-26T04:00:00.000Z,4,South Carolina,Alabama,Bryant-Denny Stadium,no,101821,,,,,862.87,973.53,,,9.456063603507822,48.92,,,,,,,"blend of 5 margin source(s) (fitted weights): espn_fpi, sagarin_predictor, sagarin_rating, fei, team_rankings; total from fei"
2026-09-26T04:00:00.000Z,4,San Diego State,Toledo,Glass Bowl,no,26038,,,,,609.22,556.26,,,-0.996526358008355,44.599999999999994,,,,,,,"blend of 5 margin source(s) (fitted weights): espn_fpi, sagarin_predictor, sagarin_rating, fei, team_rankings; total from fei"
2026-09-26T04:00:00.000Z,4,Texas A&M,LSU,Tiger Stadium (LA),no,102321,,,,,933,931.76,-3,56.5,3.6253095657007837,49.519999999999996,home,low,under,high,,0.006632861865253803,"blend of 5 margin source(s) (fitted weights): espn_fpi, sagarin_predictor, sagarin_rating, fei, team_rankings; total from fei"
2026-09-26T04:00:00.000Z,4,Kansas State,Cincinnati,Nippert Stadium,no,40000,,,,,718.67,634.28,,,-1.795376799821077,56.599999999999994,,,,,,,"blend of 5 margin source(s) (fitted weights): espn_fpi, sagarin_predictor, sagarin_rating, fei, team_rankings; total from fei"
2026-09-26T04:00:00.000Z,4,TCU,UCF,FBC Mortgage Stadium,no,44206,,,,,730.79,672.14,,,1.6357389081060922,49.04,,,,,,,"blend of 3 margin source(s) (fitted weights): espn_fpi, fei, team_rankings; total from fei"
2026-09-26T04:00:00.000Z,4,Illinois,Ohio State,Ohio Stadium,no,102780,,,,,704.01,964.27,,,21.857620591896524,54.08,,,,,,,"blend of 5 margin source(s) (fitted weights): espn_fpi, sagarin_predictor, sagarin_rating, fei, team_rankings; total from fei"
2026-09-26T04:00:00.000Z,4,Air Force,Nevada,Mackay Stadium,no,27000,,,,,272.35,549.99,,,1.603625208003169,57.2,,,,,,,"blend of 5 margin source(s) (fitted weights): espn_fpi, sagarin_predictor, sagarin_rating, fei, team_rankings; total from fei"
2026-09-26T04:00:00.000Z,4,Virginia Tech,Boston College,"Alumni Stadium (Chestnut Hill, MA)",no,44500,,,,,769.12,660,,,-7.682039291013729,55.28,,,,,,,"blend of 5 margin source(s) (fitted weights): espn_fpi, sagarin_predictor, sagarin_rating, fei, team_rankings; total from fei"
2026-09-26T04:00:00.000Z,4,Vanderbilt,Auburn,Jordan-Hare Stadium,no,87451,,,,,727.39,828.19,,,4.334084886363456,55.76,,,,,,,"blend of 5 margin source(s) (fitted weights): espn_fpi, sagarin_predictor, sagarin_rating, fei, team_rankings; total from fei"
2026-09-26T04:00:00.000Z,4,Sam Houston,Texas Tech,Jones AT&T Stadium,no,60454,,,,,554.47,767.89,,,31.842779661808006,44.12,,,,,,,"blend of 5 margin source(s) (fitted weights): espn_fpi, sagarin_predictor, sagarin_rating, fei, team_rankings; total from fei"
2026-09-26T04:00:00.000Z,4,Northern Illinois,Georgia State,Center Parc Stadium,no,25000,,,,,536.58,573.83,,,5.752050878540543,53.36,,,,,,,"blend of 5 margin source(s) (fitted weights): espn_fpi, sagarin_predictor, sagarin_rating, fei, team_rankings; total from fei"
2026-09-26T04:00:00.000Z,4,Oregon,USC,Los Angeles Memorial Coliseum,no,77500,,,,,984.33,899,5.5,58.5,-3.322694147851446,64.75999999999999,home,medium,over,high,home,0.09277523002093463,"blend of 5 margin source(s) (fitted weights): espn_fpi, sagarin_predictor, sagarin_rating, fei, team_rankings; total from fei"
2026-09-26T04:00:00.000Z,4,App State,NC State,Carter-Finley Stadium,no,58000,,,,,621.61,757.14,,,8.414540657505764,55.64,,,,,,,"blend of 5 margin source(s) (fitted weights): espn_fpi, sagarin_predictor, sagarin_rating, fei, team_rankings; total from fei"
2026-09-26T04:00:00.000Z,4,Oklahoma,Georgia,Sanford Stadium,no,92746,,,,,851.14,1003.67,-10,52.5,7.555113182171304,49.519999999999996,away,medium,under,medium,away,-0.08429607430602226,"blend of 5 margin source(s) (fitted weights): espn_fpi, sagarin_predictor, sagarin_rating, fei, team_rankings; total from fei"
2026-09-26T04:00:00.000Z,4,Houston,Georgia Southern,Allen E. Paulson Stadium,no,25000,,,,,695.93,634.19,,,-10.511778616810162,59.96,,,,,,,"blend of 4 margin source(s) (fitted weights): espn_fpi, sagarin_predictor, sagarin_rating, fei; total from fei"
2026-09-26T04:00:00.000Z,4,Ole Miss,Florida,Ben Hill Griffin Stadium,no,88548,,,,,885.72,891.07,,,0.047488172708558984,55.879999999999995,,,,,,,"blend of 5 margin source(s) (fitted weights): espn_fpi, sagarin_predictor, sagarin_rating, fei, team_rankings; total from fei"
2026-09-26T04:00:00.000Z,4,UConn,Miami (OH),Yager Stadium,no,24286,,,,,652.56,621.37,,,-0.6823076301589754,52.400000000000006,,,,,,,"blend of 5 margin source(s) (fitted weights): espn_fpi, sagarin_predictor, sagarin_rating, fei, team_rankings; total from fei"
2026-09-26T04:00:00.000Z,4,South Florida,Bowling Green,Doyt L. Perry Stadium,no,24000,,,,,703.81,568.33,,,-8.587377894614974,48.32,,,,,,,"blend of 5 margin source(s) (fitted weights): espn_fpi, sagarin_predictor, sagarin_rating, fei, team_rankings; total from fei"
2026-09-26T04:00:00.000Z,4,Wake Forest,Louisville,L&N Federal Credit Union Stadium,no,60000,,,,,680.87,739.97,,,8.768043608416125,46.04,,,,,,,"blend of 5 margin source(s) (fitted weights): espn_fpi, sagarin_predictor, sagarin_rating, fei, team_rankings; total from fei"
2026-09-26T04:00:00.000Z,4,James Madison,Old Dominion,S.B. Ballard Stadium,no,20118,,,,,588.31,544.25,,,-1.0723631799348616,47,,,,,,,"blend of 5 margin source(s) (fitted weights): espn_fpi, sagarin_predictor, sagarin_rating, fei, team_rankings; total from fei"
2026-09-26T04:00:00.000Z,4,Nebraska,Michigan State,Spartan Stadium,no,75005,,,,,787.45,685.02,,,-4.603291715373735,53,,,,,,,"blend of 5 margin source(s) (fitted weights): espn_fpi, sagarin_predictor, sagarin_rating, fei, team_rankings; total from fei"
2026-09-26T04:00:00.000Z,4,Florida Atlantic,UL Monroe,Malone Stadium,no,27617,,,,,593.36,505.49,,,-4.688864942259851,54.08,,,,,,,"blend of 5 margin source(s) (fitted weights): espn_fpi, sagarin_predictor, sagarin_rating, fei, team_rankings; total from fei"
2026-09-26T04:00:00.000Z,4,Utah,Iowa State,Jack Trice Stadium,no,61500,,,,,695.72,669.55,,,-7.328600759526799,53.24,,,,,,,"blend of 5 margin source(s) (fitted weights): espn_fpi, sagarin_predictor, sagarin_rating, fei, team_rankings; total from fei"
2026-09-26T04:00:00.000Z,4,Wisconsin,Penn State,Beaver Stadium,no,106572,,,,,767.68,774.04,,,12.781206034396533,46.879999999999995,,,,,,,"blend of 5 margin source(s) (fitted weights): espn_fpi, sagarin_predictor, sagarin_rating, fei, team_rankings; total from fei"
2026-09-26T04:00:00.000Z,4,UCLA,Maryland,SECU Stadium,no,51802,,,,,774.45,719.64,,,0.7412234345235696,51.2,,,,,,,"blend of 5 margin source(s) (fitted weights): espn_fpi, sagarin_predictor, sagarin_rating, fei, team_rankings; total from fei"
2026-09-26T04:00:00.000Z,4,Colorado,Baylor,McLane Stadium,no,45140,,,,,731.62,723.28,,,5.25185972156493,54.56,,,,,,,"blend of 5 margin source(s) (fitted weights): espn_fpi, sagarin_predictor, sagarin_rating, fei, team_rankings; total from fei"
2026-09-26T04:00:00.000Z,4,Colorado State,UTSA,Alamodome,yes,36582,,,,,640.31,655.82,,,8.2046493109636,54.92,,,,,,,"blend of 5 margin source(s) (fitted weights): espn_fpi, sagarin_predictor, sagarin_rating, fei, team_rankings; total from fei"
2026-09-26T16:00:00.000Z,4,Texas,Tennessee,Neyland Stadium,no,102455,,,,,985.17,885.9,6.5,56.5,-6.921858951583977,53.959999999999994,away,low,under,medium,,0.03280892366872101,"blend of 5 margin source(s) (fitted weights): espn_fpi, sagarin_predictor, sagarin_rating, fei, team_rankings; total from fei"
2026-09-26T16:45:00.000Z,4,South Alabama,Kentucky,Kroger Field,no,61000,,,,,573.38,786.65,,,17.190450021011586,51.2,,,,,,,"blend of 5 margin source(s) (fitted weights): espn_fpi, sagarin_predictor, sagarin_rating, fei, team_rankings; total from fei"
2026-09-26T19:00:00.000Z,4,Hawai'i,Wyoming,War Memorial Stadium,no,29181,,,,,556.82,528.29,,,-3.690958938826742,48.44,,,,,,,"blend of 5 margin source(s) (fitted weights): espn_fpi, sagarin_predictor, sagarin_rating, fei, team_rankings; total from fei"
2026-09-26T19:30:00.000Z,4,New Mexico,New Mexico State,Aggie Memorial Stadium,no,28853,,,,,568.19,460.38,,,-7.790362426947339,51.44,,,,,,,"blend of 5 margin source(s) (fitted weights): espn_fpi, sagarin_predictor, sagarin_rating, fei, team_rankings; total from fei"
2026-09-26T22:30:00.000Z,4,Central Michigan,Miami,Hard Rock Stadium,no,64767,,,,,540.01,885.94,,,36.608250814657815,49.88,,,,,,,"blend of 5 margin source(s) (fitted weights): espn_fpi, sagarin_predictor, sagarin_rating, fei, team_rankings; total from fei"
2026-09-26T23:00:00.000Z,4,Kennesaw State,Arkansas State,Centennial Bank Stadium,no,30382,,,,,502.86,606.22,,,-1.1542312428350137,52.400000000000006,,,,,,,"blend of 5 margin source(s) (fitted weights): espn_fpi, sagarin_predictor, sagarin_rating, fei, team_rankings; total from fei"
2026-09-26T23:00:00.000Z,4,Middle Tennessee,Jacksonville State,AmFirst Stadium,no,24000,,,,,571.5,602.83,,,7.521891626454478,51.56,,,,,,,"blend of 5 margin source(s) (fitted weights): espn_fpi, sagarin_predictor, sagarin_rating, fei, team_rankings; total from fei"
2026-09-26T23:30:00.000Z,4,Troy,Utah State,Maverik Stadium,no,25513,,,,,596.19,543.98,,,1.3397288932823606,49.52,,,,,,,"blend of 4 margin source(s) (fitted weights): sagarin_predictor, sagarin_rating, fei, team_rankings; total from fei"
2026-09-26T23:30:00.000Z,4,Arizona,Washington State,Gesa Field,no,32952,,,,,699.59,630.29,,,-5.684506699258643,49.16,,,,,,,"blend of 5 margin source(s) (fitted weights): espn_fpi, sagarin_predictor, sagarin_rating, fei, team_rankings; total from fei"
2026-09-27T00:00:00.000Z,4,Tulsa,Arkansas,Razorback Stadium,no,80000,,,,,622.84,745.48,,,10.653041559327129,56.239999999999995,,,,,,,"blend of 5 margin source(s) (fitted weights): espn_fpi, sagarin_predictor, sagarin_rating, fei, team_rankings; total from fei"
2026-09-27T01:00:00.000Z,4,Oregon State,UTEP,Sun Bowl,no,51500,,,,,635.79,585.76,,,-7.370110900338953,48.68,,,,,,,"blend of 5 margin source(s) (fitted weights): espn_fpi, sagarin_predictor, sagarin_rating, fei, team_rankings; total from fei"
2026-09-27T02:00:00.000Z,4,Rice,Fresno State,Valley Children's Stadium,no,41031,,,,,589.89,609.75,,,7.4534705393193414,44.84,,,,,,,"blend of 5 margin source(s) (fitted weights): espn_fpi, sagarin_predictor, sagarin_rating, fei, team_rankings; total from fei"
2026-09-27T02:30:00.000Z,4,Georgia Tech,Stanford,Stanford Stadium,no,50424,,,,,751.65,705.81,,,-4.412364705243731,53.84,,,,,,,"blend of 5 margin source(s) (fitted weights): espn_fpi, sagarin_predictor, sagarin_rating, fei, team_rankings; total from fei"
2026-10-02T00:00:00.000Z,5,Western Kentucky,New Mexico State,Aggie Memorial Stadium,no,28853,,,,,611.52,460.38,,,0.6295140981634139,52.28,,,,,,,"blend of 5 margin source(s) (fitted weights): espn_fpi, sagarin_predictor, sagarin_rating, fei, team_rankings; total from fei"
2026-10-02T01:00:00.000Z,5,North Texas,Tulsa,Chapman Stadium,no,30000,,,,,602.08,622.84,,,1.9904112512737817,57.56,,,,,,,"blend of 5 margin source(s) (fitted weights): espn_fpi, sagarin_predictor, sagarin_rating, fei, team_rankings; total from fei"
2026-10-02T23:00:00.000Z,5,Liberty,Delaware,Delaware Stadium,no,22000,,,,,633.35,483.48,,,2.1047409521414493,57.2,,,,,,,"blend of 5 margin source(s) (fitted weights): espn_fpi, sagarin_predictor, sagarin_rating, fei, team_rankings; total from fei"
2026-10-02T23:00:00.000Z,5,Pittsburgh,Virginia Tech,Lane Stadium,no,65632,,,,,675.02,769.12,,,-0.4324184359489499,49.760000000000005,,,,,,,"blend of 5 margin source(s) (fitted weights): espn_fpi, sagarin_predictor, sagarin_rating, fei, team_rankings; total from fei"
2026-10-03T00:00:00.000Z,5,Penn State,Northwestern,Ryan Field,no,35000,,,,,774.04,688.32,,,-8.913503006340651,50.24,,,,,,,"blend of 5 margin source(s) (fitted weights): espn_fpi, sagarin_predictor, sagarin_rating, fei, team_rankings; total from fei"
2026-10-03T04:00:00.000Z,5,Stanford,Wake Forest,Allegacy Federal Credit Union Stadium,no,31500,,,,,705.81,680.87,,,9.567160853858564,47,,,,,,,"blend of 5 margin source(s) (fitted weights): espn_fpi, sagarin_predictor, sagarin_rating, fei, team_rankings; total from fei"
2026-10-03T04:00:00.000Z,5,Baylor,Arizona State,Mountain America Stadium,no,65870,,,,,723.28,722,,,3.977685165561185,54.8,,,,,,,"blend of 5 margin source(s) (fitted weights): espn_fpi, sagarin_predictor, sagarin_rating, fei, team_rankings; total from fei"
2026-10-03T04:00:00.000Z,5,Auburn,Tennessee,Neyland Stadium,no,102455,,,,,828.19,885.9,,,6.633802193428698,52.400000000000006,,,,,,,"blend of 5 margin source(s) (fitted weights): espn_fpi, sagarin_predictor, sagarin_rating, fei, team_rankings; total from fei"
2026-10-03T04:00:00.000Z,5,Kentucky,South Carolina,Williams-Brice Stadium,no,80250,,,,,786.65,862.87,,,8.594717210292973,44.48,,,,,,,"blend of 5 margin source(s) (fitted weights): espn_fpi, sagarin_predictor, sagarin_rating, fei, team_rankings; total from fei"
2026-10-03T04:00:00.000Z,5,Toledo,Ball State,Scheumann Stadium,no,22500,,,,,556.26,563.88,,,-10.334876288785143,47.6,,,,,,,"blend of 5 margin source(s) (fitted weights): espn_fpi, sagarin_predictor, sagarin_rating, fei, team_rankings; total from fei"
2026-10-03T04:00:00.000Z,5,Virginia,Florida State,Doak Campbell Stadium,no,67277,,,,,700.18,800.2,,,-0.48830322915413393,54.56,,,,,,,"blend of 5 margin source(s) (fitted weights): espn_fpi, sagarin_predictor, sagarin_rating, fei, team_rankings; total from fei"
2026-10-03T04:00:00.000Z,5,Maryland,Nebraska,"Memorial Stadium (Lincoln, NE)",no,85458,,,,,719.64,787.45,,,7.635642223417908,49.760000000000005,,,,,,,"blend of 5 margin source(s) (fitted weights): espn_fpi, sagarin_predictor, sagarin_rating, fei, team_rankings; total from fei"
2026-10-03T04:00:00.000Z,5,Texas Tech,Colorado,Folsom Field,no,50183,,,,,767.89,731.62,,,-8.446154593610771,45.2,,,,,,,"blend of 5 margin source(s) (fitted weights): espn_fpi, sagarin_predictor, sagarin_rating, fei, team_rankings; total from fei"
2026-10-03T04:00:00.000Z,5,Marshall,James Madison,Bridgeforth Stadium,no,24877,,,,,594.71,588.31,,,11.525956049969821,49.16,,,,,,,"blend of 5 margin source(s) (fitted weights): espn_fpi, sagarin_predictor, sagarin_rating, fei, team_rankings; total from fei"
2026-10-03T04:00:00.000Z,5,Georgia Southern,Coastal Carolina,Brooks Stadium (SC),no,21000,,,,,634.19,573.96,,,1.17034756910334,58.64,,,,,,,"blend of 4 margin source(s) (fitted weights): espn_fpi, sagarin_predictor, sagarin_rating, fei; total from fei"
2026-10-03T04:00:00.000Z,5,UCF,Houston,TDECU Stadium,no,40000,,,,,672.14,695.93,,,3.992520994894865,51.44,,,,,,,"blend of 3 margin source(s) (fitted weights): espn_fpi, fei, team_rankings; total from fei"
2026-10-03T04:00:00.000Z,5,UTEP,New Mexico,University Stadium (NM),no,39224,,,,,585.76,568.19,,,17.337985729573326,48.44,,,,,,,"blend of 5 margin source(s) (fitted weights): espn_fpi, sagarin_predictor, sagarin_rating, fei, team_rankings; total from fei"
2026-10-03T04:00:00.000Z,5,Bowling Green,Miami (OH),Yager Stadium,no,24286,,,,,568.33,621.37,,,5.414518120237893,44.24,,,,,,,"blend of 5 margin source(s) (fitted weights): espn_fpi, sagarin_predictor, sagarin_rating, fei, team_rankings; total from fei"
2026-10-03T04:00:00.000Z,5,UL Monroe,South Alabama,Hancock Whitney Stadium,no,25450,,,,,505.49,573.38,,,13.114106132102112,54.2,,,,,,,"blend of 5 margin source(s) (fitted weights): espn_fpi, sagarin_predictor, sagarin_rating, fei, team_rankings; total from fei"
2026-10-03T04:00:00.000Z,5,West Virginia,Iowa State,Jack Trice Stadium,no,61500,,,,,707.6,669.55,,,4.496463218731343,50.599999999999994,,,,,,,"blend of 5 margin source(s) (fitted weights): espn_fpi, sagarin_predictor, sagarin_rating, fei, team_rankings; total from fei"
2026-10-03T04:00:00.000Z,5,Florida,Missouri,Memorial Stadium,no,71168,,,,,891.07,808.36,,,-0.44925810929303656,49.16,,,,,,,"blend of 5 margin source(s) (fitted weights): espn_fpi, sagarin_predictor, sagarin_rating, fei, team_rankings; total from fei"
2026-10-03T04:00:00.000Z,5,Boston College,SMU,Gerald J. Ford Stadium,no,32000,,,,,660,764.5,,,16.44745091726421,54.92,,,,,,,"blend of 5 margin source(s) (fitted weights): espn_fpi, sagarin_predictor, sagarin_rating, fei, team_rankings; total from fei"
2026-10-03T04:00:00.000Z,5,Cincinnati,Arizona,Arizona Stadium,no,50782,,,,,634.28,699.59,,,4.402738821026273,56.24,,,,,,,"blend of 5 margin source(s) (fitted weights): espn_fpi, sagarin_predictor, sagarin_rating, fei, team_rankings; total from fei"
2026-10-03T04:00:00.000Z,5,Memphis,Charlotte,Jerry Richardson Stadium,no,15300,,,,,670.31,576.77,,,-14.84326596572334,52.040000000000006,,,,,,,"blend of 4 margin source(s) (fitted weights): sagarin_predictor, sagarin_rating, fei, team_rankings; total from fei"
2026-10-03T04:00:00.000Z,5,UTSA,Rice,Rice Stadium,no,47000,,,,,655.82,589.89,,,-6.2428091659715506,52.16,,,,,,,"blend of 5 margin source(s) (fitted weights): espn_fpi, sagarin_predictor, sagarin_rating, fei, team_rankings; total from fei"
2026-10-03T04:00:00.000Z,5,Temple,South Florida,Raymond James Stadium,no,65828,,,,,631.07,703.81,,,8.143915715570685,56.239999999999995,,,,,,,"blend of 5 margin source(s) (fitted weights): espn_fpi, sagarin_predictor, sagarin_rating, fei, team_rankings; total from fei"
2026-10-03T04:00:00.000Z,5,Western Michigan,Buffalo,UB Stadium,no,30270,,,,,572.2,549.31,,,-8.170879083424282,44,,,,,,,"blend of 5 margin source(s) (fitted weights): espn_fpi, sagarin_predictor, sagarin_rating, fei, team_rankings; total from fei"
2026-10-03T04:00:00.000Z,5,Notre Dame,North Carolina,Kenan Stadium,no,50500,,,,,953.03,767.89,23.5,55.5,-17.267398938013766,51.8,home,high,under,medium,home,0.059954586310522764,"blend of 5 margin source(s) (fitted weights): espn_fpi, sagarin_predictor, sagarin_rating, fei, team_rankings; total from fei"
2026-10-03T04:00:00.000Z,5,Old Dominion,Georgia State,Center Parc Stadium,no,25000,,,,,544.25,573.83,,,-4.2134650480644185,50.48,,,,,,,"blend of 5 margin source(s) (fitted weights): espn_fpi, sagarin_predictor, sagarin_rating, fei, team_rankings; total from fei"
2026-10-03T04:00:00.000Z,5,Arkansas State,Louisiana,Cajun Field,no,41426,,,,,606.22,590.94,,,6.573271090706097,51.8,,,,,,,"blend of 5 margin source(s) (fitted weights): espn_fpi, sagarin_predictor, sagarin_rating, fei, team_rankings; total from fei"
2026-10-03T04:00:00.000Z,5,Vanderbilt,Georgia,Sanford Stadium,no,92746,,,,,727.39,1003.67,,,15.909935826383837,61.04,,,,,,,"blend of 5 margin source(s) (fitted weights): espn_fpi, sagarin_predictor, sagarin_rating, fei, team_rankings; total from fei"
2026-10-03T04:00:00.000Z,5,Michigan State,Wisconsin,Camp Randall Stadium,no,80321,,,,,685.02,767.68,,,6.271047280553576,46.879999999999995,,,,,,,"blend of 5 margin source(s) (fitted weights): espn_fpi, sagarin_predictor, sagarin_rating, fei, team_rankings; total from fei"
2026-10-03T04:00:00.000Z,5,BYU,TCU,Amon G. Carter Stadium,no,46000,,,,,689.42,730.79,,,-4.130658479608376,52.879999999999995,,,,,,,"blend of 5 margin source(s) (fitted weights): espn_fpi, sagarin_predictor, sagarin_rating, fei, team_rankings; total from fei"
2026-10-03T04:00:00.000Z,5,Eastern Michigan,Massachusetts,Warren McGuirk Alumni Stadium,no,17000,,,,,580.64,525.94,,,1.1211286656221475,55.4,,,,,,,"blend of 5 margin source(s) (fitted weights): espn_fpi, sagarin_predictor, sagarin_rating, fei, team_rankings; total from fei"
2026-10-03T04:00:00.000Z,5,Ohio,Kent State,Dix Stadium,no,25319,,,,,522.84,522.83,,,-8.97627403511251,56.36,,,,,,,"blend of 5 margin source(s) (fitted weights): espn_fpi, sagarin_predictor, sagarin_rating, fei, team_rankings; total from fei"
2026-10-03T04:00:00.000Z,5,Middle Tennessee,Kansas,Memorial Stadium,no,47000,,,,,571.5,684.51,,,21.058672662462914,59.72,,,,,,,"blend of 5 margin source(s) (fitted weights): espn_fpi, sagarin_predictor, sagarin_rating, fei, team_rankings; total from fei"
2026-10-03T04:00:00.000Z,5,Washington,USC,Los Angeles Memorial Coliseum,no,77500,,,,,777.63,899,,,6.855642549150122,63.08,,,,,,,"blend of 5 margin source(s) (fitted weights): espn_fpi, sagarin_predictor, sagarin_rating, fei, team_rankings; total from fei"
2026-10-03T04:00:00.000Z,5,Miami,Clemson,"Memorial Stadium (Clemson, SC)",no,81500,,,,,885.94,862.85,7,55.5,-11.623297102243484,48.56,away,high,under,high,,-0.03267813478048448,"blend of 5 margin source(s) (fitted weights): espn_fpi, sagarin_predictor, sagarin_rating, fei, team_rankings; total from fei"
2026-10-03T04:00:00.000Z,5,Alabama,Mississippi State,Davis Wade Stadium,no,61337,,,,,973.53,804.53,,,-9.289459204355452,54.08,,,,,,,"blend of 5 margin source(s) (fitted weights): espn_fpi, sagarin_predictor, sagarin_rating, fei, team_rankings; total from fei"
2026-10-03T04:00:00.000Z,5,Louisville,NC State,Carter-Finley Stadium,no,58000,,,,,739.97,757.14,,,-6.30700888399745,50.120000000000005,,,,,,,"blend of 5 margin source(s) (fitted weights): espn_fpi, sagarin_predictor, sagarin_rating, fei, team_rankings; total from fei"
2026-10-03T04:00:00.000Z,5,Michigan,Minnesota,Huntington Bank Stadium,no,50850,,,,,890.02,728.79,,,-4.085925140482981,52.879999999999995,,,,,,,"blend of 5 margin source(s) (fitted weights): espn_fpi, sagarin_predictor, sagarin_rating, fei, team_rankings; total from fei"
2026-10-03T04:00:00.000Z,5,Army,Louisiana Tech,Joe Aillet Stadium,no,28019,,,,,303.83,543.02,,,-2.797317806275148,50.84,,,,,,,"blend of 5 margin source(s) (fitted weights): espn_fpi, sagarin_predictor, sagarin_rating, fei, team_rankings; total from fei"
2026-10-03T04:00:00.000Z,5,Arkansas,Texas A&M,Kyle Field,no,102733,,,,,745.48,933,,,16.682840916595545,56.84,,,,,,,"blend of 5 margin source(s) (fitted weights): espn_fpi, sagarin_predictor, sagarin_rating, fei, team_rankings; total from fei"
2026-10-03T04:00:00.000Z,5,Akron,Central Michigan,Kelly/Shorts Stadium,no,30255,,,,,546.84,540.01,,,3.854182709680849,48.92,,,,,,,"blend of 5 margin source(s) (fitted weights): espn_fpi, sagarin_predictor, sagarin_rating, fei, team_rankings; total from fei"
2026-10-03T04:00:00.000Z,5,Ohio State,Iowa,Kinnick Stadium,no,69250,,,,,964.27,722.73,,,-12.46630359206656,44.24,,,,,,,"blend of 5 margin source(s) (fitted weights): espn_fpi, sagarin_predictor, sagarin_rating, fei, team_rankings; total from fei"
2026-10-03T04:00:00.000Z,5,Purdue,Illinois,"Memorial Stadium (Champaign, IL)",no,60670,,,,,698.33,704.01,,,9.839491028012876,54.8,,,,,,,"blend of 5 margin source(s) (fitted weights): espn_fpi, sagarin_predictor, sagarin_rating, fei, team_rankings; total from fei"
2026-10-03T16:00:00.000Z,5,Navy,Air Force,Falcon Stadium,no,46692,,,,,195.68,272.35,,,-0.9270417814540255,61.879999999999995,,,,,,,"blend of 5 margin source(s) (fitted weights): espn_fpi, sagarin_predictor, sagarin_rating, fei, team_rankings; total from fei"
2026-10-03T16:00:00.000Z,5,Syracuse,UConn,Pratt & Whitney Stadium,no,40000,,,,,745.61,652.56,,,-5.922545057418515,52.64,,,,,,,"blend of 5 margin source(s) (fitted weights): espn_fpi, sagarin_predictor, sagarin_rating, fei, team_rankings; total from fei"
2026-10-03T19:30:00.000Z,5,California,UNLV,Allegiant Stadium,yes,65000,,,,,751.92,696.03,,,4.271951397485166,53.84,,,,,,,"blend of 5 margin source(s) (fitted weights): espn_fpi, sagarin_predictor, sagarin_rating, fei, team_rankings; total from fei"
2026-10-03T19:30:00.000Z,5,Wyoming,North Dakota State,Fargodome,yes,18700,,,,,528.29,515.59,,,13.104127668233392,47.96,,,,,,,"blend of 5 margin source(s) (fitted weights): espn_fpi, sagarin_predictor, sagarin_rating, fei, team_rankings; total from fei"
2026-10-03T22:00:00.000Z,5,Oregon State,Colorado State,Canvas Stadium,no,36500,,,,,635.79,640.31,,,0.9186073245848164,52.28,,,,,,,"blend of 5 margin source(s) (fitted weights): espn_fpi, sagarin_predictor, sagarin_rating, fei, team_rankings; total from fei"
2026-10-03T23:30:00.000Z,5,Utah State,Boise State,Albertsons Stadium,no,36387,,,,,543.98,641.17,,,17.494290979142516,53.36,,,,,,,"blend of 5 margin source(s) (fitted weights): espn_fpi, sagarin_predictor, sagarin_rating, fei, team_rankings; total from fei"
2026-10-04T00:00:00.000Z,5,Indiana,Rutgers,SHI Stadium,no,52454,,,,,735.26,709.04,,,-22.94634155179094,58.28,,,,,,,"blend of 5 margin source(s) (fitted weights): espn_fpi, sagarin_predictor, sagarin_rating, fei, team_rankings; total from fei"
2026-10-04T01:30:00.000Z,5,Fresno State,Washington State,Gesa Field,no,32952,,,,,609.75,630.29,,,6.952209838063871,44.24,,,,,,,"blend of 5 margin source(s) (fitted weights): espn_fpi, sagarin_predictor, sagarin_rating, fei, team_rankings; total from fei"
2026-10-04T02:30:00.000Z,5,Texas State,San Diego State,Snapdragon Stadium,no,35000,,,,,624.81,609.22,,,8.671892020746444,51.44,,,,,,,"blend of 5 margin source(s) (fitted weights): espn_fpi, sagarin_predictor, sagarin_rating, fei, team_rankings; total from fei"
2026-10-04T03:59:00.000Z,5,San José State,Hawai'i,Clarence T.C. Ching Athletics Complex,no,15194,,,,,569.25,556.82,,,4.033605396942824,54.68,,,,,,,"blend of 5 margin source(s) (fitted weights): espn_fpi, sagarin_predictor, sagarin_rating, fei, team_rankings; total from fei"
2026-10-07T00:00:00.000Z,6,Southern Miss,Troy,Veterans Memorial Stadium (AL),no,30000,,,,,602.63,596.19,,,3.492037652755874,,,,,,,,"blend of 3 margin source(s) (fitted weights): sagarin_predictor, sagarin_rating, team_rankings"
2026-10-07T23:00:00.000Z,6,Jacksonville State,Kennesaw State,Fifth Third Stadium,no,11040,,,,,602.83,502.86,,,5.768280355326477,51.92,,,,,,,"blend of 5 margin source(s) (fitted weights): espn_fpi, sagarin_predictor, sagarin_rating, fei, team_rankings; total from fei"
2026-10-07T23:30:00.000Z,6,New Mexico State,Florida International,Pitbull Stadium,no,20000,,,,,460.38,607.56,,,3.094788055803573,49.76,,,,,,,"blend of 2 margin source(s) (fitted weights): espn_fpi, fei; total from fei"
2026-10-08T23:00:00.000Z,6,Sam Houston,Liberty,Williams Stadium (VA),no,25000,,,,,554.47,633.35,,,11.09230958754858,53.36,,,,,,,"blend of 5 margin source(s) (fitted weights): espn_fpi, sagarin_predictor, sagarin_rating, fei, team_rankings; total from fei"
2026-10-08T23:00:00.000Z,6,Missouri State,Western Kentucky,Houchens Industries-L.T. Smith Stadium,no,22113,,,,,549.92,611.52,,,6.2011659288290915,56.72,,,,,,,"blend of 5 margin source(s) (fitted weights): espn_fpi, sagarin_predictor, sagarin_rating, fei, team_rankings; total from fei"
2026-10-08T23:30:00.000Z,6,South Florida,UTSA,Alamodome,yes,36582,,,,,703.81,655.82,,,1.8984499215467203,55.760000000000005,,,,,,,"blend of 5 margin source(s) (fitted weights): espn_fpi, sagarin_predictor, sagarin_rating, fei, team_rankings; total from fei"
2026-10-08T23:30:00.000Z,6,South Alabama,Arkansas State,Centennial Bank Stadium,no,30382,,,,,573.38,606.22,,,1.2239579296716974,53.84,,,,,,,"blend of 5 margin source(s) (fitted weights): espn_fpi, sagarin_predictor, sagarin_rating, fei, team_rankings; total from fei"
2026-10-09T23:00:00.000Z,6,Florida State,Louisville,L&N Federal Credit Union Stadium,no,60000,,,,,800.2,739.97,,,5.642901901059761,53.84,,,,,,,"blend of 5 margin source(s) (fitted weights): espn_fpi, sagarin_predictor, sagarin_rating, fei, team_rankings; total from fei"
2026-10-10T01:00:00.000Z,6,Wyoming,San José State,CEFCU Stadium,no,30456,,,,,528.29,569.25,,,7.440392193754418,48.32,,,,,,,"blend of 5 margin source(s) (fitted weights): espn_fpi, sagarin_predictor, sagarin_rating, fei, team_rankings; total from fei"
2026-10-10T01:00:00.000Z,6,Iowa,Washington,Husky Stadium,no,70138,,,,,722.73,777.63,,,2.3988049117921064,46.28,,,,,,,"blend of 5 margin source(s) (fitted weights): espn_fpi, sagarin_predictor, sagarin_rating, fei, team_rankings; total from fei"
2026-10-10T01:00:00.000Z,6,Washington State,Utah State,Maverik Stadium,no,25513,,,,,630.29,543.98,,,-4.98821126805616,51.44,,,,,,,"blend of 5 margin source(s) (fitted weights): espn_fpi, sagarin_predictor, sagarin_rating, fei, team_rankings; total from fei"
2026-10-10T02:15:00.000Z,6,Iowa State,BYU,LaVell Edwards Stadium,no,63470,,,,,669.55,689.42,,,12.096863835230376,52.879999999999995,,,,,,,"blend of 5 margin source(s) (fitted weights): espn_fpi, sagarin_predictor, sagarin_rating, fei, team_rankings; total from fei"
2026-10-10T04:00:00.000Z,6,Kent State,Western Michigan,Waldo Stadium,no,30200,,,,,522.83,572.2,,,20.725092056545268,52.64,,,,,,,"blend of 5 margin source(s) (fitted weights): espn_fpi, sagarin_predictor, sagarin_rating, fei, team_rankings; total from fei"
2026-10-10T04:00:00.000Z,6,LSU,Kentucky,Kroger Field,no,61000,,,,,931.76,786.65,,,-9.82059007734777,46.76,,,,,,,"blend of 5 margin source(s) (fitted weights): espn_fpi, sagarin_predictor, sagarin_rating, fei, team_rankings; total from fei"
2026-10-10T04:00:00.000Z,6,Wake Forest,NC State,Carter-Finley Stadium,no,58000,,,,,680.87,757.14,,,-0.13331149287149002,49.28,,,,,,,"blend of 5 margin source(s) (fitted weights): espn_fpi, sagarin_predictor, sagarin_rating, fei, team_rankings; total from fei"
2026-10-10T04:00:00.000Z,6,Houston,Kansas State,Bill Snyder Family Stadium,no,50000,,,,,695.93,718.67,,,6.586847175787064,53.84,,,,,,,"blend of 5 margin source(s) (fitted weights): espn_fpi, sagarin_predictor, sagarin_rating, fei, team_rankings; total from fei"
2026-10-10T04:00:00.000Z,6,Coastal Carolina,Marshall,Joan C. Edwards Stadium,no,38016,,,,,573.96,594.71,,,2.3569954154840875,50.6,,,,,,,"blend of 5 margin source(s) (fitted weights): espn_fpi, sagarin_predictor, sagarin_rating, fei, team_rankings; total from fei"
2026-10-10T04:00:00.000Z,6,Rice,East Carolina,Dowdy-Ficklen Stadium,no,50000,,,,,589.89,623.79,,,11.006946178682671,48.92,,,,,,,"blend of 5 margin source(s) (fitted weights): espn_fpi, sagarin_predictor, sagarin_rating, fei, team_rankings; total from fei"
2026-10-10T04:00:00.000Z,6,UAB,Memphis,Simmons Bank Liberty Stadium,no,58325,,,,,606.18,670.31,,,15.917762815333976,56.96,,,,,,,"blend of 5 margin source(s) (fitted weights): espn_fpi, sagarin_predictor, sagarin_rating, fei, team_rankings; total from fei"
2026-10-10T04:00:00.000Z,6,USC,Penn State,Beaver Stadium,no,106572,,,,,899,774.04,-1.5,56.5,2.9809288804316125,62,home,medium,over,medium,,0.041430857920746966,"blend of 5 margin source(s) (fitted weights): espn_fpi, sagarin_predictor, sagarin_rating, fei, team_rankings; total from fei"
2026-10-10T04:00:00.000Z,6,Virginia Tech,California,California Memorial Stadium,no,62467,,,,,769.12,751.92,,,-5.207992838540974,52.64,,,,,,,"blend of 5 margin source(s) (fitted weights): espn_fpi, sagarin_predictor, sagarin_rating, fei, team_rankings; total from fei"
2026-10-10T04:00:00.000Z,6,Louisiana,Louisiana Tech,Joe Aillet Stadium,no,28019,,,,,590.94,543.02,,,2.605916811982115,51.2,,,,,,,"blend of 5 margin source(s) (fitted weights): espn_fpi, sagarin_predictor, sagarin_rating, fei, team_rankings; total from fei"
2026-10-10T04:00:00.000Z,6,Texas A&M,Missouri,Memorial Stadium,no,71168,,,,,933,808.36,,,-6.068881407027576,49.64,,,,,,,"blend of 5 margin source(s) (fitted weights): espn_fpi, sagarin_predictor, sagarin_rating, fei, team_rankings; total from fei"
2026-10-10T04:00:00.000Z,6,UConn,Temple,Lincoln Financial Field,no,69879,,,,,652.56,631.07,,,2.12967508051792,57.92,,,,,,,"blend of 5 margin source(s) (fitted weights): espn_fpi, sagarin_predictor, sagarin_rating, fei, team_rankings; total from fei"
2026-10-10T04:00:00.000Z,6,Ole Miss,Vanderbilt,FirstBank Stadium,no,40351,,,,,885.72,727.39,,,-4.038435649026118,64.28,,,,,,,"blend of 5 margin source(s) (fitted weights): espn_fpi, sagarin_predictor, sagarin_rating, fei, team_rankings; total from fei"
2026-10-10T04:00:00.000Z,6,Kansas,Utah,Rice-Eccles Stadium,no,51444,,,,,684.51,695.72,,,9.883755438844972,60.92,,,,,,,"blend of 5 margin source(s) (fitted weights): espn_fpi, sagarin_predictor, sagarin_rating, fei, team_rankings; total from fei"
2026-10-10T04:00:00.000Z,6,Hawai'i,Arizona State,Mountain America Stadium,no,65870,,,,,556.82,722,,,16.50682215326272,52.88,,,,,,,"blend of 5 margin source(s) (fitted weights): espn_fpi, sagarin_predictor, sagarin_rating, fei, team_rankings; total from fei"
2026-10-10T04:00:00.000Z,6,UCF,Oklahoma State,Boone Pickens Stadium,no,55509,,,,,672.14,672.69,,,-2.802792247426384,48.56,,,,,,,"blend of 3 margin source(s) (fitted weights): espn_fpi, fei, team_rankings; total from fei"
2026-10-10T04:00:00.000Z,6,Miami (OH),Massachusetts,Warren McGuirk Alumni Stadium,no,17000,,,,,621.37,525.94,,,-1.7123624263986392,51.32,,,,,,,"blend of 5 margin source(s) (fitted weights): espn_fpi, sagarin_predictor, sagarin_rating, fei, team_rankings; total from fei"
2026-10-10T04:00:00.000Z,6,Sacramento State,Bowling Green,Doyt L. Perry Stadium,no,24000,,,,,561.42,568.33,,,6.197299971131613,46.760000000000005,,,,,,,"blend of 5 margin source(s) (fitted weights): espn_fpi, sagarin_predictor, sagarin_rating, fei, team_rankings; total from fei"
2026-10-10T04:00:00.000Z,6,Indiana,Nebraska,"Memorial Stadium (Lincoln, NE)",no,85458,,,,,735.26,787.45,,,-9.88743938916981,52.16,,,,,,,"blend of 5 margin source(s) (fitted weights): espn_fpi, sagarin_predictor, sagarin_rating, fei, team_rankings; total from fei"
2026-10-10T04:00:00.000Z,6,Old Dominion,App State,Kidd Brewer Stadium,no,30000,,,,,544.25,621.61,,,1.594696100050645,51.2,,,,,,,"blend of 5 margin source(s) (fitted weights): espn_fpi, sagarin_predictor, sagarin_rating, fei, team_rankings; total from fei"
2026-10-10T04:00:00.000Z,6,James Madison,Georgia Southern,Allen E. Paulson Stadium,no,25000,,,,,588.31,634.19,,,-4.669961568858246,57.2,,,,,,,"blend of 4 margin source(s) (fitted weights): espn_fpi, sagarin_predictor, sagarin_rating, fei; total from fei"
2026-10-10T04:00:00.000Z,6,Georgia,Alabama,Bryant-Denny Stadium,no,101821,,,,,1003.67,973.53,3,50.5,0.4624191606588507,54.8,home,high,over,medium,home,0.10489811090467943,"blend of 5 margin source(s) (fitted weights): espn_fpi, sagarin_predictor, sagarin_rating, fei, team_rankings; total from fei"
2026-10-10T04:00:00.000Z,6,North Carolina,Pittsburgh,Acrisure Stadium,no,68400,,,,,767.89,675.02,,,8.220846409740357,47.96,,,,,,,"blend of 5 margin source(s) (fitted weights): espn_fpi, sagarin_predictor, sagarin_rating, fei, team_rankings; total from fei"
2026-10-10T04:00:00.000Z,6,Arizona,West Virginia,Milan Puskar Stadium,no,60000,,,,,699.59,707.6,,,-4.29358553999126,51.44,,,,,,,"blend of 5 margin source(s) (fitted weights): espn_fpi, sagarin_predictor, sagarin_rating, fei, team_rankings; total from fei"
2026-10-10T04:00:00.000Z,6,Charlotte,North Texas,DATCU Stadium,no,30850,,,,,576.77,602.08,,,18.316594749754493,57.56,,,,,,,"blend of 4 margin source(s) (fitted weights): sagarin_predictor, sagarin_rating, fei, team_rankings; total from fei"
2026-10-10T04:00:00.000Z,6,Tennessee,Arkansas,Razorback Stadium,no,80000,,,,,885.9,745.48,,,-7.567796007757823,61.400000000000006,,,,,,,"blend of 5 margin source(s) (fitted weights): espn_fpi, sagarin_predictor, sagarin_rating, fei, team_rankings; total from fei"
2026-10-10T04:00:00.000Z,6,Illinois,Michigan State,Spartan Stadium,no,75005,,,,,704.01,685.02,,,-2.6142524083266316,55.04,,,,,,,"blend of 5 margin source(s) (fitted weights): espn_fpi, sagarin_predictor, sagarin_rating, fei, team_rankings; total from fei"
2026-10-10T04:00:00.000Z,6,Buffalo,Toledo,Glass Bowl,no,26038,,,,,549.31,556.26,,,11.258618824440017,44.599999999999994,,,,,,,"blend of 5 margin source(s) (fitted weights): espn_fpi, sagarin_predictor, sagarin_rating, fei, team_rankings; total from fei"
2026-10-10T04:00:00.000Z,6,Syracuse,Virginia,Scott Stadium,no,61500,,,,,745.61,700.18,,,9.92395856027504,47.72,,,,,,,"blend of 5 margin source(s) (fitted weights): espn_fpi, sagarin_predictor, sagarin_rating, fei, team_rankings; total from fei"
2026-10-10T04:00:00.000Z,6,Minnesota,Purdue,Ross-Ade Stadium,no,57282,,,,,728.79,698.33,,,-2.646578605899762,51.56,,,,,,,"blend of 5 margin source(s) (fitted weights): espn_fpi, sagarin_predictor, sagarin_rating, fei, team_rankings; total from fei"
2026-10-10T04:00:00.000Z,6,Nevada,UTEP,Sun Bowl,no,51500,,,,,549.99,585.76,,,-7.744609382096894,46.519999999999996,,,,,,,"blend of 5 margin source(s) (fitted weights): espn_fpi, sagarin_predictor, sagarin_rating, fei, team_rankings; total from fei"
2026-10-10T04:00:00.000Z,6,Ball State,Northwestern,Ryan Field,no,35000,,,,,563.88,688.32,,,22.29601778920441,47.480000000000004,,,,,,,"blend of 5 margin source(s) (fitted weights): espn_fpi, sagarin_predictor, sagarin_rating, fei, team_rankings; total from fei"
2026-10-10T04:00:00.000Z,6,Central Michigan,Ohio,Peden Stadium,no,24000,,,,,540.01,522.84,,,8.300766759219993,51.2,,,,,,,"blend of 5 margin source(s) (fitted weights): espn_fpi, sagarin_predictor, sagarin_rating, fei, team_rankings; total from fei"
2026-10-10T04:00:00.000Z,6,Maryland,Ohio State,Ohio Stadium,no,102780,,,,,719.64,964.27,,,24.909877290977164,48.92,,,,,,,"blend of 5 margin source(s) (fitted weights): espn_fpi, sagarin_predictor, sagarin_rating, fei, team_rankings; total from fei"
2026-10-10T04:00:00.000Z,6,UCLA,Oregon,Autzen Stadium,no,54000,,,,,774.45,984.33,,,17.97890009035735,57.199999999999996,,,,,,,"blend of 5 margin source(s) (fitted weights): espn_fpi, sagarin_predictor, sagarin_rating, fei, team_rankings; total from fei"
2026-10-10T04:00:00.000Z,6,South Carolina,Florida,Ben Hill Griffin Stadium,no,88548,,,,,862.87,891.07,,,2.3583248727801354,46.760000000000005,,,,,,,"blend of 5 margin source(s) (fitted weights): espn_fpi, sagarin_predictor, sagarin_rating, fei, team_rankings; total from fei"
2026-10-10T04:00:00.000Z,6,Duke,Georgia Tech,Bobby Dodd Stadium,no,55000,,,,,668.47,751.65,,,2.125899578610849,60.32,,,,,,,"blend of 5 margin source(s) (fitted weights): espn_fpi, sagarin_predictor, sagarin_rating, fei, team_rankings; total from fei"
2026-10-10T16:00:00.000Z,6,Tulane,Army,Michie Stadium,no,38000,,,,,665.11,303.83,,,2.61146850253197,52.040000000000006,,,,,,,"blend of 5 margin source(s) (fitted weights): espn_fpi, sagarin_predictor, sagarin_rating, fei, team_rankings; total from fei"
2026-10-10T19:30:00.000Z,6,Texas,Oklahoma,Cotton Bowl,no,92100,,,,,985.17,851.14,6,48.5,-4.346230952583267,45.8,home,medium,under,medium,home,0.050424926465033104,"blend of 5 margin source(s) (fitted weights): espn_fpi, sagarin_predictor, sagarin_rating, fei, team_rankings; total from fei"
2026-10-10T19:30:00.000Z,6,Stanford,Notre Dame,Notre Dame Stadium,no,80795,,,,,705.81,953.03,,,29.97463134378655,50.480000000000004,,,,,,,"blend of 5 margin source(s) (fitted weights): espn_fpi, sagarin_predictor, sagarin_rating, fei, team_rankings; total from fei"
2026-10-10T19:30:00.000Z,6,Tulsa,Navy,Navy-Marine Corps Memorial Stadium,no,34000,,,,,622.84,195.68,,,6.148130392471763,52.879999999999995,,,,,,,"blend of 5 margin source(s) (fitted weights): espn_fpi, sagarin_predictor, sagarin_rating, fei, team_rankings; total from fei"
2026-10-10T19:30:00.000Z,6,Eastern Michigan,Akron,InfoCision Stadium,no,30000,,,,,580.64,546.84,,,0.2773492654611702,52.04,,,,,,,"blend of 5 margin source(s) (fitted weights): espn_fpi, sagarin_predictor, sagarin_rating, fei, team_rankings; total from fei"
2026-10-10T22:00:00.000Z,6,San Diego State,Oregon State,Reser Stadium,no,43363,,,,,609.22,635.79,,,-3.5403765295210197,46.519999999999996,,,,,,,"blend of 5 margin source(s) (fitted weights): espn_fpi, sagarin_predictor, sagarin_rating, fei, team_rankings; total from fei"
2026-10-10T23:00:00.000Z,6,North Dakota State,UNLV,Allegiant Stadium,yes,65000,,,,,515.59,696.03,,,5.668588634788086,55.64,,,,,,,"blend of 5 margin source(s) (fitted weights): espn_fpi, sagarin_predictor, sagarin_rating, fei, team_rankings; total from fei"
2026-10-10T23:30:00.000Z,6,Air Force,Northern Illinois,Huskie Stadium,no,23595,,,,,272.35,536.58,,,-7.100316634401321,58.760000000000005,,,,,,,"blend of 5 margin source(s) (fitted weights): espn_fpi, sagarin_predictor, sagarin_rating, fei, team_rankings; total from fei"
2026-10-11T02:30:00.000Z,6,Boise State,Fresno State,Valley Children's Stadium,no,41031,,,,,641.17,609.75,,,-9.080904679989562,46.16,,,,,,,"blend of 5 margin source(s) (fitted weights): espn_fpi, sagarin_predictor, sagarin_rating, fei, team_rankings; total from fei"
2026-10-13T23:00:00.000Z,7,Delaware,Middle Tennessee,"Johnny ""Red"" Floyd Stadium",no,30788,,,,,483.48,571.5,,,-4.20733939129309,54.92,,,,,,,"blend of 5 margin source(s) (fitted weights): espn_fpi, sagarin_predictor, sagarin_rating, fei, team_rankings; total from fei"
2026-10-14T00:00:00.000Z,7,Florida International,Jacksonville State,AmFirst Stadium,no,24000,,,,,607.56,602.83,,,4.344165871047441,48.44,,,,,,,"blend of 2 margin source(s) (fitted weights): espn_fpi, fei; total from fei"
2026-10-14T23:30:00.000Z,7,Kennesaw State,Missouri State,Plaster Sports Complex,no,17337,,,,,502.86,549.92,,,-4.531293403213312,57.68000000000001,,,,,,,"blend of 5 margin source(s) (fitted weights): espn_fpi, sagarin_predictor, sagarin_rating, fei, team_rankings; total from fei"
2026-10-15T00:00:00.000Z,7,Western Kentucky,Sam Houston,Elliott T. Bowers Stadium,no,14000,,,,,611.52,554.47,,,-3.1949859174723496,50.480000000000004,,,,,,,"blend of 5 margin source(s) (fitted weights): espn_fpi, sagarin_predictor, sagarin_rating, fei, team_rankings; total from fei"
2026-10-15T23:30:00.000Z,7,East Carolina,UAB,Protective Stadium,no,45000,,,,,623.79,606.18,,,-7.089259012285361,54.68,,,,,,,"blend of 5 margin source(s) (fitted weights): espn_fpi, sagarin_predictor, sagarin_rating, fei, team_rankings; total from fei"
2026-10-15T23:30:00.000Z,7,Georgia Southern,Old Dominion,S.B. Ballard Stadium,no,20118,,,,,634.19,544.25,,,6.193623795301866,54.68,,,,,,,"blend of 4 margin source(s) (fitted weights): espn_fpi, sagarin_predictor, sagarin_rating, fei; total from fei"
2026-10-16T00:00:00.000Z,7,Colorado State,Texas State,Bobcat Stadium (TX),no,30000,,,,,640.31,624.81,,,4.327262053350426,57.2,,,,,,,"blend of 5 margin source(s) (fitted weights): espn_fpi, sagarin_predictor, sagarin_rating, fei, team_rankings; total from fei"
2026-10-16T23:30:00.000Z,7,Memphis,Tulane,Yulman Stadium,no,30000,,,,,670.31,665.11,,,0.9391115945370597,53.12,,,,,,,"blend of 5 margin source(s) (fitted weights): espn_fpi, sagarin_predictor, sagarin_rating, fei, team_rankings; total from fei"
2026-10-17T00:00:00.000Z,7,App State,Coastal Carolina,Brooks Stadium (SC),no,21000,,,,,621.61,573.96,,,-1.43355329911886,55.16,,,,,,,"blend of 5 margin source(s) (fitted weights): espn_fpi, sagarin_predictor, sagarin_rating, fei, team_rankings; total from fei"
2026-10-17T00:00:00.000Z,7,Washington,Purdue,Ross-Ade Stadium,no,57282,,,,,777.63,698.33,,,-8.657881853184122,53.96,,,,,,,"blend of 5 margin source(s) (fitted weights): espn_fpi, sagarin_predictor, sagarin_rating, fei, team_rankings; total from fei"
2026-10-17T04:00:00.000Z,7,Cincinnati,West Virginia,Milan Puskar Stadium,no,60000,,,,,634.28,707.6,,,-2.485192936255152,55.760000000000005,,,,,,,"blend of 5 margin source(s) (fitted weights): espn_fpi, sagarin_predictor, sagarin_rating, fei, team_rankings; total from fei"
2026-10-17T04:00:00.000Z,7,Louisiana Tech,UL Monroe,Malone Stadium,no,27617,,,,,543.02,505.49,,,-10.545520878011196,50,,,,,,,"blend of 5 margin source(s) (fitted weights): espn_fpi, sagarin_predictor, sagarin_rating, fei, team_rankings; total from fei"
2026-10-17T04:00:00.000Z,7,Mississippi State,LSU,Tiger Stadium (LA),no,102321,,,,,804.53,931.76,,,14.030999554353258,51.44,,,,,,,"blend of 5 margin source(s) (fitted weights): espn_fpi, sagarin_predictor, sagarin_rating, fei, team_rankings; total from fei"
2026-10-17T04:00:00.000Z,7,Arizona State,Texas Tech,Jones AT&T Stadium,no,60454,,,,,722,767.89,,,9.593994575645318,45.44,,,,,,,"blend of 5 margin source(s) (fitted weights): espn_fpi, sagarin_predictor, sagarin_rating, fei, team_rankings; total from fei"
2026-10-17T04:00:00.000Z,7,Oklahoma State,Houston,TDECU Stadium,no,40000,,,,,672.69,695.93,,,9.62312927776999,52.16,,,,,,,"blend of 5 margin source(s) (fitted weights): espn_fpi, sagarin_predictor, sagarin_rating, fei, team_rankings; total from fei"
2026-10-17T04:00:00.000Z,7,Kansas,Kansas State,Bill Snyder Family Stadium,no,50000,,,,,684.51,718.67,-7.5,54.5,7.527953631243394,59.120000000000005,home,low,over,medium,,-0.03255119688355124,"blend of 5 margin source(s) (fitted weights): espn_fpi, sagarin_predictor, sagarin_rating, fei, team_rankings; total from fei"
2026-10-17T04:00:00.000Z,7,Florida,Texas,DKR-Texas Memorial Stadium,no,100119,,,,,891.07,985.17,,,13.803822209641456,48.92,,,,,,,"blend of 5 margin source(s) (fitted weights): espn_fpi, sagarin_predictor, sagarin_rating, fei, team_rankings; total from fei"
2026-10-17T04:00:00.000Z,7,Georgia Tech,Virginia Tech,Lane Stadium,no,65632,,,,,751.65,769.12,,,5.705910805159804,56.96,,,,,,,"blend of 5 margin source(s) (fitted weights): espn_fpi, sagarin_predictor, sagarin_rating, fei, team_rankings; total from fei"
2026-10-17T04:00:00.000Z,7,Georgia State,James Madison,Bridgeforth Stadium,no,24877,,,,,573.83,588.31,,,13.068866879869777,53,,,,,,,"blend of 5 margin source(s) (fitted weights): espn_fpi, sagarin_predictor, sagarin_rating, fei, team_rankings; total from fei"
2026-10-17T04:00:00.000Z,7,TCU,Baylor,McLane Stadium,no,45140,,,,,730.79,723.28,,,3.644818247703128,54.44,,,,,,,"blend of 5 margin source(s) (fitted weights): espn_fpi, sagarin_predictor, sagarin_rating, fei, team_rankings; total from fei"
2026-10-17T04:00:00.000Z,7,Akron,Miami (OH),Yager Stadium,no,24286,,,,,546.84,621.37,,,7.744834261139948,47.959999999999994,,,,,,,"blend of 5 margin source(s) (fitted weights): espn_fpi, sagarin_predictor, sagarin_rating, fei, team_rankings; total from fei"
2026-10-17T04:00:00.000Z,7,Ball State,Bowling Green,Doyt L. Perry Stadium,no,24000,,,,,563.88,568.33,,,6.428454936659198,44.72,,,,,,,"blend of 5 margin source(s) (fitted weights): espn_fpi, sagarin_predictor, sagarin_rating, fei, team_rankings; total from fei"
2026-10-17T04:00:00.000Z,7,Alabama,Tennessee,Neyland Stadium,no,102455,,,,,973.53,885.9,1.5,56.5,-2.8101216899603694,56.72,away,medium,over,low,,-0.04796957191188811,"blend of 5 margin source(s) (fitted weights): espn_fpi, sagarin_predictor, sagarin_rating, fei, team_rankings; total from fei"
2026-10-17T04:00:00.000Z,7,Arkansas,Vanderbilt,FirstBank Stadium,no,40351,,,,,745.48,727.39,,,6.97729379712633,64.75999999999999,,,,,,,"blend of 5 margin source(s) (fitted weights): espn_fpi, sagarin_predictor, sagarin_rating, fei, team_rankings; total from fei"
2026-10-17T04:00:00.000Z,7,Navy,UTSA,Alamodome,yes,36582,,,,,195.68,655.82,,,1.6423029284691222,56.6,,,,,,,"blend of 5 margin source(s) (fitted weights): espn_fpi, sagarin_predictor, sagarin_rating, fei, team_rankings; total from fei"
2026-10-17T04:00:00.000Z,7,Missouri,Ole Miss,Vaught-Hemingway Stadium,no,64038,,,,,808.36,885.72,,,8.184808588454977,55.519999999999996,,,,,,,"blend of 5 margin source(s) (fitted weights): espn_fpi, sagarin_predictor, sagarin_rating, fei, team_rankings; total from fei"
2026-10-17T04:00:00.000Z,7,Rutgers,Maryland,SECU Stadium,no,51802,,,,,709.04,719.64,,,10.611952373783556,55.88,,,,,,,"blend of 5 margin source(s) (fitted weights): espn_fpi, sagarin_predictor, sagarin_rating, fei, team_rankings; total from fei"
2026-10-17T04:00:00.000Z,7,Auburn,Georgia,Sanford Stadium,no,92746,,,,,828.19,1003.67,-16.5,54.5,14.170197157310547,50.480000000000004,away,medium,under,medium,away,-0.07486298378989764,"blend of 5 margin source(s) (fitted weights): espn_fpi, sagarin_predictor, sagarin_rating, fei, team_rankings; total from fei"
2026-10-17T04:00:00.000Z,7,Kent State,South Florida,Raymond James Stadium,no,65828,,,,,522.83,703.81,,,20.710749688179533,56.839999999999996,,,,,,,"blend of 5 margin source(s) (fitted weights): espn_fpi, sagarin_predictor, sagarin_rating, fei, team_rankings; total from fei"
2026-10-17T04:00:00.000Z,7,North Carolina,Duke,Wallace Wade Stadium,no,40004,,,,,767.89,668.47,-4.5,54.5,2.5509638073109215,56.599999999999994,away,medium,over,medium,away,-0.1003111043503051,"blend of 5 margin source(s) (fitted weights): espn_fpi, sagarin_predictor, sagarin_rating, fei, team_rankings; total from fei"
2026-10-17T04:00:00.000Z,7,Wisconsin,UCLA,Rose Bowl,no,88565,,,,,767.68,774.45,,,2.927109863329512,48.2,,,,,,,"blend of 5 margin source(s) (fitted weights): espn_fpi, sagarin_predictor, sagarin_rating, fei, team_rankings; total from fei"
2026-10-17T04:00:00.000Z,7,Western Michigan,Central Michigan,Kelly/Shorts Stadium,no,30255,,,,,572.2,540.01,,,-9.672199911492083,47.480000000000004,,,,,,,"blend of 5 margin source(s) (fitted weights): espn_fpi, sagarin_predictor, sagarin_rating, fei, team_rankings; total from fei"
2026-10-17T04:00:00.000Z,7,Nebraska,Oregon,Autzen Stadium,no,54000,,,,,787.45,984.33,-21.5,51.5,14.79072686699621,55.760000000000005,away,high,over,medium,away,-0.1172748205689994,"blend of 5 margin source(s) (fitted weights): espn_fpi, sagarin_predictor, sagarin_rating, fei, team_rankings; total from fei"
2026-10-17T04:00:00.000Z,7,Arkansas State,Southern Miss,M. M. Roberts Stadium,no,36000,,,,,606.22,602.63,,,7.888486773801169,,,,,,,,"blend of 4 margin source(s) (fitted weights): espn_fpi, sagarin_predictor, sagarin_rating, team_rankings"
2026-10-17T04:00:00.000Z,7,Florida State,Miami,Hard Rock Stadium,no,64767,,,,,800.2,885.94,-16.5,53.5,16.677091244500325,56,home,low,over,medium,,-0.03558863529035716,"blend of 5 margin source(s) (fitted weights): espn_fpi, sagarin_predictor, sagarin_rating, fei, team_rankings; total from fei"
2026-10-17T04:00:00.000Z,7,Ohio,Sacramento State,Hornet Stadium,no,21195,,,,,522.84,561.42,,,-5.644548429969736,52.760000000000005,,,,,,,"blend of 5 margin source(s) (fitted weights): espn_fpi, sagarin_predictor, sagarin_rating, fei, team_rankings; total from fei"
2026-10-17T04:00:00.000Z,7,Tulsa,Rice,Rice Stadium,no,47000,,,,,622.84,589.89,,,-3.641068279610997,48.44,,,,,,,"blend of 5 margin source(s) (fitted weights): espn_fpi, sagarin_predictor, sagarin_rating, fei, team_rankings; total from fei"
2026-10-17T04:00:00.000Z,7,Louisville,Syracuse,JMA Wireless Dome,yes,49057,,,,,739.97,745.61,,,-4.701172363020006,47,,,,,,,"blend of 5 margin source(s) (fitted weights): espn_fpi, sagarin_predictor, sagarin_rating, fei, team_rankings; total from fei"
2026-10-17T04:00:00.000Z,7,Troy,Louisiana,Cajun Field,no,41426,,,,,596.19,590.94,,,4.340065791761165,47.96,,,,,,,"blend of 4 margin source(s) (fitted weights): sagarin_predictor, sagarin_rating, fei, team_rankings; total from fei"
2026-10-17T04:00:00.000Z,7,New Mexico,Hawai'i,Clarence T.C. Ching Athletics Complex,no,15194,,,,,568.19,556.82,,,-3.278553292392971,52.879999999999995,,,,,,,"blend of 5 margin source(s) (fitted weights): espn_fpi, sagarin_predictor, sagarin_rating, fei, team_rankings; total from fei"
2026-10-17T04:00:00.000Z,7,Penn State,Michigan,Michigan Stadium,no,107601,,,,,774.04,890.02,-6.5,51.5,-1.3845646672224485,54.2,away,high,over,medium,away,-0.23464168759831122,"blend of 5 margin source(s) (fitted weights): espn_fpi, sagarin_predictor, sagarin_rating, fei, team_rankings; total from fei"
2026-10-17T04:00:00.000Z,7,Toledo,Eastern Michigan,Rynearson Stadium,no,30200,,,,,556.26,580.64,,,-6.51408675848917,51.2,,,,,,,"blend of 5 margin source(s) (fitted weights): espn_fpi, sagarin_predictor, sagarin_rating, fei, team_rankings; total from fei"
2026-10-17T04:00:00.000Z,7,Massachusetts,Buffalo,UB Stadium,no,30270,,,,,525.94,549.31,,,4.51172413758767,48.8,,,,,,,"blend of 5 margin source(s) (fitted weights): espn_fpi, sagarin_predictor, sagarin_rating, fei, team_rankings; total from fei"
2026-10-17T04:00:00.000Z,7,Northwestern,Michigan State,Spartan Stadium,no,75005,,,,,688.32,685.02,,,0.23863456055120916,50.239999999999995,,,,,,,"blend of 5 margin source(s) (fitted weights): espn_fpi, sagarin_predictor, sagarin_rating, fei, team_rankings; total from fei"
2026-10-17T04:00:00.000Z,7,Virginia,SMU,Gerald J. Ford Stadium,no,32000,,,,,700.18,764.5,,,3.108735128994783,51.32,,,,,,,"blend of 5 margin source(s) (fitted weights): espn_fpi, sagarin_predictor, sagarin_rating, fei, team_rankings; total from fei"
2026-10-17T04:00:00.000Z,7,Notre Dame,BYU,LaVell Edwards Stadium,no,63470,,,,,953.03,689.42,10,54.5,-9.887446332575951,53.84,home,low,under,low,home,0.050205321196128805,"blend of 5 margin source(s) (fitted weights): espn_fpi, sagarin_predictor, sagarin_rating, fei, team_rankings; total from fei"
2026-10-17T04:00:00.000Z,7,Pittsburgh,Boston College,"Alumni Stadium (Chestnut Hill, MA)",no,44500,,,,,675.02,660,,,-10.708803944252846,50,,,,,,,"blend of 5 margin source(s) (fitted weights): espn_fpi, sagarin_predictor, sagarin_rating, fei, team_rankings; total from fei"
2026-10-17T04:00:00.000Z,7,Utah,Colorado,Folsom Field,no,50183,,,,,695.72,731.62,,,-6.158129312346931,53.36,,,,,,,"blend of 5 margin source(s) (fitted weights): espn_fpi, sagarin_predictor, sagarin_rating, fei, team_rankings; total from fei"
2026-10-17T04:00:00.000Z,7,Kentucky,Oklahoma,"Memorial Stadium (Norman, OK)",no,86112,,,,,786.65,851.14,,,12.627594688260807,44.120000000000005,,,,,,,"blend of 5 margin source(s) (fitted weights): espn_fpi, sagarin_predictor, sagarin_rating, fei, team_rankings; total from fei"
2026-10-17T04:00:00.000Z,7,Ohio State,Indiana,"Memorial Stadium (Bloomington, IN)",no,52656,,,,,964.27,735.26,-1.5,48.5,-2.1981032438091175,51.32,away,high,over,medium,away,-0.05463538301857995,"blend of 5 margin source(s) (fitted weights): espn_fpi, sagarin_predictor, sagarin_rating, fei, team_rankings; total from fei"
2026-10-17T04:00:00.000Z,7,Wake Forest,California,California Memorial Stadium,no,62467,,,,,680.87,751.92,,,-2.062531964705839,47.72,,,,,,,"blend of 5 margin source(s) (fitted weights): espn_fpi, sagarin_predictor, sagarin_rating, fei, team_rankings; total from fei"
2026-10-17T04:00:00.000Z,7,Charlotte,Temple,Lincoln Financial Field,no,69879,,,,,576.77,631.07,,,13.26349350643741,53.48,,,,,,,"blend of 4 margin source(s) (fitted weights): sagarin_predictor, sagarin_rating, fei, team_rankings; total from fei"
2026-10-17T16:00:00.000Z,7,Florida Atlantic,Army,Michie Stadium,no,38000,,,,,593.36,303.83,,,13.842666176606823,54.92,,,,,,,"blend of 5 margin source(s) (fitted weights): espn_fpi, sagarin_predictor, sagarin_rating, fei, team_rankings; total from fei"
2026-10-17T19:30:00.000Z,7,Northern Illinois,Wyoming,War Memorial Stadium,no,29181,,,,,536.58,528.29,,,3.5447673067907086,46.16,,,,,,,"blend of 5 margin source(s) (fitted weights): espn_fpi, sagarin_predictor, sagarin_rating, fei, team_rankings; total from fei"
2026-10-17T19:30:00.000Z,7,UNLV,Air Force,Falcon Stadium,no,46692,,,,,696.03,272.35,,,-2.2454358889600394,62.36,,,,,,,"blend of 5 margin source(s) (fitted weights): espn_fpi, sagarin_predictor, sagarin_rating, fei, team_rankings; total from fei"
2026-10-17T22:00:00.000Z,7,Washington State,Oregon State,Reser Stadium,no,43363,,,,,630.29,635.79,,,-1.7200505432190818,48.92,,,,,,,"blend of 5 margin source(s) (fitted weights): espn_fpi, sagarin_predictor, sagarin_rating, fei, team_rankings; total from fei"
2026-10-17T23:00:00.000Z,7,Nevada,North Dakota State,Fargodome,yes,18700,,,,,549.99,515.59,,,5.350606915329444,50.480000000000004,,,,,,,"blend of 5 margin source(s) (fitted weights): espn_fpi, sagarin_predictor, sagarin_rating, fei, team_rankings; total from fei"
2026-10-18T01:00:00.000Z,7,San José State,UTEP,Sun Bowl,no,51500,,,,,569.25,585.76,,,-4.837134605657199,50.239999999999995,,,,,,,"blend of 5 margin source(s) (fitted weights): espn_fpi, sagarin_predictor, sagarin_rating, fei, team_rankings; total from fei"
2026-10-18T02:30:00.000Z,7,Fresno State,San Diego State,Snapdragon Stadium,no,35000,,,,,609.75,609.22,,,8.77253582436581,41.84,,,,,,,"blend of 5 margin source(s) (fitted weights): espn_fpi, sagarin_predictor, sagarin_rating, fei, team_rankings; total from fei"
2026-10-20T23:00:00.000Z,8,Missouri State,Delaware,Delaware Stadium,no,22000,,,,,549.92,483.48,,,8.420191899176274,58.4,,,,,,,"blend of 5 margin source(s) (fitted weights): espn_fpi, sagarin_predictor, sagarin_rating, fei, team_rankings; total from fei"
2026-10-20T23:00:00.000Z,8,Middle Tennessee,Florida International,Pitbull Stadium,no,20000,,,,,571.5,607.56,,,4.985919692946931,50.72,,,,,,,"blend of 2 margin source(s) (fitted weights): espn_fpi, fei; total from fei"
2026-10-20T23:30:00.000Z,8,South Alabama,Marshall,Joan C. Edwards Stadium,no,38016,,,,,573.38,594.71,,,1.4655817417928205,53.120000000000005,,,,,,,"blend of 5 margin source(s) (fitted weights): espn_fpi, sagarin_predictor, sagarin_rating, fei, team_rankings; total from fei"
2026-10-22T00:00:00.000Z,8,New Mexico State,Sam Houston,Elliott T. Bowers Stadium,no,14000,,,,,460.38,554.47,,,-1.230153798345596,50.120000000000005,,,,,,,"blend of 5 margin source(s) (fitted weights): espn_fpi, sagarin_predictor, sagarin_rating, fei, team_rankings; total from fei"
2026-10-22T23:00:00.000Z,8,Liberty,Kennesaw State,Fifth Third Stadium,no,11040,,,,,633.35,502.86,,,3.4045348907588178,56.48,,,,,,,"blend of 5 margin source(s) (fitted weights): espn_fpi, sagarin_predictor, sagarin_rating, fei, team_rankings; total from fei"
2026-10-22T23:00:00.000Z,8,James Madison,App State,Kidd Brewer Stadium,no,30000,,,,,588.31,621.61,,,-2.0720132971743825,53.72,,,,,,,"blend of 5 margin source(s) (fitted weights): espn_fpi, sagarin_predictor, sagarin_rating, fei, team_rankings; total from fei"
2026-10-22T23:30:00.000Z,8,East Carolina,Memphis,Simmons Bank Liberty Stadium,no,58325,,,,,623.79,670.31,,,6.234157585758449,52.519999999999996,,,,,,,"blend of 5 margin source(s) (fitted weights): espn_fpi, sagarin_predictor, sagarin_rating, fei, team_rankings; total from fei"
2026-10-23T23:00:00.000Z,8,Duke,Virginia,Scott Stadium,no,61500,,,,,668.47,700.18,-6.5,53.5,8.299794446446016,55.04,home,medium,over,low,,-0.007005177599061496,"blend of 5 margin source(s) (fitted weights): espn_fpi, sagarin_predictor, sagarin_rating, fei, team_rankings; total from fei"
2026-10-23T23:00:00.000Z,8,Massachusetts,UConn,Pratt & Whitney Stadium,no,40000,,,,,525.94,652.56,,,10.17770870842811,57.080000000000005,,,,,,,"blend of 5 margin source(s) (fitted weights): espn_fpi, sagarin_predictor, sagarin_rating, fei, team_rankings; total from fei"
2026-10-24T00:30:00.000Z,8,Army,Tulsa,Chapman Stadium,no,30000,,,,,303.83,622.84,,,-1.5845382781581594,50.959999999999994,,,,,,,"blend of 5 margin source(s) (fitted weights): espn_fpi, sagarin_predictor, sagarin_rating, fei, team_rankings; total from fei"
2026-10-24T01:00:00.000Z,8,Air Force,Wyoming,War Memorial Stadium,no,29181,,,,,272.35,528.29,,,-6.149895544900777,54.68,,,,,,,"blend of 5 margin source(s) (fitted weights): espn_fpi, sagarin_predictor, sagarin_rating, fei, team_rankings; total from fei"
2026-10-24T02:30:00.000Z,8,NC State,Stanford,Stanford Stadium,no,50424,,,,,757.14,705.81,,,-1.6508107091165765,51.08,,,,,,,"blend of 5 margin source(s) (fitted weights): espn_fpi, sagarin_predictor, sagarin_rating, fei, team_rankings; total from fei"
2026-10-24T04:00:00.000Z,8,Sacramento State,Ball State,Scheumann Stadium,no,22500,,,,,561.42,563.88,,,2.363191251762581,49.64,,,,,,,"blend of 5 margin source(s) (fitted weights): espn_fpi, sagarin_predictor, sagarin_rating, fei, team_rankings; total from fei"
2026-10-24T04:00:00.000Z,8,Oklahoma,Mississippi State,Davis Wade Stadium,no,61337,,,,,851.14,804.53,,,-6.46061929610563,48.8,,,,,,,"blend of 5 margin source(s) (fitted weights): espn_fpi, sagarin_predictor, sagarin_rating, fei, team_rankings; total from fei"
2026-10-24T04:00:00.000Z,8,Western Michigan,Toledo,Glass Bowl,no,26038,,,,,572.2,556.26,,,0.49339352372556444,47,,,,,,,"blend of 5 margin source(s) (fitted weights): espn_fpi, sagarin_predictor, sagarin_rating, fei, team_rankings; total from fei"
2026-10-24T04:00:00.000Z,8,Bowling Green,Buffalo,UB Stadium,no,30270,,,,,568.33,549.31,,,3.025187396846592,41.72,,,,,,,"blend of 5 margin source(s) (fitted weights): espn_fpi, sagarin_predictor, sagarin_rating, fei, team_rankings; total from fei"
2026-10-24T04:00:00.000Z,8,California,SMU,Gerald J. Ford Stadium,no,32000,,,,,751.92,764.5,,,13.973404464791454,52.28,,,,,,,"blend of 5 margin source(s) (fitted weights): espn_fpi, sagarin_predictor, sagarin_rating, fei, team_rankings; total from fei"
2026-10-24T04:00:00.000Z,8,Pittsburgh,Miami,Hard Rock Stadium,no,64767,,,,,675.02,885.94,,,13.630007424782438,47.84,,,,,,,"blend of 5 margin source(s) (fitted weights): espn_fpi, sagarin_predictor, sagarin_rating, fei, team_rankings; total from fei"
2026-10-24T04:00:00.000Z,8,UTSA,Tulane,Yulman Stadium,no,30000,,,,,655.82,665.11,,,4.154367541136134,54.08,,,,,,,"blend of 5 margin source(s) (fitted weights): espn_fpi, sagarin_predictor, sagarin_rating, fei, team_rankings; total from fei"
2026-10-24T04:00:00.000Z,8,West Virginia,TCU,Amon G. Carter Stadium,no,46000,,,,,707.6,730.79,,,7.273976139773012,50.599999999999994,,,,,,,"blend of 5 margin source(s) (fitted weights): espn_fpi, sagarin_predictor, sagarin_rating, fei, team_rankings; total from fei"
2026-10-24T04:00:00.000Z,8,Vanderbilt,Kentucky,Kroger Field,no,61000,,,,,727.39,786.65,,,0.9159203905320631,55.64,,,,,,,"blend of 5 margin source(s) (fitted weights): espn_fpi, sagarin_predictor, sagarin_rating, fei, team_rankings; total from fei"
2026-10-24T04:00:00.000Z,8,Texas Tech,Cincinnati,Nippert Stadium,no,40000,,,,,767.89,634.28,,,-6.439203888686497,50.239999999999995,,,,,,,"blend of 5 margin source(s) (fitted weights): espn_fpi, sagarin_predictor, sagarin_rating, fei, team_rankings; total from fei"
2026-10-24T04:00:00.000Z,8,UL Monroe,Troy,Veterans Memorial Stadium (AL),no,30000,,,,,505.49,596.19,,,9.723971046928892,46.760000000000005,,,,,,,"blend of 4 margin source(s) (fitted weights): sagarin_predictor, sagarin_rating, fei, team_rankings; total from fei"
2026-10-24T04:00:00.000Z,8,Colorado,Oklahoma State,Boone Pickens Stadium,no,55509,,,,,731.62,672.69,,,-2.0302640796510403,49.879999999999995,,,,,,,"blend of 5 margin source(s) (fitted weights): espn_fpi, sagarin_predictor, sagarin_rating, fei, team_rankings; total from fei"
2026-10-24T04:00:00.000Z,8,Syracuse,North Carolina,Kenan Stadium,no,50500,,,,,745.61,767.89,,,4.261892741098434,49.28,,,,,,,"blend of 5 margin source(s) (fitted weights): espn_fpi, sagarin_predictor, sagarin_rating, fei, team_rankings; total from fei"
2026-10-24T04:00:00.000Z,8,Tennessee,South Carolina,Williams-Brice Stadium,no,80250,,,,,885.9,862.87,,,1.1370967383230481,51.8,,,,,,,"blend of 5 margin source(s) (fitted weights): espn_fpi, sagarin_predictor, sagarin_rating, fei, team_rankings; total from fei"
2026-10-24T04:00:00.000Z,8,Virginia Tech,Clemson,"Memorial Stadium (Clemson, SC)",no,81500,,,,,769.12,862.85,,,2.4391287584879007,50.48,,,,,,,"blend of 5 margin source(s) (fitted weights): espn_fpi, sagarin_predictor, sagarin_rating, fei, team_rankings; total from fei"
2026-10-24T04:00:00.000Z,8,Miami (OH),Central Michigan,Kelly/Shorts Stadium,no,30255,,,,,621.37,540.01,,,-1.2963053341689328,47.6,,,,,,,"blend of 5 margin source(s) (fitted weights): espn_fpi, sagarin_predictor, sagarin_rating, fei, team_rankings; total from fei"
2026-10-24T04:00:00.000Z,8,Iowa State,Arizona,Arizona Stadium,no,50782,,,,,669.55,699.59,,,7.580160973130414,51.08,,,,,,,"blend of 5 margin source(s) (fitted weights): espn_fpi, sagarin_predictor, sagarin_rating, fei, team_rankings; total from fei"
2026-10-24T04:00:00.000Z,8,Old Dominion,Louisiana Tech,Joe Aillet Stadium,no,28019,,,,,544.25,543.02,,,1.0783174378222948,46.760000000000005,,,,,,,"blend of 5 margin source(s) (fitted weights): espn_fpi, sagarin_predictor, sagarin_rating, fei, team_rankings; total from fei"
2026-10-24T04:00:00.000Z,8,Houston,Utah,Rice-Eccles Stadium,no,51444,,,,,695.93,695.72,-6.5,50.5,8.942648983388647,55.64,home,medium,over,medium,,0.02109747381458127,"blend of 5 margin source(s) (fitted weights): espn_fpi, sagarin_predictor, sagarin_rating, fei, team_rankings; total from fei"
2026-10-24T04:00:00.000Z,8,Baylor,Kansas,Memorial Stadium,no,47000,,,,,723.28,684.51,,,1.3998990210976912,62.120000000000005,,,,,,,"blend of 5 margin source(s) (fitted weights): espn_fpi, sagarin_predictor, sagarin_rating, fei, team_rankings; total from fei"
2026-10-24T04:00:00.000Z,8,Texas A&M,Alabama,Bryant-Denny Stadium,no,101821,,,,,933,973.53,-2.5,54.5,4.07246165028331,52.16,home,medium,under,medium,,0.036964371433892196,"blend of 5 margin source(s) (fitted weights): espn_fpi, sagarin_predictor, sagarin_rating, fei, team_rankings; total from fei"
2026-10-24T04:00:00.000Z,8,Rice,Florida Atlantic,FAU Stadium,no,29419,,,,,589.89,593.36,,,1.7603252503229974,52.4,,,,,,,"blend of 5 margin source(s) (fitted weights): espn_fpi, sagarin_predictor, sagarin_rating, fei, team_rankings; total from fei"
2026-10-24T04:00:00.000Z,8,Indiana,Michigan,Michigan Stadium,no,107601,,,,,735.26,890.02,6,52.5,-7.200427325976549,53.36,away,medium,over,low,,0.017138499885852143,"blend of 5 margin source(s) (fitted weights): espn_fpi, sagarin_predictor, sagarin_rating, fei, team_rankings; total from fei"
2026-10-24T04:00:00.000Z,8,Louisiana,Southern Miss,M. M. Roberts Stadium,no,36000,,,,,590.94,602.63,,,3.211614877587742,,,,,,,,"blend of 4 margin source(s) (fitted weights): espn_fpi, sagarin_predictor, sagarin_rating, team_rankings"
2026-10-24T04:00:00.000Z,8,Eastern Michigan,Ohio,Peden Stadium,no,24000,,,,,580.64,522.84,,,7.24360629978168,54.32,,,,,,,"blend of 5 margin source(s) (fitted weights): espn_fpi, sagarin_predictor, sagarin_rating, fei, team_rankings; total from fei"
2026-10-24T04:00:00.000Z,8,Akron,Kent State,Dix Stadium,no,25319,,,,,546.84,522.83,,,-2.010017000792003,54.08,,,,,,,"blend of 5 margin source(s) (fitted weights): espn_fpi, sagarin_predictor, sagarin_rating, fei, team_rankings; total from fei"
2026-10-24T04:00:00.000Z,8,Iowa,Minnesota,Huntington Bank Stadium,no,50850,,,,,722.73,728.79,,,-3.612498335492252,43.879999999999995,,,,,,,"blend of 5 margin source(s) (fitted weights): espn_fpi, sagarin_predictor, sagarin_rating, fei, team_rankings; total from fei"
2026-10-24T04:00:00.000Z,8,USC,Wisconsin,Camp Randall Stadium,no,80321,,,,,899,767.68,,,-7.205930936674753,55.760000000000005,,,,,,,"blend of 5 margin source(s) (fitted weights): espn_fpi, sagarin_predictor, sagarin_rating, fei, team_rankings; total from fei"
2026-10-24T04:00:00.000Z,8,Kansas State,Arizona State,Mountain America Stadium,no,65870,,,,,718.67,722,,,0.2385249478004329,51.8,,,,,,,"blend of 5 margin source(s) (fitted weights): espn_fpi, sagarin_predictor, sagarin_rating, fei, team_rankings; total from fei"
2026-10-24T04:00:00.000Z,8,Ole Miss,Texas,DKR-Texas Memorial Stadium,no,100119,,,,,885.72,985.17,-8.5,54.5,11.256964165059852,55.28,home,medium,over,low,,0.03339422733370778,"blend of 5 margin source(s) (fitted weights): espn_fpi, sagarin_predictor, sagarin_rating, fei, team_rankings; total from fei"
2026-10-24T04:00:00.000Z,8,Hawai'i,Northern Illinois,Huskie Stadium,no,23595,,,,,556.82,536.58,,,-4.641380028327286,52.519999999999996,,,,,,,"blend of 5 margin source(s) (fitted weights): espn_fpi, sagarin_predictor, sagarin_rating, fei, team_rankings; total from fei"
2026-10-24T04:00:00.000Z,8,Oregon,Illinois,"Memorial Stadium (Champaign, IL)",no,60670,,,,,984.33,704.01,,,-11.591073739462978,57.8,,,,,,,"blend of 5 margin source(s) (fitted weights): espn_fpi, sagarin_predictor, sagarin_rating, fei, team_rankings; total from fei"
2026-10-24T04:00:00.000Z,8,Michigan State,UCLA,Rose Bowl,no,88565,,,,,685.02,774.45,,,6.603810926592922,54.44,,,,,,,"blend of 5 margin source(s) (fitted weights): espn_fpi, sagarin_predictor, sagarin_rating, fei, team_rankings; total from fei"
2026-10-24T04:00:00.000Z,8,Boston College,Georgia Tech,Bobby Dodd Stadium,no,55000,,,,,660,751.65,,,9.759167137724425,57.2,,,,,,,"blend of 5 margin source(s) (fitted weights): espn_fpi, sagarin_predictor, sagarin_rating, fei, team_rankings; total from fei"
2026-10-24T04:00:00.000Z,8,Rutgers,Northwestern,Ryan Field,no,35000,,,,,709.04,688.32,,,10.811322103986353,56.239999999999995,,,,,,,"blend of 5 margin source(s) (fitted weights): espn_fpi, sagarin_predictor, sagarin_rating, fei, team_rankings; total from fei"
2026-10-24T04:00:00.000Z,8,BYU,UCF,FBC Mortgage Stadium,no,44206,,,,,689.42,672.14,,,-5.620941547934546,51.68,,,,,,,"blend of 3 margin source(s) (fitted weights): espn_fpi, fei, team_rankings; total from fei"
2026-10-24T16:00:00.000Z,8,LSU,Auburn,Jordan-Hare Stadium,no,87451,,,,,931.76,828.19,,,-6.402425581516376,46.879999999999995,,,,,,,"blend of 5 margin source(s) (fitted weights): espn_fpi, sagarin_predictor, sagarin_rating, fei, team_rankings; total from fei"
2026-10-24T19:30:00.000Z,8,North Texas,Navy,Navy-Marine Corps Memorial Stadium,no,34000,,,,,602.08,195.68,,,5.544195426455379,61.16,,,,,,,"blend of 5 margin source(s) (fitted weights): espn_fpi, sagarin_predictor, sagarin_rating, fei, team_rankings; total from fei"
2026-10-24T21:00:00.000Z,8,San José State,Nevada,Mackay Stadium,no,27000,,,,,569.25,549.99,,,5.501820993729861,50.84,,,,,,,"blend of 5 margin source(s) (fitted weights): espn_fpi, sagarin_predictor, sagarin_rating, fei, team_rankings; total from fei"
2026-10-24T22:00:00.000Z,8,Boise State,Washington State,Gesa Field,no,32952,,,,,641.17,630.29,,,-4.72304105921586,48.32,,,,,,,"blend of 5 margin source(s) (fitted weights): espn_fpi, sagarin_predictor, sagarin_rating, fei, team_rankings; total from fei"
2026-10-24T22:30:00.000Z,8,San Diego State,Colorado State,Canvas Stadium,no,36500,,,,,609.22,640.31,,,-5.21611542222637,47.36,,,,,,,"blend of 5 margin source(s) (fitted weights): espn_fpi, sagarin_predictor, sagarin_rating, fei, team_rankings; total from fei"
2026-10-24T23:00:00.000Z,8,Georgia State,Arkansas State,Centennial Bank Stadium,no,30382,,,,,573.83,606.22,,,3.8956332350689995,53.36,,,,,,,"blend of 5 margin source(s) (fitted weights): espn_fpi, sagarin_predictor, sagarin_rating, fei, team_rankings; total from fei"
2026-10-24T23:30:00.000Z,8,Utah State,Texas State,Bobcat Stadium (TX),no,30000,,,,,543.98,624.81,,,5.919683885482152,58.879999999999995,,,,,,,"blend of 5 margin source(s) (fitted weights): espn_fpi, sagarin_predictor, sagarin_rating, fei, team_rankings; total from fei"
2026-10-25T02:00:00.000Z,8,North Dakota State,New Mexico,University Stadium (NM),no,39224,,,,,515.59,568.19,,,4.242769432146987,52.400000000000006,,,,,,,"blend of 5 margin source(s) (fitted weights): espn_fpi, sagarin_predictor, sagarin_rating, fei, team_rankings; total from fei"
2026-10-27T23:00:00.000Z,9,Delaware,Western Kentucky,Houchens Industries-L.T. Smith Stadium,no,22113,,,,,483.48,611.52,,,0.37532024694298294,54.32,,,,,,,"blend of 5 margin source(s) (fitted weights): espn_fpi, sagarin_predictor, sagarin_rating, fei, team_rankings; total from fei"
2026-10-28T00:00:00.000Z,9,Sam Houston,Missouri State,Plaster Sports Complex,no,17337,,,,,554.47,549.92,,,4.776858640513755,54.56,,,,,,,"blend of 5 margin source(s) (fitted weights): espn_fpi, sagarin_predictor, sagarin_rating, fei, team_rankings; total from fei"
2026-10-28T23:00:00.000Z,9,Kennesaw State,Middle Tennessee,"Johnny ""Red"" Floyd Stadium",no,30788,,,,,502.86,571.5,,,-5.507133329910459,54.2,,,,,,,"blend of 5 margin source(s) (fitted weights): espn_fpi, sagarin_predictor, sagarin_rating, fei, team_rankings; total from fei"
2026-10-29T00:00:00.000Z,9,Jacksonville State,New Mexico State,Aggie Memorial Stadium,no,28853,,,,,602.83,460.38,,,0.28462832723517206,50.6,,,,,,,"blend of 5 margin source(s) (fitted weights): espn_fpi, sagarin_predictor, sagarin_rating, fei, team_rankings; total from fei"
2026-10-29T23:30:00.000Z,9,Troy,James Madison,Bridgeforth Stadium,no,24877,,,,,596.19,588.31,,,10.562441944530097,46.040000000000006,,,,,,,"blend of 4 margin source(s) (fitted weights): sagarin_predictor, sagarin_rating, fei, team_rankings; total from fei"
2026-10-29T23:30:00.000Z,9,Florida Atlantic,North Texas,DATCU Stadium,no,30850,,,,,593.36,602.08,,,10.267716647174879,61.519999999999996,,,,,,,"blend of 5 margin source(s) (fitted weights): espn_fpi, sagarin_predictor, sagarin_rating, fei, team_rankings; total from fei"
2026-10-30T23:00:00.000Z,9,Tulane,Charlotte,Jerry Richardson Stadium,no,15300,,,,,665.11,576.77,,,-14.0475143682647,50.36,,,,,,,"blend of 4 margin source(s) (fitted weights): sagarin_predictor, sagarin_rating, fei, team_rankings; total from fei"
2026-10-30T23:30:00.000Z,9,Baylor,UCF,FBC Mortgage Stadium,no,44206,,,,,723.28,672.14,,,0.7841427548658348,53.239999999999995,,,,,,,"blend of 3 margin source(s) (fitted weights): espn_fpi, fei, team_rankings; total from fei"
2026-10-31T02:30:00.000Z,9,Kent State,Sacramento State,Hornet Stadium,no,21195,,,,,522.83,561.42,,,5.926071822432943,55.28,,,,,,,"blend of 5 margin source(s) (fitted weights): espn_fpi, sagarin_predictor, sagarin_rating, fei, team_rankings; total from fei"
2026-10-31T04:00:00.000Z,9,Oklahoma State,Iowa State,Jack Trice Stadium,no,61500,,,,,672.69,669.55,,,6.048485067051507,49.76,,,,,,,"blend of 5 margin source(s) (fitted weights): espn_fpi, sagarin_predictor, sagarin_rating, fei, team_rankings; total from fei"
2026-10-31T04:00:00.000Z,9,Utah,Cincinnati,Nippert Stadium,no,40000,,,,,695.72,634.28,,,-4.151178607422659,58.400000000000006,,,,,,,"blend of 5 margin source(s) (fitted weights): espn_fpi, sagarin_predictor, sagarin_rating, fei, team_rankings; total from fei"
2026-10-31T04:00:00.000Z,9,Army,Memphis,Simmons Bank Liberty Stadium,no,58325,,,,,303.83,670.31,,,4.232458554801467,53.72,,,,,,,"blend of 5 margin source(s) (fitted weights): espn_fpi, sagarin_predictor, sagarin_rating, fei, team_rankings; total from fei"
2026-10-31T04:00:00.000Z,9,Arizona,Texas Tech,Jones AT&T Stadium,no,60454,,,,,699.59,767.89,,,9.819503719530726,45.92,,,,,,,"blend of 5 margin source(s) (fitted weights): espn_fpi, sagarin_predictor, sagarin_rating, fei, team_rankings; total from fei"
2026-10-31T04:00:00.000Z,9,Auburn,Ole Miss,Vaught-Hemingway Stadium,no,64038,,,,,828.19,885.72,,,7.487389414533157,53.72,,,,,,,"blend of 5 margin source(s) (fitted weights): espn_fpi, sagarin_predictor, sagarin_rating, fei, team_rankings; total from fei"
2026-10-31T04:00:00.000Z,9,Illinois,Maryland,SECU Stadium,no,51802,,,,,704.01,719.64,,,-0.4579104817904728,51.8,,,,,,,"blend of 5 margin source(s) (fitted weights): espn_fpi, sagarin_predictor, sagarin_rating, fei, team_rankings; total from fei"
2026-10-31T04:00:00.000Z,9,App State,Georgia Southern,Allen E. Paulson Stadium,no,25000,,,,,621.61,634.19,,,0.016302624305647384,61.4,,,,,,,"blend of 4 margin source(s) (fitted weights): espn_fpi, sagarin_predictor, sagarin_rating, fei; total from fei"
2026-10-31T04:00:00.000Z,9,Wisconsin,Iowa,Kinnick Stadium,no,69250,,,,,767.68,722.73,,,8.328868344893188,38.959999999999994,,,,,,,"blend of 5 margin source(s) (fitted weights): espn_fpi, sagarin_predictor, sagarin_rating, fei, team_rankings; total from fei"
2026-10-31T04:00:00.000Z,9,Marshall,Old Dominion,S.B. Ballard Stadium,no,20118,,,,,594.71,544.25,,,7.859246652744793,46.64,,,,,,,"blend of 5 margin source(s) (fitted weights): espn_fpi, sagarin_predictor, sagarin_rating, fei, team_rankings; total from fei"
2026-10-31T04:00:00.000Z,9,Miami,North Carolina,Kenan Stadium,no,50500,,,,,885.94,767.89,,,-14.067815182652296,51.32,,,,,,,"blend of 5 margin source(s) (fitted weights): espn_fpi, sagarin_predictor, sagarin_rating, fei, team_rankings; total from fei"
2026-10-31T04:00:00.000Z,9,Oregon State,Fresno State,Valley Children's Stadium,no,41031,,,,,635.79,609.75,,,2.550879357025709,46.760000000000005,,,,,,,"blend of 5 margin source(s) (fitted weights): espn_fpi, sagarin_predictor, sagarin_rating, fei, team_rankings; total from fei"
2026-10-31T04:00:00.000Z,9,Purdue,Penn State,Beaver Stadium,no,106572,,,,,698.33,774.04,,,18.494453282765853,52.879999999999995,,,,,,,"blend of 5 margin source(s) (fitted weights): espn_fpi, sagarin_predictor, sagarin_rating, fei, team_rankings; total from fei"
2026-10-31T04:00:00.000Z,9,Northwestern,Oregon,Autzen Stadium,no,54000,,,,,688.32,984.33,,,19.63265314292115,53,,,,,,,"blend of 5 margin source(s) (fitted weights): espn_fpi, sagarin_predictor, sagarin_rating, fei, team_rankings; total from fei"
2026-10-31T04:00:00.000Z,9,Arizona State,BYU,LaVell Edwards Stadium,no,63470,,,,,722,689.42,,,6.885539935504724,53.239999999999995,,,,,,,"blend of 5 margin source(s) (fitted weights): espn_fpi, sagarin_predictor, sagarin_rating, fei, team_rankings; total from fei"
2026-10-31T04:00:00.000Z,9,Clemson,Florida State,Doak Campbell Stadium,no,67277,,,,,862.85,800.2,1.5,51.5,2.729244509613662,53.36,home,high,over,low,home,0.07205186852871026,"blend of 5 margin source(s) (fitted weights): espn_fpi, sagarin_predictor, sagarin_rating, fei, team_rankings; total from fei"
2026-10-31T04:00:00.000Z,9,Washington,Nebraska,"Memorial Stadium (Lincoln, NE)",no,85458,,,,,777.63,787.45,,,0.5763022645856926,54.08,,,,,,,"blend of 5 margin source(s) (fitted weights): espn_fpi, sagarin_predictor, sagarin_rating, fei, team_rankings; total from fei"
2026-10-31T04:00:00.000Z,9,Kansas State,Colorado,Folsom Field,no,50183,,,,,718.67,731.62,,,-3.8023275047453513,51.56,,,,,,,"blend of 5 margin source(s) (fitted weights): espn_fpi, sagarin_predictor, sagarin_rating, fei, team_rankings; total from fei"
2026-10-31T04:00:00.000Z,9,Nevada,UCLA,Rose Bowl,no,88565,,,,,549.99,774.45,,,13.189900025447624,51.44,,,,,,,"blend of 5 margin source(s) (fitted weights): espn_fpi, sagarin_predictor, sagarin_rating, fei, team_rankings; total from fei"
2026-10-31T04:00:00.000Z,9,Stanford,Louisville,L&N Federal Credit Union Stadium,no,60000,,,,,705.81,739.97,,,15.740858244984526,47.84,,,,,,,"blend of 5 margin source(s) (fitted weights): espn_fpi, sagarin_predictor, sagarin_rating, fei, team_rankings; total from fei"
2026-10-31T04:00:00.000Z,9,California,NC State,Carter-Finley Stadium,no,58000,,,,,751.92,757.14,,,4.523566689124515,51.8,,,,,,,"blend of 5 margin source(s) (fitted weights): espn_fpi, sagarin_predictor, sagarin_rating, fei, team_rankings; total from fei"
2026-10-31T04:00:00.000Z,9,South Carolina,Oklahoma,"Memorial Stadium (Norman, OK)",no,86112,,,,,862.87,851.14,,,6.627223695257994,43.64,,,,,,,"blend of 5 margin source(s) (fitted weights): espn_fpi, sagarin_predictor, sagarin_rating, fei, team_rankings; total from fei"
2026-10-31T04:00:00.000Z,9,Missouri,Arkansas,Razorback Stadium,no,80000,,,,,808.36,745.48,,,-2.830920857697473,56,,,,,,,"blend of 5 margin source(s) (fitted weights): espn_fpi, sagarin_predictor, sagarin_rating, fei, team_rankings; total from fei"
2026-10-31T04:00:00.000Z,9,Georgia Tech,Pittsburgh,Acrisure Stadium,no,68400,,,,,751.65,675.02,,,8.732675458398916,51.68,,,,,,,"blend of 5 margin source(s) (fitted weights): espn_fpi, sagarin_predictor, sagarin_rating, fei, team_rankings; total from fei"
2026-10-31T04:00:00.000Z,9,Boston College,Duke,Wallace Wade Stadium,no,40004,,,,,660,668.47,,,10.227613776403743,58.64,,,,,,,"blend of 5 margin source(s) (fitted weights): espn_fpi, sagarin_predictor, sagarin_rating, fei, team_rankings; total from fei"
2026-10-31T04:00:00.000Z,9,Minnesota,Indiana,"Memorial Stadium (Bloomington, IN)",no,52656,,,,,728.79,735.26,,,19.06939111833003,50.96,,,,,,,"blend of 5 margin source(s) (fitted weights): espn_fpi, sagarin_predictor, sagarin_rating, fei, team_rankings; total from fei"
2026-10-31T04:00:00.000Z,9,UAB,South Florida,Raymond James Stadium,no,65828,,,,,606.18,703.81,,,13.398403164478346,56.959999999999994,,,,,,,"blend of 5 margin source(s) (fitted weights): espn_fpi, sagarin_predictor, sagarin_rating, fei, team_rankings; total from fei"
2026-10-31T04:00:00.000Z,9,Southern Miss,UL Monroe,Malone Stadium,no,27617,,,,,602.63,505.49,,,-15.091616912428165,,,,,,,,"blend of 4 margin source(s) (fitted weights): espn_fpi, sagarin_predictor, sagarin_rating, team_rankings"
2026-10-31T04:00:00.000Z,9,New Mexico,San José State,CEFCU Stadium,no,30456,,,,,568.19,569.25,,,-4.717812472045629,52.760000000000005,,,,,,,"blend of 5 margin source(s) (fitted weights): espn_fpi, sagarin_predictor, sagarin_rating, fei, team_rankings; total from fei"
2026-10-31T04:00:00.000Z,9,Michigan,Rutgers,SHI Stadium,no,52454,,,,,890.02,709.04,,,-13.15156800852423,60.2,,,,,,,"blend of 5 margin source(s) (fitted weights): espn_fpi, sagarin_predictor, sagarin_rating, fei, team_rankings; total from fei"
2026-10-31T04:00:00.000Z,9,Virginia,Wake Forest,Allegacy Federal Credit Union Stadium,no,31500,,,,,700.18,680.87,,,-3.6134449365105006,46.76,,,,,,,"blend of 5 margin source(s) (fitted weights): espn_fpi, sagarin_predictor, sagarin_rating, fei, team_rankings; total from fei"
2026-10-31T04:00:00.000Z,9,SMU,Syracuse,JMA Wireless Dome,yes,49057,,,,,764.5,745.61,,,-5.249655037399326,50.72,,,,,,,"blend of 5 margin source(s) (fitted weights): espn_fpi, sagarin_predictor, sagarin_rating, fei, team_rankings; total from fei"
2026-10-31T04:00:00.000Z,9,Ohio State,USC,Los Angeles Memorial Coliseum,no,77500,,,,,964.27,899,7.5,54.5,-8.400548565704664,61.040000000000006,away,low,over,high,,0.03332198366732747,"blend of 5 margin source(s) (fitted weights): espn_fpi, sagarin_predictor, sagarin_rating, fei, team_rankings; total from fei"
2026-10-31T04:00:00.000Z,9,Coastal Carolina,Georgia State,Center Parc Stadium,no,25000,,,,,573.96,573.83,,,0.8140845855841282,54.44,,,,,,,"blend of 5 margin source(s) (fitted weights): espn_fpi, sagarin_predictor, sagarin_rating, fei, team_rankings; total from fei"
2026-10-31T04:00:00.000Z,9,Louisiana Tech,South Alabama,Hancock Whitney Stadium,no,25450,,,,,543.02,573.38,,,-0.025760963199245368,53.24,,,,,,,"blend of 5 margin source(s) (fitted weights): espn_fpi, sagarin_predictor, sagarin_rating, fei, team_rankings; total from fei"
2026-10-31T04:00:00.000Z,9,Kansas,TCU,Amon G. Carter Stadium,no,46000,,,,,684.51,730.79,,,2.7383213830696773,57.92,,,,,,,"blend of 5 margin source(s) (fitted weights): espn_fpi, sagarin_predictor, sagarin_rating, fei, team_rankings; total from fei"
2026-10-31T04:00:00.000Z,9,Mississippi State,Texas,DKR-Texas Memorial Stadium,no,100119,,,,,804.53,985.17,,,18.589888900559394,51.31999999999999,,,,,,,"blend of 5 margin source(s) (fitted weights): espn_fpi, sagarin_predictor, sagarin_rating, fei, team_rankings; total from fei"
2026-10-31T04:00:00.000Z,9,Temple,East Carolina,Dowdy-Ficklen Stadium,no,50000,,,,,631.07,623.79,,,7.023463997958031,53.959999999999994,,,,,,,"blend of 5 margin source(s) (fitted weights): espn_fpi, sagarin_predictor, sagarin_rating, fei, team_rankings; total from fei"
2026-10-31T16:00:00.000Z,9,Notre Dame,Navy,Gillette Stadium,no,68756,,,,,953.03,195.68,,,-22.110791381944846,54.32000000000001,,,,,,,"blend of 5 margin source(s) (fitted weights): espn_fpi, sagarin_predictor, sagarin_rating, fei, team_rankings; total from fei"
2026-10-31T16:00:00.000Z,9,Bowling Green,Western Michigan,Waldo Stadium,no,30200,,,,,568.33,572.2,,,13.790412697561042,44.120000000000005,,,,,,,"blend of 5 margin source(s) (fitted weights): espn_fpi, sagarin_predictor, sagarin_rating, fei, team_rankings; total from fei"
2026-10-31T19:00:00.000Z,9,UConn,Air Force,Falcon Stadium,no,46692,,,,,652.56,272.35,,,4.414003573131848,62.72,,,,,,,"blend of 5 margin source(s) (fitted weights): espn_fpi, sagarin_predictor, sagarin_rating, fei, team_rankings; total from fei"
2026-10-31T19:30:00.000Z,9,Florida International,Liberty,Williams Stadium (VA),no,25000,,,,,607.56,633.35,,,6.927794138438369,53,,,,,,,"blend of 2 margin source(s) (fitted weights): espn_fpi, fei; total from fei"
2026-10-31T19:30:00.000Z,9,UTEP,North Dakota State,Fargodome,yes,18700,,,,,585.76,515.59,,,15.689562514716503,49.879999999999995,,,,,,,"blend of 5 margin source(s) (fitted weights): espn_fpi, sagarin_predictor, sagarin_rating, fei, team_rankings; total from fei"
2026-10-31T19:30:00.000Z,9,Florida,Georgia,Mercedes-Benz Stadium,yes,75000,,,,,891.07,1003.67,-12.5,53.5,11.824012004649166,52.64,away,low,under,low,,-0.04182006174537978,"blend of 5 margin source(s) (fitted weights): espn_fpi, sagarin_predictor, sagarin_rating, fei, team_rankings; total from fei"
2026-10-31T19:30:00.000Z,9,Colorado State,Utah State,Maverik Stadium,no,25513,,,,,640.31,543.98,,,1.001924385158437,54.8,,,,,,,"blend of 5 margin source(s) (fitted weights): espn_fpi, sagarin_predictor, sagarin_rating, fei, team_rankings; total from fei"
2026-10-31T23:00:00.000Z,9,Washington State,San Diego State,Snapdragon Stadium,no,35000,,,,,630.29,609.22,,,4.4146722035921035,44,,,,,,,"blend of 5 margin source(s) (fitted weights): espn_fpi, sagarin_predictor, sagarin_rating, fei, team_rankings; total from fei"
2026-11-01T02:00:00.000Z,9,Texas State,Boise State,Albertsons Stadium,no,36387,,,,,624.81,641.17,,,14.168953310950531,55.760000000000005,,,,,,,"blend of 5 margin source(s) (fitted weights): espn_fpi, sagarin_predictor, sagarin_rating, fei, team_rankings; total from fei"
2026-11-01T02:30:00.000Z,9,Northern Illinois,UNLV,Allegiant Stadium,yes,65000,,,,,536.58,696.03,,,17.128791175231854,53.84,,,,,,,"blend of 5 margin source(s) (fitted weights): espn_fpi, sagarin_predictor, sagarin_rating, fei, team_rankings; total from fei"
2026-11-04T00:00:00.000Z,10,Buffalo,Miami (OH),Yager Stadium,no,24286,,,,,549.31,621.37,,,4.983676940681465,44.120000000000005,,,,,,,"blend of 5 margin source(s) (fitted weights): espn_fpi, sagarin_predictor, sagarin_rating, fei, team_rankings; total from fei"
2026-11-04T00:00:00.000Z,10,Ohio,Akron,InfoCision Stadium,no,30000,,,,,522.84,546.84,,,-4.371910817030345,51.56,,,,,,,"blend of 5 margin source(s) (fitted weights): espn_fpi, sagarin_predictor, sagarin_rating, fei, team_rankings; total from fei"
2026-11-04T05:00:00.000Z,10,Toledo,Sacramento State,Hornet Stadium,no,21195,,,,,556.26,561.42,,,-10.10372132325756,49.64,,,,,,,"blend of 5 margin source(s) (fitted weights): espn_fpi, sagarin_predictor, sagarin_rating, fei, team_rankings; total from fei"
2026-11-04T05:00:00.000Z,10,Ball State,Massachusetts,Warren McGuirk Alumni Stadium,no,17000,,,,,563.88,525.94,,,4.9419181959181175,51.8,,,,,,,"blend of 5 margin source(s) (fitted weights): espn_fpi, sagarin_predictor, sagarin_rating, fei, team_rankings; total from fei"
2026-11-04T05:00:00.000Z,10,Central Michigan,Eastern Michigan,Ford Field,yes,64500,,,,,540.01,580.64,,,3.6515066767284794,51.68,,,,,,,"blend of 5 margin source(s) (fitted weights): espn_fpi, sagarin_predictor, sagarin_rating, fei, team_rankings; total from fei"
2026-11-06T01:00:00.000Z,10,UTSA,Florida Atlantic,FAU Stadium,no,29419,,,,,655.82,593.36,,,-7.076830132938719,56.959999999999994,,,,,,,"blend of 5 margin source(s) (fitted weights): espn_fpi, sagarin_predictor, sagarin_rating, fei, team_rankings; total from fei"
2026-11-06T01:00:00.000Z,10,James Madison,Southern Miss,M. M. Roberts Stadium,no,36000,,,,,588.31,602.63,,,-0.10465030474037773,,,,,,,,"blend of 4 margin source(s) (fitted weights): espn_fpi, sagarin_predictor, sagarin_rating, team_rankings"
2026-11-07T00:00:00.000Z,10,Virginia Tech,SMU,Gerald J. Ford Stadium,no,32000,,,,,769.12,764.5,,,6.171065408960313,54.68,,,,,,,"blend of 5 margin source(s) (fitted weights): espn_fpi, sagarin_predictor, sagarin_rating, fei, team_rankings; total from fei"
2026-11-07T00:30:00.000Z,10,South Florida,East Carolina,Dowdy-Ficklen Stadium,no,50000,,,,,703.81,623.79,,,1.4738944996775112,52.519999999999996,,,,,,,"blend of 5 margin source(s) (fitted weights): espn_fpi, sagarin_predictor, sagarin_rating, fei, team_rankings; total from fei"
2026-11-07T01:00:00.000Z,10,Nebraska,Illinois,"Memorial Stadium (Champaign, IL)",no,60670,,,,,787.45,704.01,,,0.6053069102430619,54.92,,,,,,,"blend of 5 margin source(s) (fitted weights): espn_fpi, sagarin_predictor, sagarin_rating, fei, team_rankings; total from fei"
2026-11-07T02:00:00.000Z,10,New Mexico,Nevada,Mackay Stadium,no,27000,,,,,568.19,549.99,,,-1.8103376956059347,49.04,,,,,,,"blend of 5 margin source(s) (fitted weights): espn_fpi, sagarin_predictor, sagarin_rating, fei, team_rankings; total from fei"
2026-11-07T03:15:00.000Z,10,TCU,Arizona,Arizona Stadium,no,50782,,,,,730.79,699.59,,,4.802648052088746,51.08,,,,,,,"blend of 5 margin source(s) (fitted weights): espn_fpi, sagarin_predictor, sagarin_rating, fei, team_rankings; total from fei"
2026-11-07T05:00:00.000Z,10,Texas,Missouri,Memorial Stadium,no,71168,,,,,985.17,808.36,,,-11.658734101644328,48.559999999999995,,,,,,,"blend of 5 margin source(s) (fitted weights): espn_fpi, sagarin_predictor, sagarin_rating, fei, team_rankings; total from fei"
2026-11-07T05:00:00.000Z,10,Oklahoma State,Kansas State,Bill Snyder Family Stadium,no,50000,,,,,672.69,718.67,,,13.615630236266888,50.96,,,,,,,"blend of 5 margin source(s) (fitted weights): espn_fpi, sagarin_predictor, sagarin_rating, fei, team_rankings; total from fei"
2026-11-07T05:00:00.000Z,10,Old Dominion,Coastal Carolina,Brooks Stadium (SC),no,21000,,,,,544.25,573.96,,,-2.4332034163583804,48.44,,,,,,,"blend of 5 margin source(s) (fitted weights): espn_fpi, sagarin_predictor, sagarin_rating, fei, team_rankings; total from fei"
2026-11-07T05:00:00.000Z,10,Penn State,Washington,Husky Stadium,no,70138,,,,,774.04,777.63,,,-2.0535327777112355,54.2,,,,,,,"blend of 5 margin source(s) (fitted weights): espn_fpi, sagarin_predictor, sagarin_rating, fei, team_rankings; total from fei"
2026-11-07T05:00:00.000Z,10,Duke,NC State,Carter-Finley Stadium,no,58000,,,,,668.47,757.14,,,-0.6356544175163059,57.56,,,,,,,"blend of 5 margin source(s) (fitted weights): espn_fpi, sagarin_predictor, sagarin_rating, fei, team_rankings; total from fei"
2026-11-07T05:00:00.000Z,10,Georgia State,App State,Kidd Brewer Stadium,no,30000,,,,,573.83,621.61,,,8.402507365405228,57.2,,,,,,,"blend of 5 margin source(s) (fitted weights): espn_fpi, sagarin_predictor, sagarin_rating, fei, team_rankings; total from fei"
2026-11-07T05:00:00.000Z,10,Rice,North Texas,DATCU Stadium,no,30850,,,,,589.89,602.08,,,9.433695680207713,56.72,,,,,,,"blend of 5 margin source(s) (fitted weights): espn_fpi, sagarin_predictor, sagarin_rating, fei, team_rankings; total from fei"
2026-11-07T05:00:00.000Z,10,Iowa State,Baylor,McLane Stadium,no,45140,,,,,669.55,723.28,,,6.422331168744797,54.44,,,,,,,"blend of 5 margin source(s) (fitted weights): espn_fpi, sagarin_predictor, sagarin_rating, fei, team_rankings; total from fei"
2026-11-07T05:00:00.000Z,10,Louisville,Georgia Tech,Bobby Dodd Stadium,no,55000,,,,,739.97,751.65,,,-3.5454548878702985,52.879999999999995,,,,,,,"blend of 5 margin source(s) (fitted weights): espn_fpi, sagarin_predictor, sagarin_rating, fei, team_rankings; total from fei"
2026-11-07T05:00:00.000Z,10,Kentucky,Tennessee,Neyland Stadium,no,102455,,,,,786.65,885.9,,,10.051966689260091,52.28,,,,,,,"blend of 5 margin source(s) (fitted weights): espn_fpi, sagarin_predictor, sagarin_rating, fei, team_rankings; total from fei"
2026-11-07T05:00:00.000Z,10,Texas A&M,South Carolina,Williams-Brice Stadium,no,80250,,,,,933,862.87,,,-2.789255735934344,47.239999999999995,,,,,,,"blend of 5 margin source(s) (fitted weights): espn_fpi, sagarin_predictor, sagarin_rating, fei, team_rankings; total from fei"
2026-11-07T05:00:00.000Z,10,Tulsa,Tulane,Yulman Stadium,no,30000,,,,,622.84,665.11,,,6.756108427496687,50.36,,,,,,,"blend of 5 margin source(s) (fitted weights): espn_fpi, sagarin_predictor, sagarin_rating, fei, team_rankings; total from fei"
2026-11-07T05:00:00.000Z,10,Louisiana Tech,Troy,Veterans Memorial Stadium (AL),no,30000,,,,,543.02,596.19,,,1.608442098750741,45.8,,,,,,,"blend of 4 margin source(s) (fitted weights): sagarin_predictor, sagarin_rating, fei, team_rankings; total from fei"
2026-11-07T05:00:00.000Z,10,Florida State,Boston College,"Alumni Stadium (Chestnut Hill, MA)",no,44500,,,,,800.2,660,,,-7.66172012453496,58.16,,,,,,,"blend of 5 margin source(s) (fitted weights): espn_fpi, sagarin_predictor, sagarin_rating, fei, team_rankings; total from fei"
2026-11-07T05:00:00.000Z,10,South Alabama,Louisiana,Cajun Field,no,41426,,,,,573.38,590.94,,,5.202882803087628,55.400000000000006,,,,,,,"blend of 5 margin source(s) (fitted weights): espn_fpi, sagarin_predictor, sagarin_rating, fei, team_rankings; total from fei"
2026-11-07T05:00:00.000Z,10,Oregon,Ohio State,Ohio Stadium,no,102780,,,,,984.33,964.27,-6,52.5,7.672200635143382,54.92,home,medium,over,medium,,-0.006579917457129936,"blend of 5 margin source(s) (fitted weights): espn_fpi, sagarin_predictor, sagarin_rating, fei, team_rankings; total from fei"
2026-11-07T05:00:00.000Z,10,Northern Illinois,San José State,CEFCU Stadium,no,30456,,,,,536.58,569.25,,,8.39081328325496,52.4,,,,,,,"blend of 5 margin source(s) (fitted weights): espn_fpi, sagarin_predictor, sagarin_rating, fei, team_rankings; total from fei"
2026-11-07T05:00:00.000Z,10,Vanderbilt,Mississippi State,Davis Wade Stadium,no,61337,,,,,727.39,804.53,,,1.8942033481069034,60.32000000000001,,,,,,,"blend of 5 margin source(s) (fitted weights): espn_fpi, sagarin_predictor, sagarin_rating, fei, team_rankings; total from fei"
2026-11-07T05:00:00.000Z,10,Iowa,Northwestern,Ryan Field,no,35000,,,,,722.73,688.32,,,-4.461165316837311,42.32,,,,,,,"blend of 5 margin source(s) (fitted weights): espn_fpi, sagarin_predictor, sagarin_rating, fei, team_rankings; total from fei"
2026-11-07T05:00:00.000Z,10,Oklahoma,Florida,Ben Hill Griffin Stadium,no,88548,,,,,851.14,891.07,,,-1.6745526051876944,46.4,,,,,,,"blend of 5 margin source(s) (fitted weights): espn_fpi, sagarin_predictor, sagarin_rating, fei, team_rankings; total from fei"
2026-11-07T05:00:00.000Z,10,Michigan State,Michigan,Michigan Stadium,no,107601,,,,,685.02,890.02,-16.5,50.5,12.47899621314733,54.2,away,high,over,medium,away,-0.0854303732721099,"blend of 5 margin source(s) (fitted weights): espn_fpi, sagarin_predictor, sagarin_rating, fei, team_rankings; total from fei"
2026-11-07T05:00:00.000Z,10,UCF,Kansas,Memorial Stadium,no,47000,,,,,672.14,684.51,,,2.87145676560326,56.72,,,,,,,"blend of 3 margin source(s) (fitted weights): espn_fpi, fei, team_rankings; total from fei"
2026-11-07T05:00:00.000Z,10,Arkansas,Auburn,Jordan-Hare Stadium,no,87451,,,,,745.48,828.19,,,8.717032466199623,54.2,,,,,,,"blend of 5 margin source(s) (fitted weights): espn_fpi, sagarin_predictor, sagarin_rating, fei, team_rankings; total from fei"
2026-11-07T05:00:00.000Z,10,Charlotte,UAB,Protective Stadium,no,45000,,,,,576.77,606.18,,,9.929039357466703,54.2,,,,,,,"blend of 4 margin source(s) (fitted weights): sagarin_predictor, sagarin_rating, fei, team_rankings; total from fei"
2026-11-07T05:00:00.000Z,10,Marshall,Georgia Southern,Allen E. Paulson Stadium,no,25000,,,,,594.71,634.19,,,4.253672609041665,56.84,,,,,,,"blend of 4 margin source(s) (fitted weights): espn_fpi, sagarin_predictor, sagarin_rating, fei; total from fei"
2026-11-07T05:00:00.000Z,10,Colorado,Arizona State,Mountain America Stadium,no,65870,,,,,731.62,722,,,6.635198669835949,50.72,,,,,,,"blend of 5 margin source(s) (fitted weights): espn_fpi, sagarin_predictor, sagarin_rating, fei, team_rankings; total from fei"
2026-11-07T05:00:00.000Z,10,Rutgers,Wisconsin,Camp Randall Stadium,no,80321,,,,,709.04,767.68,,,12.13231151051081,52.879999999999995,,,,,,,"blend of 5 margin source(s) (fitted weights): espn_fpi, sagarin_predictor, sagarin_rating, fei, team_rankings; total from fei"
2026-11-07T05:00:00.000Z,10,UCLA,Minnesota,Huntington Bank Stadium,no,50850,,,,,774.45,728.79,,,1.7892601460714255,53.120000000000005,,,,,,,"blend of 5 margin source(s) (fitted weights): espn_fpi, sagarin_predictor, sagarin_rating, fei, team_rankings; total from fei"
2026-11-07T05:00:00.000Z,10,Cincinnati,Houston,TDECU Stadium,no,40000,,,,,634.28,695.93,,,2.9915682759045117,57.8,,,,,,,"blend of 5 margin source(s) (fitted weights): espn_fpi, sagarin_predictor, sagarin_rating, fei, team_rankings; total from fei"
2026-11-07T05:00:00.000Z,10,Georgia,Ole Miss,Vaught-Hemingway Stadium,no,64038,,,,,1003.67,885.72,4.5,55.5,-4.088461525487226,59,home,low,over,medium,home,0.05663261728664176,"blend of 5 margin source(s) (fitted weights): espn_fpi, sagarin_predictor, sagarin_rating, fei, team_rankings; total from fei"
2026-11-07T05:00:00.000Z,10,Maryland,Purdue,Ross-Ade Stadium,no,57282,,,,,719.64,698.33,,,-1.5985418943519054,49.64,,,,,,,"blend of 5 margin source(s) (fitted weights): espn_fpi, sagarin_predictor, sagarin_rating, fei, team_rankings; total from fei"
2026-11-07T05:00:00.000Z,10,BYU,Utah,Rice-Eccles Stadium,no,51444,,,,,689.42,695.72,-3,51.5,3.014775576166922,55.879999999999995,home,low,over,medium,,0.01123557069022496,"blend of 5 margin source(s) (fitted weights): espn_fpi, sagarin_predictor, sagarin_rating, fei, team_rankings; total from fei"
2026-11-07T05:00:00.000Z,10,Clemson,Syracuse,JMA Wireless Dome,yes,49057,,,,,862.85,745.61,,,-1.5177183869269133,46.52,,,,,,,"blend of 5 margin source(s) (fitted weights): espn_fpi, sagarin_predictor, sagarin_rating, fei, team_rankings; total from fei"
2026-11-07T05:00:00.000Z,10,Alabama,LSU,Tiger Stadium (LA),no,102321,,,,,973.53,931.76,-3.5,54.5,2.1471941327076403,51.2,away,medium,under,medium,away,-0.06908887873380809,"blend of 5 margin source(s) (fitted weights): espn_fpi, sagarin_predictor, sagarin_rating, fei, team_rankings; total from fei"
2026-11-07T05:00:00.000Z,10,West Virginia,Texas Tech,Jones AT&T Stadium,no,60454,,,,,707.6,767.89,,,16.707435476812144,45.44,,,,,,,"blend of 5 margin source(s) (fitted weights): espn_fpi, sagarin_predictor, sagarin_rating, fei, team_rankings; total from fei"
2026-11-07T05:00:00.000Z,10,Hawai'i,UTEP,Sun Bowl,no,51500,,,,,556.82,585.76,,,-6.276393785309857,50.36,,,,,,,"blend of 5 margin source(s) (fitted weights): espn_fpi, sagarin_predictor, sagarin_rating, fei, team_rankings; total from fei"
2026-11-07T17:00:00.000Z,10,North Carolina,UConn,Pratt & Whitney Stadium,no,40000,,,,,767.89,652.56,,,-7.5900915812267815,54.8,,,,,,,"blend of 5 margin source(s) (fitted weights): espn_fpi, sagarin_predictor, sagarin_rating, fei, team_rankings; total from fei"
2026-11-07T20:00:00.000Z,10,Delaware,Kennesaw State,Fifth Third Stadium,no,11040,,,,,483.48,502.86,,,3.894140155907536,55.28,,,,,,,"blend of 5 margin source(s) (fitted weights): espn_fpi, sagarin_predictor, sagarin_rating, fei, team_rankings; total from fei"
2026-11-07T20:00:00.000Z,10,UL Monroe,Arkansas State,Centennial Bank Stadium,no,30382,,,,,505.49,606.22,,,11.743717844483648,50.6,,,,,,,"blend of 5 margin source(s) (fitted weights): espn_fpi, sagarin_predictor, sagarin_rating, fei, team_rankings; total from fei"
2026-11-07T20:30:00.000Z,10,Temple,Navy,Navy-Marine Corps Memorial Stadium,no,34000,,,,,631.07,195.68,,,8.400062708648285,57.08,,,,,,,"blend of 5 margin source(s) (fitted weights): espn_fpi, sagarin_predictor, sagarin_rating, fei, team_rankings; total from fei"
2026-11-07T20:30:00.000Z,10,Western Kentucky,Middle Tennessee,"Johnny ""Red"" Floyd Stadium",no,30788,,,,,611.52,571.5,,,-1.988313420945906,53.239999999999995,,,,,,,"blend of 5 margin source(s) (fitted weights): espn_fpi, sagarin_predictor, sagarin_rating, fei, team_rankings; total from fei"
2026-11-07T21:00:00.000Z,10,Missouri State,Florida International,Pitbull Stadium,no,20000,,,,,549.92,607.56,,,4.022730640811331,54.2,,,,,,,"blend of 2 margin source(s) (fitted weights): espn_fpi, fei; total from fei"
2026-11-07T22:00:00.000Z,10,Liberty,New Mexico State,Aggie Memorial Stadium,no,28853,,,,,633.35,460.38,,,-2.0791171373324877,55.16,,,,,,,"blend of 5 margin source(s) (fitted weights): espn_fpi, sagarin_predictor, sagarin_rating, fei, team_rankings; total from fei"
2026-11-07T23:00:00.000Z,10,Boise State,Colorado State,Canvas Stadium,no,36500,,,,,641.17,640.31,,,-10.713176712430457,51.68000000000001,,,,,,,"blend of 5 margin source(s) (fitted weights): espn_fpi, sagarin_predictor, sagarin_rating, fei, team_rankings; total from fei"
2026-11-08T00:00:00.000Z,10,Sam Houston,Jacksonville State,AmFirst Stadium,no,24000,,,,,554.47,602.83,,,8.72856412298092,48.8,,,,,,,"blend of 5 margin source(s) (fitted weights): espn_fpi, sagarin_predictor, sagarin_rating, fei, team_rankings; total from fei"
2026-11-08T00:30:00.000Z,10,Miami,Notre Dame,Notre Dame Stadium,no,80795,,,,,885.94,953.03,-6.5,54.5,5.793929972651636,51.68,away,low,under,medium,,-0.03366225573880455,"blend of 5 margin source(s) (fitted weights): espn_fpi, sagarin_predictor, sagarin_rating, fei, team_rankings; total from fei"
2026-11-08T00:30:00.000Z,10,Air Force,Army,Michie Stadium,no,38000,,,,,272.35,303.83,,,6.740834536301085,59.96,,,,,,,"blend of 5 margin source(s) (fitted weights): espn_fpi, sagarin_predictor, sagarin_rating, fei, team_rankings; total from fei"
2026-11-08T02:30:00.000Z,10,Fresno State,Utah State,Maverik Stadium,no,25513,,,,,609.75,543.98,,,-0.6303476472824556,49.28,,,,,,,"blend of 5 margin source(s) (fitted weights): espn_fpi, sagarin_predictor, sagarin_rating, fei, team_rankings; total from fei"
2026-11-08T03:30:00.000Z,10,Wyoming,UNLV,Allegiant Stadium,yes,65000,,,,,528.29,696.03,,,16.178370085731313,49.760000000000005,,,,,,,"blend of 5 margin source(s) (fitted weights): espn_fpi, sagarin_predictor, sagarin_rating, fei, team_rankings; total from fei"
2026-11-08T03:30:00.000Z,10,Texas State,Oregon State,Reser Stadium,no,43363,,,,,624.81,635.79,,,2.5371692739352567,56.36,,,,,,,"blend of 5 margin source(s) (fitted weights): espn_fpi, sagarin_predictor, sagarin_rating, fei, team_rankings; total from fei"
2026-11-11T00:00:00.000Z,11,Kent State,Bowling Green,Doyt L. Perry Stadium,no,24000,,,,,522.83,568.33,,,9.529025576274389,50.36,,,,,,,"blend of 5 margin source(s) (fitted weights): espn_fpi, sagarin_predictor, sagarin_rating, fei, team_rankings; total from fei"
2026-11-11T00:00:00.000Z,11,Ohio,Miami (OH),Yager Stadium,no,24286,,,,,522.84,621.37,,,0.7785772268194362,50.24,,,,,,,"blend of 5 margin source(s) (fitted weights): espn_fpi, sagarin_predictor, sagarin_rating, fei, team_rankings; total from fei"
2026-11-11T00:00:00.000Z,11,Western Michigan,Akron,InfoCision Stadium,no,30000,,,,,572.2,546.84,,,-10.932036403882766,47.84,,,,,,,"blend of 5 margin source(s) (fitted weights): espn_fpi, sagarin_predictor, sagarin_rating, fei, team_rankings; total from fei"
2026-11-11T05:00:00.000Z,11,Massachusetts,Toledo,Glass Bowl,no,26038,,,,,525.94,556.26,,,13.175996744737521,51.8,,,,,,,"blend of 5 margin source(s) (fitted weights): espn_fpi, sagarin_predictor, sagarin_rating, fei, team_rankings; total from fei"
2026-11-11T05:00:00.000Z,11,Buffalo,Ball State,Scheumann Stadium,no,22500,,,,,549.31,563.88,,,-1.670603681635292,44.6,,,,,,,"blend of 5 margin source(s) (fitted weights): espn_fpi, sagarin_predictor, sagarin_rating, fei, team_rankings; total from fei"
2026-11-11T05:00:00.000Z,11,Sacramento State,Central Michigan,Kelly/Shorts Stadium,no,30255,,,,,561.42,540.01,,,5.126820322620239,50.120000000000005,,,,,,,"blend of 5 margin source(s) (fitted weights): espn_fpi, sagarin_predictor, sagarin_rating, fei, team_rankings; total from fei"
2026-11-13T01:00:00.000Z,11,Memphis,South Florida,Raymond James Stadium,no,65828,,,,,670.31,703.81,,,0.07498656643453577,54.8,,,,,,,"blend of 5 margin source(s) (fitted weights): espn_fpi, sagarin_predictor, sagarin_rating, fei, team_rankings; total from fei"
2026-11-13T02:00:00.000Z,11,Louisiana,UL Monroe,Malone Stadium,no,27617,,,,,590.94,505.49,,,-10.533950283319246,52.16,,,,,,,"blend of 5 margin source(s) (fitted weights): espn_fpi, sagarin_predictor, sagarin_rating, fei, team_rankings; total from fei"
2026-11-14T00:00:00.000Z,11,Florida State,Pittsburgh,Acrisure Stadium,no,68400,,,,,800.2,675.02,,,5.641430037008051,52.64,,,,,,,"blend of 5 margin source(s) (fitted weights): espn_fpi, sagarin_predictor, sagarin_rating, fei, team_rankings; total from fei"
2026-11-14T02:00:00.000Z,11,Illinois,UCLA,Rose Bowl,no,88565,,,,,704.01,774.45,,,1.3952123009761248,56.36,,,,,,,"blend of 5 margin source(s) (fitted weights): espn_fpi, sagarin_predictor, sagarin_rating, fei, team_rankings; total from fei"
2026-11-14T03:15:00.000Z,11,Houston,Colorado,Folsom Field,no,50183,,,,,695.93,731.62,,,0.19017345375154668,52.76,,,,,,,"blend of 5 margin source(s) (fitted weights): espn_fpi, sagarin_predictor, sagarin_rating, fei, team_rankings; total from fei"
2026-11-14T05:00:00.000Z,11,Minnesota,Penn State,Beaver Stadium,no,106572,,,,,728.79,774.04,,,13.253528459575925,51.8,,,,,,,"blend of 5 margin source(s) (fitted weights): espn_fpi, sagarin_predictor, sagarin_rating, fei, team_rankings; total from fei"
2026-11-14T05:00:00.000Z,11,Utah,Arizona,Arizona Stadium,no,50782,,,,,695.72,699.59,,,-2.3427860036865513,54.08,,,,,,,"blend of 5 margin source(s) (fitted weights): espn_fpi, sagarin_predictor, sagarin_rating, fei, team_rankings; total from fei"
2026-11-14T05:00:00.000Z,11,Michigan,Oregon,Autzen Stadium,no,54000,,,,,890.02,984.33,-13.5,53.5,12.103714803802948,56.96,away,medium,over,medium,,-0.04701503586300704,"blend of 5 margin source(s) (fitted weights): espn_fpi, sagarin_predictor, sagarin_rating, fei, team_rankings; total from fei"
2026-11-14T05:00:00.000Z,11,Missouri,Georgia,Sanford Stadium,no,92746,,,,,808.36,1003.67,,,14.867616331232366,52.28,,,,,,,"blend of 5 margin source(s) (fitted weights): espn_fpi, sagarin_predictor, sagarin_rating, fei, team_rankings; total from fei"
2026-11-14T05:00:00.000Z,11,Georgia Tech,Clemson,"Memorial Stadium (Clemson, SC)",no,81500,,,,,751.65,862.85,,,5.550693346357538,52.400000000000006,,,,,,,"blend of 5 margin source(s) (fitted weights): espn_fpi, sagarin_predictor, sagarin_rating, fei, team_rankings; total from fei"
2026-11-14T05:00:00.000Z,11,Arizona State,UCF,FBC Mortgage Stadium,no,44206,,,,,722,672.14,,,-0.2618638484667576,49.4,,,,,,,"blend of 3 margin source(s) (fitted weights): espn_fpi, fei, team_rankings; total from fei"
2026-11-14T05:00:00.000Z,11,UAB,Temple,Lincoln Financial Field,no,69879,,,,,606.18,631.07,,,7.848833666197829,58.4,,,,,,,"blend of 5 margin source(s) (fitted weights): espn_fpi, sagarin_predictor, sagarin_rating, fei, team_rankings; total from fei"
2026-11-14T05:00:00.000Z,11,Cincinnati,Iowa State,Jack Trice Stadium,no,61500,,,,,634.28,669.55,,,-0.5830759348139756,55.4,,,,,,,"blend of 5 margin source(s) (fitted weights): espn_fpi, sagarin_predictor, sagarin_rating, fei, team_rankings; total from fei"
2026-11-14T05:00:00.000Z,11,Duke,Miami,Hard Rock Stadium,no,64767,,,,,668.47,885.94,-21,55.5,19.299890027211873,56.480000000000004,away,medium,over,low,,-0.026304341656580577,"blend of 5 margin source(s) (fitted weights): espn_fpi, sagarin_predictor, sagarin_rating, fei, team_rankings; total from fei"
2026-11-14T05:00:00.000Z,11,Nevada,Northern Illinois,Huskie Stadium,no,23595,,,,,549.99,536.58,,,-6.109595625114322,48.67999999999999,,,,,,,"blend of 5 margin source(s) (fitted weights): espn_fpi, sagarin_predictor, sagarin_rating, fei, team_rankings; total from fei"
2026-11-14T05:00:00.000Z,11,Southern Miss,Louisiana Tech,Joe Aillet Stadium,no,28019,,,,,602.63,543.02,,,2.497289794063282,,,,,,,,"blend of 4 margin source(s) (fitted weights): espn_fpi, sagarin_predictor, sagarin_rating, team_rankings"
2026-11-14T05:00:00.000Z,11,North Texas,UTSA,Alamodome,yes,36582,,,,,602.08,655.82,,,4.592152137634336,61.28,,,,,,,"blend of 5 margin source(s) (fitted weights): espn_fpi, sagarin_predictor, sagarin_rating, fei, team_rankings; total from fei"
2026-11-14T05:00:00.000Z,11,California,Virginia,Scott Stadium,no,61500,,,,,751.92,700.18,,,13.459015553086836,49.28,,,,,,,"blend of 5 margin source(s) (fitted weights): espn_fpi, sagarin_predictor, sagarin_rating, fei, team_rankings; total from fei"
2026-11-14T05:00:00.000Z,11,Florida Atlantic,Tulsa,Chapman Stadium,no,30000,,,,,593.36,622.84,,,9.663781681158497,53.24,,,,,,,"blend of 5 margin source(s) (fitted weights): espn_fpi, sagarin_predictor, sagarin_rating, fei, team_rankings; total from fei"
2026-11-14T05:00:00.000Z,11,USC,Indiana,"Memorial Stadium (Bloomington, IN)",no,52656,,,,,899,735.26,-10,58.5,8.796791539185712,61.16,away,medium,over,medium,away,-0.07797194963473553,"blend of 5 margin source(s) (fitted weights): espn_fpi, sagarin_predictor, sagarin_rating, fei, team_rankings; total from fei"
2026-11-14T05:00:00.000Z,11,Arkansas State,Coastal Carolina,Brooks Stadium (SC),no,21000,,,,,606.22,573.96,,,3.07332083121737,51.32,,,,,,,"blend of 5 margin source(s) (fitted weights): espn_fpi, sagarin_predictor, sagarin_rating, fei, team_rankings; total from fei"
2026-11-14T05:00:00.000Z,11,Ole Miss,Oklahoma,"Memorial Stadium (Norman, OK)",no,86112,,,,,885.72,851.14,-4,53.5,4.316386995186418,52.76,home,low,under,low,,-0.03057123523044858,"blend of 5 margin source(s) (fitted weights): espn_fpi, sagarin_predictor, sagarin_rating, fei, team_rankings; total from fei"
2026-11-14T05:00:00.000Z,11,Louisville,North Carolina,Kenan Stadium,no,50500,,,,,739.97,767.89,,,-3.033625839211737,49.16,,,,,,,"blend of 5 margin source(s) (fitted weights): espn_fpi, sagarin_predictor, sagarin_rating, fei, team_rankings; total from fei"
2026-11-14T05:00:00.000Z,11,Texas Tech,Oklahoma State,Boone Pickens Stadium,no,55509,,,,,767.89,672.69,15.5,61.5,-13.070764890551978,44.6,home,medium,under,high,,0.04698621602595615,"blend of 5 margin source(s) (fitted weights): espn_fpi, sagarin_predictor, sagarin_rating, fei, team_rankings; total from fei"
2026-11-14T05:00:00.000Z,11,South Carolina,Arkansas,Razorback Stadium,no,80000,,,,,862.87,745.48,,,-6.110546528790706,53.599999999999994,,,,,,,"blend of 5 margin source(s) (fitted weights): espn_fpi, sagarin_predictor, sagarin_rating, fei, team_rankings; total from fei"
2026-11-14T05:00:00.000Z,11,Wake Forest,SMU,Gerald J. Ford Stadium,no,32000,,,,,680.87,764.5,,,9.316526282795447,49.76,,,,,,,"blend of 5 margin source(s) (fitted weights): espn_fpi, sagarin_predictor, sagarin_rating, fei, team_rankings; total from fei"
2026-11-14T05:00:00.000Z,11,Auburn,Mississippi State,Davis Wade Stadium,no,61337,,,,,828.19,804.53,,,0.15446467903361286,49.760000000000005,,,,,,,"blend of 5 margin source(s) (fitted weights): espn_fpi, sagarin_predictor, sagarin_rating, fei, team_rankings; total from fei"
2026-11-14T05:00:00.000Z,11,Alabama,Vanderbilt,FirstBank Stadium,no,40351,,,,,973.53,727.39,,,-8.589316335172196,60.08,,,,,,,"blend of 5 margin source(s) (fitted weights): espn_fpi, sagarin_predictor, sagarin_rating, fei, team_rankings; total from fei"
2026-11-14T05:00:00.000Z,11,Tennessee,Texas A&M,Kyle Field,no,102733,,,,,885.9,933,-8.5,55.5,6.520698691547558,55.04,away,medium,under,low,away,-0.09261697789783985,"blend of 5 margin source(s) (fitted weights): espn_fpi, sagarin_predictor, sagarin_rating, fei, team_rankings; total from fei"
2026-11-14T05:00:00.000Z,11,Tulane,Rice,Rice Stadium,no,47000,,,,,665.11,589.89,,,-7.802830489817517,49.519999999999996,,,,,,,"blend of 5 margin source(s) (fitted weights): espn_fpi, sagarin_predictor, sagarin_rating, fei, team_rankings; total from fei"
2026-11-14T05:00:00.000Z,11,Wisconsin,Maryland,SECU Stadium,no,51802,,,,,767.68,719.64,,,1.0739870805629135,43.64,,,,,,,"blend of 5 margin source(s) (fitted weights): espn_fpi, sagarin_predictor, sagarin_rating, fei, team_rankings; total from fei"
2026-11-14T05:00:00.000Z,11,Kansas,West Virginia,Milan Puskar Stadium,no,60000,,,,,684.51,707.6,,,-1.9413085394131677,58.28,,,,,,,"blend of 5 margin source(s) (fitted weights): espn_fpi, sagarin_predictor, sagarin_rating, fei, team_rankings; total from fei"
2026-11-14T05:00:00.000Z,11,East Carolina,Charlotte,Jerry Richardson Stadium,no,15300,,,,,623.79,576.77,,,-12.760831785130783,49.760000000000005,,,,,,,"blend of 4 margin source(s) (fitted weights): sagarin_predictor, sagarin_rating, fei, team_rankings; total from fei"
2026-11-14T05:00:00.000Z,11,Purdue,Iowa,Kinnick Stadium,no,69250,,,,,698.33,722.73,,,14.042115593262512,44.96,,,,,,,"blend of 5 margin source(s) (fitted weights): espn_fpi, sagarin_predictor, sagarin_rating, fei, team_rankings; total from fei"
2026-11-14T05:00:00.000Z,11,Stanford,Virginia Tech,Lane Stadium,no,65632,,,,,705.81,769.12,,,12.712621727693698,51.92,,,,,,,"blend of 5 margin source(s) (fitted weights): espn_fpi, sagarin_predictor, sagarin_rating, fei, team_rankings; total from fei"
2026-11-14T05:00:00.000Z,11,Baylor,BYU,LaVell Edwards Stadium,no,63470,,,,,723.28,689.42,,,8.268878883775745,57.08,,,,,,,"blend of 5 margin source(s) (fitted weights): espn_fpi, sagarin_predictor, sagarin_rating, fei, team_rankings; total from fei"
2026-11-14T05:00:00.000Z,11,Northwestern,Ohio State,Ohio Stadium,no,102780,,,,,688.32,964.27,,,24.710507560774367,49.28,,,,,,,"blend of 5 margin source(s) (fitted weights): espn_fpi, sagarin_predictor, sagarin_rating, fei, team_rankings; total from fei"
2026-11-14T05:00:00.000Z,11,App State,Marshall,Joan C. Edwards Stadium,no,38016,,,,,621.61,594.71,,,-1.6709041009249375,53.36,,,,,,,"blend of 5 margin source(s) (fitted weights): espn_fpi, sagarin_predictor, sagarin_rating, fei, team_rankings; total from fei"
2026-11-14T05:00:00.000Z,11,Washington,Michigan State,Spartan Stadium,no,75005,,,,,777.63,685.02,,,-6.621335668078209,54.2,,,,,,,"blend of 5 margin source(s) (fitted weights): espn_fpi, sagarin_predictor, sagarin_rating, fei, team_rankings; total from fei"
2026-11-14T05:00:00.000Z,11,Kansas State,TCU,Amon G. Carter Stadium,no,46000,,,,,718.67,730.79,,,-2.1952860308835493,51.44,,,,,,,"blend of 5 margin source(s) (fitted weights): espn_fpi, sagarin_predictor, sagarin_rating, fei, team_rankings; total from fei"
2026-11-14T05:00:00.000Z,11,Florida,Kentucky,Kroger Field,no,61000,,,,,891.07,786.65,,,-3.1700034312026126,47.24,,,,,,,"blend of 5 margin source(s) (fitted weights): espn_fpi, sagarin_predictor, sagarin_rating, fei, team_rankings; total from fei"
2026-11-14T05:00:00.000Z,11,Troy,South Alabama,Hancock Whitney Stadium,no,25450,,,,,596.19,573.38,,,1.996206922274822,50,,,,,,,"blend of 4 margin source(s) (fitted weights): sagarin_predictor, sagarin_rating, fei, team_rankings; total from fei"
2026-11-14T05:00:00.000Z,11,Wyoming,UTEP,Sun Bowl,no,51500,,,,,528.29,585.76,,,0.008911370807052177,44,,,,,,,"blend of 5 margin source(s) (fitted weights): espn_fpi, sagarin_predictor, sagarin_rating, fei, team_rankings; total from fei"
2026-11-14T05:00:00.000Z,11,Syracuse,NC State,Carter-Finley Stadium,no,58000,,,,,745.61,757.14,,,0.9885096963127193,50.239999999999995,,,,,,,"blend of 5 margin source(s) (fitted weights): espn_fpi, sagarin_predictor, sagarin_rating, fei, team_rankings; total from fei"
2026-11-14T05:00:00.000Z,11,Texas,LSU,Tiger Stadium (LA),no,102321,,,,,985.17,931.76,2.5,54.5,-1.9645431289159672,48.44,home,low,under,high,,0.0146311167130595,"blend of 5 margin source(s) (fitted weights): espn_fpi, sagarin_predictor, sagarin_rating, fei, team_rankings; total from fei"
2026-11-14T05:00:00.000Z,11,Nebraska,Rutgers,SHI Stadium,no,52454,,,,,787.45,709.04,,,-10.464555945330964,59,,,,,,,"blend of 5 margin source(s) (fitted weights): espn_fpi, sagarin_predictor, sagarin_rating, fei, team_rankings; total from fei"
2026-11-14T05:00:00.000Z,11,Georgia Southern,Georgia State,Center Parc Stadium,no,25000,,,,,634.19,573.83,,,-0.6269364764532419,60.68,,,,,,,"blend of 4 margin source(s) (fitted weights): espn_fpi, sagarin_predictor, sagarin_rating, fei; total from fei"
2026-11-14T17:00:00.000Z,11,James Madison,UConn,Pratt & Whitney Stadium,no,40000,,,,,588.31,652.56,,,-3.162873610690019,53.84,,,,,,,"blend of 5 margin source(s) (fitted weights): espn_fpi, sagarin_predictor, sagarin_rating, fei, team_rankings; total from fei"
2026-11-14T19:00:00.000Z,11,Kennesaw State,Sam Houston,Elliott T. Bowers Stadium,no,14000,,,,,502.86,554.47,,,-6.713805826436903,51.44,,,,,,,"blend of 5 margin source(s) (fitted weights): espn_fpi, sagarin_predictor, sagarin_rating, fei, team_rankings; total from fei"
2026-11-14T20:00:00.000Z,11,Florida International,Delaware,Delaware Stadium,no,22000,,,,,607.56,483.48,,,6.952200063419845,51.8,,,,,,,"blend of 2 margin source(s) (fitted weights): espn_fpi, fei; total from fei"
2026-11-14T20:00:00.000Z,11,New Mexico State,Missouri State,Plaster Sports Complex,no,17337,,,,,460.38,549.92,,,0.9523586248779934,56.36,,,,,,,"blend of 5 margin source(s) (fitted weights): espn_fpi, sagarin_predictor, sagarin_rating, fei, team_rankings; total from fei"
2026-11-14T20:30:00.000Z,11,Jacksonville State,Western Kentucky,Houchens Industries-L.T. Smith Stadium,no,22113,,,,,602.83,611.52,,,2.2494604463619257,50.96,,,,,,,"blend of 5 margin source(s) (fitted weights): espn_fpi, sagarin_predictor, sagarin_rating, fei, team_rankings; total from fei"
2026-11-14T20:30:00.000Z,11,Middle Tennessee,Liberty,Williams Stadium (VA),no,25000,,,,,571.5,633.35,,,9.885637091022137,56.120000000000005,,,,,,,"blend of 5 margin source(s) (fitted weights): espn_fpi, sagarin_predictor, sagarin_rating, fei, team_rankings; total from fei"
2026-11-14T20:30:00.000Z,11,Boston College,Notre Dame,Notre Dame Stadium,no,80795,,,,,660,953.03,,,30.13274134168692,53.84,,,,,,,"blend of 5 margin source(s) (fitted weights): espn_fpi, sagarin_predictor, sagarin_rating, fei, team_rankings; total from fei"
2026-11-14T21:00:00.000Z,11,Fresno State,Texas State,Bobcat Stadium (TX),no,30000,,,,,609.75,624.81,,,2.6949900209095325,51.68,,,,,,,"blend of 5 margin source(s) (fitted weights): espn_fpi, sagarin_predictor, sagarin_rating, fei, team_rankings; total from fei"
2026-11-14T23:00:00.000Z,11,Oregon State,Boise State,Albertsons Stadium,no,36387,,,,,635.79,641.17,,,14.226130254305442,50.84,,,,,,,"blend of 5 margin source(s) (fitted weights): espn_fpi, sagarin_predictor, sagarin_rating, fei, team_rankings; total from fei"
2026-11-15T00:00:00.000Z,11,San José State,Air Force,Falcon Stadium,no,46692,,,,,569.25,272.35,,,6.492542003016857,60.92,,,,,,,"blend of 5 margin source(s) (fitted weights): espn_fpi, sagarin_predictor, sagarin_rating, fei, team_rankings; total from fei"
2026-11-15T00:30:00.000Z,11,UNLV,New Mexico,University Stadium (NM),no,39224,,,,,696.03,568.19,,,1.1685270146490656,54.2,,,,,,,"blend of 5 margin source(s) (fitted weights): espn_fpi, sagarin_predictor, sagarin_rating, fei, team_rankings; total from fei"
2026-11-15T02:30:00.000Z,11,Utah State,San Diego State,Snapdragon Stadium,no,35000,,,,,543.98,609.22,,,11.997229688938432,49.040000000000006,,,,,,,"blend of 5 margin source(s) (fitted weights): espn_fpi, sagarin_predictor, sagarin_rating, fei, team_rankings; total from fei"
2026-11-15T03:30:00.000Z,11,Colorado State,Washington State,Gesa Field,no,32952,,,,,640.31,630.29,,,8.584481870504764,49.760000000000005,,,,,,,"blend of 5 margin source(s) (fitted weights): espn_fpi, sagarin_predictor, sagarin_rating, fei, team_rankings; total from fei"
2026-11-15T04:59:00.000Z,11,North Dakota State,Hawai'i,Clarence T.C. Ching Athletics Complex,no,15194,,,,,515.59,556.82,,,-1.6301300775361498,54.32,,,,,,,"blend of 5 margin source(s) (fitted weights): espn_fpi, sagarin_predictor, sagarin_rating, fei, team_rankings; total from fei"
2026-11-18T00:00:00.000Z,12,Eastern Michigan,Western Michigan,Waldo Stadium,no,30200,,,,,580.64,572.2,,,13.8037318866341,50.6,,,,,,,"blend of 5 margin source(s) (fitted weights): espn_fpi, sagarin_predictor, sagarin_rating, fei, team_rankings; total from fei"
2026-11-18T00:00:00.000Z,12,Miami (OH),Kent State,Dix Stadium,no,25319,,,,,621.37,522.83,,,-7.160505044641784,52.760000000000005,,,,,,,"blend of 5 margin source(s) (fitted weights): espn_fpi, sagarin_predictor, sagarin_rating, fei, team_rankings; total from fei"
2026-11-18T00:00:00.000Z,12,Ball State,Ohio,Peden Stadium,no,24000,,,,,563.88,522.84,,,11.064395830077654,50.72,,,,,,,"blend of 5 margin source(s) (fitted weights): espn_fpi, sagarin_predictor, sagarin_rating, fei, team_rankings; total from fei"
2026-11-18T05:00:00.000Z,12,Akron,Massachusetts,Warren McGuirk Alumni Stadium,no,17000,,,,,546.84,525.94,,,3.438125617451143,52.64,,,,,,,"blend of 5 margin source(s) (fitted weights): espn_fpi, sagarin_predictor, sagarin_rating, fei, team_rankings; total from fei"
2026-11-18T05:00:00.000Z,12,Central Michigan,Buffalo,UB Stadium,no,30270,,,,,540.01,549.31,,,4.095667045357964,45.08,,,,,,,"blend of 5 margin source(s) (fitted weights): espn_fpi, sagarin_predictor, sagarin_rating, fei, team_rankings; total from fei"
2026-11-20T00:30:00.000Z,12,Rice,Temple,Lincoln Financial Field,no,69879,,,,,589.89,631.07,,,6.577828398014809,52.64,,,,,,,"blend of 5 margin source(s) (fitted weights): espn_fpi, sagarin_predictor, sagarin_rating, fei, team_rankings; total from fei"
2026-11-20T23:00:00.000Z,12,Iowa State,UCF,FBC Mortgage Stadium,no,44206,,,,,669.55,672.14,,,4.228719593443038,49.04,,,,,,,"blend of 3 margin source(s) (fitted weights): espn_fpi, fei, team_rankings; total from fei"
2026-11-21T00:30:00.000Z,12,Clemson,Duke,Wallace Wade Stadium,no,40004,,,,,862.85,668.47,,,0.10644572690211057,53.84,,,,,,,"blend of 5 margin source(s) (fitted weights): espn_fpi, sagarin_predictor, sagarin_rating, fei, team_rankings; total from fei"
2026-11-21T00:30:00.000Z,12,Bowling Green,Toledo,Glass Bowl,no,26038,,,,,568.33,556.26,,,11.689460003996441,44.72,,,,,,,"blend of 5 margin source(s) (fitted weights): espn_fpi, sagarin_predictor, sagarin_rating, fei, team_rankings; total from fei"
2026-11-21T01:00:00.000Z,12,Oregon,Michigan State,Spartan Stadium,no,75005,,,,,984.33,685.02,,,-16.799672365079775,55.879999999999995,,,,,,,"blend of 5 margin source(s) (fitted weights): espn_fpi, sagarin_predictor, sagarin_rating, fei, team_rankings; total from fei"
2026-11-21T01:00:00.000Z,12,UTEP,Air Force,Falcon Stadium,no,46692,,,,,585.76,272.35,,,13.924022825964222,56.6,,,,,,,"blend of 5 margin source(s) (fitted weights): espn_fpi, sagarin_predictor, sagarin_rating, fei, team_rankings; total from fei"
2026-11-21T05:00:00.000Z,12,Hawai'i,Nevada,Mackay Stadium,no,27000,,,,,556.82,549.99,,,4.062561814077203,50.959999999999994,,,,,,,"blend of 5 margin source(s) (fitted weights): espn_fpi, sagarin_predictor, sagarin_rating, fei, team_rankings; total from fei"
2026-11-21T05:00:00.000Z,12,Virginia Tech,Miami,Hard Rock Stadium,no,64767,,,,,769.12,885.94,-16.5,56.5,16.656772078021554,53.12,home,low,under,medium,,-0.025104259949289442,"blend of 5 margin source(s) (fitted weights): espn_fpi, sagarin_predictor, sagarin_rating, fei, team_rankings; total from fei"
2026-11-21T05:00:00.000Z,12,Charlotte,Tulsa,Chapman Stadium,no,30000,,,,,576.77,622.84,,,13.923194833717673,49.28,,,,,,,"blend of 4 margin source(s) (fitted weights): sagarin_predictor, sagarin_rating, fei, team_rankings; total from fei"
2026-11-21T05:00:00.000Z,12,Pittsburgh,Louisville,L&N Federal Credit Union Stadium,no,60000,,,,,675.02,739.97,,,2.5958180813418767,45.68,,,,,,,"blend of 5 margin source(s) (fitted weights): espn_fpi, sagarin_predictor, sagarin_rating, fei, team_rankings; total from fei"
2026-11-21T05:00:00.000Z,12,NC State,Florida State,Doak Campbell Stadium,no,67277,,,,,757.14,800.2,,,8.447145634808187,57.08,,,,,,,"blend of 5 margin source(s) (fitted weights): espn_fpi, sagarin_predictor, sagarin_rating, fei, team_rankings; total from fei"
2026-11-21T05:00:00.000Z,12,Texas A&M,Oklahoma,"Memorial Stadium (Norman, OK)",no,86112,,,,,933,851.14,-2.5,51.5,1.243621742033485,46.88,away,medium,under,medium,,-0.03251485900830442,"blend of 5 margin source(s) (fitted weights): espn_fpi, sagarin_predictor, sagarin_rating, fei, team_rankings; total from fei"
2026-11-21T05:00:00.000Z,12,Colorado,Cincinnati,Nippert Stadium,no,40000,,,,,731.62,634.28,,,4.601296922214439,55.519999999999996,,,,,,,"blend of 5 margin source(s) (fitted weights): espn_fpi, sagarin_predictor, sagarin_rating, fei, team_rankings; total from fei"
2026-11-21T05:00:00.000Z,12,Kentucky,Missouri,Memorial Stadium,no,71168,,,,,786.65,808.36,,,5.315091539199743,46.879999999999995,,,,,,,"blend of 5 margin source(s) (fitted weights): espn_fpi, sagarin_predictor, sagarin_rating, fei, team_rankings; total from fei"
2026-11-21T05:00:00.000Z,12,Ohio State,Nebraska,"Memorial Stadium (Lincoln, NE)",no,85458,,,,,964.27,787.45,,,-14.67988885026909,52.04,,,,,,,"blend of 5 margin source(s) (fitted weights): espn_fpi, sagarin_predictor, sagarin_rating, fei, team_rankings; total from fei"
2026-11-21T05:00:00.000Z,12,Rutgers,Penn State,Beaver Stadium,no,106572,,,,,709.04,774.04,,,22.319171327617173,59.12,,,,,,,"blend of 5 margin source(s) (fitted weights): espn_fpi, sagarin_predictor, sagarin_rating, fei, team_rankings; total from fei"
2026-11-21T05:00:00.000Z,12,Arkansas State,Louisiana Tech,Joe Aillet Stadium,no,28019,,,,,606.22,543.02,,,6.584841685398047,49.64,,,,,,,"blend of 5 margin source(s) (fitted weights): espn_fpi, sagarin_predictor, sagarin_rating, fei, team_rankings; total from fei"
2026-11-21T05:00:00.000Z,12,Wake Forest,Georgia Tech,Bobby Dodd Stadium,no,55000,,,,,680.87,751.65,,,2.628242503255664,52.04,,,,,,,"blend of 5 margin source(s) (fitted weights): espn_fpi, sagarin_predictor, sagarin_rating, fei, team_rankings; total from fei"
2026-11-21T05:00:00.000Z,12,Utah,TCU,Amon G. Carter Stadium,no,46000,,,,,695.72,730.79,,,-4.55108783848513,53.239999999999995,,,,,,,"blend of 5 margin source(s) (fitted weights): espn_fpi, sagarin_predictor, sagarin_rating, fei, team_rankings; total from fei"
2026-11-21T05:00:00.000Z,12,Texas Tech,Baylor,McLane Stadium,no,45140,,,,,767.89,723.28,,,-5.788641089336007,49.28,,,,,,,"blend of 5 margin source(s) (fitted weights): espn_fpi, sagarin_predictor, sagarin_rating, fei, team_rankings; total from fei"
2026-11-21T05:00:00.000Z,12,UL Monroe,App State,Kidd Brewer Stadium,no,30000,,,,,505.49,621.61,,,16.250591974819876,54.44,,,,,,,"blend of 5 margin source(s) (fitted weights): espn_fpi, sagarin_predictor, sagarin_rating, fei, team_rankings; total from fei"
2026-11-21T05:00:00.000Z,12,Houston,West Virginia,Milan Puskar Stadium,no,60000,,,,,695.93,707.6,,,-2.8824149948694977,53,,,,,,,"blend of 5 margin source(s) (fitted weights): espn_fpi, sagarin_predictor, sagarin_rating, fei, team_rankings; total from fei"
2026-11-21T05:00:00.000Z,12,Iowa,Illinois,"Memorial Stadium (Champaign, IL)",no,60670,,,,,722.73,704.01,,,-1.6082783479594709,47.120000000000005,,,,,,,"blend of 5 margin source(s) (fitted weights): espn_fpi, sagarin_predictor, sagarin_rating, fei, team_rankings; total from fei"
2026-11-21T05:00:00.000Z,12,Indiana,Washington,Husky Stadium,no,70138,,,,,735.26,777.63,,,-7.869395436465335,53.36,,,,,,,"blend of 5 margin source(s) (fitted weights): espn_fpi, sagarin_predictor, sagarin_rating, fei, team_rankings; total from fei"
2026-11-21T05:00:00.000Z,12,BYU,Kansas,Memorial Stadium,no,47000,,,,,689.42,684.51,,,-4.274633645387886,60.56,,,,,,,"blend of 5 margin source(s) (fitted weights): espn_fpi, sagarin_predictor, sagarin_rating, fei, team_rankings; total from fei"
2026-11-21T05:00:00.000Z,12,Vanderbilt,Florida,Ben Hill Griffin Stadium,no,88548,,,,,727.39,891.07,,,6.680270039024841,57.92,,,,,,,"blend of 5 margin source(s) (fitted weights): espn_fpi, sagarin_predictor, sagarin_rating, fei, team_rankings; total from fei"
2026-11-21T05:00:00.000Z,12,Coastal Carolina,Louisiana,Cajun Field,no,41426,,,,,573.96,590.94,,,6.094296476778894,52.879999999999995,,,,,,,"blend of 5 margin source(s) (fitted weights): espn_fpi, sagarin_predictor, sagarin_rating, fei, team_rankings; total from fei"
2026-11-21T05:00:00.000Z,12,Wisconsin,Purdue,Ross-Ade Stadium,no,57282,,,,,767.68,698.33,,,-3.118901031079157,46.64,,,,,,,"blend of 5 margin source(s) (fitted weights): espn_fpi, sagarin_predictor, sagarin_rating, fei, team_rankings; total from fei"
2026-11-21T05:00:00.000Z,12,Oklahoma State,Arizona State,Mountain America Stadium,no,65870,,,,,672.69,722,,,11.259808966777157,50.12,,,,,,,"blend of 5 margin source(s) (fitted weights): espn_fpi, sagarin_predictor, sagarin_rating, fei, team_rankings; total from fei"
2026-11-21T05:00:00.000Z,12,Georgia Southern,Troy,Veterans Memorial Stadium (AL),no,30000,,,,,634.19,596.19,,,3.827580738106554,53.72,,,,,,,"blend of 3 margin source(s) (fitted weights): sagarin_predictor, sagarin_rating, fei; total from fei"
2026-11-21T05:00:00.000Z,12,South Florida,Florida Atlantic,FAU Stadium,no,29419,,,,,703.81,593.36,,,-7.772726428682165,56,,,,,,,"blend of 5 margin source(s) (fitted weights): espn_fpi, sagarin_predictor, sagarin_rating, fei, team_rankings; total from fei"
2026-11-21T05:00:00.000Z,12,North Texas,Tulane,Yulman Stadium,no,30000,,,,,602.08,665.11,,,6.152173461480303,58.64,,,,,,,"blend of 5 margin source(s) (fitted weights): espn_fpi, sagarin_predictor, sagarin_rating, fei, team_rankings; total from fei"
2026-11-21T05:00:00.000Z,12,Arizona,Kansas State,Bill Snyder Family Stadium,no,50000,,,,,699.59,718.67,,,5.175676630665302,52.28,,,,,,,"blend of 5 margin source(s) (fitted weights): espn_fpi, sagarin_predictor, sagarin_rating, fei, team_rankings; total from fei"
2026-11-21T05:00:00.000Z,12,Northwestern,Minnesota,Huntington Bank Stadium,no,50850,,,,,688.32,728.79,,,3.443013198635223,48.92,,,,,,,"blend of 5 margin source(s) (fitted weights): espn_fpi, sagarin_predictor, sagarin_rating, fei, team_rankings; total from fei"
2026-11-21T05:00:00.000Z,12,Maryland,USC,Los Angeles Memorial Coliseum,no,77500,,,,,719.64,899,,,13.914982507982337,58.760000000000005,,,,,,,"blend of 5 margin source(s) (fitted weights): espn_fpi, sagarin_predictor, sagarin_rating, fei, team_rankings; total from fei"
2026-11-21T05:00:00.000Z,12,Arkansas,Texas,DKR-Texas Memorial Stadium,no,100119,,,,,745.48,985.17,,,22.272693611212297,55.760000000000005,,,,,,,"blend of 5 margin source(s) (fitted weights): espn_fpi, sagarin_predictor, sagarin_rating, fei, team_rankings; total from fei"
2026-11-21T05:00:00.000Z,12,UTSA,UAB,Protective Stadium,no,45000,,,,,655.82,606.18,,,-7.513814434154572,57.92,,,,,,,"blend of 5 margin source(s) (fitted weights): espn_fpi, sagarin_predictor, sagarin_rating, fei, team_rankings; total from fei"
2026-11-21T05:00:00.000Z,12,North Carolina,Virginia,Scott Stadium,no,61500,,,,,767.89,700.18,,,8.256412036466772,49.879999999999995,,,,,,,"blend of 5 margin source(s) (fitted weights): espn_fpi, sagarin_predictor, sagarin_rating, fei, team_rankings; total from fei"
2026-11-21T05:00:00.000Z,12,Georgia,South Carolina,Williams-Brice Stadium,no,80250,,,,,1003.67,862.87,,,-6.399298225558802,49.88,,,,,,,"blend of 5 margin source(s) (fitted weights): espn_fpi, sagarin_predictor, sagarin_rating, fei, team_rankings; total from fei"
2026-11-21T05:00:00.000Z,12,Georgia State,Marshall,Joan C. Edwards Stadium,no,38016,,,,,573.83,594.71,,,4.137257047190123,52.64,,,,,,,"blend of 5 margin source(s) (fitted weights): espn_fpi, sagarin_predictor, sagarin_rating, fei, team_rankings; total from fei"
2026-11-21T05:00:00.000Z,12,UCLA,Michigan,Michigan Stadium,no,107601,,,,,774.45,890.02,,,8.469531503844571,55.52,,,,,,,"blend of 5 margin source(s) (fitted weights): espn_fpi, sagarin_predictor, sagarin_rating, fei, team_rankings; total from fei"
2026-11-21T05:00:00.000Z,12,Stanford,California,California Memorial Stadium,no,62467,,,,,705.81,751.92,,,4.910282671862559,49.519999999999996,,,,,,,"blend of 5 margin source(s) (fitted weights): espn_fpi, sagarin_predictor, sagarin_rating, fei, team_rankings; total from fei"
2026-11-21T05:00:00.000Z,12,South Alabama,Southern Miss,M. M. Roberts Stadium,no,36000,,,,,573.38,602.63,,,7.125478434877898,,,,,,,,"blend of 4 margin source(s) (fitted weights): espn_fpi, sagarin_predictor, sagarin_rating, team_rankings"
2026-11-21T05:00:00.000Z,12,Syracuse,Boston College,"Alumni Stadium (Chestnut Hill, MA)",no,44500,,,,,745.61,660,,,-3.4147572279943854,51.32,,,,,,,"blend of 5 margin source(s) (fitted weights): espn_fpi, sagarin_predictor, sagarin_rating, fei, team_rankings; total from fei"
2026-11-21T05:00:00.000Z,12,LSU,Tennessee,Neyland Stadium,no,102455,,,,,931.76,885.9,1.5,57.5,-2.362969605377844,54.08,away,low,under,medium,,-0.03696544071319763,"blend of 5 margin source(s) (fitted weights): espn_fpi, sagarin_predictor, sagarin_rating, fei, team_rankings; total from fei"
2026-11-21T17:00:00.000Z,12,East Carolina,Army,Michie Stadium,no,38000,,,,,623.79,303.83,,,4.596045248247147,51.44,,,,,,,"blend of 5 margin source(s) (fitted weights): espn_fpi, sagarin_predictor, sagarin_rating, fei, team_rankings; total from fei"
2026-11-21T17:00:00.000Z,12,Memphis,Navy,Navy-Marine Corps Memorial Stadium,no,34000,,,,,670.31,195.68,,,0.3311335595121364,55.64,,,,,,,"blend of 5 margin source(s) (fitted weights): espn_fpi, sagarin_predictor, sagarin_rating, fei, team_rankings; total from fei"
2026-11-21T18:00:00.000Z,12,Western Kentucky,Liberty,Williams Stadium (VA),no,25000,,,,,611.52,633.35,,,5.302977452786068,55.52,,,,,,,"blend of 5 margin source(s) (fitted weights): espn_fpi, sagarin_predictor, sagarin_rating, fei, team_rankings; total from fei"
2026-11-21T19:00:00.000Z,12,Missouri State,Jacksonville State,AmFirst Stadium,no,24000,,,,,549.92,602.83,,,6.546051699757333,55.04,,,,,,,"blend of 5 margin source(s) (fitted weights): espn_fpi, sagarin_predictor, sagarin_rating, fei, team_rankings; total from fei"
2026-11-21T19:00:00.000Z,12,Middle Tennessee,Sam Houston,Elliott T. Bowers Stadium,no,14000,,,,,571.5,554.47,,,1.3876737207637222,51.08,,,,,,,"blend of 5 margin source(s) (fitted weights): espn_fpi, sagarin_predictor, sagarin_rating, fei, team_rankings; total from fei"
2026-11-21T20:00:00.000Z,12,Delaware,New Mexico State,Aggie Memorial Stadium,no,28853,,,,,483.48,460.38,,,-1.5895118721837707,53.96,,,,,,,"blend of 5 margin source(s) (fitted weights): espn_fpi, sagarin_predictor, sagarin_rating, fei, team_rankings; total from fei"
2026-11-21T20:00:00.000Z,12,Florida International,Kennesaw State,Fifth Third Stadium,no,11040,,,,,607.56,502.86,,,7.561425199722634,51.08,,,,,,,"blend of 2 margin source(s) (fitted weights): espn_fpi, fei; total from fei"
2026-11-21T20:30:00.000Z,12,Old Dominion,UConn,Pratt & Whitney Stadium,no,40000,,,,,544.25,652.56,,,0.5038357865350073,51.32,,,,,,,"blend of 5 margin source(s) (fitted weights): espn_fpi, sagarin_predictor, sagarin_rating, fei, team_rankings; total from fei"
2026-11-21T21:00:00.000Z,12,Northern Illinois,North Dakota State,Fargodome,yes,18700,,,,,536.58,515.59,,,14.054548757733933,52.04,,,,,,,"blend of 5 margin source(s) (fitted weights): espn_fpi, sagarin_predictor, sagarin_rating, fei, team_rankings; total from fei"
2026-11-21T23:00:00.000Z,12,Washington State,Texas State,Bobcat Stadium (TX),no,30000,,,,,630.29,624.81,,,-1.6628735998641733,53.84,,,,,,,"blend of 5 margin source(s) (fitted weights): espn_fpi, sagarin_predictor, sagarin_rating, fei, team_rankings; total from fei"
2026-11-22T00:00:00.000Z,12,UNLV,San José State,CEFCU Stadium,no,30456,,,,,696.03,569.25,,,-6.143631674686731,56,,,,,,,"blend of 5 margin source(s) (fitted weights): espn_fpi, sagarin_predictor, sagarin_rating, fei, team_rankings; total from fei"
2026-11-22T00:30:00.000Z,12,SMU,Notre Dame,Notre Dame Stadium,no,80795,,,,,764.5,953.03,-17.5,56.5,16.279636641712877,53.239999999999995,away,medium,under,medium,,-0.041419753481674704,"blend of 5 margin source(s) (fitted weights): espn_fpi, sagarin_predictor, sagarin_rating, fei, team_rankings; total from fei"
2026-11-22T00:30:00.000Z,12,Colorado State,Fresno State,Valley Children's Stadium,no,41031,,,,,640.31,609.75,,,4.226618249731058,47.599999999999994,,,,,,,"blend of 5 margin source(s) (fitted weights): espn_fpi, sagarin_predictor, sagarin_rating, fei, team_rankings; total from fei"
2026-11-22T02:00:00.000Z,12,New Mexico,Wyoming,War Memorial Stadium,no,29181,,,,,568.19,528.29,,,-9.56385844850988,46.519999999999996,,,,,,,"blend of 5 margin source(s) (fitted weights): espn_fpi, sagarin_predictor, sagarin_rating, fei, team_rankings; total from fei"
2026-11-22T02:30:00.000Z,12,San Diego State,Boise State,Albertsons Stadium,no,36387,,,,,609.22,641.17,,,8.091407507494253,45.92,,,,,,,"blend of 5 margin source(s) (fitted weights): espn_fpi, sagarin_predictor, sagarin_rating, fei, team_rankings; total from fei"
2026-11-22T03:30:00.000Z,12,Utah State,Oregon State,Reser Stadium,no,43363,,,,,543.98,635.79,,,5.862506942127244,53.96,,,,,,,"blend of 5 margin source(s) (fitted weights): espn_fpi, sagarin_predictor, sagarin_rating, fei, team_rankings; total from fei"
2026-11-24T05:00:00.000Z,13,Miami (OH),Western Michigan,Waldo Stadium,no,30200,,,,,621.37,572.2,,,10.970240794613318,46.519999999999996,,,,,,,"blend of 5 margin source(s) (fitted weights): espn_fpi, sagarin_predictor, sagarin_rating, fei, team_rankings; total from fei"
2026-11-25T00:00:00.000Z,13,Kent State,Eastern Michigan,Rynearson Stadium,no,30200,,,,,522.83,580.64,,,9.51570638720133,56.84,,,,,,,"blend of 5 margin source(s) (fitted weights): espn_fpi, sagarin_predictor, sagarin_rating, fei, team_rankings; total from fei"
2026-11-27T01:00:00.000Z,13,TCU,Texas Tech,Jones AT&T Stadium,no,60454,,,,,730.79,767.89,-16.5,55.5,12.027805554329301,45.08,away,high,under,high,away,-0.09382083041007339,"blend of 5 margin source(s) (fitted weights): espn_fpi, sagarin_predictor, sagarin_rating, fei, team_rankings; total from fei"
2026-11-27T05:00:00.000Z,13,Florida Atlantic,East Carolina,Dowdy-Ficklen Stadium,no,50000,,,,,593.36,623.79,,,11.840967145649842,53.72,,,,,,,"blend of 5 margin source(s) (fitted weights): espn_fpi, sagarin_predictor, sagarin_rating, fei, team_rankings; total from fei"
2026-11-27T05:00:00.000Z,13,Tulane,South Florida,Raymond James Stadium,no,65828,,,,,665.11,703.81,,,1.7302211891876431,53.12,,,,,,,"blend of 5 margin source(s) (fitted weights): espn_fpi, sagarin_predictor, sagarin_rating, fei, team_rankings; total from fei"
2026-11-27T05:00:00.000Z,13,Temple,Memphis,Simmons Bank Liberty Stadium,no,58325,,,,,631.07,670.31,,,10.663275366426316,56.24,,,,,,,"blend of 5 margin source(s) (fitted weights): espn_fpi, sagarin_predictor, sagarin_rating, fei, team_rankings; total from fei"
2026-11-27T17:00:00.000Z,13,Toledo,Ohio,Peden Stadium,no,24000,,,,,556.26,522.84,,,-1.864826675997656,50.72,,,,,,,"blend of 5 margin source(s) (fitted weights): espn_fpi, sagarin_predictor, sagarin_rating, fei, team_rankings; total from fei"
2026-11-27T17:00:00.000Z,13,Nebraska,Iowa,Kinnick Stadium,no,69250,,,,,787.45,722.73,,,4.807931475492699,45.08,,,,,,,"blend of 5 margin source(s) (fitted weights): espn_fpi, sagarin_predictor, sagarin_rating, fei, team_rankings; total from fei"
2026-11-27T17:00:00.000Z,13,Mississippi State,Ole Miss,Vaught-Hemingway Stadium,no,64038,,,,,804.53,885.72,-14.5,57.5,9.927270952789709,58.28,away,high,over,low,away,-0.08981429262371698,"blend of 5 margin source(s) (fitted weights): espn_fpi, sagarin_predictor, sagarin_rating, fei, team_rankings; total from fei"
2026-11-27T17:00:00.000Z,13,Buffalo,Akron,InfoCision Stadium,no,30000,,,,,549.31,546.84,,,-0.1668111031683155,45.44,,,,,,,"blend of 5 margin source(s) (fitted weights): espn_fpi, sagarin_predictor, sagarin_rating, fei, team_rankings; total from fei"
2026-11-27T20:00:00.000Z,13,App State,South Alabama,Hancock Whitney Stadium,no,25450,,,,,621.61,573.38,,,-0.542139625427594,57.68,,,,,,,"blend of 5 margin source(s) (fitted weights): espn_fpi, sagarin_predictor, sagarin_rating, fei, team_rankings; total from fei"
2026-11-27T20:30:00.000Z,13,Florida,Florida State,Doak Campbell Stadium,no,67277,,,,,891.07,800.2,4.5,52.5,-2.956627534472654,55.16,home,medium,over,medium,home,0.07142637300822846,"blend of 5 margin source(s) (fitted weights): espn_fpi, sagarin_predictor, sagarin_rating, fei, team_rankings; total from fei"
2026-11-27T20:30:00.000Z,13,North Dakota State,San José State,CEFCU Stadium,no,30456,,,,,515.59,569.25,,,-3.0693892571888095,54.2,,,,,,,"blend of 5 margin source(s) (fitted weights): espn_fpi, sagarin_predictor, sagarin_rating, fei, team_rankings; total from fei"
2026-11-28T00:30:00.000Z,13,Minnesota,Wisconsin,Camp Randall Stadium,no,80321,,,,,728.79,767.68,,,3.066668642469561,45.56,,,,,,,"blend of 5 margin source(s) (fitted weights): espn_fpi, sagarin_predictor, sagarin_rating, fei, team_rankings; total from fei"
2026-11-28T00:30:00.000Z,13,Texas,Texas A&M,Kyle Field,no,102733,,,,,985.17,933,2.5,53.5,-2.995506477326587,49.4,away,low,under,medium,,-0.010763518194754518,"blend of 5 margin source(s) (fitted weights): espn_fpi, sagarin_predictor, sagarin_rating, fei, team_rankings; total from fei"
2026-11-28T02:00:00.000Z,13,West Virginia,Utah,Rice-Eccles Stadium,no,51444,,,,,707.6,695.72,,,14.41941019554831,53.599999999999994,,,,,,,"blend of 5 margin source(s) (fitted weights): espn_fpi, sagarin_predictor, sagarin_rating, fei, team_rankings; total from fei"
2026-11-28T05:00:00.000Z,13,Penn State,Maryland,SECU Stadium,no,51802,,,,,774.04,719.64,,,-9.112872736543451,49.879999999999995,,,,,,,"blend of 5 margin source(s) (fitted weights): espn_fpi, sagarin_predictor, sagarin_rating, fei, team_rankings; total from fei"
2026-11-28T05:00:00.000Z,13,Michigan State,Rutgers,SHI Stadium,no,52454,,,,,685.02,709.04,,,-3.2669180126670665,59.12,,,,,,,"blend of 5 margin source(s) (fitted weights): espn_fpi, sagarin_predictor, sagarin_rating, fei, team_rankings; total from fei"
2026-11-28T05:00:00.000Z,13,Marshall,UL Monroe,Malone Stadium,no,27617,,,,,594.71,505.49,,,-6.796649222024437,49.879999999999995,,,,,,,"blend of 5 margin source(s) (fitted weights): espn_fpi, sagarin_predictor, sagarin_rating, fei, team_rankings; total from fei"
2026-11-28T05:00:00.000Z,13,Pittsburgh,California,California Memorial Stadium,no,62467,,,,,675.02,751.92,,,-8.23475749178009,47.36,,,,,,,"blend of 5 margin source(s) (fitted weights): espn_fpi, sagarin_predictor, sagarin_rating, fei, team_rankings; total from fei"
2026-11-28T05:00:00.000Z,13,Georgia Tech,Georgia,Sanford Stadium,no,92746,,,,,751.65,1003.67,,,20.466231177802857,57.32,,,,,,,"blend of 5 margin source(s) (fitted weights): espn_fpi, sagarin_predictor, sagarin_rating, fei, team_rankings; total from fei"
2026-11-28T05:00:00.000Z,13,SMU,Stanford,Stanford Stadium,no,50424,,,,,764.5,705.81,,,-11.100648484783516,51.56,,,,,,,"blend of 5 margin source(s) (fitted weights): espn_fpi, sagarin_predictor, sagarin_rating, fei, team_rankings; total from fei"
2026-11-28T05:00:00.000Z,13,Army,Rice,Rice Stadium,no,47000,,,,,303.83,589.89,,,-7.819952775059321,50.120000000000005,,,,,,,"blend of 5 margin source(s) (fitted weights): espn_fpi, sagarin_predictor, sagarin_rating, fei, team_rankings; total from fei"
2026-11-28T05:00:00.000Z,13,Duke,Wake Forest,Allegacy Federal Credit Union Stadium,no,31500,,,,,668.47,680.87,,,2.09200329264535,53.480000000000004,,,,,,,"blend of 5 margin source(s) (fitted weights): espn_fpi, sagarin_predictor, sagarin_rating, fei, team_rankings; total from fei"
2026-11-28T05:00:00.000Z,13,NC State,North Carolina,Kenan Stadium,no,50500,,,,,757.14,767.89,1.5,55.5,5.867729262075881,52.400000000000006,home,high,under,medium,home,0.1604549997887944,"blend of 5 margin source(s) (fitted weights): espn_fpi, sagarin_predictor, sagarin_rating, fei, team_rankings; total from fei"
2026-11-28T05:00:00.000Z,13,Coastal Carolina,James Madison,Bridgeforth Stadium,no,24877,,,,,573.96,588.31,,,11.28860524816374,50.96,,,,,,,"blend of 5 margin source(s) (fitted weights): espn_fpi, sagarin_predictor, sagarin_rating, fei, team_rankings; total from fei"
2026-11-28T05:00:00.000Z,13,South Carolina,Clemson,"Memorial Stadium (Clemson, SC)",no,81500,,,,,862.87,862.85,-3,53.5,-3.3275471713061817,44.959999999999994,away,high,under,high,away,-0.17574419064756652,"blend of 5 margin source(s) (fitted weights): espn_fpi, sagarin_predictor, sagarin_rating, fei, team_rankings; total from fei"
2026-11-28T05:00:00.000Z,13,Cincinnati,BYU,LaVell Edwards Stadium,no,63470,,,,,634.28,689.42,,,8.919441683126234,58.04,,,,,,,"blend of 5 margin source(s) (fitted weights): espn_fpi, sagarin_predictor, sagarin_rating, fei, team_rankings; total from fei"
2026-11-28T05:00:00.000Z,13,UTEP,Northern Illinois,Huskie Stadium,no,23595,,,,,585.76,536.58,,,4.229359974272736,48.08,,,,,,,"blend of 5 margin source(s) (fitted weights): espn_fpi, sagarin_predictor, sagarin_rating, fei, team_rankings; total from fei"
2026-11-28T05:00:00.000Z,13,Auburn,Alabama,Bryant-Denny Stadium,no,101821,,,,,828.19,973.53,-10,52.5,12.038270100679235,49.519999999999996,home,medium,under,medium,,-0.0027408022922880138,"blend of 5 margin source(s) (fitted weights): espn_fpi, sagarin_predictor, sagarin_rating, fei, team_rankings; total from fei"
2026-11-28T05:00:00.000Z,13,Virginia,Virginia Tech,Lane Stadium,no,65632,,,,,700.18,769.12,-1.5,53.5,-0.4679840626753641,51.68,away,medium,under,low,,-0.04413458562817063,"blend of 5 margin source(s) (fitted weights): espn_fpi, sagarin_predictor, sagarin_rating, fei, team_rankings; total from fei"
2026-11-28T05:00:00.000Z,13,Kansas State,Iowa State,Jack Trice Stadium,no,61500,,,,,718.67,669.55,,,-4.972798951925219,51.44,,,,,,,"blend of 5 margin source(s) (fitted weights): espn_fpi, sagarin_predictor, sagarin_rating, fei, team_rankings; total from fei"
2026-11-28T05:00:00.000Z,13,Kansas,Oklahoma State,Boone Pickens Stadium,no,55509,,,,,684.51,672.69,,,-3.493330387733331,57.44,,,,,,,"blend of 5 margin source(s) (fitted weights): espn_fpi, sagarin_predictor, sagarin_rating, fei, team_rankings; total from fei"
2026-11-28T05:00:00.000Z,13,Washington,Oregon,Autzen Stadium,no,54000,,,,,777.63,984.33,-15.5,54.5,12.772682914291735,56.96,away,medium,over,medium,away,-0.05235027146675775,"blend of 5 margin source(s) (fitted weights): espn_fpi, sagarin_predictor, sagarin_rating, fei, team_rankings; total from fei"
2026-11-28T05:00:00.000Z,13,USC,UCLA,Rose Bowl,no,88565,,,,,899,774.45,10.5,55.5,-6.873167290635406,63.31999999999999,home,high,over,high,home,0.12511483229816048,"blend of 5 margin source(s) (fitted weights): espn_fpi, sagarin_predictor, sagarin_rating, fei, team_rankings; total from fei"
2026-11-28T05:00:00.000Z,13,Southern Miss,Old Dominion,S.B. Ballard Stadium,no,20118,,,,,602.63,544.25,,,1.4663403633854595,,,,,,,,"blend of 4 margin source(s) (fitted weights): espn_fpi, sagarin_predictor, sagarin_rating, team_rankings"
2026-11-28T05:00:00.000Z,13,Boston College,Miami,Hard Rock Stadium,no,64767,,,,,660,885.94,,,26.933157586325446,53.36,,,,,,,"blend of 5 margin source(s) (fitted weights): espn_fpi, sagarin_predictor, sagarin_rating, fei, team_rankings; total from fei"
2026-11-28T05:00:00.000Z,13,Arizona State,Arizona,Arizona Stadium,no,50782,,,,,722,699.59,-4.5,52.5,2.3688370734047632,51.44,away,medium,under,low,away,-0.09862594727280882,"blend of 5 margin source(s) (fitted weights): espn_fpi, sagarin_predictor, sagarin_rating, fei, team_rankings; total from fei"
2026-11-28T05:00:00.000Z,13,Louisiana,Georgia State,Center Parc Stadium,no,25000,,,,,590.94,573.83,,,-2.6858656739046,54.92,,,,,,,"blend of 5 margin source(s) (fitted weights): espn_fpi, sagarin_predictor, sagarin_rating, fei, team_rankings; total from fei"
2026-11-28T05:00:00.000Z,13,Navy,Charlotte,Jerry Richardson Stadium,no,15300,,,,,195.68,576.77,,,-12.974245193713255,52.88,,,,,,,"blend of 4 margin source(s) (fitted weights): sagarin_predictor, sagarin_rating, fei, team_rankings; total from fei"
2026-11-28T05:00:00.000Z,13,UAB,North Texas,DATCU Stadium,no,30850,,,,,606.18,602.08,,,10.704700948390734,62.480000000000004,,,,,,,"blend of 5 margin source(s) (fitted weights): espn_fpi, sagarin_predictor, sagarin_rating, fei, team_rankings; total from fei"
2026-11-28T05:00:00.000Z,13,Purdue,Indiana,"Memorial Stadium (Bloomington, IN)",no,52656,,,,,698.33,735.26,,,24.310315941519953,52.040000000000006,,,,,,,"blend of 5 margin source(s) (fitted weights): espn_fpi, sagarin_predictor, sagarin_rating, fei, team_rankings; total from fei"
2026-11-28T05:00:00.000Z,13,UCF,Colorado,Folsom Field,no,50183,,,,,672.14,731.62,,,1.730804381175565,49.160000000000004,,,,,,,"blend of 3 margin source(s) (fitted weights): espn_fpi, fei, team_rankings; total from fei"
2026-11-28T05:00:00.000Z,13,Oklahoma,Missouri,Memorial Stadium,no,71168,,,,,851.14,808.36,,,-4.718156931770896,46.04,,,,,,,"blend of 5 margin source(s) (fitted weights): espn_fpi, sagarin_predictor, sagarin_rating, fei, team_rankings; total from fei"
2026-11-28T05:00:00.000Z,13,Baylor,Houston,TDECU Stadium,no,40000,,,,,723.28,695.93,,,2.3410054765540202,56.84,,,,,,,"blend of 5 margin source(s) (fitted weights): espn_fpi, sagarin_predictor, sagarin_rating, fei, team_rankings; total from fei"
2026-11-28T05:00:00.000Z,13,Illinois,Northwestern,Ryan Field,no,35000,,,,,704.01,688.32,3.5,52.5,-0.2585407515876743,52.160000000000004,home,high,under,low,home,0.10279005331702257,"blend of 5 margin source(s) (fitted weights): espn_fpi, sagarin_predictor, sagarin_rating, fei, team_rankings; total from fei"
2026-11-28T05:00:00.000Z,13,Tennessee,Vanderbilt,FirstBank Stadium,no,40351,,,,,885.9,727.39,3,57.5,-3.184848427921659,62.96,away,low,over,medium,,0.014480410807650446,"blend of 5 margin source(s) (fitted weights): espn_fpi, sagarin_predictor, sagarin_rating, fei, team_rankings; total from fei"
2026-11-28T05:00:00.000Z,13,UConn,Wyoming,War Memorial Stadium,no,29181,,,,,652.56,528.29,,,-4.330238189059096,50.120000000000005,,,,,,,"blend of 5 margin source(s) (fitted weights): espn_fpi, sagarin_predictor, sagarin_rating, fei, team_rankings; total from fei"
2026-11-28T05:00:00.000Z,13,Louisville,Kentucky,Kroger Field,no,61000,,,,,739.97,786.65,,,-0.6675853632093876,45.92,,,,,,,"blend of 5 margin source(s) (fitted weights): espn_fpi, sagarin_predictor, sagarin_rating, fei, team_rankings; total from fei"
2026-11-28T05:00:00.000Z,13,LSU,Arkansas,Razorback Stadium,no,80000,,,,,931.76,745.48,,,-12.525111830425832,55.879999999999995,,,,,,,"blend of 5 margin source(s) (fitted weights): espn_fpi, sagarin_predictor, sagarin_rating, fei, team_rankings; total from fei"
2026-11-28T05:00:00.000Z,13,Louisiana Tech,Georgia Southern,Allen E. Paulson Stadium,no,25000,,,,,543.02,634.19,,,0.5813267984581346,56.959999999999994,,,,,,,"blend of 4 margin source(s) (fitted weights): espn_fpi, sagarin_predictor, sagarin_rating, fei; total from fei"
2026-11-28T05:00:00.000Z,13,Tulsa,UTSA,Alamodome,yes,36582,,,,,622.84,655.82,,,5.19608710365072,53,,,,,,,"blend of 5 margin source(s) (fitted weights): espn_fpi, sagarin_predictor, sagarin_rating, fei, team_rankings; total from fei"
2026-11-28T05:00:00.000Z,13,Notre Dame,Syracuse,JMA Wireless Dome,yes,49057,,,,,953.03,745.61,,,-18.934945461822032,49.64,,,,,,,"blend of 5 margin source(s) (fitted weights): espn_fpi, sagarin_predictor, sagarin_rating, fei, team_rankings; total from fei"
2026-11-28T17:00:00.000Z,13,Michigan,Ohio State,Ohio Stadium,no,102780,,,,,890.02,964.27,-13.5,46.5,17.18156922165616,53.24,home,high,over,high,,0.041295691236383325,"blend of 5 margin source(s) (fitted weights): espn_fpi, sagarin_predictor, sagarin_rating, fei, team_rankings; total from fei"
2026-11-28T17:00:00.000Z,13,Massachusetts,Bowling Green,Doyt L. Perry Stadium,no,24000,,,,,525.94,568.33,,,4.0808829580312445,48.92,,,,,,,"blend of 5 margin source(s) (fitted weights): espn_fpi, sagarin_predictor, sagarin_rating, fei, team_rankings; total from fei"
2026-11-28T17:00:00.000Z,13,Central Michigan,Ball State,Scheumann Stadium,no,22500,,,,,540.01,563.88,,,-0.16928285356749317,48.08,,,,,,,"blend of 5 margin source(s) (fitted weights): espn_fpi, sagarin_predictor, sagarin_rating, fei, team_rankings; total from fei"
2026-11-28T18:00:00.000Z,13,Kennesaw State,Western Kentucky,Houchens Industries-L.T. Smith Stadium,no,22113,,,,,502.86,611.52,,,-0.9244736916743868,53.6,,,,,,,"blend of 5 margin source(s) (fitted weights): espn_fpi, sagarin_predictor, sagarin_rating, fei, team_rankings; total from fei"
2026-11-28T19:00:00.000Z,13,Liberty,Missouri State,Plaster Sports Complex,no,17337,,,,,633.35,549.92,,,-3.7211047297446607,59.599999999999994,,,,,,,"blend of 5 margin source(s) (fitted weights): espn_fpi, sagarin_predictor, sagarin_rating, fei, team_rankings; total from fei"
2026-11-28T19:00:00.000Z,13,Sam Houston,Florida International,Pitbull Stadium,no,20000,,,,,554.47,607.56,,,6.226846990356728,47.959999999999994,,,,,,,"blend of 2 margin source(s) (fitted weights): espn_fpi, fei; total from fei"
2026-11-28T19:00:00.000Z,13,New Mexico State,Middle Tennessee,"Johnny ""Red"" Floyd Stadium",no,30788,,,,,460.38,571.5,,,-0.023481301819152756,52.879999999999995,,,,,,,"blend of 5 margin source(s) (fitted weights): espn_fpi, sagarin_predictor, sagarin_rating, fei, team_rankings; total from fei"
2026-11-28T20:00:00.000Z,13,Troy,Arkansas State,Centennial Bank Stadium,no,30382,,,,,596.19,606.22,,,0.44961355452492374,46.400000000000006,,,,,,,"blend of 4 margin source(s) (fitted weights): sagarin_predictor, sagarin_rating, fei, team_rankings; total from fei"
2026-11-28T20:30:00.000Z,13,Jacksonville State,Delaware,Delaware Stadium,no,22000,,,,,602.83,483.48,,,4.4684864167091085,52.64,,,,,,,"blend of 5 margin source(s) (fitted weights): espn_fpi, sagarin_predictor, sagarin_rating, fei, team_rankings; total from fei"
2026-11-28T21:30:00.000Z,13,Air Force,New Mexico,University Stadium (NM),no,39224,,,,,272.35,568.19,,,6.00830912089927,59.120000000000005,,,,,,,"blend of 5 margin source(s) (fitted weights): espn_fpi, sagarin_predictor, sagarin_rating, fei, team_rankings; total from fei"
2026-11-29T02:00:00.000Z,13,Nevada,UNLV,Allegiant Stadium,yes,65000,,,,,549.99,696.03,,,8.424849332827367,52.28,,,,,,,"blend of 5 margin source(s) (fitted weights): espn_fpi, sagarin_predictor, sagarin_rating, fei, team_rankings; total from fei"
2026-11-29T04:00:00.000Z,13,Sacramento State,Hawai'i,Clarence T.C. Ching Athletics Complex,no,15194,,,,,561.42,556.82,,,11.654846471296128,53.239999999999995,,,,,,,"blend of 5 margin source(s) (fitted weights): espn_fpi, sagarin_predictor, sagarin_rating, fei, team_rankings; total from fei"
2026-12-12T20:00:00.000Z,15,Navy,Army,MetLife Stadium,no,82500,,,,,195.68,303.83,2.5,37.5,3.2194465375568946,54.56,home,high,over,high,home,0.14322696598116108,"blend of 5 margin source(s) (fitted weights): espn_fpi, sagarin_predictor, sagarin_rating, fei, team_rankings; total from fei"
