kickoff_utc,week,away_team,home_team,venue,dome,capacity,wind_mph,wind_dir,temp_f,precip_pct,away_talent,home_talent,market_spread_home,market_total,model_margin_adjusted,model_total,ats_pick,ats_confidence,total_pick,total_confidence,ml_pick,ml_edge,adjustment_notes
2026-08-29T16:00:00.000Z,1,North Carolina,TCU,Aviva Stadium,no,51700,1.8,ESE,62.8,84,767.89,730.79,-8.5,46.5,5.743312291532975,55.160000000000004,away,medium,over,high,away,-0.09335600476065542,"blend of 5 margin source(s) (fitted weights): espn_fpi, sagarin_predictor, sagarin_rating, fei, team_rankings; total from fei"
2026-08-29T19:00:00.000Z,1,San José State,USC,Los Angeles Memorial Coliseum,no,77500,4.9,SW,94.9,0,569.25,899,-38.5,60.5,27.243768364607018,60.08,away,high,under,low,,-0.025059127000899184,"blend of 5 margin source(s) (fitted weights): espn_fpi, sagarin_predictor, sagarin_rating, fei, team_rankings; total from fei"
2026-08-29T19:30:00.000Z,1,NC State,Virginia,Scott Stadium,no,61500,3.6,ENE,81.2,0,757.14,700.18,-4,51,8.308449207122294,51.08,home,high,over,low,home,0.12710061786566507,"blend of 5 margin source(s) (fitted weights): espn_fpi, sagarin_predictor, sagarin_rating, fei, team_rankings; total from fei"
2026-08-29T21:30:00.000Z,1,Jacksonville State,North Dakota State,Fargodome,yes,18700,,,,,602.83,515.59,-7,46.5,8.228436422846176,53.72,home,medium,over,high,,-0.040451670530661676,"blend of 5 margin source(s) (fitted weights): espn_fpi, sagarin_predictor, sagarin_rating, fei, team_rankings; total from fei"
2026-08-29T22:30:00.000Z,1,Sacramento State,Eastern Michigan,Rynearson Stadium,no,30200,8.3,SW,81,1,561.42,580.64,-8.5,52.5,7.417320365377375,57.56,away,medium,over,medium,away,-0.0692561624836594,"blend of 5 margin source(s) (fitted weights): espn_fpi, sagarin_predictor, sagarin_rating, fei, team_rankings; total from fei"
2026-08-29T23:00:00.000Z,1,Hawai'i,Stanford,Stanford Stadium,no,50424,9.1,NNW,81.1,0,556.82,705.81,-4.5,48.5,5.9041800738601244,50.480000000000004,home,medium,over,low,,0.007036089969451931,"blend of 5 margin source(s) (fitted weights): espn_fpi, sagarin_predictor, sagarin_rating, fei, team_rankings; total from fei"
2026-08-29T23:00:00.000Z,1,New Mexico State,Florida State,Doak Campbell Stadium,no,67277,5.1,SE,84.9,6,460.38,800.2,-30.5,53.5,23.988426904443987,53.480000000000004,away,high,under,low,,-0.02077937119305262,"blend of 5 margin source(s) (fitted weights): espn_fpi, sagarin_predictor, sagarin_rating, fei, team_rankings; total from fei"
2026-08-30T02:00:00.000Z,1,Memphis,UNLV,Allegiant Stadium,yes,65000,,,,,670.31,696.03,-4,55.5,1.6423203505742299,56.6,away,medium,over,low,away,-0.07556065532819489,"blend of 5 margin source(s) (fitted weights): espn_fpi, sagarin_predictor, sagarin_rating, fei, team_rankings; total from fei"
2026-09-03T22:00:00.000Z,1,Massachusetts,Rutgers,SHI Stadium,no,52454,7.7,W,85.7,37,525.94,709.04,-28.5,51.5,24.268584334160497,60.56,away,high,over,high,,-0.02249478170242214,"blend of 5 margin source(s) (fitted weights): espn_fpi, sagarin_predictor, sagarin_rating, fei, team_rankings; total from fei"
2026-09-03T23:00:00.000Z,1,Akron,Wake Forest,Allegacy Federal Credit Union Stadium,no,31500,11.2,SSW,95.2,3,546.84,680.87,-24.5,48.5,21.39269734890631,47.24,away,high,under,low,,-0.02627678451476323,"blend of 5 margin source(s) (fitted weights): espn_fpi, sagarin_predictor, sagarin_rating, fei, team_rankings; total from fei"
2026-09-04T00:00:00.000Z,1,Colorado,Georgia Tech,Bobby Dodd Stadium,no,55000,9,SSE,84.5,10,731.62,751.65,-6.5,50.5,4.583252617214527,54.68,away,medium,over,medium,away,-0.08742762363402912,"blend of 5 margin source(s) (fitted weights): espn_fpi, sagarin_predictor, sagarin_rating, fei, team_rankings; total from fei"
2026-09-04T01:00:00.000Z,1,UAB,Illinois,"Memorial Stadium (Champaign, IL)",no,60670,5.1,E,81.7,2,606.18,704.01,-28.5,57,23.715599572193067,58.04,away,high,over,low,,-0.023642324668992853,"blend of 5 margin source(s) (fitted weights): espn_fpi, sagarin_predictor, sagarin_rating, fei, team_rankings; total from fei"
2026-09-04T22:30:00.000Z,1,San José State,Eastern Michigan,Rynearson Stadium,no,30200,6.1,SSE,83.8,15,569.25,580.64,-3.5,54.5,0.29722760480041854,54.68,away,high,over,low,away,-0.11505589867207888,"blend of 5 margin source(s) (fitted weights): espn_fpi, sagarin_predictor, sagarin_rating, fei, team_rankings; total from fei"
2026-09-05T00:00:00.000Z,1,UTEP,Oklahoma,"Memorial Stadium (Norman, OK)",no,86112,11.2,SSE,89,3,585.76,851.14,-41.5,51,34.05220259067341,44.599999999999994,away,high,under,high,,,"blend of 5 margin source(s) (fitted weights): espn_fpi, sagarin_predictor, sagarin_rating, fei, team_rankings; total from fei"
2026-09-05T00:00:00.000Z,1,Toledo,Michigan State,Spartan Stadium,no,75005,9.5,NE,71.8,13,556.26,685.02,-10,47.5,6.81830918242332,50.36,away,high,over,medium,away,-0.11183453578744074,"blend of 5 margin source(s) (fitted weights): espn_fpi, sagarin_predictor, sagarin_rating, fei, team_rankings; total from fei"
2026-09-05T01:00:00.000Z,1,Miami,Stanford,Stanford Stadium,no,50424,10.4,WNW,69,0,885.94,705.81,24.5,47.5,-18.326481053864473,50,home,high,over,medium,home,0.07228243830517642,"blend of 5 margin source(s) (fitted weights): espn_fpi, sagarin_predictor, sagarin_rating, fei, team_rankings; total from fei"
2026-09-05T01:00:00.000Z,1,Fresno State,USC,Los Angeles Memorial Coliseum,no,77500,9.9,S,78.8,3,609.75,899,-22.5,51.5,20.18590263757455,56.480000000000004,away,medium,over,medium,,-0.034659431624828985,"blend of 5 margin source(s) (fitted weights): espn_fpi, sagarin_predictor, sagarin_rating, fei, team_rankings; total from fei"
2026-09-05T16:00:00.000Z,1,North Texas,Indiana,"Memorial Stadium (Bloomington, IN)",no,52656,7.4,WNW,92,10,602.08,735.26,-40.5,56.5,30.79659329892695,58.64,away,high,over,medium,,,"blend of 6 margin source(s) (fitted weights): espn_fpi, sagarin_predictor, sagarin_rating, fei, team_rankings, predictiontracker; total from fei"
2026-09-05T16:00:00.000Z,1,Liberty,James Madison,Bridgeforth Stadium,no,24877,3.8,NNW,78.8,33,633.35,588.31,-6,50.5,13.913113552903717,53.96,home,high,over,medium,home,0.14408408660270933,"blend of 6 margin source(s) (fitted weights): espn_fpi, sagarin_predictor, sagarin_rating, fei, team_rankings, predictiontracker; total from fei"
2026-09-05T16:00:00.000Z,1,Ohio,Nebraska,"Memorial Stadium (Lincoln, NE)",no,85458,4,SSW,91.8,1,522.84,787.45,-23.5,46.5,17.599978439545325,53.36,away,high,over,high,away,-0.07133891339461884,"blend of 6 margin source(s) (fitted weights): espn_fpi, sagarin_predictor, sagarin_rating, fei, team_rankings, predictiontracker; total from fei"
2026-09-05T16:00:00.000Z,1,East Carolina,Alabama,Bryant-Denny Stadium,no,101821,1.5,NNW,93.5,1,623.79,973.53,-28,52.5,21.868019506419035,52.040000000000006,away,high,under,low,,-0.02257110981338717,"blend of 6 margin source(s) (fitted weights): espn_fpi, sagarin_predictor, sagarin_rating, fei, team_rankings, predictiontracker; total from fei"
2026-09-05T16:00:00.000Z,1,Coastal Carolina,West Virginia,Milan Puskar Stadium,no,60000,5.9,WSW,77.2,15,573.96,707.6,-21,55,15.04261204704019,51.68,away,high,under,medium,home,0.3402679265944305,"blend of 6 margin source(s) (fitted weights): espn_fpi, sagarin_predictor, sagarin_rating, fei, team_rankings, predictiontracker; total from fei"
2026-09-05T16:00:00.000Z,1,Oregon State,Houston,TDECU Stadium,no,40000,1.6,NW,89.7,6,635.79,695.93,-20.5,50.5,20.204029925966783,53.239999999999995,away,low,over,medium,,0.012124665536224266,"blend of 6 margin source(s) (fitted weights): espn_fpi, sagarin_predictor, sagarin_rating, fei, team_rankings, predictiontracker; total from fei"
2026-09-05T16:30:00.000Z,1,Ball State,Ohio State,Ohio Stadium,no,102780,7.5,W,78.9,9,563.88,964.27,-51,56.5,48.55566001278264,49.4,away,medium,under,high,,,"blend of 6 margin source(s) (fitted weights): espn_fpi, sagarin_predictor, sagarin_rating, fei, team_rankings, predictiontracker; total from fei"
2026-09-05T16:30:00.000Z,1,Miami (OH),Pittsburgh,Acrisure Stadium,no,68400,0.9,NE,71.1,7,621.37,675.02,-16,47,17.486680785980077,45.56,home,medium,under,low,,0.015327329479746354,"blend of 6 margin source(s) (fitted weights): espn_fpi, sagarin_predictor, sagarin_rating, fei, team_rankings, predictiontracker; total from fei"
2026-09-05T16:45:00.000Z,1,Kent State,South Carolina,Williams-Brice Stadium,no,80250,3,SW,95.9,0,522.83,862.87,-36.5,53.5,31.37362534471016,51.44,away,high,under,medium,home,0.475051899768562,"blend of 6 margin source(s) (fitted weights): espn_fpi, sagarin_predictor, sagarin_rating, fei, team_rankings, predictiontracker; total from fei"
2026-09-05T19:30:00.000Z,1,Marshall,Penn State,Beaver Stadium,no,106572,6.7,N,76.2,0,594.71,774.04,-23.5,52,25.048571304422293,50.96,home,medium,under,low,,0.02021868232922852,"blend of 6 margin source(s) (fitted weights): espn_fpi, sagarin_predictor, sagarin_rating, fei, team_rankings, predictiontracker; total from fei"
2026-09-05T19:30:00.000Z,1,Tulane,Duke,Wallace Wade Stadium,no,40004,24.3,NW,80.1,11,665.11,668.47,-7.5,51.5,6.026224293249496,56.599999999999994,away,medium,over,low,away,-0.08676332129053788,"blend of 6 margin source(s) (fitted weights): espn_fpi, sagarin_predictor, sagarin_rating, fei, team_rankings, predictiontracker; total from fei; high wind (24.3mph) forced total confidence to low"
2026-09-05T19:30:00.000Z,1,Baylor,Auburn,Mercedes-Benz Stadium,yes,75000,,,,,723.28,828.19,-7.5,59.5,8.217387634520755,51.92,home,low,under,high,,-0.013314040400058458,"blend of 6 margin source(s) (fitted weights): espn_fpi, sagarin_predictor, sagarin_rating, fei, team_rankings, predictiontracker; total from fei"
2026-09-05T19:30:00.000Z,1,Boise State,Oregon,Autzen Stadium,no,54000,3.1,NNW,64,1,641.17,984.33,-24.5,51.5,24.243966907644346,54.44,away,low,over,medium,,-0.0005273543180354112,"blend of 6 margin source(s) (fitted weights): espn_fpi, sagarin_predictor, sagarin_rating, fei, team_rankings, predictiontracker; total from fei"
2026-09-05T19:30:00.000Z,1,Texas State,Texas,DKR-Texas Memorial Stadium,no,100119,6,SE,96,3,624.81,985.17,-29.5,59.5,27.69917345665309,54.8,away,medium,under,medium,,0.0004573786185895212,"blend of 6 margin source(s) (fitted weights): espn_fpi, sagarin_predictor, sagarin_rating, fei, team_rankings, predictiontracker; total from fei"
2026-09-05T19:30:00.000Z,1,Boston College,Cincinnati,Nippert Stadium,no,40000,7.6,NW,93.2,5,660,634.28,-7.5,50.5,10.2410136699493,58.04,home,medium,over,high,,0.016855095180767,"blend of 6 margin source(s) (fitted weights): espn_fpi, sagarin_predictor, sagarin_rating, fei, team_rankings, predictiontracker; total from fei"
2026-09-05T19:45:00.000Z,1,Oklahoma State,Tulsa,Chapman Stadium,no,30000,2.9,S,101,0,672.69,622.84,13.5,59.5,-4.984937154120729,49.28,home,high,under,high,home,0.19494696352015844,"blend of 6 margin source(s) (fitted weights): espn_fpi, sagarin_predictor, sagarin_rating, fei, team_rankings, predictiontracker; total from fei"
2026-09-05T20:15:00.000Z,1,Northern Illinois,Iowa,Kinnick Stadium,no,69250,8.2,NE,93.8,0,536.58,722.73,-32,44.5,30.64822412942806,43.76,away,medium,under,low,,0.00935927587353702,"blend of 6 margin source(s) (fitted weights): espn_fpi, sagarin_predictor, sagarin_rating, fei, team_rankings, predictiontracker; total from fei"
2026-09-05T22:00:00.000Z,1,Wyoming,Colorado State,Canvas Stadium,no,36500,9.5,ESE,93.3,4,528.29,640.31,-3,46.5,2.275743730480027,47.599999999999994,away,low,over,low,,-0.026440211946493153,"blend of 6 margin source(s) (fitted weights): espn_fpi, sagarin_predictor, sagarin_rating, fei, team_rankings, predictiontracker; total from fei"
2026-09-05T23:00:00.000Z,1,Sam Houston,Troy,Veterans Memorial Stadium (AL),no,30000,6.2,WSW,88.5,7,554.47,596.19,-16.5,54,16.0859267087618,45.44,away,low,under,high,,-0.04189535349806717,"blend of 5 margin source(s) (fitted weights): sagarin_predictor, sagarin_rating, fei, team_rankings, predictiontracker; total from fei"
2026-09-05T23:00:00.000Z,1,Florida International,South Florida,Raymond James Stadium,no,65828,6,WNW,83.7,4,607.56,703.81,-14.5,52,13.850121032966364,51.2,away,low,under,low,,0.02337246190673037,"blend of 2 margin source(s) (fitted weights): espn_fpi, fei; total from fei"
2026-09-05T23:00:00.000Z,1,Arkansas State,Memphis,Simmons Bank Liberty Stadium,no,58325,8.3,NW,99,2,606.22,670.31,-11,53.5,13.363924094054841,52.519999999999996,home,medium,under,low,home,0.057338620554896025,"blend of 6 margin source(s) (fitted weights): espn_fpi, sagarin_predictor, sagarin_rating, fei, team_rankings, predictiontracker; total from fei"
2026-09-05T23:00:00.000Z,1,Missouri State,Texas A&M,Kyle Field,no,102733,6.3,SE,90.7,10,549.92,933,-40.5,53.5,34.35301003788171,55.64,away,high,over,medium,,,"blend of 6 margin source(s) (fitted weights): espn_fpi, sagarin_predictor, sagarin_rating, fei, team_rankings, predictiontracker; total from fei"
2026-09-05T23:30:00.000Z,1,Western Michigan,Michigan,Michigan Stadium,no,107601,4.8,NE,74.2,0,572.2,890.02,-27.5,49.5,22.86021364830616,50.84,away,high,over,low,,-0.008981469506754491,"blend of 6 margin source(s) (fitted weights): espn_fpi, sagarin_predictor, sagarin_rating, fei, team_rankings, predictiontracker; total from fei"
2026-09-05T23:30:00.000Z,1,Clemson,LSU,Tiger Stadium (LA),no,102321,2.2,W,89.7,22,862.85,931.76,-9.5,50.5,7.412702969838907,47.239999999999995,away,medium,under,medium,away,-0.10989803228472583,"blend of 6 margin source(s) (fitted weights): espn_fpi, sagarin_predictor, sagarin_rating, fei, team_rankings, predictiontracker; total from fei"
2026-09-05T23:30:00.000Z,1,UL Monroe,Mississippi State,Davis Wade Stadium,no,61337,3,NW,97,2,505.49,804.53,-28.5,55,25.104085220867823,52.64,away,high,under,medium,,-0.021250657057023892,"blend of 6 margin source(s) (fitted weights): espn_fpi, sagarin_predictor, sagarin_rating, fei, team_rankings, predictiontracker; total from fei"
2026-09-05T23:45:00.000Z,1,Florida Atlantic,Florida,Ben Hill Griffin Stadium,no,88548,3.8,WSW,81.5,7,593.36,891.07,-26.5,59.5,23.514641018966483,53.36,away,medium,under,high,,-0.00320333187198496,"blend of 6 margin source(s) (fitted weights): espn_fpi, sagarin_predictor, sagarin_rating, fei, team_rankings, predictiontracker; total from fei"
2026-09-06T02:00:00.000Z,1,Central Michigan,New Mexico,University Stadium (NM),no,39224,3.2,SSW,83.3,3,540.01,568.19,-10.5,47,11.467366135923744,49.760000000000005,home,low,over,medium,,-0.04663549431165992,"blend of 6 margin source(s) (fitted weights): espn_fpi, sagarin_predictor, sagarin_rating, fei, team_rankings, predictiontracker; total from fei"
2026-09-06T02:00:00.000Z,1,UNLV,Hawai'i,Clarence T.C. Ching Athletics Complex,no,15194,12.2,NE,79.9,36,696.03,556.82,3,55.5,-0.5461777376763918,56.120000000000005,home,medium,over,low,home,0.06621618287276171,"blend of 6 margin source(s) (fitted weights): espn_fpi, sagarin_predictor, sagarin_rating, fei, team_rankings, predictiontracker; total from fei"
2026-09-06T02:30:00.000Z,1,Western Kentucky,Nevada,Mackay Stadium,no,27000,17.7,W,64.2,3,611.52,549.99,1.5,51.5,-3.770884135710973,49.879999999999995,away,medium,under,low,away,-0.09748931114346182,"blend of 6 margin source(s) (fitted weights): espn_fpi, sagarin_predictor, sagarin_rating, fei, team_rankings, predictiontracker; total from fei"
2026-09-06T02:30:00.000Z,1,UCLA,California,California Memorial Stadium,no,62467,5.7,NW,67.5,0,774.45,751.92,2.5,53.5,1.4872238170578878,53,home,high,under,low,home,0.07977254955479346,"blend of 6 margin source(s) (fitted weights): espn_fpi, sagarin_predictor, sagarin_rating, fei, team_rankings, predictiontracker; total from fei"
2026-09-06T20:00:00.000Z,1,Washington State,Washington,Husky Stadium,no,70138,7.7,N,72.4,0,630.29,777.63,-23.5,51.5,18.11180467375298,50.84,away,high,under,low,away,-0.054635859808235376,"blend of 6 margin source(s) (fitted weights): espn_fpi, sagarin_predictor, sagarin_rating, fei, team_rankings, predictiontracker; total from fei"
2026-09-06T23:30:00.000Z,1,Wisconsin,Notre Dame,Lambeau Field,no,80735,2.7,E,71.9,0,767.68,953.03,-20.5,46.5,21.52834145491108,46.400000000000006,home,medium,under,low,,-0.0028497931974927893,"blend of 6 margin source(s) (fitted weights): espn_fpi, sagarin_predictor, sagarin_rating, fei, team_rankings, predictiontracker; total from fei"
2026-09-06T23:30:00.000Z,1,Louisville,Ole Miss,Nissan Stadium,no,69143,9,N,93.5,3,739.97,885.72,-6.5,55,9.747523491424765,54.56,home,high,under,low,,0.028648736260686425,"blend of 6 margin source(s) (fitted weights): espn_fpi, sagarin_predictor, sagarin_rating, fei, team_rankings, predictiontracker; total from fei"
2026-09-07T23:30:00.000Z,1,SMU,Florida State,Doak Campbell Stadium,no,67277,4.2,WSW,73.5,83,764.5,800.2,3,53.5,-2.3658537793292234,57.56,home,low,over,medium,,0.02421693731701252,"blend of 6 margin source(s) (fitted weights): espn_fpi, sagarin_predictor, sagarin_rating, fei, team_rankings, predictiontracker; total from fei"
2026-09-11T23:30:00.000Z,2,Rutgers,Boston College,"Alumni Stadium (Chestnut Hill, MA)",no,44500,8.6,NNW,64.3,2,709.04,660,,,2.6324956650257754,60.32,,,,,,,"blend of 5 margin source(s) (fitted weights): espn_fpi, sagarin_predictor, sagarin_rating, fei, team_rankings; total from fei"
2026-09-12T00:00:00.000Z,2,Missouri,Kansas,Memorial Stadium,no,47000,10.3,ENE,80.1,6,808.36,684.51,6.5,51.5,-3.377329632667961,57.2,home,high,over,medium,home,0.07388647190622599,"blend of 5 margin source(s) (fitted weights): espn_fpi, sagarin_predictor, sagarin_rating, fei, team_rankings; total from fei"
2026-09-12T16:00:00.000Z,2,Old Dominion,Virginia Tech,Lane Stadium,no,65632,4.5,E,63.4,10,544.25,769.12,-14.5,51.5,10.877974026560032,49.760000000000005,away,high,under,low,away,-0.07541594899974602,"blend of 5 margin source(s) (fitted weights): espn_fpi, sagarin_predictor, sagarin_rating, fei, team_rankings; total from fei"
2026-09-12T16:00:00.000Z,2,Washington State,Kansas State,Bill Snyder Family Stadium,no,50000,9,SE,88.6,10,630.29,718.67,-16.5,51.5,11.467979213099856,49.519999999999996,away,high,under,low,away,-0.10885753885545324,"blend of 5 margin source(s) (fitted weights): espn_fpi, sagarin_predictor, sagarin_rating, fei, team_rankings; total from fei"
2026-09-12T16:00:00.000Z,2,Oregon,Oklahoma State,Boone Pickens Stadium,no,55509,14.6,WSW,100.2,8,984.33,672.69,19.5,60.5,-19.133372940257676,53.96,home,low,under,high,,0.002836905520085281,"blend of 5 margin source(s) (fitted weights): espn_fpi, sagarin_predictor, sagarin_rating, fei, team_rankings; total from fei"
2026-09-12T16:00:00.000Z,2,Arizona State,Texas A&M,Kyle Field,no,102733,7.9,SSW,90.7,4,722,933,-14.5,50.5,14.842740536942344,50.72,home,low,over,low,,0.01134410463434532,"blend of 5 margin source(s) (fitted weights): espn_fpi, sagarin_predictor, sagarin_rating, fei, team_rankings; total from fei"
2026-09-12T16:00:00.000Z,2,Oklahoma,Michigan,Michigan Stadium,no,107601,7.3,SSE,70.5,10,851.14,890.02,1.5,46.5,1.272045756756341,49.28,home,medium,over,medium,,0.049047864228493054,"blend of 5 margin source(s) (fitted weights): espn_fpi, sagarin_predictor, sagarin_rating, fei, team_rankings; total from fei"
2026-09-12T16:00:00.000Z,2,South Florida,Army,Michie Stadium,no,38000,1.9,NW,68.4,2,703.81,303.83,-1.5,52.5,-0.33078552860094945,53.72,away,medium,over,low,,-0.025611350470495342,"blend of 5 margin source(s) (fitted weights): espn_fpi, sagarin_predictor, sagarin_rating, fei, team_rankings; total from fei"
2026-09-12T16:00:00.000Z,2,Penn State,Temple,Lincoln Financial Field,no,69879,2.7,N,72.6,5,774.04,631.07,21.5,51.5,-19.336164549763843,55.4,home,medium,over,medium,,0.033133616128223256,"blend of 5 margin source(s) (fitted weights): espn_fpi, sagarin_predictor, sagarin_rating, fei, team_rankings; total from fei"
2026-09-12T16:00:00.000Z,2,App State,East Carolina,Dowdy-Ficklen Stadium,no,50000,8.9,NE,68.2,8,621.61,623.79,-10,56.5,10.583180353076408,54.08,home,low,under,medium,,-0.01135071238383678,"blend of 5 margin source(s) (fitted weights): espn_fpi, sagarin_predictor, sagarin_rating, fei, team_rankings; total from fei"
2026-09-12T16:00:00.000Z,2,Wake Forest,Purdue,Ross-Ade Stadium,no,57282,8.4,SE,70.5,9,680.87,698.33,3.5,49.5,-1.4930336698765525,48.92,home,medium,under,low,,0.04581939509883415,"blend of 5 margin source(s) (fitted weights): espn_fpi, sagarin_predictor, sagarin_rating, fei, team_rankings; total from fei"
2026-09-12T16:45:00.000Z,2,Western Kentucky,Georgia,Sanford Stadium,no,92746,5.8,ENE,80,9,611.52,1003.67,-35.5,52.5,29.89272338410317,54.2,away,high,over,low,,,"blend of 5 margin source(s) (fitted weights): espn_fpi, sagarin_predictor, sagarin_rating, fei, team_rankings; total from fei"
2026-09-12T19:30:00.000Z,2,Utah State,Washington,Husky Stadium,no,70138,0.7,NNW,71.6,13,543.98,777.63,-24.5,56.5,20.385326557015812,55.879999999999995,away,high,under,low,,-0.027133109725516746,"blend of 5 margin source(s) (fitted weights): espn_fpi, sagarin_predictor, sagarin_rating, fei, team_rankings; total from fei"
2026-09-12T19:30:00.000Z,2,Eastern Michigan,Michigan State,Spartan Stadium,no,75005,7.4,SSE,78.4,5,580.64,685.02,-16.5,51.5,17.17013132648348,53.96,home,low,over,medium,,-0.004619411391739381,"blend of 5 margin source(s) (fitted weights): espn_fpi, sagarin_predictor, sagarin_rating, fei, team_rankings; total from fei"
2026-09-12T19:30:00.000Z,2,California,Syracuse,JMA Wireless Dome,yes,49057,,,,,751.92,745.61,1.5,52.5,0.3864175152009424,48.68000000000001,home,medium,under,medium,,0.03137313293953936,"blend of 5 margin source(s) (fitted weights): espn_fpi, sagarin_predictor, sagarin_rating, fei, team_rankings; total from fei"
2026-09-12T19:30:00.000Z,2,Maryland,UConn,Pratt & Whitney Stadium,no,40000,5.9,WNW,77.7,3,719.64,652.56,12.5,53.5,-8.777898188038517,52.4,home,high,under,low,home,0.06313894666895153,"blend of 5 margin source(s) (fitted weights): espn_fpi, sagarin_predictor, sagarin_rating, fei, team_rankings; total from fei"
2026-09-12T19:30:00.000Z,2,Duke,Illinois,"Memorial Stadium (Champaign, IL)",no,60670,7.3,ESE,79.6,9,668.47,704.01,-8.5,56.5,6.593643437784304,59.36,away,medium,over,medium,away,-0.06588462182459198,"blend of 5 margin source(s) (fitted weights): espn_fpi, sagarin_predictor, sagarin_rating, fei, team_rankings; total from fei"
2026-09-12T19:30:00.000Z,2,Alabama,Kentucky,Kroger Field,no,61000,6.2,ENE,78.7,6,973.53,786.65,10.5,48.5,-10.105602411747473,49.4,home,low,over,low,,0.03532941246978116,"blend of 5 margin source(s) (fitted weights): espn_fpi, sagarin_predictor, sagarin_rating, fei, team_rankings; total from fei"
2026-09-12T19:30:00.000Z,2,Mississippi State,Minnesota,Huntington Bank Stadium,no,50850,13.3,S,85.9,7,804.53,728.79,-2.5,53.5,1.9509483563947083,52.4,away,low,under,low,,0.005780966127212017,"blend of 5 margin source(s) (fitted weights): espn_fpi, sagarin_predictor, sagarin_rating, fei, team_rankings; total from fei"
2026-09-12T19:30:00.000Z,2,UTSA,Texas State,Bobcat Stadium (TX),no,30000,13.1,SSE,98.6,11,655.82,624.81,-1.5,64.5,1.8290192826731593,59,home,low,under,medium,,0.02814136222848085,"blend of 5 margin source(s) (fitted weights): espn_fpi, sagarin_predictor, sagarin_rating, fei, team_rankings; total from fei"
2026-09-12T19:30:00.000Z,2,Rice,Notre Dame,Notre Dame Stadium,no,80795,8.1,SSE,72.4,9,589.89,953.03,-44.5,52.5,38.708295561531294,49.879999999999995,away,high,under,medium,,,"blend of 5 margin source(s) (fitted weights): espn_fpi, sagarin_predictor, sagarin_rating, fei, team_rankings; total from fei"
2026-09-12T19:30:00.000Z,2,Arizona,BYU,LaVell Edwards Stadium,no,63470,2.9,W,80.6,17,699.59,689.42,-7,51.5,7.325496109630758,53.72,home,low,over,medium,,,"blend of 5 margin source(s) (fitted weights): espn_fpi, sagarin_predictor, sagarin_rating, fei, team_rankings; total from fei"
2026-09-12T19:30:00.000Z,2,UCF,Pittsburgh,Acrisure Stadium,no,68400,2.9,SE,78,13,672.14,675.02,-8.5,51.5,5.019363207551717,46.16,away,high,under,medium,away,-0.08641421378013536,"blend of 3 margin source(s) (fitted weights): espn_fpi, fei, team_rankings; total from fei"
2026-09-12T19:30:00.000Z,2,UL Monroe,UAB,Protective Stadium,no,45000,4,SW,90.1,25,505.49,606.18,-7.5,54.5,6.066303941173959,55.04,away,medium,over,low,away,-0.06584175571567807,"blend of 5 margin source(s) (fitted weights): espn_fpi, sagarin_predictor, sagarin_rating, fei, team_rankings; total from fei"
2026-09-12T19:45:00.000Z,2,UNLV,North Texas,DATCU Stadium,no,30850,14.3,S,104.3,5,696.03,602.08,6.5,61.5,-0.10356321190393558,61.64,home,high,over,low,home,0.16106589247737152,"blend of 5 margin source(s) (fitted weights): espn_fpi, sagarin_predictor, sagarin_rating, fei, team_rankings; total from fei"
2026-09-12T20:15:00.000Z,2,Delaware,Vanderbilt,FirstBank Stadium,no,40351,1.5,SSE,86.7,10,483.48,727.39,-21.5,55.5,19.10954903716276,61.16,away,medium,over,medium,,-0.028613626465232245,"blend of 5 margin source(s) (fitted weights): espn_fpi, sagarin_predictor, sagarin_rating, fei, team_rankings; total from fei"
2026-09-12T22:00:00.000Z,2,Jacksonville State,Ohio,Peden Stadium,no,24000,0.9,NNE,77.6,7,602.83,522.84,-2.5,48.5,7.537197062656743,51.56,home,high,over,medium,home,0.1487387991716187,"blend of 5 margin source(s) (fitted weights): espn_fpi, sagarin_predictor, sagarin_rating, fei, team_rankings; total from fei"
2026-09-12T22:00:00.000Z,2,Memphis,Boise State,Albertsons Stadium,no,36387,12.3,NW,76.8,8,670.31,641.17,-6.5,52.5,5.8947858674308025,52.519999999999996,away,low,over,low,away,-0.05644064392580006,"blend of 5 margin source(s) (fitted weights): espn_fpi, sagarin_predictor, sagarin_rating, fei, team_rankings; total from fei"
2026-09-12T22:00:00.000Z,2,Buffalo,Florida International,Pitbull Stadium,no,20000,10.3,SE,90.2,47,549.31,607.56,,,2.1841658710474405,44.599999999999994,,,,,,,"blend of 2 margin source(s) (fitted weights): espn_fpi, fei; total from fei"
2026-09-12T23:00:00.000Z,2,Middle Tennessee,Marshall,Joan C. Edwards Stadium,no,38016,4.7,SE,73.7,7,571.5,594.71,-17.5,57.5,10.532038194297908,51.32,away,high,under,high,away,-0.12728094292747294,"blend of 5 margin source(s) (fitted weights): espn_fpi, sagarin_predictor, sagarin_rating, fei, team_rankings; total from fei"
2026-09-12T23:00:00.000Z,2,Tennessee,Georgia Tech,Bobby Dodd Stadium,no,55000,6.1,E,83.3,35,885.9,751.65,10.5,56.5,-7.708977500943489,59.239999999999995,home,medium,over,medium,home,0.10171359813344685,"blend of 5 margin source(s) (fitted weights): espn_fpi, sagarin_predictor, sagarin_rating, fei, team_rankings; total from fei"
2026-09-12T23:00:00.000Z,2,Tulsa,Sam Houston,Elliott T. Bowers Stadium,no,14000,5.2,SSE,94.2,13,622.84,554.47,10.5,53.5,-5.792091533809692,48.8,home,high,under,medium,home,0.1355070962366531,"blend of 5 margin source(s) (fitted weights): espn_fpi, sagarin_predictor, sagarin_rating, fei, team_rankings; total from fei"
2026-09-12T23:00:00.000Z,2,South Alabama,Tulane,Yulman Stadium,no,30000,7.7,SW,91,42,573.38,665.11,-10,55.5,12.828914627126206,54.44,home,medium,under,low,,0.028667802675652942,"blend of 5 margin source(s) (fitted weights): espn_fpi, sagarin_predictor, sagarin_rating, fei, team_rankings; total from fei"
2026-09-12T23:00:00.000Z,2,Bowling Green,Nebraska,"Memorial Stadium (Lincoln, NE)",no,85458,12.3,S,100.4,11,568.33,787.45,-25.5,48.5,22.626985940925305,47.36,away,medium,under,low,,-0.02491529139283899,"blend of 5 margin source(s) (fitted weights): espn_fpi, sagarin_predictor, sagarin_rating, fei, team_rankings; total from fei"
2026-09-12T23:00:00.000Z,2,Georgia State,Kennesaw State,Fifth Third Stadium,no,11040,4.5,E,82.8,33,573.83,502.86,,,7.639473371383455,55.519999999999996,,,,,,,"blend of 5 margin source(s) (fitted weights): espn_fpi, sagarin_predictor, sagarin_rating, fei, team_rankings; total from fei"
2026-09-12T23:15:00.000Z,2,San Diego State,UCLA,Rose Bowl,no,88565,9.5,SW,85.8,1,609.22,774.45,-10,48.5,5.248321474891184,48.67999999999999,away,high,over,low,away,-0.12226087158302568,"blend of 5 margin source(s) (fitted weights): espn_fpi, sagarin_predictor, sagarin_rating, fei, team_rankings; total from fei"
2026-09-12T23:30:00.000Z,2,Louisiana Tech,LSU,Tiger Stadium (LA),no,102321,5.9,S,88.9,49,543.02,931.76,,,27.912269972513837,48.8,,,,,,,"blend of 5 margin source(s) (fitted weights): espn_fpi, sagarin_predictor, sagarin_rating, fei, team_rankings; total from fei"
2026-09-12T23:30:00.000Z,2,Iowa State,Iowa,Kinnick Stadium,no,69250,10.8,SE,77,4,669.55,722.73,-12.5,41.5,11.766676879700576,43.76,away,low,over,medium,away,-0.05816631998239763,"blend of 5 margin source(s) (fitted weights): espn_fpi, sagarin_predictor, sagarin_rating, fei, team_rankings; total from fei"
2026-09-12T23:30:00.000Z,2,Ohio State,Texas,DKR-Texas Memorial Stadium,no,100119,10.1,SSE,101,10,964.27,985.17,-1.5,47.5,-1.8007022611611334,49.76,away,high,over,medium,away,-0.06216808899857046,"blend of 5 margin source(s) (fitted weights): espn_fpi, sagarin_predictor, sagarin_rating, fei, team_rankings; total from fei"
2026-09-12T23:30:00.000Z,2,Navy,Florida Atlantic,FAU Stadium,no,29419,9.3,ESE,88.9,50,195.68,593.36,,,-6.261841237525088,56.84,,,,,,,"blend of 5 margin source(s) (fitted weights): espn_fpi, sagarin_predictor, sagarin_rating, fei, team_rankings; total from fei"
2026-09-12T23:30:00.000Z,2,Texas Tech,Oregon State,Reser Stadium,no,43363,7.9,NNE,78.8,11,767.89,635.79,27.5,49.5,-21.83265699093883,45.68,home,high,under,medium,,0.03524967991476202,"blend of 5 margin source(s) (fitted weights): espn_fpi, sagarin_predictor, sagarin_rating, fei, team_rankings; total from fei"
2026-09-12T23:30:00.000Z,2,Georgia Southern,Clemson,"Memorial Stadium (Clemson, SC)",no,81500,8.5,ENE,74.2,31,634.19,862.85,-26.5,57.5,22.487346592905094,55.400000000000006,away,high,under,medium,,-0.026204128097756185,"blend of 4 margin source(s) (fitted weights): espn_fpi, sagarin_predictor, sagarin_rating, fei; total from fei"
2026-09-12T23:45:00.000Z,2,Charlotte,Ole Miss,Vaught-Hemingway Stadium,no,64038,9,SW,86.1,15,576.77,885.72,,,33.53717713182988,55.76,,,,,,,"blend of 4 margin source(s) (fitted weights): sagarin_predictor, sagarin_rating, fei, team_rankings; total from fei"
2026-09-12T23:45:00.000Z,2,Southern Miss,Auburn,Jordan-Hare Stadium,no,87451,2.1,SSE,85,27,602.63,828.19,,,24.775216913639312,,,,,,,,"blend of 4 margin source(s) (fitted weights): espn_fpi, sagarin_predictor, sagarin_rating, team_rankings"
2026-09-13T02:00:00.000Z,2,North Dakota State,Air Force,Falcon Stadium,no,46692,4.3,NW,64.4,21,515.59,272.35,,,0.9035699243993083,60.56,,,,,,,"blend of 5 margin source(s) (fitted weights): espn_fpi, sagarin_predictor, sagarin_rating, fei, team_rankings; total from fei"
2026-09-13T02:15:00.000Z,2,Arkansas,Utah,Rice-Eccles Stadium,no,51444,2.1,SSW,79.3,19,745.48,695.72,-9.5,56.5,9.158845902135372,59.72,away,low,over,medium,,-0.04070453119286199,"blend of 5 margin source(s) (fitted weights): espn_fpi, sagarin_predictor, sagarin_rating, fei, team_rankings; total from fei"
2026-09-13T02:30:00.000Z,2,Sacramento State,Fresno State,Valley Children's Stadium,no,41031,13.8,NW,88,2,561.42,609.75,,,15.483719294257543,46.879999999999995,,,,,,,"blend of 5 margin source(s) (fitted weights): espn_fpi, sagarin_predictor, sagarin_rating, fei, team_rankings; total from fei"
2026-09-13T03:00:00.000Z,2,Louisiana,USC,Los Angeles Memorial Coliseum,no,77500,6.2,SW,78.5,0,590.94,899,-28.5,63.5,25.26826717083645,62.12,away,high,under,low,,-0.014971915643342992,"blend of 5 margin source(s) (fitted weights): espn_fpi, sagarin_predictor, sagarin_rating, fei, team_rankings; total from fei"
2026-09-13T03:59:00.000Z,2,New Mexico State,Hawai'i,Clarence T.C. Ching Athletics Complex,no,15194,6.6,NE,80,13,460.38,556.82,-11.5,51.5,9.687743724161585,53.36,away,medium,over,low,,-0.0383307866358924,"blend of 5 margin source(s) (fitted weights): espn_fpi, sagarin_predictor, sagarin_rating, fei, team_rankings; total from fei"
2026-09-17T23:30:00.000Z,3,Syracuse,Pittsburgh,Acrisure Stadium,no,68400,4.5,SW,73.2,6,745.61,675.02,,,10.181315115415696,45.8,,,,,,,"blend of 5 margin source(s) (fitted weights): espn_fpi, sagarin_predictor, sagarin_rating, fei, team_rankings; total from fei"
2026-09-18T23:30:00.000Z,3,Miami,Wake Forest,Allegacy Federal Credit Union Stadium,no,31500,2.7,N,82,9,885.94,680.87,,,-14.544405224130188,48.2,,,,,,,"blend of 5 margin source(s) (fitted weights): espn_fpi, sagarin_predictor, sagarin_rating, fei, team_rankings; total from fei"
2026-09-19T00:00:00.000Z,3,Houston,Texas Tech,Jones AT&T Stadium,no,60454,15.9,S,89.5,3,695.93,767.89,-13.5,,13.854111426392045,47.480000000000004,home,low,,,,,"blend of 5 margin source(s) (fitted weights): espn_fpi, sagarin_predictor, sagarin_rating, fei, team_rankings; total from fei"
2026-09-19T15:30:00.000Z,3,Coastal Carolina,Delaware,Delaware Stadium,no,22000,4.1,ESE,73.2,1,573.96,483.48,,,5.626845167685143,54.2,,,,,,,"blend of 5 margin source(s) (fitted weights): espn_fpi, sagarin_predictor, sagarin_rating, fei, team_rankings; total from fei"
2026-09-19T16:00:00.000Z,3,Kent State,Ohio State,Ohio Stadium,no,102780,5.2,SW,82.7,7,522.83,964.27,,,45.62761080979643,55.040000000000006,,,,,,,"blend of 5 margin source(s) (fitted weights): espn_fpi, sagarin_predictor, sagarin_rating, fei, team_rankings; total from fei"
2026-09-19T16:00:00.000Z,3,Akron,Minnesota,Huntington Bank Stadium,no,50850,14.4,SSW,94.5,27,546.84,728.79,,,22.099906925976832,49.879999999999995,,,,,,,"blend of 5 margin source(s) (fitted weights): espn_fpi, sagarin_predictor, sagarin_rating, fei, team_rankings; total from fei"
2026-09-19T16:00:00.000Z,3,North Texas,Texas State,Bobcat Stadium (TX),no,30000,8.1,S,86.8,7,602.08,624.81,,,3.1888082294299975,63.56,,,,,,,"blend of 5 margin source(s) (fitted weights): espn_fpi, sagarin_predictor, sagarin_rating, fei, team_rankings; total from fei"
2026-09-19T16:00:00.000Z,3,Tulane,Kansas State,Bill Snyder Family Stadium,no,50000,22.1,SSW,95.8,11,665.11,718.67,,,8.474937854459938,52.04,,,,,,,"blend of 5 margin source(s) (fitted weights): espn_fpi, sagarin_predictor, sagarin_rating, fei, team_rankings; total from fei"
2026-09-19T16:00:00.000Z,3,Georgia,Arkansas,Razorback Stadium,no,80000,12.3,SSW,90,14,1003.67,745.48,,,-14.898111865087788,59.480000000000004,,,,,,,"blend of 5 margin source(s) (fitted weights): espn_fpi, sagarin_predictor, sagarin_rating, fei, team_rankings; total from fei"
2026-09-19T16:00:00.000Z,3,Bowling Green,Iowa State,Jack Trice Stadium,no,61500,20.9,SSW,93.2,22,568.33,669.55,,,16.762834386426373,46.040000000000006,,,,,,,"blend of 5 margin source(s) (fitted weights): espn_fpi, sagarin_predictor, sagarin_rating, fei, team_rankings; total from fei"
2026-09-19T16:00:00.000Z,3,Buffalo,Penn State,Beaver Stadium,no,106572,8.8,SSE,74.9,2,549.31,774.04,,,28.0665282165293,47.36,,,,,,,"blend of 5 margin source(s) (fitted weights): espn_fpi, sagarin_predictor, sagarin_rating, fei, team_rankings; total from fei"
2026-09-19T16:00:00.000Z,3,North Carolina,Clemson,"Memorial Stadium (Clemson, SC)",no,81500,2.1,SSE,88.6,8,767.89,862.85,,,9.867739445947866,48.68,,,,,,,"blend of 5 margin source(s) (fitted weights): espn_fpi, sagarin_predictor, sagarin_rating, fei, team_rankings; total from fei"
2026-09-19T16:00:00.000Z,3,Arizona State,Kansas,Wembley Stadium,no,90000,5.2,W,65,5,722,684.51,,,1.4179553151786666,58.28,,,,,,,"blend of 5 margin source(s) (fitted weights): espn_fpi, sagarin_predictor, sagarin_rating, fei, team_rankings; total from fei"
2026-09-19T16:30:00.000Z,3,Eastern Michigan,Wisconsin,Camp Randall Stadium,no,80321,15.2,SSW,89.2,17,580.64,767.68,,,21.68903565625144,47.72,,,,,,,"blend of 5 margin source(s) (fitted weights): espn_fpi, sagarin_predictor, sagarin_rating, fei, team_rankings; total from fei"
2026-09-19T16:45:00.000Z,3,NC State,Vanderbilt,FirstBank Stadium,no,40351,2.8,SSW,92,10,757.14,727.39,,,11.187131460989878,59.84,,,,,,,"blend of 5 margin source(s) (fitted weights): espn_fpi, sagarin_predictor, sagarin_rating, fei, team_rankings; total from fei"
2026-09-19T17:00:00.000Z,3,Wyoming,Central Michigan,Kelly/Shorts Stadium,no,30255,11.6,SSW,96.2,13,528.29,540.01,,,2.1798360189815984,45.32,,,,,,,"blend of 5 margin source(s) (fitted weights): espn_fpi, sagarin_predictor, sagarin_rating, fei, team_rankings; total from fei"
2026-09-19T19:00:00.000Z,3,Temple,Toledo,Glass Bowl,no,26038,5.4,WSW,96.4,7,631.07,556.26,,,7.346509334468112,52.64,,,,,,,"blend of 5 margin source(s) (fitted weights): espn_fpi, sagarin_predictor, sagarin_rating, fei, team_rankings; total from fei"
2026-09-19T19:30:00.000Z,3,Florida State,Alabama,Bryant-Denny Stadium,no,101821,5.3,ESE,94.4,10,800.2,973.53,-15.5,52.5,14.3221882416465,57.32,away,medium,over,medium,,-0.007691985735462592,"blend of 5 margin source(s) (fitted weights): espn_fpi, sagarin_predictor, sagarin_rating, fei, team_rankings; total from fei"
2026-09-19T19:30:00.000Z,3,SMU,Louisville,L&N Federal Credit Union Stadium,no,60000,5.3,SSE,88.2,6,764.5,739.97,-1.5,56.5,1.4061808662811461,50.6,away,low,under,medium,,0.024182306432846246,"blend of 5 margin source(s) (fitted weights): espn_fpi, sagarin_predictor, sagarin_rating, fei, team_rankings; total from fei"
2026-09-19T19:30:00.000Z,3,USC,Rutgers,SHI Stadium,no,52454,8.1,E,71.1,5,899,709.04,,,-14.681007356715405,68,,,,,,,"blend of 5 margin source(s) (fitted weights): espn_fpi, sagarin_predictor, sagarin_rating, fei, team_rankings; total from fei"
2026-09-19T19:30:00.000Z,3,Miami (OH),Cincinnati,TQL Stadium,no,26000,5,SSW,87.2,12,621.37,634.28,,,12.832345613244645,53.599999999999994,,,,,,,"blend of 5 margin source(s) (fitted weights): espn_fpi, sagarin_predictor, sagarin_rating, fei, team_rankings; total from fei"
2026-09-19T19:30:00.000Z,3,Utah State,Utah,Rice-Eccles Stadium,no,51444,3.5,WNW,65.3,12,543.98,695.72,,,20.216956090116913,56.36,,,,,,,"blend of 5 margin source(s) (fitted weights): espn_fpi, sagarin_predictor, sagarin_rating, fei, team_rankings; total from fei"
2026-09-19T19:30:00.000Z,3,Kentucky,Texas A&M,Kyle Field,no,102733,6.8,SE,94.7,4,786.65,933,,,14.492053260312662,47.72,,,,,,,"blend of 5 margin source(s) (fitted weights): espn_fpi, sagarin_predictor, sagarin_rating, fei, team_rankings; total from fei"
2026-09-19T19:30:00.000Z,3,UTEP,Michigan,Michigan Stadium,no,107601,8.3,SSW,97.3,13,585.76,890.02,,,34.30024503629209,50.6,,,,,,,"blend of 5 margin source(s) (fitted weights): espn_fpi, sagarin_predictor, sagarin_rating, fei, team_rankings; total from fei"
2026-09-19T20:00:00.000Z,3,Louisiana Tech,Baylor,McLane Stadium,no,45140,7.6,SE,99,6,543.02,723.28,,,16.629653423790664,53.84,,,,,,,"blend of 5 margin source(s) (fitted weights): espn_fpi, sagarin_predictor, sagarin_rating, fei, team_rankings; total from fei"
2026-09-19T20:00:00.000Z,3,Western Kentucky,Indiana,"Memorial Stadium (Bloomington, IN)",no,52656,5.3,SSW,95.7,11,611.52,735.26,,,29.1788853638371,52.04,,,,,,,"blend of 5 margin source(s) (fitted weights): espn_fpi, sagarin_predictor, sagarin_rating, fei, team_rankings; total from fei"
2026-09-19T20:00:00.000Z,3,Ball State,Liberty,Williams Stadium (VA),no,25000,4.8,ESE,78.9,2,563.88,633.35,,,11.960654145125645,53,,,,,,,"blend of 5 margin source(s) (fitted weights): espn_fpi, sagarin_predictor, sagarin_rating, fei, team_rankings; total from fei"
2026-09-19T20:00:00.000Z,3,Stanford,Duke,Wallace Wade Stadium,no,40004,3.6,E,84.3,3,705.81,668.47,,,8.672016065412095,55.28,,,,,,,"blend of 5 margin source(s) (fitted weights): espn_fpi, sagarin_predictor, sagarin_rating, fei, team_rankings; total from fei"
2026-09-19T20:15:00.000Z,3,Mississippi State,South Carolina,Williams-Brice Stadium,no,80250,9,NE,93.2,9,804.53,862.87,,,7.984529224421552,49.16,,,,,,,"blend of 5 margin source(s) (fitted weights): espn_fpi, sagarin_predictor, sagarin_rating, fei, team_rankings; total from fei"
2026-09-19T22:00:00.000Z,3,East Carolina,Old Dominion,S.B. Ballard Stadium,no,20118,10,ENE,77.3,19,623.79,544.25,,,0.5337335770999976,47.36,,,,,,,"blend of 5 margin source(s) (fitted weights): espn_fpi, sagarin_predictor, sagarin_rating, fei, team_rankings; total from fei"
2026-09-19T22:00:00.000Z,3,Charlotte,App State,Kidd Brewer Stadium,no,30000,2.4,SE,70.2,22,576.77,621.61,,,10.019495478391967,53.599999999999994,,,,,,,"blend of 4 margin source(s) (fitted weights): sagarin_predictor, sagarin_rating, fei, team_rankings; total from fei"
2026-09-19T22:00:00.000Z,3,Florida International,Florida Atlantic,FAU Stadium,no,29419,13.1,ENE,87.8,51,607.56,593.36,,,4.203905802295642,52.4,,,,,,,"blend of 2 margin source(s) (fitted weights): espn_fpi, fei; total from fei"
2026-09-19T22:30:00.000Z,3,Marshall,Missouri State,Plaster Sports Complex,no,17337,9,S,97.4,5,594.71,549.92,,,-1.0774691634970053,54.8,,,,,,,"blend of 5 margin source(s) (fitted weights): espn_fpi, sagarin_predictor, sagarin_rating, fei, team_rankings; total from fei"
2026-09-19T23:00:00.000Z,3,Nevada,Middle Tennessee,"Johnny ""Red"" Floyd Stadium",no,30788,2.3,ENE,85.3,3,549.99,571.5,,,-0.9574958772736699,50.480000000000004,,,,,,,"blend of 5 margin source(s) (fitted weights): espn_fpi, sagarin_predictor, sagarin_rating, fei, team_rankings; total from fei"
2026-09-19T23:00:00.000Z,3,Ohio,South Alabama,Hancock Whitney Stadium,no,25450,4.6,E,81.9,32,522.84,573.38,,,0.5583009491012432,55.64,,,,,,,"blend of 5 margin source(s) (fitted weights): espn_fpi, sagarin_predictor, sagarin_rating, fei, team_rankings; total from fei"
2026-09-19T23:00:00.000Z,3,Western Michigan,Rice,Rice Stadium,no,47000,10.8,ESE,89.8,13,572.2,589.89,,,-5.406014188734315,47,,,,,,,"blend of 5 margin source(s) (fitted weights): espn_fpi, sagarin_predictor, sagarin_rating, fei, team_rankings; total from fei"
2026-09-19T23:00:00.000Z,3,Florida,Auburn,Jordan-Hare Stadium,no,87451,4.7,E,82.4,28,891.07,828.19,1.5,53.5,2.204248366501636,47.36,home,high,under,high,home,0.05911691544867825,"blend of 5 margin source(s) (fitted weights): espn_fpi, sagarin_predictor, sagarin_rating, fei, team_rankings; total from fei"
2026-09-19T23:00:00.000Z,3,Georgia State,UCF,FBC Mortgage Stadium,no,44206,9.1,ENE,82.1,30,573.83,672.14,,,16.644201170134476,52.16,,,,,,,"blend of 3 margin source(s) (fitted weights): espn_fpi, fei, team_rankings; total from fei"
2026-09-19T23:00:00.000Z,3,Troy,Missouri,Memorial Stadium,no,71168,7.3,SSW,96.6,12,596.19,808.36,,,19.092125027128365,45.67999999999999,,,,,,,"blend of 4 margin source(s) (fitted weights): sagarin_predictor, sagarin_rating, fei, team_rankings; total from fei"
2026-09-19T23:00:00.000Z,3,UConn,Southern Miss,M. M. Roberts Stadium,no,36000,0.6,SE,83.4,24,652.56,602.63,,,4.994731636901669,,,,,,,,"blend of 4 margin source(s) (fitted weights): espn_fpi, sagarin_predictor, sagarin_rating, team_rankings"
2026-09-19T23:00:00.000Z,3,Georgia Southern,Jacksonville State,AmFirst Stadium,no,24000,4.5,SE,82.5,23,634.19,602.83,,,-0.6499984252986779,57.08,,,,,,,"blend of 4 margin source(s) (fitted weights): espn_fpi, sagarin_predictor, sagarin_rating, fei; total from fei"
2026-09-19T23:30:00.000Z,3,West Virginia,Virginia,Bank of America Stadium,no,73778,7.3,SE,83.4,5,707.6,700.18,,,10.892038034382523,49.64,,,,,,,"blend of 5 margin source(s) (fitted weights): espn_fpi, sagarin_predictor, sagarin_rating, fei, team_rankings; total from fei"
2026-09-19T23:30:00.000Z,3,Michigan State,Notre Dame,Notre Dame Stadium,no,80795,8.1,S,83.8,10,685.02,953.03,,,24.915543659461147,52.64,,,,,,,"blend of 5 margin source(s) (fitted weights): espn_fpi, sagarin_predictor, sagarin_rating, fei, team_rankings; total from fei"
2026-09-19T23:30:00.000Z,3,New Mexico,Oklahoma,"Memorial Stadium (Norman, OK)",no,86112,7.6,SSW,94.7,5,568.19,851.14,,,23.26407530730004,47.120000000000005,,,,,,,"blend of 5 margin source(s) (fitted weights): espn_fpi, sagarin_predictor, sagarin_rating, fei, team_rankings; total from fei"
2026-09-19T23:30:00.000Z,3,Virginia Tech,Maryland,SECU Stadium,no,51802,5.4,ESE,76.8,11,769.12,719.64,,,-0.41902635283641887,50.84,,,,,,,"blend of 5 margin source(s) (fitted weights): espn_fpi, sagarin_predictor, sagarin_rating, fei, team_rankings; total from fei"
2026-09-19T23:30:00.000Z,3,BYU,Colorado State,Canvas Stadium,no,36500,13.4,SSE,79.6,7,689.42,640.31,,,-19.955328742816327,54.32,,,,,,,"blend of 5 margin source(s) (fitted weights): espn_fpi, sagarin_predictor, sagarin_rating, fei, team_rankings; total from fei"
2026-09-19T23:30:00.000Z,3,LSU,Ole Miss,Vaught-Hemingway Stadium,no,64038,4.4,SSE,86.3,5,931.76,885.72,-1.5,57.5,1.631786646176842,55.400000000000006,home,low,under,medium,,-0.002127112586437385,"blend of 5 margin source(s) (fitted weights): espn_fpi, sagarin_predictor, sagarin_rating, fei, team_rankings; total from fei"
2026-09-19T23:30:00.000Z,3,Colorado,Northwestern,Lanny and Sharon Martin Stadium,no,12023,7.9,S,89.6,13,731.62,688.32,,,2.84891552290049,48.92,,,,,,,"blend of 5 margin source(s) (fitted weights): espn_fpi, sagarin_predictor, sagarin_rating, fei, team_rankings; total from fei"
2026-09-19T23:45:00.000Z,3,Kennesaw State,Tennessee,Neyland Stadium,no,102455,3.3,ENE,82.1,12,502.86,885.9,,,24.019591758839212,57.08,,,,,,,"blend of 5 margin source(s) (fitted weights): espn_fpi, sagarin_predictor, sagarin_rating, fei, team_rankings; total from fei"
2026-09-20T00:00:00.000Z,3,Arkansas State,TCU,Amon G. Carter Stadium,no,46000,9.5,ESE,98.2,3,606.22,730.79,,,16.449242647974458,50.24,,,,,,,"blend of 5 margin source(s) (fitted weights): espn_fpi, sagarin_predictor, sagarin_rating, fei, team_rankings; total from fei"
2026-09-20T00:00:00.000Z,3,UAB,Louisiana,Cajun Field,no,41426,7.7,SSE,83.2,39,606.18,590.94,,,7.6473869459966615,56.24,,,,,,,"blend of 5 margin source(s) (fitted weights): espn_fpi, sagarin_predictor, sagarin_rating, fei, team_rankings; total from fei"
2026-09-20T00:00:00.000Z,3,UTSA,Texas,DKR-Texas Memorial Stadium,no,100119,9.6,SE,97.5,10,655.82,985.17,,,27.66495182902051,52.519999999999996,,,,,,,"blend of 5 margin source(s) (fitted weights): espn_fpi, sagarin_predictor, sagarin_rating, fei, team_rankings; total from fei"
2026-09-20T02:00:00.000Z,3,James Madison,San Diego State,Snapdragon Stadium,no,35000,5,W,75.4,0,588.31,609.22,,,2.9076086377420545,45.56,,,,,,,"blend of 5 margin source(s) (fitted weights): espn_fpi, sagarin_predictor, sagarin_rating, fei, team_rankings; total from fei"
2026-09-20T02:30:00.000Z,3,North Dakota State,Sacramento State,Hornet Stadium,no,21195,3.6,S,84.3,2,515.59,561.42,,,-11.835786537398008,52.76,,,,,,,"blend of 5 margin source(s) (fitted weights): espn_fpi, sagarin_predictor, sagarin_rating, fei, team_rankings; total from fei"
2026-09-20T02:30:00.000Z,3,Northern Illinois,Arizona,Arizona Stadium,no,50782,6.9,NNW,93.6,14,536.58,699.59,,,22.783514145314765,51.08,,,,,,,"blend of 5 margin source(s) (fitted weights): espn_fpi, sagarin_predictor, sagarin_rating, fei, team_rankings; total from fei"
2026-09-20T03:00:00.000Z,3,Purdue,UCLA,Rose Bowl,no,88565,1.9,SW,77.6,0,698.33,774.45,,,5.548667932160992,54.2,,,,,,,"blend of 5 margin source(s) (fitted weights): espn_fpi, sagarin_predictor, sagarin_rating, fei, team_rankings; total from fei"
2026-09-20T03:00:00.000Z,3,Fresno State,San José State,CEFCU Stadium,no,30456,4.9,NNW,73.5,0,609.75,569.25,,,-0.8846286503702279,48.32,,,,,,,"blend of 5 margin source(s) (fitted weights): espn_fpi, sagarin_predictor, sagarin_rating, fei, team_rankings; total from fei"
2026-09-24T23:30:00.000Z,4,Liberty,Coastal Carolina,Brooks Stadium (SC),no,21000,,,,,633.35,573.96,,,-1.059926433330764,55.400000000000006,,,,,,,"blend of 5 margin source(s) (fitted weights): espn_fpi, sagarin_predictor, sagarin_rating, fei, team_rankings; total from fei"
2026-09-25T20:00:00.000Z,4,Army,Temple,Lincoln Financial Field,no,69879,,,,,303.83,631.07,,,-2.397285553594171,55.16,,,,,,,"blend of 5 margin source(s) (fitted weights): espn_fpi, sagarin_predictor, sagarin_rating, fei, team_rankings; total from fei"
2026-09-25T23:00:00.000Z,4,Navy,UAB,Protective Stadium,no,45000,,,,,195.68,606.18,,,-9.73596956812489,57.8,,,,,,,"blend of 5 margin source(s) (fitted weights): espn_fpi, sagarin_predictor, sagarin_rating, fei, team_rankings; total from fei"
2026-09-26T00:00:00.000Z,4,Northwestern,Indiana,"Memorial Stadium (Bloomington, IN)",no,52656,,,,,688.32,735.26,,,21.322883970445634,49.400000000000006,,,,,,,"blend of 5 margin source(s) (fitted weights): espn_fpi, sagarin_predictor, sagarin_rating, fei, team_rankings; total from fei"
2026-09-26T02:30:00.000Z,4,Clemson,California,California Memorial Stadium,no,62467,,,,,862.85,751.92,,,-7.0336514344527465,48.08,,,,,,,"blend of 5 margin source(s) (fitted weights): espn_fpi, sagarin_predictor, sagarin_rating, fei, team_rankings; total from fei"
2026-09-26T04:00:00.000Z,4,Southern Miss,Tulane,Yulman Stadium,no,30000,,,,,602.63,665.11,,,12.176460814541159,,,,,,,,"blend of 4 margin source(s) (fitted weights): espn_fpi, sagarin_predictor, sagarin_rating, team_rankings"
2026-09-26T04:00:00.000Z,4,Minnesota,Washington,Husky Stadium,no,70138,,,,,728.79,777.63,,,9.871671854291144,52.879999999999995,,,,,,,"blend of 5 margin source(s) (fitted weights): espn_fpi, sagarin_predictor, sagarin_rating, fei, team_rankings; total from fei"
2026-09-26T04:00:00.000Z,4,Missouri,Mississippi State,Davis Wade Stadium,no,61337,,,,,808.36,804.53,,,-2.7338112718566774,51.56,,,,,,,"blend of 5 margin source(s) (fitted weights): espn_fpi, sagarin_predictor, sagarin_rating, fei, team_rankings; total from fei"
2026-09-26T04:00:00.000Z,4,Ball State,Kent State,Dix Stadium,no,25319,,,,,563.88,522.83,,,2.305535816252827,53.239999999999995,,,,,,,"blend of 5 margin source(s) (fitted weights): espn_fpi, sagarin_predictor, sagarin_rating, fei, team_rankings; total from fei"
2026-09-26T04:00:00.000Z,4,Massachusetts,Sacramento State,Hornet Stadium,no,21195,,,,,525.94,561.42,,,0.9784731203393621,53.84,,,,,,,"blend of 5 margin source(s) (fitted weights): espn_fpi, sagarin_predictor, sagarin_rating, fei, team_rankings; total from fei"
2026-09-26T04:00:00.000Z,4,Notre Dame,Purdue,Ross-Ade Stadium,no,57282,,,,,953.03,698.33,,,-21.600720051419433,52.400000000000006,,,,,,,"blend of 5 margin source(s) (fitted weights): espn_fpi, sagarin_predictor, sagarin_rating, fei, team_rankings; total from fei"
2026-09-26T04:00:00.000Z,4,Delaware,Virginia,Scott Stadium,no,61500,,,,,483.48,700.18,,,19.512358536741385,52.16,,,,,,,"blend of 5 margin source(s) (fitted weights): espn_fpi, sagarin_predictor, sagarin_rating, fei, team_rankings; total from fei"
2026-09-26T04:00:00.000Z,4,Oklahoma State,West Virginia,Milan Puskar Stadium,no,60000,,,,,672.69,707.6,,,1.5201291506748902,50.120000000000005,,,,,,,"blend of 5 margin source(s) (fitted weights): espn_fpi, sagarin_predictor, sagarin_rating, fei, team_rankings; total from fei"
2026-09-26T04:00:00.000Z,4,Louisiana,Charlotte,Jerry Richardson Stadium,no,15300,,,,,590.94,576.77,,,-5.728581636865554,51.32,,,,,,,"blend of 4 margin source(s) (fitted weights): sagarin_predictor, sagarin_rating, fei, team_rankings; total from fei"
2026-09-26T04:00:00.000Z,4,Iowa,Michigan,Michigan Stadium,no,107601,,,,,722.73,890.02,,,7.247156843866003,46.28,,,,,,,"blend of 5 margin source(s) (fitted weights): espn_fpi, sagarin_predictor, sagarin_rating, fei, team_rankings; total from fei"
2026-09-26T04:00:00.000Z,4,Missouri State,SMU,Gerald J. Ford Stadium,no,32000,,,,,549.92,764.5,,,23.51333809484241,57.56,,,,,,,"blend of 5 margin source(s) (fitted weights): espn_fpi, sagarin_predictor, sagarin_rating, fei, team_rankings; total from fei"
2026-09-26T04:00:00.000Z,4,Boise State,Western Michigan,Waldo Stadium,no,30200,,,,,641.17,572.2,,,-5.0738688937944385,48.32,,,,,,,"blend of 5 margin source(s) (fitted weights): espn_fpi, sagarin_predictor, sagarin_rating, fei, team_rankings; total from fei"
2026-09-26T04:00:00.000Z,4,UNLV,Akron,InfoCision Stadium,no,30000,,,,,696.03,546.84,,,-10.977968468840654,53.36,,,,,,,"blend of 5 margin source(s) (fitted weights): espn_fpi, sagarin_predictor, sagarin_rating, fei, team_rankings; total from fei"
2026-09-26T04:00:00.000Z,4,South Carolina,Alabama,Bryant-Denny Stadium,no,101821,,,,,862.87,973.53,,,10.787671657126317,48.92,,,,,,,"blend of 5 margin source(s) (fitted weights): espn_fpi, sagarin_predictor, sagarin_rating, fei, team_rankings; total from fei"
2026-09-26T04:00:00.000Z,4,San Diego State,Toledo,Glass Bowl,no,26038,,,,,609.22,556.26,,,-0.9793196769698091,44.599999999999994,,,,,,,"blend of 5 margin source(s) (fitted weights): espn_fpi, sagarin_predictor, sagarin_rating, fei, team_rankings; total from fei"
2026-09-26T04:00:00.000Z,4,Texas A&M,LSU,Tiger Stadium (LA),no,102321,,,,,933,931.76,-3,56.5,1.4276718898552887,49.519999999999996,away,medium,under,high,,-0.04744234133534153,"blend of 5 margin source(s) (fitted weights): espn_fpi, sagarin_predictor, sagarin_rating, fei, team_rankings; total from fei"
2026-09-26T04:00:00.000Z,4,Kansas State,Cincinnati,Nippert Stadium,no,40000,,,,,718.67,634.28,,,-0.7054551154147892,56.599999999999994,,,,,,,"blend of 5 margin source(s) (fitted weights): espn_fpi, sagarin_predictor, sagarin_rating, fei, team_rankings; total from fei"
2026-09-26T04:00:00.000Z,4,TCU,UCF,FBC Mortgage Stadium,no,44206,,,,,730.79,672.14,,,1.6309534771717704,49.04,,,,,,,"blend of 3 margin source(s) (fitted weights): espn_fpi, fei, team_rankings; total from fei"
2026-09-26T04:00:00.000Z,4,Illinois,Ohio State,Ohio Stadium,no,102780,,,,,704.01,964.27,,,21.811823940907853,54.08,,,,,,,"blend of 5 margin source(s) (fitted weights): espn_fpi, sagarin_predictor, sagarin_rating, fei, team_rankings; total from fei"
2026-09-26T04:00:00.000Z,4,Air Force,Nevada,Mackay Stadium,no,27000,,,,,272.35,549.99,,,-3.3184390888361306,57.2,,,,,,,"blend of 5 margin source(s) (fitted weights): espn_fpi, sagarin_predictor, sagarin_rating, fei, team_rankings; total from fei"
2026-09-26T04:00:00.000Z,4,Virginia Tech,Boston College,"Alumni Stadium (Chestnut Hill, MA)",no,44500,,,,,769.12,660,,,-4.946522174491925,55.28,,,,,,,"blend of 5 margin source(s) (fitted weights): espn_fpi, sagarin_predictor, sagarin_rating, fei, team_rankings; total from fei"
2026-09-26T04:00:00.000Z,4,Vanderbilt,Auburn,Jordan-Hare Stadium,no,87451,,,,,727.39,828.19,,,4.535864055984965,55.76,,,,,,,"blend of 5 margin source(s) (fitted weights): espn_fpi, sagarin_predictor, sagarin_rating, fei, team_rankings; total from fei"
2026-09-26T04:00:00.000Z,4,Sam Houston,Texas Tech,Jones AT&T Stadium,no,60454,,,,,554.47,767.89,,,37.14504163453848,44.12,,,,,,,"blend of 5 margin source(s) (fitted weights): espn_fpi, sagarin_predictor, sagarin_rating, fei, team_rankings; total from fei"
2026-09-26T04:00:00.000Z,4,Northern Illinois,Georgia State,Center Parc Stadium,no,25000,,,,,536.58,573.83,,,3.4108730089022536,53.36,,,,,,,"blend of 5 margin source(s) (fitted weights): espn_fpi, sagarin_predictor, sagarin_rating, fei, team_rankings; total from fei"
2026-09-26T04:00:00.000Z,4,Oregon,USC,Los Angeles Memorial Coliseum,no,77500,,,,,984.33,899,5.5,58.5,-6.458991327663231,64.75999999999999,away,low,over,high,,0.01825276037405993,"blend of 5 margin source(s) (fitted weights): espn_fpi, sagarin_predictor, sagarin_rating, fei, team_rankings; total from fei"
2026-09-26T04:00:00.000Z,4,App State,NC State,Carter-Finley Stadium,no,58000,,,,,621.61,757.14,,,12.056029651248277,55.64,,,,,,,"blend of 5 margin source(s) (fitted weights): espn_fpi, sagarin_predictor, sagarin_rating, fei, team_rankings; total from fei"
2026-09-26T04:00:00.000Z,4,Oklahoma,Georgia,Sanford Stadium,no,92746,,,,,851.14,1003.67,-10,52.5,8.11247460258571,49.519999999999996,away,medium,under,medium,away,-0.07196910221811692,"blend of 5 margin source(s) (fitted weights): espn_fpi, sagarin_predictor, sagarin_rating, fei, team_rankings; total from fei"
2026-09-26T04:00:00.000Z,4,Houston,Georgia Southern,Allen E. Paulson Stadium,no,25000,,,,,695.93,634.19,,,-12.493831545510673,59.96,,,,,,,"blend of 4 margin source(s) (fitted weights): espn_fpi, sagarin_predictor, sagarin_rating, fei; total from fei"
2026-09-26T04:00:00.000Z,4,Ole Miss,Florida,Ben Hill Griffin Stadium,no,88548,,,,,885.72,891.07,,,-1.659898475324423,55.879999999999995,,,,,,,"blend of 5 margin source(s) (fitted weights): espn_fpi, sagarin_predictor, sagarin_rating, fei, team_rankings; total from fei"
2026-09-26T04:00:00.000Z,4,UConn,Miami (OH),Yager Stadium,no,24286,,,,,652.56,621.37,,,5.2647386390687,52.400000000000006,,,,,,,"blend of 5 margin source(s) (fitted weights): espn_fpi, sagarin_predictor, sagarin_rating, fei, team_rankings; total from fei"
2026-09-26T04:00:00.000Z,4,South Florida,Bowling Green,Doyt L. Perry Stadium,no,24000,,,,,703.81,568.33,,,-9.39633166743577,48.32,,,,,,,"blend of 5 margin source(s) (fitted weights): espn_fpi, sagarin_predictor, sagarin_rating, fei, team_rankings; total from fei"
2026-09-26T04:00:00.000Z,4,Wake Forest,Louisville,L&N Federal Credit Union Stadium,no,60000,,,,,680.87,739.97,,,8.005716166108538,46.04,,,,,,,"blend of 5 margin source(s) (fitted weights): espn_fpi, sagarin_predictor, sagarin_rating, fei, team_rankings; total from fei"
2026-09-26T04:00:00.000Z,4,James Madison,Old Dominion,S.B. Ballard Stadium,no,20118,,,,,588.31,544.25,,,-0.11166674618937578,47,,,,,,,"blend of 5 margin source(s) (fitted weights): espn_fpi, sagarin_predictor, sagarin_rating, fei, team_rankings; total from fei"
2026-09-26T04:00:00.000Z,4,Nebraska,Michigan State,Spartan Stadium,no,75005,,,,,787.45,685.02,,,-3.4650277576877597,53,,,,,,,"blend of 5 margin source(s) (fitted weights): espn_fpi, sagarin_predictor, sagarin_rating, fei, team_rankings; total from fei"
2026-09-26T04:00:00.000Z,4,Florida Atlantic,UL Monroe,Malone Stadium,no,27617,,,,,593.36,505.49,,,-4.351739837193428,54.08,,,,,,,"blend of 5 margin source(s) (fitted weights): espn_fpi, sagarin_predictor, sagarin_rating, fei, team_rankings; total from fei"
2026-09-26T04:00:00.000Z,4,Utah,Iowa State,Jack Trice Stadium,no,61500,,,,,695.72,669.55,,,-7.143265519992701,53.24,,,,,,,"blend of 5 margin source(s) (fitted weights): espn_fpi, sagarin_predictor, sagarin_rating, fei, team_rankings; total from fei"
2026-09-26T04:00:00.000Z,4,Wisconsin,Penn State,Beaver Stadium,no,106572,,,,,767.68,774.04,,,10.106601273869494,46.879999999999995,,,,,,,"blend of 5 margin source(s) (fitted weights): espn_fpi, sagarin_predictor, sagarin_rating, fei, team_rankings; total from fei"
2026-09-26T04:00:00.000Z,4,UCLA,Maryland,SECU Stadium,no,51802,,,,,774.45,719.64,,,2.191350814900999,51.2,,,,,,,"blend of 5 margin source(s) (fitted weights): espn_fpi, sagarin_predictor, sagarin_rating, fei, team_rankings; total from fei"
2026-09-26T04:00:00.000Z,4,Colorado,Baylor,McLane Stadium,no,45140,,,,,731.62,723.28,,,5.229751574377001,54.56,,,,,,,"blend of 5 margin source(s) (fitted weights): espn_fpi, sagarin_predictor, sagarin_rating, fei, team_rankings; total from fei"
2026-09-26T04:00:00.000Z,4,Colorado State,UTSA,Alamodome,yes,36582,,,,,640.31,655.82,,,10.210227847344253,54.92,,,,,,,"blend of 5 margin source(s) (fitted weights): espn_fpi, sagarin_predictor, sagarin_rating, fei, team_rankings; total from fei"
2026-09-26T16:00:00.000Z,4,Texas,Tennessee,Neyland Stadium,no,102455,,,,,985.17,885.9,6.5,56.5,-5.17588439749854,53.959999999999994,home,medium,under,medium,home,0.07332318247797232,"blend of 5 margin source(s) (fitted weights): espn_fpi, sagarin_predictor, sagarin_rating, fei, team_rankings; total from fei"
2026-09-26T16:45:00.000Z,4,South Alabama,Kentucky,Kroger Field,no,61000,,,,,573.38,786.65,,,17.54693669972878,51.2,,,,,,,"blend of 5 margin source(s) (fitted weights): espn_fpi, sagarin_predictor, sagarin_rating, fei, team_rankings; total from fei"
2026-09-26T19:00:00.000Z,4,Hawai'i,Wyoming,War Memorial Stadium,no,29181,,,,,556.82,528.29,,,-2.540171301250535,48.44,,,,,,,"blend of 5 margin source(s) (fitted weights): espn_fpi, sagarin_predictor, sagarin_rating, fei, team_rankings; total from fei"
2026-09-26T19:30:00.000Z,4,New Mexico,New Mexico State,Aggie Memorial Stadium,no,28853,,,,,568.19,460.38,,,-6.032636010218654,51.44,,,,,,,"blend of 5 margin source(s) (fitted weights): espn_fpi, sagarin_predictor, sagarin_rating, fei, team_rankings; total from fei"
2026-09-26T22:30:00.000Z,4,Central Michigan,Miami,Hard Rock Stadium,no,64767,,,,,540.01,885.94,,,34.35628607683609,49.88,,,,,,,"blend of 5 margin source(s) (fitted weights): espn_fpi, sagarin_predictor, sagarin_rating, fei, team_rankings; total from fei"
2026-09-26T23:00:00.000Z,4,Kennesaw State,Arkansas State,Centennial Bank Stadium,no,30382,,,,,502.86,606.22,,,0.4042401967134004,52.400000000000006,,,,,,,"blend of 5 margin source(s) (fitted weights): espn_fpi, sagarin_predictor, sagarin_rating, fei, team_rankings; total from fei"
2026-09-26T23:00:00.000Z,4,Middle Tennessee,Jacksonville State,AmFirst Stadium,no,24000,,,,,571.5,602.83,,,5.457608937476353,51.56,,,,,,,"blend of 5 margin source(s) (fitted weights): espn_fpi, sagarin_predictor, sagarin_rating, fei, team_rankings; total from fei"
2026-09-26T23:30:00.000Z,4,Troy,Utah State,Maverik Stadium,no,25513,,,,,596.19,543.98,,,2.9962522667262266,49.52,,,,,,,"blend of 4 margin source(s) (fitted weights): sagarin_predictor, sagarin_rating, fei, team_rankings; total from fei"
2026-09-26T23:30:00.000Z,4,Arizona,Washington State,Gesa Field,no,32952,,,,,699.59,630.29,,,-6.5210364678456685,49.16,,,,,,,"blend of 5 margin source(s) (fitted weights): espn_fpi, sagarin_predictor, sagarin_rating, fei, team_rankings; total from fei"
2026-09-27T00:00:00.000Z,4,Tulsa,Arkansas,Razorback Stadium,no,80000,,,,,622.84,745.48,,,15.992385393834422,56.239999999999995,,,,,,,"blend of 5 margin source(s) (fitted weights): espn_fpi, sagarin_predictor, sagarin_rating, fei, team_rankings; total from fei"
2026-09-27T01:00:00.000Z,4,Oregon State,UTEP,Sun Bowl,no,51500,,,,,635.79,585.76,,,-6.7987386465383715,48.68,,,,,,,"blend of 5 margin source(s) (fitted weights): espn_fpi, sagarin_predictor, sagarin_rating, fei, team_rankings; total from fei"
2026-09-27T02:00:00.000Z,4,Rice,Fresno State,Valley Children's Stadium,no,41031,,,,,589.89,609.75,,,9.629920021903189,44.84,,,,,,,"blend of 5 margin source(s) (fitted weights): espn_fpi, sagarin_predictor, sagarin_rating, fei, team_rankings; total from fei"
2026-09-27T02:30:00.000Z,4,Georgia Tech,Stanford,Stanford Stadium,no,50424,,,,,751.65,705.81,,,-4.2314957634699315,53.84,,,,,,,"blend of 5 margin source(s) (fitted weights): espn_fpi, sagarin_predictor, sagarin_rating, fei, team_rankings; total from fei"
2026-10-02T00:00:00.000Z,5,Western Kentucky,New Mexico State,Aggie Memorial Stadium,no,28853,,,,,611.52,460.38,,,-4.922116318711061,52.28,,,,,,,"blend of 5 margin source(s) (fitted weights): espn_fpi, sagarin_predictor, sagarin_rating, fei, team_rankings; total from fei"
2026-10-02T01:00:00.000Z,5,North Texas,Tulsa,Chapman Stadium,no,30000,,,,,602.08,622.84,,,-1.628082022247268,57.56,,,,,,,"blend of 5 margin source(s) (fitted weights): espn_fpi, sagarin_predictor, sagarin_rating, fei, team_rankings; total from fei"
2026-10-02T23:00:00.000Z,5,Liberty,Delaware,Delaware Stadium,no,22000,,,,,633.35,483.48,,,1.9725725170642145,57.2,,,,,,,"blend of 5 margin source(s) (fitted weights): espn_fpi, sagarin_predictor, sagarin_rating, fei, team_rankings; total from fei"
2026-10-02T23:00:00.000Z,5,Pittsburgh,Virginia Tech,Lane Stadium,no,65632,,,,,675.02,769.12,,,0.8804315052616878,49.760000000000005,,,,,,,"blend of 5 margin source(s) (fitted weights): espn_fpi, sagarin_predictor, sagarin_rating, fei, team_rankings; total from fei"
2026-10-03T00:00:00.000Z,5,Penn State,Northwestern,Ryan Field,no,35000,,,,,774.04,688.32,,,-8.018396387184048,50.24,,,,,,,"blend of 5 margin source(s) (fitted weights): espn_fpi, sagarin_predictor, sagarin_rating, fei, team_rankings; total from fei"
2026-10-03T04:00:00.000Z,5,Stanford,Wake Forest,Allegacy Federal Credit Union Stadium,no,31500,,,,,705.81,680.87,,,9.084135497303716,47,,,,,,,"blend of 5 margin source(s) (fitted weights): espn_fpi, sagarin_predictor, sagarin_rating, fei, team_rankings; total from fei"
2026-10-03T04:00:00.000Z,5,Baylor,Arizona State,Mountain America Stadium,no,65870,,,,,723.28,722,,,2.795242773796036,54.8,,,,,,,"blend of 5 margin source(s) (fitted weights): espn_fpi, sagarin_predictor, sagarin_rating, fei, team_rankings; total from fei"
2026-10-03T04:00:00.000Z,5,Auburn,Tennessee,Neyland Stadium,no,102455,,,,,828.19,885.9,,,5.9722664293421595,52.400000000000006,,,,,,,"blend of 5 margin source(s) (fitted weights): espn_fpi, sagarin_predictor, sagarin_rating, fei, team_rankings; total from fei"
2026-10-03T04:00:00.000Z,5,Kentucky,South Carolina,Williams-Brice Stadium,no,80250,,,,,786.65,862.87,,,7.100969406491654,44.48,,,,,,,"blend of 5 margin source(s) (fitted weights): espn_fpi, sagarin_predictor, sagarin_rating, fei, team_rankings; total from fei"
2026-10-03T04:00:00.000Z,5,Toledo,Ball State,Scheumann Stadium,no,22500,,,,,556.26,563.88,,,-9.984753137801661,47.6,,,,,,,"blend of 5 margin source(s) (fitted weights): espn_fpi, sagarin_predictor, sagarin_rating, fei, team_rankings; total from fei"
2026-10-03T04:00:00.000Z,5,Virginia,Florida State,Doak Campbell Stadium,no,67277,,,,,700.18,800.2,,,-0.01896943998353051,54.56,,,,,,,"blend of 5 margin source(s) (fitted weights): espn_fpi, sagarin_predictor, sagarin_rating, fei, team_rankings; total from fei"
2026-10-03T04:00:00.000Z,5,Maryland,Nebraska,"Memorial Stadium (Lincoln, NE)",no,85458,,,,,719.64,787.45,,,7.976262706325049,49.760000000000005,,,,,,,"blend of 5 margin source(s) (fitted weights): espn_fpi, sagarin_predictor, sagarin_rating, fei, team_rankings; total from fei"
2026-10-03T04:00:00.000Z,5,Texas Tech,Colorado,Folsom Field,no,50183,,,,,767.89,731.62,,,-12.376359268967938,45.2,,,,,,,"blend of 5 margin source(s) (fitted weights): espn_fpi, sagarin_predictor, sagarin_rating, fei, team_rankings; total from fei"
2026-10-03T04:00:00.000Z,5,Marshall,James Madison,Bridgeforth Stadium,no,24877,,,,,594.71,588.31,,,9.141691563879046,49.16,,,,,,,"blend of 5 margin source(s) (fitted weights): espn_fpi, sagarin_predictor, sagarin_rating, fei, team_rankings; total from fei"
2026-10-03T04:00:00.000Z,5,Georgia Southern,Coastal Carolina,Brooks Stadium (SC),no,21000,,,,,634.19,573.96,,,0.8562103108918703,58.64,,,,,,,"blend of 4 margin source(s) (fitted weights): espn_fpi, sagarin_predictor, sagarin_rating, fei; total from fei"
2026-10-03T04:00:00.000Z,5,UCF,Houston,TDECU Stadium,no,40000,,,,,672.14,695.93,,,4.388857186725625,51.44,,,,,,,"blend of 3 margin source(s) (fitted weights): espn_fpi, fei, team_rankings; total from fei"
2026-10-03T04:00:00.000Z,5,UTEP,New Mexico,University Stadium (NM),no,39224,,,,,585.76,568.19,,,14.952816406816044,48.44,,,,,,,"blend of 5 margin source(s) (fitted weights): espn_fpi, sagarin_predictor, sagarin_rating, fei, team_rankings; total from fei"
2026-10-03T04:00:00.000Z,5,Bowling Green,Miami (OH),Yager Stadium,no,24286,,,,,568.33,621.37,,,8.543217468340274,44.24,,,,,,,"blend of 5 margin source(s) (fitted weights): espn_fpi, sagarin_predictor, sagarin_rating, fei, team_rankings; total from fei"
2026-10-03T04:00:00.000Z,5,UL Monroe,South Alabama,Hancock Whitney Stadium,no,25450,,,,,505.49,573.38,,,9.804346016915755,54.2,,,,,,,"blend of 5 margin source(s) (fitted weights): espn_fpi, sagarin_predictor, sagarin_rating, fei, team_rankings; total from fei"
2026-10-03T04:00:00.000Z,5,West Virginia,Iowa State,Jack Trice Stadium,no,61500,,,,,707.6,669.55,,,3.151001526421383,50.599999999999994,,,,,,,"blend of 5 margin source(s) (fitted weights): espn_fpi, sagarin_predictor, sagarin_rating, fei, team_rankings; total from fei"
2026-10-03T04:00:00.000Z,5,Florida,Missouri,Memorial Stadium,no,71168,,,,,891.07,808.36,,,1.5247154366474052,49.16,,,,,,,"blend of 5 margin source(s) (fitted weights): espn_fpi, sagarin_predictor, sagarin_rating, fei, team_rankings; total from fei"
2026-10-03T04:00:00.000Z,5,Boston College,SMU,Gerald J. Ford Stadium,no,32000,,,,,660,764.5,,,15.257430913458126,54.92,,,,,,,"blend of 5 margin source(s) (fitted weights): espn_fpi, sagarin_predictor, sagarin_rating, fei, team_rankings; total from fei"
2026-10-03T04:00:00.000Z,5,Cincinnati,Arizona,Arizona Stadium,no,50782,,,,,634.28,699.59,,,6.135897239321269,56.24,,,,,,,"blend of 5 margin source(s) (fitted weights): espn_fpi, sagarin_predictor, sagarin_rating, fei, team_rankings; total from fei"
2026-10-03T04:00:00.000Z,5,Memphis,Charlotte,Jerry Richardson Stadium,no,15300,,,,,670.31,576.77,,,-13.167314706372753,52.040000000000006,,,,,,,"blend of 4 margin source(s) (fitted weights): sagarin_predictor, sagarin_rating, fei, team_rankings; total from fei"
2026-10-03T04:00:00.000Z,5,UTSA,Rice,Rice Stadium,no,47000,,,,,655.82,589.89,,,-6.7509181674466525,52.16,,,,,,,"blend of 5 margin source(s) (fitted weights): espn_fpi, sagarin_predictor, sagarin_rating, fei, team_rankings; total from fei"
2026-10-03T04:00:00.000Z,5,Temple,South Florida,Raymond James Stadium,no,65828,,,,,631.07,703.81,,,10.51110973406562,56.239999999999995,,,,,,,"blend of 5 margin source(s) (fitted weights): espn_fpi, sagarin_predictor, sagarin_rating, fei, team_rankings; total from fei"
2026-10-03T04:00:00.000Z,5,Western Michigan,Buffalo,UB Stadium,no,30270,,,,,572.2,549.31,,,-5.054284899556015,44,,,,,,,"blend of 5 margin source(s) (fitted weights): espn_fpi, sagarin_predictor, sagarin_rating, fei, team_rankings; total from fei"
2026-10-03T04:00:00.000Z,5,Notre Dame,North Carolina,Kenan Stadium,no,50500,,,,,953.03,767.89,23.5,55.5,-17.346542229733807,51.8,home,high,under,medium,home,0.05885524673322691,"blend of 5 margin source(s) (fitted weights): espn_fpi, sagarin_predictor, sagarin_rating, fei, team_rankings; total from fei"
2026-10-03T04:00:00.000Z,5,Old Dominion,Georgia State,Center Parc Stadium,no,25000,,,,,544.25,573.83,,,-6.430341245543627,50.48,,,,,,,"blend of 5 margin source(s) (fitted weights): espn_fpi, sagarin_predictor, sagarin_rating, fei, team_rankings; total from fei"
2026-10-03T04:00:00.000Z,5,Arkansas State,Louisiana,Cajun Field,no,41426,,,,,606.22,590.94,,,4.070055136818891,51.8,,,,,,,"blend of 5 margin source(s) (fitted weights): espn_fpi, sagarin_predictor, sagarin_rating, fei, team_rankings; total from fei"
2026-10-03T04:00:00.000Z,5,Vanderbilt,Georgia,Sanford Stadium,no,92746,,,,,727.39,1003.67,,,15.921689343723259,61.04,,,,,,,"blend of 5 margin source(s) (fitted weights): espn_fpi, sagarin_predictor, sagarin_rating, fei, team_rankings; total from fei"
2026-10-03T04:00:00.000Z,5,Michigan State,Wisconsin,Camp Randall Stadium,no,80321,,,,,685.02,767.68,,,7.113250547058124,46.879999999999995,,,,,,,"blend of 5 margin source(s) (fitted weights): espn_fpi, sagarin_predictor, sagarin_rating, fei, team_rankings; total from fei"
2026-10-03T04:00:00.000Z,5,BYU,TCU,Amon G. Carter Stadium,no,46000,,,,,689.42,730.79,,,-4.799527247262118,52.879999999999995,,,,,,,"blend of 5 margin source(s) (fitted weights): espn_fpi, sagarin_predictor, sagarin_rating, fei, team_rankings; total from fei"
2026-10-03T04:00:00.000Z,5,Eastern Michigan,Massachusetts,Warren McGuirk Alumni Stadium,no,17000,,,,,580.64,525.94,,,-0.8605467509902167,55.4,,,,,,,"blend of 5 margin source(s) (fitted weights): espn_fpi, sagarin_predictor, sagarin_rating, fei, team_rankings; total from fei"
2026-10-03T04:00:00.000Z,5,Ohio,Kent State,Dix Stadium,no,25319,,,,,522.84,522.83,,,-6.855043254603225,56.36,,,,,,,"blend of 5 margin source(s) (fitted weights): espn_fpi, sagarin_predictor, sagarin_rating, fei, team_rankings; total from fei"
2026-10-03T04:00:00.000Z,5,Middle Tennessee,Kansas,Memorial Stadium,no,47000,,,,,571.5,684.51,,,21.78992681835144,59.72,,,,,,,"blend of 5 margin source(s) (fitted weights): espn_fpi, sagarin_predictor, sagarin_rating, fei, team_rankings; total from fei"
2026-10-03T04:00:00.000Z,5,Washington,USC,Los Angeles Memorial Coliseum,no,77500,,,,,777.63,899,,,5.880307383186908,63.08,,,,,,,"blend of 5 margin source(s) (fitted weights): espn_fpi, sagarin_predictor, sagarin_rating, fei, team_rankings; total from fei"
2026-10-03T04:00:00.000Z,5,Miami,Clemson,"Memorial Stadium (Clemson, SC)",no,81500,,,,,885.94,862.85,7,55.5,-7.104214060953578,48.56,away,low,under,high,home,0.062058803860425005,"blend of 5 margin source(s) (fitted weights): espn_fpi, sagarin_predictor, sagarin_rating, fei, team_rankings; total from fei"
2026-10-03T04:00:00.000Z,5,Alabama,Mississippi State,Davis Wade Stadium,no,61337,,,,,973.53,804.53,,,-10.989162229677369,54.08,,,,,,,"blend of 5 margin source(s) (fitted weights): espn_fpi, sagarin_predictor, sagarin_rating, fei, team_rankings; total from fei"
2026-10-03T04:00:00.000Z,5,Louisville,NC State,Carter-Finley Stadium,no,58000,,,,,739.97,757.14,,,-6.089870606994507,50.120000000000005,,,,,,,"blend of 5 margin source(s) (fitted weights): espn_fpi, sagarin_predictor, sagarin_rating, fei, team_rankings; total from fei"
2026-10-03T04:00:00.000Z,5,Michigan,Minnesota,Huntington Bank Stadium,no,50850,,,,,890.02,728.79,,,-8.602138504515295,52.879999999999995,,,,,,,"blend of 5 margin source(s) (fitted weights): espn_fpi, sagarin_predictor, sagarin_rating, fei, team_rankings; total from fei"
2026-10-03T04:00:00.000Z,5,Army,Louisiana Tech,Joe Aillet Stadium,no,28019,,,,,303.83,543.02,,,-2.7339885460383613,50.84,,,,,,,"blend of 5 margin source(s) (fitted weights): espn_fpi, sagarin_predictor, sagarin_rating, fei, team_rankings; total from fei"
2026-10-03T04:00:00.000Z,5,Arkansas,Texas A&M,Kyle Field,no,102733,,,,,745.48,933,,,15.474555453881145,56.84,,,,,,,"blend of 5 margin source(s) (fitted weights): espn_fpi, sagarin_predictor, sagarin_rating, fei, team_rankings; total from fei"
2026-10-03T04:00:00.000Z,5,Akron,Central Michigan,Kelly/Shorts Stadium,no,30255,,,,,546.84,540.01,,,6.866350580819577,48.92,,,,,,,"blend of 5 margin source(s) (fitted weights): espn_fpi, sagarin_predictor, sagarin_rating, fei, team_rankings; total from fei"
2026-10-03T04:00:00.000Z,5,Ohio State,Iowa,Kinnick Stadium,no,69250,,,,,964.27,722.73,,,-13.056267272668737,44.24,,,,,,,"blend of 5 margin source(s) (fitted weights): espn_fpi, sagarin_predictor, sagarin_rating, fei, team_rankings; total from fei"
2026-10-03T04:00:00.000Z,5,Purdue,Illinois,"Memorial Stadium (Champaign, IL)",no,60670,,,,,698.33,704.01,,,10.268903893059402,54.8,,,,,,,"blend of 5 margin source(s) (fitted weights): espn_fpi, sagarin_predictor, sagarin_rating, fei, team_rankings; total from fei"
2026-10-03T16:00:00.000Z,5,Navy,Air Force,Falcon Stadium,no,46692,,,,,195.68,272.35,,,-2.303368389056802,61.879999999999995,,,,,,,"blend of 5 margin source(s) (fitted weights): espn_fpi, sagarin_predictor, sagarin_rating, fei, team_rankings; total from fei"
2026-10-03T16:00:00.000Z,5,Syracuse,UConn,Pratt & Whitney Stadium,no,40000,,,,,745.61,652.56,,,-5.918216572068049,52.64,,,,,,,"blend of 5 margin source(s) (fitted weights): espn_fpi, sagarin_predictor, sagarin_rating, fei, team_rankings; total from fei"
2026-10-03T19:30:00.000Z,5,California,UNLV,Allegiant Stadium,yes,65000,,,,,751.92,696.03,,,-0.5407253896677015,53.84,,,,,,,"blend of 5 margin source(s) (fitted weights): espn_fpi, sagarin_predictor, sagarin_rating, fei, team_rankings; total from fei"
2026-10-03T19:30:00.000Z,5,Wyoming,North Dakota State,Fargodome,yes,18700,,,,,528.29,515.59,,,9.373094956742744,47.96,,,,,,,"blend of 5 margin source(s) (fitted weights): espn_fpi, sagarin_predictor, sagarin_rating, fei, team_rankings; total from fei"
2026-10-03T22:00:00.000Z,5,Oregon State,Colorado State,Canvas Stadium,no,36500,,,,,635.79,640.31,,,-1.176572684389108,52.28,,,,,,,"blend of 5 margin source(s) (fitted weights): espn_fpi, sagarin_predictor, sagarin_rating, fei, team_rankings; total from fei"
2026-10-03T23:30:00.000Z,5,Utah State,Boise State,Albertsons Stadium,no,36387,,,,,543.98,641.17,,,12.159945547393988,53.36,,,,,,,"blend of 5 margin source(s) (fitted weights): espn_fpi, sagarin_predictor, sagarin_rating, fei, team_rankings; total from fei"
2026-10-04T00:00:00.000Z,5,Indiana,Rutgers,SHI Stadium,no,52454,,,,,735.26,709.04,,,-21.44079610118645,58.28,,,,,,,"blend of 5 margin source(s) (fitted weights): espn_fpi, sagarin_predictor, sagarin_rating, fei, team_rankings; total from fei"
2026-10-04T01:30:00.000Z,5,Fresno State,Washington State,Gesa Field,no,32952,,,,,609.75,630.29,,,5.991297549989931,44.24,,,,,,,"blend of 5 margin source(s) (fitted weights): espn_fpi, sagarin_predictor, sagarin_rating, fei, team_rankings; total from fei"
2026-10-04T02:30:00.000Z,5,Texas State,San Diego State,Snapdragon Stadium,no,35000,,,,,624.81,609.22,,,6.233638299971696,51.44,,,,,,,"blend of 5 margin source(s) (fitted weights): espn_fpi, sagarin_predictor, sagarin_rating, fei, team_rankings; total from fei"
2026-10-04T03:59:00.000Z,5,San José State,Hawai'i,Clarence T.C. Ching Athletics Complex,no,15194,,,,,569.25,556.82,,,5.969849541759476,54.68,,,,,,,"blend of 5 margin source(s) (fitted weights): espn_fpi, sagarin_predictor, sagarin_rating, fei, team_rankings; total from fei"
2026-10-07T00:00:00.000Z,6,Southern Miss,Troy,Veterans Memorial Stadium (AL),no,30000,,,,,602.63,596.19,,,11.5251803624172,,,,,,,,"blend of 3 margin source(s) (fitted weights): sagarin_predictor, sagarin_rating, team_rankings"
2026-10-07T23:00:00.000Z,6,Jacksonville State,Kennesaw State,Fifth Third Stadium,no,11040,,,,,602.83,502.86,,,7.530547548480559,51.92,,,,,,,"blend of 5 margin source(s) (fitted weights): espn_fpi, sagarin_predictor, sagarin_rating, fei, team_rankings; total from fei"
2026-10-07T23:30:00.000Z,6,New Mexico State,Florida International,Pitbull Stadium,no,20000,,,,,460.38,607.56,,,3.405042781997185,49.76,,,,,,,"blend of 2 margin source(s) (fitted weights): espn_fpi, fei; total from fei"
2026-10-08T23:00:00.000Z,6,Sam Houston,Liberty,Williams Stadium (VA),no,25000,,,,,554.47,633.35,,,12.650508981232491,53.36,,,,,,,"blend of 5 margin source(s) (fitted weights): espn_fpi, sagarin_predictor, sagarin_rating, fei, team_rankings; total from fei"
2026-10-08T23:00:00.000Z,6,Missouri State,Western Kentucky,Houchens Industries-L.T. Smith Stadium,no,22113,,,,,549.92,611.52,,,8.262707122868516,56.72,,,,,,,"blend of 5 margin source(s) (fitted weights): espn_fpi, sagarin_predictor, sagarin_rating, fei, team_rankings; total from fei"
2026-10-08T23:30:00.000Z,6,South Florida,UTSA,Alamodome,yes,36582,,,,,703.81,655.82,,,0.12944656388811016,55.760000000000005,,,,,,,"blend of 5 margin source(s) (fitted weights): espn_fpi, sagarin_predictor, sagarin_rating, fei, team_rankings; total from fei"
2026-10-08T23:30:00.000Z,6,South Alabama,Arkansas State,Centennial Bank Stadium,no,30382,,,,,573.38,606.22,,,2.433635950726141,53.84,,,,,,,"blend of 5 margin source(s) (fitted weights): espn_fpi, sagarin_predictor, sagarin_rating, fei, team_rankings; total from fei"
2026-10-09T23:00:00.000Z,6,Florida State,Louisville,L&N Federal Credit Union Stadium,no,60000,,,,,800.2,739.97,,,4.896283955570206,53.84,,,,,,,"blend of 5 margin source(s) (fitted weights): espn_fpi, sagarin_predictor, sagarin_rating, fei, team_rankings; total from fei"
2026-10-10T01:00:00.000Z,6,Wyoming,San José State,CEFCU Stadium,no,30456,,,,,528.29,569.25,,,4.353360411361557,48.32,,,,,,,"blend of 5 margin source(s) (fitted weights): espn_fpi, sagarin_predictor, sagarin_rating, fei, team_rankings; total from fei"
2026-10-10T01:00:00.000Z,6,Iowa,Washington,Husky Stadium,no,70138,,,,,722.73,777.63,,,3.3279977590615175,46.28,,,,,,,"blend of 5 margin source(s) (fitted weights): espn_fpi, sagarin_predictor, sagarin_rating, fei, team_rankings; total from fei"
2026-10-10T01:00:00.000Z,6,Washington State,Utah State,Maverik Stadium,no,25513,,,,,630.29,543.98,,,-1.7352027330173638,51.44,,,,,,,"blend of 5 margin source(s) (fitted weights): espn_fpi, sagarin_predictor, sagarin_rating, fei, team_rankings; total from fei"
2026-10-10T02:15:00.000Z,6,Iowa State,BYU,LaVell Edwards Stadium,no,63470,,,,,669.55,689.42,,,12.885429609530242,52.879999999999995,,,,,,,"blend of 5 margin source(s) (fitted weights): espn_fpi, sagarin_predictor, sagarin_rating, fei, team_rankings; total from fei"
2026-10-10T04:00:00.000Z,6,Kent State,Western Michigan,Waldo Stadium,no,30200,,,,,522.83,572.2,,,14.81705274090245,52.64,,,,,,,"blend of 5 margin source(s) (fitted weights): espn_fpi, sagarin_predictor, sagarin_rating, fei, team_rankings; total from fei"
2026-10-10T04:00:00.000Z,6,LSU,Kentucky,Kroger Field,no,61000,,,,,931.76,786.65,,,-8.136686498297454,46.76,,,,,,,"blend of 5 margin source(s) (fitted weights): espn_fpi, sagarin_predictor, sagarin_rating, fei, team_rankings; total from fei"
2026-10-10T04:00:00.000Z,6,Wake Forest,NC State,Carter-Finley Stadium,no,58000,,,,,680.87,757.14,,,-0.6785006581761357,49.28,,,,,,,"blend of 5 margin source(s) (fitted weights): espn_fpi, sagarin_predictor, sagarin_rating, fei, team_rankings; total from fei"
2026-10-10T04:00:00.000Z,6,Houston,Kansas State,Bill Snyder Family Stadium,no,50000,,,,,695.93,718.67,,,3.2329646949235222,53.84,,,,,,,"blend of 5 margin source(s) (fitted weights): espn_fpi, sagarin_predictor, sagarin_rating, fei, team_rankings; total from fei"
2026-10-10T04:00:00.000Z,6,Coastal Carolina,Marshall,Joan C. Edwards Stadium,no,38016,,,,,573.96,594.71,,,6.1744684223866555,50.6,,,,,,,"blend of 5 margin source(s) (fitted weights): espn_fpi, sagarin_predictor, sagarin_rating, fei, team_rankings; total from fei"
2026-10-10T04:00:00.000Z,6,Rice,East Carolina,Dowdy-Ficklen Stadium,no,50000,,,,,589.89,623.79,,,13.854913006350245,48.92,,,,,,,"blend of 5 margin source(s) (fitted weights): espn_fpi, sagarin_predictor, sagarin_rating, fei, team_rankings; total from fei"
2026-10-10T04:00:00.000Z,6,UAB,Memphis,Simmons Bank Liberty Stadium,no,58325,,,,,606.18,670.31,,,15.509526073883741,56.96,,,,,,,"blend of 5 margin source(s) (fitted weights): espn_fpi, sagarin_predictor, sagarin_rating, fei, team_rankings; total from fei"
2026-10-10T04:00:00.000Z,6,USC,Penn State,Beaver Stadium,no,106572,,,,,899,774.04,-1.5,56.5,1.2383398130799534,62,away,low,over,medium,,-0.0016216313971419982,"blend of 5 margin source(s) (fitted weights): espn_fpi, sagarin_predictor, sagarin_rating, fei, team_rankings; total from fei"
2026-10-10T04:00:00.000Z,6,Virginia Tech,California,California Memorial Stadium,no,62467,,,,,769.12,751.92,,,-1.0707792667176632,52.64,,,,,,,"blend of 5 margin source(s) (fitted weights): espn_fpi, sagarin_predictor, sagarin_rating, fei, team_rankings; total from fei"
2026-10-10T04:00:00.000Z,6,Louisiana,Louisiana Tech,Joe Aillet Stadium,no,28019,,,,,590.94,543.02,,,1.6450470071280296,51.2,,,,,,,"blend of 5 margin source(s) (fitted weights): espn_fpi, sagarin_predictor, sagarin_rating, fei, team_rankings; total from fei"
2026-10-10T04:00:00.000Z,6,Texas A&M,Missouri,Memorial Stadium,no,71168,,,,,933,808.36,,,-4.858763154515385,49.64,,,,,,,"blend of 5 margin source(s) (fitted weights): espn_fpi, sagarin_predictor, sagarin_rating, fei, team_rankings; total from fei"
2026-10-10T04:00:00.000Z,6,UConn,Temple,Lincoln Financial Field,no,69879,,,,,652.56,631.07,,,3.3897817559690786,57.92,,,,,,,"blend of 5 margin source(s) (fitted weights): espn_fpi, sagarin_predictor, sagarin_rating, fei, team_rankings; total from fei"
2026-10-10T04:00:00.000Z,6,Ole Miss,Vanderbilt,FirstBank Stadium,no,40351,,,,,885.72,727.39,,,-3.991514164807753,64.28,,,,,,,"blend of 5 margin source(s) (fitted weights): espn_fpi, sagarin_predictor, sagarin_rating, fei, team_rankings; total from fei"
2026-10-10T04:00:00.000Z,6,Kansas,Utah,Rice-Eccles Stadium,no,51444,,,,,684.51,695.72,,,9.703421887308071,60.92,,,,,,,"blend of 5 margin source(s) (fitted weights): espn_fpi, sagarin_predictor, sagarin_rating, fei, team_rankings; total from fei"
2026-10-10T04:00:00.000Z,6,Hawai'i,Arizona State,Mountain America Stadium,no,65870,,,,,556.82,722,,,13.455145247793826,52.88,,,,,,,"blend of 5 margin source(s) (fitted weights): espn_fpi, sagarin_predictor, sagarin_rating, fei, team_rankings; total from fei"
2026-10-10T04:00:00.000Z,6,UCF,Oklahoma State,Boone Pickens Stadium,no,55509,,,,,672.14,672.69,,,0.20289004046378975,48.56,,,,,,,"blend of 3 margin source(s) (fitted weights): espn_fpi, fei, team_rankings; total from fei"
2026-10-10T04:00:00.000Z,6,Miami (OH),Massachusetts,Warren McGuirk Alumni Stadium,no,17000,,,,,621.37,525.94,,,-7.411937362576428,51.32,,,,,,,"blend of 5 margin source(s) (fitted weights): espn_fpi, sagarin_predictor, sagarin_rating, fei, team_rankings; total from fei"
2026-10-10T04:00:00.000Z,6,Sacramento State,Bowling Green,Doyt L. Perry Stadium,no,24000,,,,,561.42,568.33,,,8.267631643057454,46.760000000000005,,,,,,,"blend of 5 margin source(s) (fitted weights): espn_fpi, sagarin_predictor, sagarin_rating, fei, team_rankings; total from fei"
2026-10-10T04:00:00.000Z,6,Indiana,Nebraska,"Memorial Stadium (Lincoln, NE)",no,85458,,,,,735.26,787.45,,,-11.493234342760449,52.16,,,,,,,"blend of 5 margin source(s) (fitted weights): espn_fpi, sagarin_predictor, sagarin_rating, fei, team_rankings; total from fei"
2026-10-10T04:00:00.000Z,6,Old Dominion,App State,Kidd Brewer Stadium,no,30000,,,,,544.25,621.61,,,-3.3338752783059045,51.2,,,,,,,"blend of 5 margin source(s) (fitted weights): espn_fpi, sagarin_predictor, sagarin_rating, fei, team_rankings; total from fei"
2026-10-10T04:00:00.000Z,6,James Madison,Georgia Southern,Allen E. Paulson Stadium,no,25000,,,,,588.31,634.19,,,-5.772110973837013,57.2,,,,,,,"blend of 4 margin source(s) (fitted weights): espn_fpi, sagarin_predictor, sagarin_rating, fei; total from fei"
2026-10-10T04:00:00.000Z,6,Georgia,Alabama,Bryant-Denny Stadium,no,101821,,,,,1003.67,973.53,3,50.5,-1.2156610424816705,54.8,home,medium,over,medium,home,0.06308766236834162,"blend of 5 margin source(s) (fitted weights): espn_fpi, sagarin_predictor, sagarin_rating, fei, team_rankings; total from fei"
2026-10-10T04:00:00.000Z,6,North Carolina,Pittsburgh,Acrisure Stadium,no,68400,,,,,767.89,675.02,,,5.61878199024126,47.96,,,,,,,"blend of 5 margin source(s) (fitted weights): espn_fpi, sagarin_predictor, sagarin_rating, fei, team_rankings; total from fei"
2026-10-10T04:00:00.000Z,6,Arizona,West Virginia,Milan Puskar Stadium,no,60000,,,,,699.59,707.6,,,-3.522242591740536,51.44,,,,,,,"blend of 5 margin source(s) (fitted weights): espn_fpi, sagarin_predictor, sagarin_rating, fei, team_rankings; total from fei"
2026-10-10T04:00:00.000Z,6,Charlotte,North Texas,DATCU Stadium,no,30850,,,,,576.77,602.08,,,16.04246902156479,57.56,,,,,,,"blend of 4 margin source(s) (fitted weights): sagarin_predictor, sagarin_rating, fei, team_rankings; total from fei"
2026-10-10T04:00:00.000Z,6,Tennessee,Arkansas,Razorback Stadium,no,80000,,,,,885.9,745.48,,,-6.890206789401487,61.400000000000006,,,,,,,"blend of 5 margin source(s) (fitted weights): espn_fpi, sagarin_predictor, sagarin_rating, fei, team_rankings; total from fei"
2026-10-10T04:00:00.000Z,6,Illinois,Michigan State,Spartan Stadium,no,75005,,,,,704.01,685.02,,,-3.206342631940454,55.04,,,,,,,"blend of 5 margin source(s) (fitted weights): espn_fpi, sagarin_predictor, sagarin_rating, fei, team_rankings; total from fei"
2026-10-10T04:00:00.000Z,6,Buffalo,Toledo,Glass Bowl,no,26038,,,,,549.31,556.26,,,10.88818056665323,44.599999999999994,,,,,,,"blend of 5 margin source(s) (fitted weights): espn_fpi, sagarin_predictor, sagarin_rating, fei, team_rankings; total from fei"
2026-10-10T04:00:00.000Z,6,Syracuse,Virginia,Scott Stadium,no,61500,,,,,745.61,700.18,,,12.712829275757723,47.72,,,,,,,"blend of 5 margin source(s) (fitted weights): espn_fpi, sagarin_predictor, sagarin_rating, fei, team_rankings; total from fei"
2026-10-10T04:00:00.000Z,6,Minnesota,Purdue,Ross-Ade Stadium,no,57282,,,,,728.79,698.33,,,-2.103401596908229,51.56,,,,,,,"blend of 5 margin source(s) (fitted weights): espn_fpi, sagarin_predictor, sagarin_rating, fei, team_rankings; total from fei"
2026-10-10T04:00:00.000Z,6,Nevada,UTEP,Sun Bowl,no,51500,,,,,549.99,585.76,,,-2.271208873493033,46.519999999999996,,,,,,,"blend of 5 margin source(s) (fitted weights): espn_fpi, sagarin_predictor, sagarin_rating, fei, team_rankings; total from fei"
2026-10-10T04:00:00.000Z,6,Ball State,Northwestern,Ryan Field,no,35000,,,,,563.88,688.32,,,21.73905061778385,47.480000000000004,,,,,,,"blend of 5 margin source(s) (fitted weights): espn_fpi, sagarin_predictor, sagarin_rating, fei, team_rankings; total from fei"
2026-10-10T04:00:00.000Z,6,Central Michigan,Ohio,Peden Stadium,no,24000,,,,,540.01,522.84,,,6.438315027023084,51.2,,,,,,,"blend of 5 margin source(s) (fitted weights): espn_fpi, sagarin_predictor, sagarin_rating, fei, team_rankings; total from fei"
2026-10-10T04:00:00.000Z,6,Maryland,Ohio State,Ohio Stadium,no,102780,,,,,719.64,964.27,,,26.935055304195433,48.92,,,,,,,"blend of 5 margin source(s) (fitted weights): espn_fpi, sagarin_predictor, sagarin_rating, fei, team_rankings; total from fei"
2026-10-10T04:00:00.000Z,6,UCLA,Oregon,Autzen Stadium,no,54000,,,,,774.45,984.33,,,23.95439666446885,57.199999999999996,,,,,,,"blend of 5 margin source(s) (fitted weights): espn_fpi, sagarin_predictor, sagarin_rating, fei, team_rankings; total from fei"
2026-10-10T04:00:00.000Z,6,South Carolina,Florida,Ben Hill Griffin Stadium,no,88548,,,,,862.87,891.07,,,3.6019514799483847,46.760000000000005,,,,,,,"blend of 5 margin source(s) (fitted weights): espn_fpi, sagarin_predictor, sagarin_rating, fei, team_rankings; total from fei"
2026-10-10T04:00:00.000Z,6,Duke,Georgia Tech,Bobby Dodd Stadium,no,55000,,,,,668.47,751.65,,,3.3425183499283326,60.32,,,,,,,"blend of 5 margin source(s) (fitted weights): espn_fpi, sagarin_predictor, sagarin_rating, fei, team_rankings; total from fei"
2026-10-10T16:00:00.000Z,6,Tulane,Army,Michie Stadium,no,38000,,,,,665.11,303.83,,,-1.9461879864147824,52.040000000000006,,,,,,,"blend of 5 margin source(s) (fitted weights): espn_fpi, sagarin_predictor, sagarin_rating, fei, team_rankings; total from fei"
2026-10-10T19:30:00.000Z,6,Texas,Oklahoma,Cotton Bowl,no,92100,,,,,985.17,851.14,6,48.5,-2.6861077071077797,45.8,home,high,under,medium,home,0.09081338578403209,"blend of 5 margin source(s) (fitted weights): espn_fpi, sagarin_predictor, sagarin_rating, fei, team_rankings; total from fei"
2026-10-10T19:30:00.000Z,6,Stanford,Notre Dame,Notre Dame Stadium,no,80795,,,,,705.81,953.03,,,29.191821878846596,50.480000000000004,,,,,,,"blend of 5 margin source(s) (fitted weights): espn_fpi, sagarin_predictor, sagarin_rating, fei, team_rankings; total from fei"
2026-10-10T19:30:00.000Z,6,Tulsa,Navy,Navy-Marine Corps Memorial Stadium,no,34000,,,,,622.84,195.68,,,10.614570814637549,52.879999999999995,,,,,,,"blend of 5 margin source(s) (fitted weights): espn_fpi, sagarin_predictor, sagarin_rating, fei, team_rankings; total from fei"
2026-10-10T19:30:00.000Z,6,Eastern Michigan,Akron,InfoCision Stadium,no,30000,,,,,580.64,546.84,,,0.4884496054565941,52.04,,,,,,,"blend of 5 margin source(s) (fitted weights): espn_fpi, sagarin_predictor, sagarin_rating, fei, team_rankings; total from fei"
2026-10-10T22:00:00.000Z,6,San Diego State,Oregon State,Reser Stadium,no,43363,,,,,609.22,635.79,,,-4.124581659149171,46.519999999999996,,,,,,,"blend of 5 margin source(s) (fitted weights): espn_fpi, sagarin_predictor, sagarin_rating, fei, team_rankings; total from fei"
2026-10-10T23:00:00.000Z,6,North Dakota State,UNLV,Allegiant Stadium,yes,65000,,,,,515.59,696.03,,,4.701397602130427,55.64,,,,,,,"blend of 5 margin source(s) (fitted weights): espn_fpi, sagarin_predictor, sagarin_rating, fei, team_rankings; total from fei"
2026-10-10T23:30:00.000Z,6,Air Force,Northern Illinois,Huskie Stadium,no,23595,,,,,272.35,536.58,,,-4.932471077728764,58.760000000000005,,,,,,,"blend of 5 margin source(s) (fitted weights): espn_fpi, sagarin_predictor, sagarin_rating, fei, team_rankings; total from fei"
2026-10-11T02:30:00.000Z,6,Boise State,Fresno State,Valley Children's Stadium,no,41031,,,,,641.17,609.75,,,-6.038655495205892,46.16,,,,,,,"blend of 5 margin source(s) (fitted weights): espn_fpi, sagarin_predictor, sagarin_rating, fei, team_rankings; total from fei"
2026-10-13T23:00:00.000Z,7,Delaware,Middle Tennessee,"Johnny ""Red"" Floyd Stadium",no,30788,,,,,483.48,571.5,,,-4.795722505016068,54.92,,,,,,,"blend of 5 margin source(s) (fitted weights): espn_fpi, sagarin_predictor, sagarin_rating, fei, team_rankings; total from fei"
2026-10-14T00:00:00.000Z,7,Florida International,Jacksonville State,AmFirst Stadium,no,24000,,,,,607.56,602.83,,,2.157292577274182,48.44,,,,,,,"blend of 2 margin source(s) (fitted weights): espn_fpi, fei; total from fei"
2026-10-14T23:30:00.000Z,7,Kennesaw State,Missouri State,Plaster Sports Complex,no,17337,,,,,502.86,549.92,,,-0.9392412378658419,57.68000000000001,,,,,,,"blend of 5 margin source(s) (fitted weights): espn_fpi, sagarin_predictor, sagarin_rating, fei, team_rankings; total from fei"
2026-10-15T00:00:00.000Z,7,Western Kentucky,Sam Houston,Elliott T. Bowers Stadium,no,14000,,,,,611.52,554.47,,,-9.384211625918898,50.480000000000004,,,,,,,"blend of 5 margin source(s) (fitted weights): espn_fpi, sagarin_predictor, sagarin_rating, fei, team_rankings; total from fei"
2026-10-15T23:30:00.000Z,7,East Carolina,UAB,Protective Stadium,no,45000,,,,,623.79,606.18,,,-9.213264561395043,54.68,,,,,,,"blend of 5 margin source(s) (fitted weights): espn_fpi, sagarin_predictor, sagarin_rating, fei, team_rankings; total from fei"
2026-10-15T23:30:00.000Z,7,Georgia Southern,Old Dominion,S.B. Ballard Stadium,no,20118,,,,,634.19,544.25,,,8.263641342768912,54.68,,,,,,,"blend of 4 margin source(s) (fitted weights): espn_fpi, sagarin_predictor, sagarin_rating, fei; total from fei"
2026-10-16T00:00:00.000Z,7,Colorado State,Texas State,Bobcat Stadium (TX),no,30000,,,,,640.31,624.81,,,9.444900912727249,57.2,,,,,,,"blend of 5 margin source(s) (fitted weights): espn_fpi, sagarin_predictor, sagarin_rating, fei, team_rankings; total from fei"
2026-10-16T23:30:00.000Z,7,Memphis,Tulane,Yulman Stadium,no,30000,,,,,670.31,665.11,,,3.651776846274425,53.12,,,,,,,"blend of 5 margin source(s) (fitted weights): espn_fpi, sagarin_predictor, sagarin_rating, fei, team_rankings; total from fei"
2026-10-17T00:00:00.000Z,7,App State,Coastal Carolina,Brooks Stadium (SC),no,21000,,,,,621.61,573.96,,,1.1011131246804085,55.16,,,,,,,"blend of 5 margin source(s) (fitted weights): espn_fpi, sagarin_predictor, sagarin_rating, fei, team_rankings; total from fei"
2026-10-17T00:00:00.000Z,7,Washington,Purdue,Ross-Ade Stadium,no,57282,,,,,777.63,698.33,,,-9.380727233909205,53.96,,,,,,,"blend of 5 margin source(s) (fitted weights): espn_fpi, sagarin_predictor, sagarin_rating, fei, team_rankings; total from fei"
2026-10-17T04:00:00.000Z,7,Cincinnati,West Virginia,Milan Puskar Stadium,no,60000,,,,,634.28,707.6,,,0.019308430290567224,55.760000000000005,,,,,,,"blend of 5 margin source(s) (fitted weights): espn_fpi, sagarin_predictor, sagarin_rating, fei, team_rankings; total from fei"
2026-10-17T04:00:00.000Z,7,Louisiana Tech,UL Monroe,Malone Stadium,no,27617,,,,,543.02,505.49,,,-4.981353025137988,50,,,,,,,"blend of 5 margin source(s) (fitted weights): espn_fpi, sagarin_predictor, sagarin_rating, fei, team_rankings; total from fei"
2026-10-17T04:00:00.000Z,7,Mississippi State,LSU,Tiger Stadium (LA),no,102321,,,,,804.53,931.76,,,14.208938750807683,51.44,,,,,,,"blend of 5 margin source(s) (fitted weights): espn_fpi, sagarin_predictor, sagarin_rating, fei, team_rankings; total from fei"
2026-10-17T04:00:00.000Z,7,Arizona State,Texas Tech,Jones AT&T Stadium,no,60454,,,,,722,767.89,,,14.728749789955565,45.44,,,,,,,"blend of 5 margin source(s) (fitted weights): espn_fpi, sagarin_predictor, sagarin_rating, fei, team_rankings; total from fei"
2026-10-17T04:00:00.000Z,7,Oklahoma State,Houston,TDECU Stadium,no,40000,,,,,672.69,695.93,,,6.7563497927460885,52.16,,,,,,,"blend of 5 margin source(s) (fitted weights): espn_fpi, sagarin_predictor, sagarin_rating, fei, team_rankings; total from fei"
2026-10-17T04:00:00.000Z,7,Kansas,Kansas State,Bill Snyder Family Stadium,no,50000,,,,,684.51,718.67,-7.5,54.5,5.283993960598542,59.120000000000005,away,medium,over,medium,away,-0.08415697580969295,"blend of 5 margin source(s) (fitted weights): espn_fpi, sagarin_predictor, sagarin_rating, fei, team_rankings; total from fei"
2026-10-17T04:00:00.000Z,7,Florida,Texas,DKR-Texas Memorial Stadium,no,100119,,,,,891.07,985.17,,,13.352399193342336,48.92,,,,,,,"blend of 5 margin source(s) (fitted weights): espn_fpi, sagarin_predictor, sagarin_rating, fei, team_rankings; total from fei"
2026-10-17T04:00:00.000Z,7,Georgia Tech,Virginia Tech,Lane Stadium,no,65632,,,,,751.65,769.12,,,3.735612511985144,56.96,,,,,,,"blend of 5 margin source(s) (fitted weights): espn_fpi, sagarin_predictor, sagarin_rating, fei, team_rankings; total from fei"
2026-10-17T04:00:00.000Z,7,Georgia State,James Madison,Bridgeforth Stadium,no,24877,,,,,573.83,588.31,,,14.3250466436035,53,,,,,,,"blend of 5 margin source(s) (fitted weights): espn_fpi, sagarin_predictor, sagarin_rating, fei, team_rankings; total from fei"
2026-10-17T04:00:00.000Z,7,TCU,Baylor,McLane Stadium,no,45140,,,,,730.79,723.28,,,3.3011667024729605,54.44,,,,,,,"blend of 5 margin source(s) (fitted weights): espn_fpi, sagarin_predictor, sagarin_rating, fei, team_rankings; total from fei"
2026-10-17T04:00:00.000Z,7,Akron,Miami (OH),Yager Stadium,no,24286,,,,,546.84,621.37,,,11.251633440709949,47.959999999999994,,,,,,,"blend of 5 margin source(s) (fitted weights): espn_fpi, sagarin_predictor, sagarin_rating, fei, team_rankings; total from fei"
2026-10-17T04:00:00.000Z,7,Ball State,Bowling Green,Doyt L. Perry Stadium,no,24000,,,,,563.88,568.33,,,6.347368087253565,44.72,,,,,,,"blend of 5 margin source(s) (fitted weights): espn_fpi, sagarin_predictor, sagarin_rating, fei, team_rankings; total from fei"
2026-10-17T04:00:00.000Z,7,Alabama,Tennessee,Neyland Stadium,no,102455,,,,,973.53,885.9,1.5,56.5,-1.6035515986243016,56.72,away,low,over,low,,-0.0181768763534485,"blend of 5 margin source(s) (fitted weights): espn_fpi, sagarin_predictor, sagarin_rating, fei, team_rankings; total from fei"
2026-10-17T04:00:00.000Z,7,Arkansas,Vanderbilt,FirstBank Stadium,no,40351,,,,,745.48,727.39,,,6.759461173235026,64.75999999999999,,,,,,,"blend of 5 margin source(s) (fitted weights): espn_fpi, sagarin_predictor, sagarin_rating, fei, team_rankings; total from fei"
2026-10-17T04:00:00.000Z,7,Navy,UTSA,Alamodome,yes,36582,,,,,195.68,655.82,,,0.15633880623705707,56.6,,,,,,,"blend of 5 margin source(s) (fitted weights): espn_fpi, sagarin_predictor, sagarin_rating, fei, team_rankings; total from fei"
2026-10-17T04:00:00.000Z,7,Missouri,Ole Miss,Vaught-Hemingway Stadium,no,64038,,,,,808.36,885.72,,,7.918221690547517,55.519999999999996,,,,,,,"blend of 5 margin source(s) (fitted weights): espn_fpi, sagarin_predictor, sagarin_rating, fei, team_rankings; total from fei"
2026-10-17T04:00:00.000Z,7,Rutgers,Maryland,SECU Stadium,no,51802,,,,,709.04,719.64,,,7.1599914866812835,55.88,,,,,,,"blend of 5 margin source(s) (fitted weights): espn_fpi, sagarin_predictor, sagarin_rating, fei, team_rankings; total from fei"
2026-10-17T04:00:00.000Z,7,Auburn,Georgia,Sanford Stadium,no,92746,,,,,828.19,1003.67,-16.5,54.5,13.980171505028462,50.480000000000004,away,medium,under,medium,away,-0.07808077126195845,"blend of 5 margin source(s) (fitted weights): espn_fpi, sagarin_predictor, sagarin_rating, fei, team_rankings; total from fei"
2026-10-17T04:00:00.000Z,7,Kent State,South Florida,Raymond James Stadium,no,65828,,,,,522.83,703.81,,,18.626856373016842,56.839999999999996,,,,,,,"blend of 5 margin source(s) (fitted weights): espn_fpi, sagarin_predictor, sagarin_rating, fei, team_rankings; total from fei"
2026-10-17T04:00:00.000Z,7,North Carolina,Duke,Wallace Wade Stadium,no,40004,,,,,767.89,668.47,-4.5,54.5,2.0154288508796387,56.599999999999994,away,medium,over,medium,away,-0.11352817688040262,"blend of 5 margin source(s) (fitted weights): espn_fpi, sagarin_predictor, sagarin_rating, fei, team_rankings; total from fei"
2026-10-17T04:00:00.000Z,7,Wisconsin,UCLA,Rose Bowl,no,88565,,,,,767.68,774.45,,,-0.8441052241455833,48.2,,,,,,,"blend of 5 margin source(s) (fitted weights): espn_fpi, sagarin_predictor, sagarin_rating, fei, team_rankings; total from fei"
2026-10-17T04:00:00.000Z,7,Western Michigan,Central Michigan,Kelly/Shorts Stadium,no,30255,,,,,572.2,540.01,,,-4.022939644161643,47.480000000000004,,,,,,,"blend of 5 margin source(s) (fitted weights): espn_fpi, sagarin_predictor, sagarin_rating, fei, team_rankings; total from fei"
2026-10-17T04:00:00.000Z,7,Nebraska,Oregon,Autzen Stadium,no,54000,,,,,787.45,984.33,-21.5,51.5,18.975475577823133,55.760000000000005,away,medium,over,medium,away,-0.05745879405838017,"blend of 5 margin source(s) (fitted weights): espn_fpi, sagarin_predictor, sagarin_rating, fei, team_rankings; total from fei"
2026-10-17T04:00:00.000Z,7,Arkansas State,Southern Miss,M. M. Roberts Stadium,no,36000,,,,,606.22,602.63,,,3.889221986840821,,,,,,,,"blend of 4 margin source(s) (fitted weights): espn_fpi, sagarin_predictor, sagarin_rating, team_rankings"
2026-10-17T04:00:00.000Z,7,Florida State,Miami,Hard Rock Stadium,no,64767,,,,,800.2,885.94,-16.5,53.5,16.623665448172186,56,home,low,over,medium,,-0.0363637766629501,"blend of 5 margin source(s) (fitted weights): espn_fpi, sagarin_predictor, sagarin_rating, fei, team_rankings; total from fei"
2026-10-17T04:00:00.000Z,7,Ohio,Sacramento State,Hornet Stadium,no,21195,,,,,522.84,561.42,,,-8.486496409369778,52.760000000000005,,,,,,,"blend of 5 margin source(s) (fitted weights): espn_fpi, sagarin_predictor, sagarin_rating, fei, team_rankings; total from fei"
2026-10-17T04:00:00.000Z,7,Tulsa,Rice,Rice Stadium,no,47000,,,,,622.84,589.89,,,-1.1687009811523792,48.44,,,,,,,"blend of 5 margin source(s) (fitted weights): espn_fpi, sagarin_predictor, sagarin_rating, fei, team_rankings; total from fei"
2026-10-17T04:00:00.000Z,7,Louisville,Syracuse,JMA Wireless Dome,yes,49057,,,,,739.97,745.61,,,-7.2127589221837365,47,,,,,,,"blend of 5 margin source(s) (fitted weights): espn_fpi, sagarin_predictor, sagarin_rating, fei, team_rankings; total from fei"
2026-10-17T04:00:00.000Z,7,Troy,Louisiana,Cajun Field,no,41426,,,,,596.19,590.94,,,1.3740357389263242,47.96,,,,,,,"blend of 4 margin source(s) (fitted weights): sagarin_predictor, sagarin_rating, fei, team_rankings; total from fei"
2026-10-17T04:00:00.000Z,7,New Mexico,Hawai'i,Clarence T.C. Ching Athletics Complex,no,15194,,,,,568.19,556.82,,,1.0607614966527656,52.879999999999995,,,,,,,"blend of 5 margin source(s) (fitted weights): espn_fpi, sagarin_predictor, sagarin_rating, fei, team_rankings; total from fei"
2026-10-17T04:00:00.000Z,7,Penn State,Michigan,Michigan Stadium,no,107601,,,,,774.04,890.02,-6.5,51.5,4.583550540408121,54.2,away,medium,over,medium,away,-0.0874204938740919,"blend of 5 margin source(s) (fitted weights): espn_fpi, sagarin_predictor, sagarin_rating, fei, team_rankings; total from fei"
2026-10-17T04:00:00.000Z,7,Toledo,Eastern Michigan,Rynearson Stadium,no,30200,,,,,556.26,580.64,,,-6.834250628374367,51.2,,,,,,,"blend of 5 margin source(s) (fitted weights): espn_fpi, sagarin_predictor, sagarin_rating, fei, team_rankings; total from fei"
2026-10-17T04:00:00.000Z,7,Massachusetts,Buffalo,UB Stadium,no,30270,,,,,525.94,549.31,,,7.184001681872016,48.8,,,,,,,"blend of 5 margin source(s) (fitted weights): espn_fpi, sagarin_predictor, sagarin_rating, fei, team_rankings; total from fei"
2026-10-17T04:00:00.000Z,7,Northwestern,Michigan State,Spartan Stadium,no,75005,,,,,688.32,685.02,,,1.1759294354170968,50.239999999999995,,,,,,,"blend of 5 margin source(s) (fitted weights): espn_fpi, sagarin_predictor, sagarin_rating, fei, team_rankings; total from fei"
2026-10-17T04:00:00.000Z,7,Virginia,SMU,Gerald J. Ford Stadium,no,32000,,,,,700.18,764.5,,,3.4711336493055285,51.32,,,,,,,"blend of 5 margin source(s) (fitted weights): espn_fpi, sagarin_predictor, sagarin_rating, fei, team_rankings; total from fei"
2026-10-17T04:00:00.000Z,7,Notre Dame,BYU,LaVell Edwards Stadium,no,63470,,,,,953.03,689.42,10,54.5,-9.240545412161747,53.84,home,low,under,low,home,0.06369562009461938,"blend of 5 margin source(s) (fitted weights): espn_fpi, sagarin_predictor, sagarin_rating, fei, team_rankings; total from fei"
2026-10-17T04:00:00.000Z,7,Pittsburgh,Boston College,"Alumni Stadium (Chestnut Hill, MA)",no,44500,,,,,675.02,660,,,-6.660436886520404,50,,,,,,,"blend of 5 margin source(s) (fitted weights): espn_fpi, sagarin_predictor, sagarin_rating, fei, team_rankings; total from fei"
2026-10-17T04:00:00.000Z,7,Utah,Colorado,Folsom Field,no,50183,,,,,695.72,731.62,,,-6.174640464208947,53.36,,,,,,,"blend of 5 margin source(s) (fitted weights): espn_fpi, sagarin_predictor, sagarin_rating, fei, team_rankings; total from fei"
2026-10-17T04:00:00.000Z,7,Kentucky,Oklahoma,"Memorial Stadium (Norman, OK)",no,86112,,,,,786.65,851.14,,,13.586173720804098,44.120000000000005,,,,,,,"blend of 5 margin source(s) (fitted weights): espn_fpi, sagarin_predictor, sagarin_rating, fei, team_rankings; total from fei"
2026-10-17T04:00:00.000Z,7,Ohio State,Indiana,"Memorial Stadium (Bloomington, IN)",no,52656,,,,,964.27,735.26,-1.5,48.5,-2.2768658205296046,51.32,away,high,over,medium,away,-0.05658012539437446,"blend of 5 margin source(s) (fitted weights): espn_fpi, sagarin_predictor, sagarin_rating, fei, team_rankings; total from fei"
2026-10-17T04:00:00.000Z,7,Wake Forest,California,California Memorial Stadium,no,62467,,,,,680.87,751.92,,,0.4065397287238598,47.72,,,,,,,"blend of 5 margin source(s) (fitted weights): espn_fpi, sagarin_predictor, sagarin_rating, fei, team_rankings; total from fei"
2026-10-17T04:00:00.000Z,7,Charlotte,Temple,Lincoln Financial Field,no,69879,,,,,576.77,631.07,,,10.111414191984679,53.48,,,,,,,"blend of 4 margin source(s) (fitted weights): sagarin_predictor, sagarin_rating, fei, team_rankings; total from fei"
2026-10-17T16:00:00.000Z,7,Florida Atlantic,Army,Michie Stadium,no,38000,,,,,593.36,303.83,,,8.55229416856325,54.92,,,,,,,"blend of 5 margin source(s) (fitted weights): espn_fpi, sagarin_predictor, sagarin_rating, fei, team_rankings; total from fei"
2026-10-17T19:30:00.000Z,7,Northern Illinois,Wyoming,War Memorial Stadium,no,29181,,,,,536.58,528.29,,,5.033191065747376,46.16,,,,,,,"blend of 5 margin source(s) (fitted weights): espn_fpi, sagarin_predictor, sagarin_rating, fei, team_rankings; total from fei"
2026-10-17T19:30:00.000Z,7,UNLV,Air Force,Falcon Stadium,no,46692,,,,,696.03,272.35,,,-1.2034814604409552,62.36,,,,,,,"blend of 5 margin source(s) (fitted weights): espn_fpi, sagarin_predictor, sagarin_rating, fei, team_rankings; total from fei"
2026-10-17T22:00:00.000Z,7,Washington State,Oregon State,Reser Stadium,no,43363,,,,,630.29,635.79,,,-2.337877263660622,48.92,,,,,,,"blend of 5 margin source(s) (fitted weights): espn_fpi, sagarin_predictor, sagarin_rating, fei, team_rankings; total from fei"
2026-10-17T23:00:00.000Z,7,Nevada,North Dakota State,Fargodome,yes,18700,,,,,549.99,515.59,,,10.197907816307321,50.480000000000004,,,,,,,"blend of 5 margin source(s) (fitted weights): espn_fpi, sagarin_predictor, sagarin_rating, fei, team_rankings; total from fei"
2026-10-18T01:00:00.000Z,7,San José State,UTEP,Sun Bowl,no,51500,,,,,569.25,585.76,,,-4.855035927129001,50.239999999999995,,,,,,,"blend of 5 margin source(s) (fitted weights): espn_fpi, sagarin_predictor, sagarin_rating, fei, team_rankings; total from fei"
2026-10-18T02:30:00.000Z,7,Fresno State,San Diego State,Snapdragon Stadium,no,35000,,,,,609.75,609.22,,,7.778001945478482,41.84,,,,,,,"blend of 5 margin source(s) (fitted weights): espn_fpi, sagarin_predictor, sagarin_rating, fei, team_rankings; total from fei"
2026-10-20T23:00:00.000Z,8,Missouri State,Delaware,Delaware Stadium,no,22000,,,,,549.92,483.48,,,5.718538343375828,58.4,,,,,,,"blend of 5 margin source(s) (fitted weights): espn_fpi, sagarin_predictor, sagarin_rating, fei, team_rankings; total from fei"
2026-10-20T23:00:00.000Z,8,Middle Tennessee,Florida International,Pitbull Stadium,no,20000,,,,,571.5,607.56,,,5.128371279292635,50.72,,,,,,,"blend of 2 margin source(s) (fitted weights): espn_fpi, fei; total from fei"
2026-10-20T23:30:00.000Z,8,South Alabama,Marshall,Joan C. Edwards Stadium,no,38016,,,,,573.38,594.71,,,4.761969896934069,53.120000000000005,,,,,,,"blend of 5 margin source(s) (fitted weights): espn_fpi, sagarin_predictor, sagarin_rating, fei, team_rankings; total from fei"
2026-10-22T00:00:00.000Z,8,New Mexico State,Sam Houston,Elliott T. Bowers Stadium,no,14000,,,,,460.38,554.47,,,-1.8677490899176719,50.120000000000005,,,,,,,"blend of 5 margin source(s) (fitted weights): espn_fpi, sagarin_predictor, sagarin_rating, fei, team_rankings; total from fei"
2026-10-22T23:00:00.000Z,8,Liberty,Kennesaw State,Fifth Third Stadium,no,11040,,,,,633.35,502.86,,,2.381967846134561,56.48,,,,,,,"blend of 5 margin source(s) (fitted weights): espn_fpi, sagarin_predictor, sagarin_rating, fei, team_rankings; total from fei"
2026-10-22T23:00:00.000Z,8,James Madison,App State,Kidd Brewer Stadium,no,30000,,,,,588.31,621.61,,,-6.039888241785446,53.72,,,,,,,"blend of 5 margin source(s) (fitted weights): espn_fpi, sagarin_predictor, sagarin_rating, fei, team_rankings; total from fei"
2026-10-22T23:30:00.000Z,8,East Carolina,Memphis,Simmons Bank Liberty Stadium,no,58325,,,,,623.79,670.31,,,3.7019152951985332,52.519999999999996,,,,,,,"blend of 5 margin source(s) (fitted weights): espn_fpi, sagarin_predictor, sagarin_rating, fei, team_rankings; total from fei"
2026-10-23T23:00:00.000Z,8,Duke,Virginia,Scott Stadium,no,61500,,,,,668.47,700.18,-6.5,53.5,8.729213516993816,55.04,home,medium,over,low,,0.002288094534796503,"blend of 5 margin source(s) (fitted weights): espn_fpi, sagarin_predictor, sagarin_rating, fei, team_rankings; total from fei"
2026-10-23T23:00:00.000Z,8,Massachusetts,UConn,Pratt & Whitney Stadium,no,40000,,,,,525.94,652.56,,,9.930237375378226,57.080000000000005,,,,,,,"blend of 5 margin source(s) (fitted weights): espn_fpi, sagarin_predictor, sagarin_rating, fei, team_rankings; total from fei"
2026-10-24T00:30:00.000Z,8,Army,Tulsa,Chapman Stadium,no,30000,,,,,303.83,622.84,,,-2.5276388765150477,50.959999999999994,,,,,,,"blend of 5 margin source(s) (fitted weights): espn_fpi, sagarin_predictor, sagarin_rating, fei, team_rankings; total from fei"
2026-10-24T01:00:00.000Z,8,Air Force,Wyoming,War Memorial Stadium,no,29181,,,,,272.35,528.29,,,-2.4936262292715528,54.68,,,,,,,"blend of 5 margin source(s) (fitted weights): espn_fpi, sagarin_predictor, sagarin_rating, fei, team_rankings; total from fei"
2026-10-24T02:30:00.000Z,8,NC State,Stanford,Stanford Stadium,no,50424,,,,,757.14,705.81,,,-0.6225961872570842,51.08,,,,,,,"blend of 5 margin source(s) (fitted weights): espn_fpi, sagarin_predictor, sagarin_rating, fei, team_rankings; total from fei"
2026-10-24T04:00:00.000Z,8,Sacramento State,Ball State,Scheumann Stadium,no,22500,,,,,561.42,563.88,,,4.514609773094055,49.64,,,,,,,"blend of 5 margin source(s) (fitted weights): espn_fpi, sagarin_predictor, sagarin_rating, fei, team_rankings; total from fei"
2026-10-24T04:00:00.000Z,8,Oklahoma,Mississippi State,Davis Wade Stadium,no,61337,,,,,851.14,804.53,,,-9.281041104153662,48.8,,,,,,,"blend of 5 margin source(s) (fitted weights): espn_fpi, sagarin_predictor, sagarin_rating, fei, team_rankings; total from fei"
2026-10-24T04:00:00.000Z,8,Western Michigan,Toledo,Glass Bowl,no,26038,,,,,572.2,556.26,,,3.2395494498070487,47,,,,,,,"blend of 5 margin source(s) (fitted weights): espn_fpi, sagarin_predictor, sagarin_rating, fei, team_rankings; total from fei"
2026-10-24T04:00:00.000Z,8,Bowling Green,Buffalo,UB Stadium,no,30270,,,,,568.33,549.31,,,3.1265893530555307,41.72,,,,,,,"blend of 5 margin source(s) (fitted weights): espn_fpi, sagarin_predictor, sagarin_rating, fei, team_rankings; total from fei"
2026-10-24T04:00:00.000Z,8,California,SMU,Gerald J. Ford Stadium,no,32000,,,,,751.92,764.5,,,11.381688005683863,52.28,,,,,,,"blend of 5 margin source(s) (fitted weights): espn_fpi, sagarin_predictor, sagarin_rating, fei, team_rankings; total from fei"
2026-10-24T04:00:00.000Z,8,Pittsburgh,Miami,Hard Rock Stadium,no,64767,,,,,675.02,885.94,,,16.541863951240515,47.84,,,,,,,"blend of 5 margin source(s) (fitted weights): espn_fpi, sagarin_predictor, sagarin_rating, fei, team_rankings; total from fei"
2026-10-24T04:00:00.000Z,8,UTSA,Tulane,Yulman Stadium,no,30000,,,,,655.82,665.11,,,6.674648328506055,54.08,,,,,,,"blend of 5 margin source(s) (fitted weights): espn_fpi, sagarin_predictor, sagarin_rating, fei, team_rankings; total from fei"
2026-10-24T04:00:00.000Z,8,West Virginia,TCU,Amon G. Carter Stadium,no,46000,,,,,707.6,730.79,,,6.048211454109178,50.599999999999994,,,,,,,"blend of 5 margin source(s) (fitted weights): espn_fpi, sagarin_predictor, sagarin_rating, fei, team_rankings; total from fei"
2026-10-24T04:00:00.000Z,8,Vanderbilt,Kentucky,Kroger Field,no,61000,,,,,727.39,786.65,,,-0.5882665450862135,55.64,,,,,,,"blend of 5 margin source(s) (fitted weights): espn_fpi, sagarin_predictor, sagarin_rating, fei, team_rankings; total from fei"
2026-10-24T04:00:00.000Z,8,Texas Tech,Cincinnati,Nippert Stadium,no,40000,,,,,767.89,634.28,,,-11.32660184688331,50.239999999999995,,,,,,,"blend of 5 margin source(s) (fitted weights): espn_fpi, sagarin_predictor, sagarin_rating, fei, team_rankings; total from fei"
2026-10-24T04:00:00.000Z,8,UL Monroe,Troy,Veterans Memorial Stadium (AL),no,30000,,,,,505.49,596.19,,,10.046748756999584,46.760000000000005,,,,,,,"blend of 4 margin source(s) (fitted weights): sagarin_predictor, sagarin_rating, fei, team_rankings; total from fei"
2026-10-24T04:00:00.000Z,8,Colorado,Oklahoma State,Boone Pickens Stadium,no,55509,,,,,731.62,672.69,,,2.1432829189904705,49.879999999999995,,,,,,,"blend of 5 margin source(s) (fitted weights): espn_fpi, sagarin_predictor, sagarin_rating, fei, team_rankings; total from fei"
2026-10-24T04:00:00.000Z,8,Syracuse,North Carolina,Kenan Stadium,no,50500,,,,,745.61,767.89,,,7.156879342464602,49.28,,,,,,,"blend of 5 margin source(s) (fitted weights): espn_fpi, sagarin_predictor, sagarin_rating, fei, team_rankings; total from fei"
2026-10-24T04:00:00.000Z,8,Tennessee,South Carolina,Williams-Brice Stadium,no,80250,,,,,885.9,862.87,,,-1.401081406631517,51.8,,,,,,,"blend of 5 margin source(s) (fitted weights): espn_fpi, sagarin_predictor, sagarin_rating, fei, team_rankings; total from fei"
2026-10-24T04:00:00.000Z,8,Virginia Tech,Clemson,"Memorial Stadium (Clemson, SC)",no,81500,,,,,769.12,862.85,,,8.557218385025248,50.48,,,,,,,"blend of 5 margin source(s) (fitted weights): espn_fpi, sagarin_predictor, sagarin_rating, fei, team_rankings; total from fei"
2026-10-24T04:00:00.000Z,8,Miami (OH),Central Michigan,Kelly/Shorts Stadium,no,30255,,,,,621.37,540.01,,,-1.790936642600205,47.6,,,,,,,"blend of 5 margin source(s) (fitted weights): espn_fpi, sagarin_predictor, sagarin_rating, fei, team_rankings; total from fei"
2026-10-24T04:00:00.000Z,8,Iowa State,Arizona,Arizona Stadium,no,50782,,,,,669.55,699.59,,,8.15427971718965,51.08,,,,,,,"blend of 5 margin source(s) (fitted weights): espn_fpi, sagarin_predictor, sagarin_rating, fei, team_rankings; total from fei"
2026-10-24T04:00:00.000Z,8,Old Dominion,Louisiana Tech,Joe Aillet Stadium,no,28019,,,,,544.25,543.02,,,-3.0489104026605145,46.760000000000005,,,,,,,"blend of 5 margin source(s) (fitted weights): espn_fpi, sagarin_predictor, sagarin_rating, fei, team_rankings; total from fei"
2026-10-24T04:00:00.000Z,8,Houston,Utah,Rice-Eccles Stadium,no,51444,,,,,695.93,695.72,-6.5,50.5,7.652392621633055,55.64,home,medium,over,medium,,-0.007020301232871895,"blend of 5 margin source(s) (fitted weights): espn_fpi, sagarin_predictor, sagarin_rating, fei, team_rankings; total from fei"
2026-10-24T04:00:00.000Z,8,Baylor,Kansas,Memorial Stadium,no,47000,,,,,723.28,684.51,,,1.618851871684538,62.120000000000005,,,,,,,"blend of 5 margin source(s) (fitted weights): espn_fpi, sagarin_predictor, sagarin_rating, fei, team_rankings; total from fei"
2026-10-24T04:00:00.000Z,8,Texas A&M,Alabama,Bryant-Denny Stadium,no,101821,,,,,933,973.53,-2.5,54.5,3.3965878033053074,52.16,home,low,under,medium,,0.02056623214776865,"blend of 5 margin source(s) (fitted weights): espn_fpi, sagarin_predictor, sagarin_rating, fei, team_rankings; total from fei"
2026-10-24T04:00:00.000Z,8,Rice,Florida Atlantic,FAU Stadium,no,29419,,,,,589.89,593.36,,,5.521430558264839,52.4,,,,,,,"blend of 5 margin source(s) (fitted weights): espn_fpi, sagarin_predictor, sagarin_rating, fei, team_rankings; total from fei"
2026-10-24T04:00:00.000Z,8,Indiana,Michigan,Michigan Stadium,no,107601,,,,,735.26,890.02,6,52.5,-3.532244608273134,53.36,home,medium,over,low,home,0.1034305187317403,"blend of 5 margin source(s) (fitted weights): espn_fpi, sagarin_predictor, sagarin_rating, fei, team_rankings; total from fei"
2026-10-24T04:00:00.000Z,8,Louisiana,Southern Miss,M. M. Roberts Stadium,no,36000,,,,,590.94,602.63,,,2.913100032912558,,,,,,,,"blend of 4 margin source(s) (fitted weights): espn_fpi, sagarin_predictor, sagarin_rating, team_rankings"
2026-10-24T04:00:00.000Z,8,Eastern Michigan,Ohio,Peden Stadium,no,24000,,,,,580.64,522.84,,,8.604422778718924,54.32,,,,,,,"blend of 5 margin source(s) (fitted weights): espn_fpi, sagarin_predictor, sagarin_rating, fei, team_rankings; total from fei"
2026-10-24T04:00:00.000Z,8,Akron,Kent State,Dix Stadium,no,25319,,,,,546.84,522.83,,,1.260929918659102,54.08,,,,,,,"blend of 5 margin source(s) (fitted weights): espn_fpi, sagarin_predictor, sagarin_rating, fei, team_rankings; total from fei"
2026-10-24T04:00:00.000Z,8,Iowa,Minnesota,Huntington Bank Stadium,no,50850,,,,,722.73,728.79,,,-3.94932787793946,43.879999999999995,,,,,,,"blend of 5 margin source(s) (fitted weights): espn_fpi, sagarin_predictor, sagarin_rating, fei, team_rankings; total from fei"
2026-10-24T04:00:00.000Z,8,USC,Wisconsin,Camp Randall Stadium,no,80321,,,,,899,767.68,,,-6.273915243499372,55.760000000000005,,,,,,,"blend of 5 margin source(s) (fitted weights): espn_fpi, sagarin_predictor, sagarin_rating, fei, team_rankings; total from fei"
2026-10-24T04:00:00.000Z,8,Kansas State,Arizona State,Mountain America Stadium,no,65870,,,,,718.67,722,,,1.0810893760932891,51.8,,,,,,,"blend of 5 margin source(s) (fitted weights): espn_fpi, sagarin_predictor, sagarin_rating, fei, team_rankings; total from fei"
2026-10-24T04:00:00.000Z,8,Ole Miss,Texas,DKR-Texas Memorial Stadium,no,100119,,,,,885.72,985.17,-8.5,54.5,9.098154500727745,55.28,home,low,over,low,,-0.010554523222425671,"blend of 5 margin source(s) (fitted weights): espn_fpi, sagarin_predictor, sagarin_rating, fei, team_rankings; total from fei"
2026-10-24T04:00:00.000Z,8,Hawai'i,Northern Illinois,Huskie Stadium,no,23595,,,,,556.82,536.58,,,-4.979016149707746,52.519999999999996,,,,,,,"blend of 5 margin source(s) (fitted weights): espn_fpi, sagarin_predictor, sagarin_rating, fei, team_rankings; total from fei"
2026-10-24T04:00:00.000Z,8,Oregon,Illinois,"Memorial Stadium (Champaign, IL)",no,60670,,,,,984.33,704.01,,,-14.04546826899011,57.8,,,,,,,"blend of 5 margin source(s) (fitted weights): espn_fpi, sagarin_predictor, sagarin_rating, fei, team_rankings; total from fei"
2026-10-24T04:00:00.000Z,8,Michigan State,UCLA,Rose Bowl,no,88565,,,,,685.02,774.45,,,3.6747991056223746,54.44,,,,,,,"blend of 5 margin source(s) (fitted weights): espn_fpi, sagarin_predictor, sagarin_rating, fei, team_rankings; total from fei"
2026-10-24T04:00:00.000Z,8,Boston College,Georgia Tech,Bobby Dodd Stadium,no,55000,,,,,660,751.65,,,8.993948314377281,57.2,,,,,,,"blend of 5 margin source(s) (fitted weights): espn_fpi, sagarin_predictor, sagarin_rating, fei, team_rankings; total from fei"
2026-10-24T04:00:00.000Z,8,Rutgers,Northwestern,Ryan Field,no,35000,,,,,709.04,688.32,,,7.90095078261131,56.239999999999995,,,,,,,"blend of 5 margin source(s) (fitted weights): espn_fpi, sagarin_predictor, sagarin_rating, fei, team_rankings; total from fei"
2026-10-24T04:00:00.000Z,8,BYU,UCF,FBC Mortgage Stadium,no,44206,,,,,689.42,672.14,,,-5.002073829745776,51.68,,,,,,,"blend of 3 margin source(s) (fitted weights): espn_fpi, fei, team_rankings; total from fei"
2026-10-24T16:00:00.000Z,8,LSU,Auburn,Jordan-Hare Stadium,no,87451,,,,,931.76,828.19,,,-3.0125558972262776,46.879999999999995,,,,,,,"blend of 5 margin source(s) (fitted weights): espn_fpi, sagarin_predictor, sagarin_rating, fei, team_rankings; total from fei"
2026-10-24T19:30:00.000Z,8,North Texas,Navy,Navy-Marine Corps Memorial Stadium,no,34000,,,,,602.08,195.68,,,6.392142575100114,61.16,,,,,,,"blend of 5 margin source(s) (fitted weights): espn_fpi, sagarin_predictor, sagarin_rating, fei, team_rankings; total from fei"
2026-10-24T21:00:00.000Z,8,San José State,Nevada,Mackay Stadium,no,27000,,,,,569.25,549.99,,,0.010519163654197916,50.84,,,,,,,"blend of 5 margin source(s) (fitted weights): espn_fpi, sagarin_predictor, sagarin_rating, fei, team_rankings; total from fei"
2026-10-24T22:00:00.000Z,8,Boise State,Washington State,Gesa Field,no,32952,,,,,641.17,630.29,,,-2.641704162506128,48.32,,,,,,,"blend of 5 margin source(s) (fitted weights): espn_fpi, sagarin_predictor, sagarin_rating, fei, team_rankings; total from fei"
2026-10-24T22:30:00.000Z,8,San Diego State,Colorado State,Canvas Stadium,no,36500,,,,,609.22,640.31,,,-7.895500560828448,47.36,,,,,,,"blend of 5 margin source(s) (fitted weights): espn_fpi, sagarin_predictor, sagarin_rating, fei, team_rankings; total from fei"
2026-10-24T23:00:00.000Z,8,Georgia State,Arkansas State,Centennial Bank Stadium,no,30382,,,,,573.83,606.22,,,5.44936735080669,53.36,,,,,,,"blend of 5 margin source(s) (fitted weights): espn_fpi, sagarin_predictor, sagarin_rating, fei, team_rankings; total from fei"
2026-10-24T23:30:00.000Z,8,Utah State,Texas State,Bobcat Stadium (TX),no,30000,,,,,543.98,624.81,,,5.071307480404715,58.879999999999995,,,,,,,"blend of 5 margin source(s) (fitted weights): espn_fpi, sagarin_predictor, sagarin_rating, fei, team_rankings; total from fei"
2026-10-25T02:00:00.000Z,8,North Dakota State,New Mexico,University Stadium (NM),no,39224,,,,,515.59,568.19,,,2.4836997170156905,52.400000000000006,,,,,,,"blend of 5 margin source(s) (fitted weights): espn_fpi, sagarin_predictor, sagarin_rating, fei, team_rankings; total from fei"
2026-10-27T23:00:00.000Z,9,Delaware,Western Kentucky,Houchens Industries-L.T. Smith Stadium,no,22113,,,,,483.48,611.52,,,5.138514996782855,54.32,,,,,,,"blend of 5 margin source(s) (fitted weights): espn_fpi, sagarin_predictor, sagarin_rating, fei, team_rankings; total from fei"
2026-10-28T00:00:00.000Z,9,Sam Houston,Missouri State,Plaster Sports Complex,no,17337,,,,,554.47,549.92,,,8.90454315492088,54.56,,,,,,,"blend of 5 margin source(s) (fitted weights): espn_fpi, sagarin_predictor, sagarin_rating, fei, team_rankings; total from fei"
2026-10-28T23:00:00.000Z,9,Kennesaw State,Middle Tennessee,"Johnny ""Red"" Floyd Stadium",no,30788,,,,,502.86,571.5,,,-5.205117834086413,54.2,,,,,,,"blend of 5 margin source(s) (fitted weights): espn_fpi, sagarin_predictor, sagarin_rating, fei, team_rankings; total from fei"
2026-10-29T00:00:00.000Z,9,Jacksonville State,New Mexico State,Aggie Memorial Stadium,no,28853,,,,,602.83,460.38,,,2.148858462901674,50.6,,,,,,,"blend of 5 margin source(s) (fitted weights): espn_fpi, sagarin_predictor, sagarin_rating, fei, team_rankings; total from fei"
2026-10-29T23:30:00.000Z,9,Troy,James Madison,Bridgeforth Stadium,no,24877,,,,,596.19,588.31,,,9.889172996815326,46.040000000000006,,,,,,,"blend of 4 margin source(s) (fitted weights): sagarin_predictor, sagarin_rating, fei, team_rankings; total from fei"
2026-10-29T23:30:00.000Z,9,Florida Atlantic,North Texas,DATCU Stadium,no,30850,,,,,593.36,602.08,,,7.652737314295471,61.519999999999996,,,,,,,"blend of 5 margin source(s) (fitted weights): espn_fpi, sagarin_predictor, sagarin_rating, fei, team_rankings; total from fei"
2026-10-30T23:00:00.000Z,9,Tulane,Charlotte,Jerry Richardson Stadium,no,15300,,,,,665.11,576.77,,,-13.084710949594577,50.36,,,,,,,"blend of 4 margin source(s) (fitted weights): sagarin_predictor, sagarin_rating, fei, team_rankings; total from fei"
2026-10-30T23:30:00.000Z,9,Baylor,UCF,FBC Mortgage Stadium,no,44206,,,,,723.28,672.14,,,1.172999463883706,53.239999999999995,,,,,,,"blend of 3 margin source(s) (fitted weights): espn_fpi, fei, team_rankings; total from fei"
2026-10-31T02:30:00.000Z,9,Kent State,Sacramento State,Hornet Stadium,no,21195,,,,,522.83,561.42,,,0.962893062523614,55.28,,,,,,,"blend of 5 margin source(s) (fitted weights): espn_fpi, sagarin_predictor, sagarin_rating, fei, team_rankings; total from fei"
2026-10-31T04:00:00.000Z,9,Oklahoma State,Iowa State,Jack Trice Stadium,no,61500,,,,,672.69,669.55,,,2.0767844598061096,49.76,,,,,,,"blend of 5 margin source(s) (fitted weights): espn_fpi, sagarin_predictor, sagarin_rating, fei, team_rankings; total from fei"
2026-10-31T04:00:00.000Z,9,Utah,Cincinnati,Nippert Stadium,no,40000,,,,,695.72,634.28,,,-5.1248830421243206,58.400000000000006,,,,,,,"blend of 5 margin source(s) (fitted weights): espn_fpi, sagarin_predictor, sagarin_rating, fei, team_rankings; total from fei"
2026-10-31T04:00:00.000Z,9,Army,Memphis,Simmons Bank Liberty Stadium,no,58325,,,,,303.83,670.31,,,6.077449792010855,53.72,,,,,,,"blend of 5 margin source(s) (fitted weights): espn_fpi, sagarin_predictor, sagarin_rating, fei, team_rankings; total from fei"
2026-10-31T04:00:00.000Z,9,Arizona,Texas Tech,Jones AT&T Stadium,no,60454,,,,,699.59,767.89,,,12.973743259432542,45.92,,,,,,,"blend of 5 margin source(s) (fitted weights): espn_fpi, sagarin_predictor, sagarin_rating, fei, team_rankings; total from fei"
2026-10-31T04:00:00.000Z,9,Auburn,Ole Miss,Vaught-Hemingway Stadium,no,64038,,,,,828.19,885.72,,,7.238688760693284,53.72,,,,,,,"blend of 5 margin source(s) (fitted weights): espn_fpi, sagarin_predictor, sagarin_rating, fei, team_rankings; total from fei"
2026-10-31T04:00:00.000Z,9,Illinois,Maryland,SECU Stadium,no,51802,,,,,704.01,719.64,,,-2.5288851459974118,51.8,,,,,,,"blend of 5 margin source(s) (fitted weights): espn_fpi, sagarin_predictor, sagarin_rating, fei, team_rankings; total from fei"
2026-10-31T04:00:00.000Z,9,App State,Georgia Southern,Allen E. Paulson Stadium,no,25000,,,,,621.61,634.19,,,2.8519278892871665,61.4,,,,,,,"blend of 4 margin source(s) (fitted weights): espn_fpi, sagarin_predictor, sagarin_rating, fei; total from fei"
2026-10-31T04:00:00.000Z,9,Wisconsin,Iowa,Kinnick Stadium,no,69250,,,,,767.68,722.73,,,7.442994970411611,38.959999999999994,,,,,,,"blend of 5 margin source(s) (fitted weights): espn_fpi, sagarin_predictor, sagarin_rating, fei, team_rankings; total from fei"
2026-10-31T04:00:00.000Z,9,Marshall,Old Dominion,S.B. Ballard Stadium,no,20118,,,,,594.71,544.25,,,6.4356786003995055,46.64,,,,,,,"blend of 5 margin source(s) (fitted weights): espn_fpi, sagarin_predictor, sagarin_rating, fei, team_rankings; total from fei"
2026-10-31T04:00:00.000Z,9,Miami,North Carolina,Kenan Stadium,no,50500,,,,,885.94,767.89,,,-14.377607289611284,51.32,,,,,,,"blend of 5 margin source(s) (fitted weights): espn_fpi, sagarin_predictor, sagarin_rating, fei, team_rankings; total from fei"
2026-10-31T04:00:00.000Z,9,Oregon State,Fresno State,Valley Children's Stadium,no,41031,,,,,635.79,609.75,,,4.129618365541187,46.760000000000005,,,,,,,"blend of 5 margin source(s) (fitted weights): espn_fpi, sagarin_predictor, sagarin_rating, fei, team_rankings; total from fei"
2026-10-31T04:00:00.000Z,9,Purdue,Penn State,Beaver Stadium,no,106572,,,,,698.33,774.04,,,16.49937443017607,52.879999999999995,,,,,,,"blend of 5 margin source(s) (fitted weights): espn_fpi, sagarin_predictor, sagarin_rating, fei, team_rankings; total from fei"
2026-10-31T04:00:00.000Z,9,Northwestern,Oregon,Autzen Stadium,no,54000,,,,,688.32,984.33,,,23.61643277092799,53,,,,,,,"blend of 5 margin source(s) (fitted weights): espn_fpi, sagarin_predictor, sagarin_rating, fei, team_rankings; total from fei"
2026-10-31T04:00:00.000Z,9,Arizona State,BYU,LaVell Edwards Stadium,no,63470,,,,,722,689.42,,,9.080502640153782,53.239999999999995,,,,,,,"blend of 5 margin source(s) (fitted weights): espn_fpi, sagarin_predictor, sagarin_rating, fei, team_rankings; total from fei"
2026-10-31T04:00:00.000Z,9,Clemson,Florida State,Doak Campbell Stadium,no,67277,,,,,862.85,800.2,1.5,51.5,-1.7364127353481074,53.36,away,low,over,low,,-0.03888098781471083,"blend of 5 margin source(s) (fitted weights): espn_fpi, sagarin_predictor, sagarin_rating, fei, team_rankings; total from fei"
2026-10-31T04:00:00.000Z,9,Washington,Nebraska,"Memorial Stadium (Lincoln, NE)",no,85458,,,,,777.63,787.45,,,-1.4474844323926637,54.08,,,,,,,"blend of 5 margin source(s) (fitted weights): espn_fpi, sagarin_predictor, sagarin_rating, fei, team_rankings; total from fei"
2026-10-31T04:00:00.000Z,9,Kansas State,Colorado,Folsom Field,no,50183,,,,,718.67,731.62,,,-1.7552125374994185,51.56,,,,,,,"blend of 5 margin source(s) (fitted weights): espn_fpi, sagarin_predictor, sagarin_rating, fei, team_rankings; total from fei"
2026-10-31T04:00:00.000Z,9,Nevada,UCLA,Rose Bowl,no,88565,,,,,549.99,774.45,,,16.49477912437586,51.44,,,,,,,"blend of 5 margin source(s) (fitted weights): espn_fpi, sagarin_predictor, sagarin_rating, fei, team_rankings; total from fei"
2026-10-31T04:00:00.000Z,9,Stanford,Louisville,L&N Federal Credit Union Stadium,no,60000,,,,,705.81,739.97,,,14.495505446122092,47.84,,,,,,,"blend of 5 margin source(s) (fitted weights): espn_fpi, sagarin_predictor, sagarin_rating, fei, team_rankings; total from fei"
2026-10-31T04:00:00.000Z,9,California,NC State,Carter-Finley Stadium,no,58000,,,,,751.92,757.14,,,1.5093058303901703,51.8,,,,,,,"blend of 5 margin source(s) (fitted weights): espn_fpi, sagarin_predictor, sagarin_rating, fei, team_rankings; total from fei"
2026-10-31T04:00:00.000Z,9,South Carolina,Oklahoma,"Memorial Stadium (Norman, OK)",no,86112,,,,,862.87,851.14,,,9.07955053160261,43.64,,,,,,,"blend of 5 margin source(s) (fitted weights): espn_fpi, sagarin_predictor, sagarin_rating, fei, team_rankings; total from fei"
2026-10-31T04:00:00.000Z,9,Missouri,Arkansas,Razorback Stadium,no,80000,,,,,808.36,745.48,,,-2.832753647495264,56,,,,,,,"blend of 5 margin source(s) (fitted weights): espn_fpi, sagarin_predictor, sagarin_rating, fei, team_rankings; total from fei"
2026-10-31T04:00:00.000Z,9,Georgia Tech,Pittsburgh,Acrisure Stadium,no,68400,,,,,751.65,675.02,,,5.449527224013621,51.68,,,,,,,"blend of 5 margin source(s) (fitted weights): espn_fpi, sagarin_predictor, sagarin_rating, fei, team_rankings; total from fei"
2026-10-31T04:00:00.000Z,9,Boston College,Duke,Wallace Wade Stadium,no,40004,,,,,660,668.47,,,8.245776181739114,58.64,,,,,,,"blend of 5 margin source(s) (fitted weights): espn_fpi, sagarin_predictor, sagarin_rating, fei, team_rankings; total from fei"
2026-10-31T04:00:00.000Z,9,Minnesota,Indiana,"Memorial Stadium (Bloomington, IN)",no,52656,,,,,728.79,735.26,,,19.91742176465893,50.96,,,,,,,"blend of 5 margin source(s) (fitted weights): espn_fpi, sagarin_predictor, sagarin_rating, fei, team_rankings; total from fei"
2026-10-31T04:00:00.000Z,9,UAB,South Florida,Raymond James Stadium,no,65828,,,,,606.18,703.81,,,14.951554245054165,56.959999999999994,,,,,,,"blend of 5 margin source(s) (fitted weights): espn_fpi, sagarin_predictor, sagarin_rating, fei, team_rankings; total from fei"
2026-10-31T04:00:00.000Z,9,Southern Miss,UL Monroe,Malone Stadium,no,27617,,,,,602.63,505.49,,,-7.987594552880457,,,,,,,,"blend of 4 margin source(s) (fitted weights): espn_fpi, sagarin_predictor, sagarin_rating, team_rankings"
2026-10-31T04:00:00.000Z,9,New Mexico,San José State,CEFCU Stadium,no,30456,,,,,568.19,569.25,,,-2.3147418278165444,52.760000000000005,,,,,,,"blend of 5 margin source(s) (fitted weights): espn_fpi, sagarin_predictor, sagarin_rating, fei, team_rankings; total from fei"
2026-10-31T04:00:00.000Z,9,Michigan,Rutgers,SHI Stadium,no,52454,,,,,890.02,709.04,,,-15.314205275623149,60.2,,,,,,,"blend of 5 margin source(s) (fitted weights): espn_fpi, sagarin_predictor, sagarin_rating, fei, team_rankings; total from fei"
2026-10-31T04:00:00.000Z,9,Virginia,Wake Forest,Allegacy Federal Credit Union Stadium,no,31500,,,,,700.18,680.87,,,-3.128401650521865,46.76,,,,,,,"blend of 5 margin source(s) (fitted weights): espn_fpi, sagarin_predictor, sagarin_rating, fei, team_rankings; total from fei"
2026-10-31T04:00:00.000Z,9,SMU,Syracuse,JMA Wireless Dome,yes,49057,,,,,764.5,745.61,,,-8.400924273192757,50.72,,,,,,,"blend of 5 margin source(s) (fitted weights): espn_fpi, sagarin_predictor, sagarin_rating, fei, team_rankings; total from fei"
2026-10-31T04:00:00.000Z,9,Ohio State,USC,Los Angeles Memorial Coliseum,no,77500,,,,,964.27,899,7.5,54.5,-9.036654565000646,61.040000000000006,away,medium,over,high,,0.019650281107722822,"blend of 5 margin source(s) (fitted weights): espn_fpi, sagarin_predictor, sagarin_rating, fei, team_rankings; total from fei"
2026-10-31T04:00:00.000Z,9,Coastal Carolina,Georgia State,Center Parc Stadium,no,25000,,,,,573.96,573.83,,,0.9911133426622006,54.44,,,,,,,"blend of 5 margin source(s) (fitted weights): espn_fpi, sagarin_predictor, sagarin_rating, fei, team_rankings; total from fei"
2026-10-31T04:00:00.000Z,9,Louisiana Tech,South Alabama,Hancock Whitney Stadium,no,25450,,,,,543.02,573.38,,,2.228646774487602,53.24,,,,,,,"blend of 5 margin source(s) (fitted weights): espn_fpi, sagarin_predictor, sagarin_rating, fei, team_rankings; total from fei"
2026-10-31T04:00:00.000Z,9,Kansas,TCU,Amon G. Carter Stadium,no,46000,,,,,684.51,730.79,,,2.863020077712999,57.92,,,,,,,"blend of 5 margin source(s) (fitted weights): espn_fpi, sagarin_predictor, sagarin_rating, fei, team_rankings; total from fei"
2026-10-31T04:00:00.000Z,9,Mississippi State,Texas,DKR-Texas Memorial Stadium,no,100119,,,,,804.53,985.17,,,19.750187463131937,51.31999999999999,,,,,,,"blend of 5 margin source(s) (fitted weights): espn_fpi, sagarin_predictor, sagarin_rating, fei, team_rankings; total from fei"
2026-10-31T04:00:00.000Z,9,Temple,East Carolina,Dowdy-Ficklen Stadium,no,50000,,,,,631.07,623.79,,,9.961512484986827,53.959999999999994,,,,,,,"blend of 5 margin source(s) (fitted weights): espn_fpi, sagarin_predictor, sagarin_rating, fei, team_rankings; total from fei"
2026-10-31T16:00:00.000Z,9,Notre Dame,Navy,Gillette Stadium,no,68756,,,,,953.03,195.68,,,-21.73633133116104,54.32000000000001,,,,,,,"blend of 5 margin source(s) (fitted weights): espn_fpi, sagarin_predictor, sagarin_rating, fei, team_rankings; total from fei"
2026-10-31T16:00:00.000Z,9,Bowling Green,Western Michigan,Waldo Stadium,no,30200,,,,,568.33,572.2,,,10.775220469901715,44.120000000000005,,,,,,,"blend of 5 margin source(s) (fitted weights): espn_fpi, sagarin_predictor, sagarin_rating, fei, team_rankings; total from fei"
2026-10-31T19:00:00.000Z,9,UConn,Air Force,Falcon Stadium,no,46692,,,,,652.56,272.35,,,6.3819384240486166,62.72,,,,,,,"blend of 5 margin source(s) (fitted weights): espn_fpi, sagarin_predictor, sagarin_rating, fei, team_rankings; total from fei"
2026-10-31T19:30:00.000Z,9,Florida International,Liberty,Williams Stadium (VA),no,25000,,,,,607.56,633.35,,,7.130002958039263,53,,,,,,,"blend of 2 margin source(s) (fitted weights): espn_fpi, fei; total from fei"
2026-10-31T19:30:00.000Z,9,UTEP,North Dakota State,Fargodome,yes,18700,,,,,585.76,515.59,,,15.063462907090518,49.879999999999995,,,,,,,"blend of 5 margin source(s) (fitted weights): espn_fpi, sagarin_predictor, sagarin_rating, fei, team_rankings; total from fei"
2026-10-31T19:30:00.000Z,9,Florida,Georgia,Mercedes-Benz Stadium,yes,75000,,,,,891.07,1003.67,-12.5,53.5,13.590073654239934,52.64,home,medium,under,low,,-0.009701862361785163,"blend of 5 margin source(s) (fitted weights): espn_fpi, sagarin_predictor, sagarin_rating, fei, team_rankings; total from fei"
2026-10-31T19:30:00.000Z,9,Colorado State,Utah State,Maverik Stadium,no,25513,,,,,640.31,543.98,,,6.967939649612697,54.8,,,,,,,"blend of 5 margin source(s) (fitted weights): espn_fpi, sagarin_predictor, sagarin_rating, fei, team_rankings; total from fei"
2026-10-31T23:00:00.000Z,9,Washington State,San Diego State,Snapdragon Stadium,no,35000,,,,,630.29,609.22,,,4.381050612778715,44,,,,,,,"blend of 5 margin source(s) (fitted weights): espn_fpi, sagarin_predictor, sagarin_rating, fei, team_rankings; total from fei"
2026-11-01T02:00:00.000Z,9,Texas State,Boise State,Albertsons Stadium,no,36387,,,,,624.81,641.17,,,9.682984284279438,55.760000000000005,,,,,,,"blend of 5 margin source(s) (fitted weights): espn_fpi, sagarin_predictor, sagarin_rating, fei, team_rankings; total from fei"
2026-11-01T02:30:00.000Z,9,Northern Illinois,UNLV,Allegiant Stadium,yes,65000,,,,,536.58,696.03,,,13.918991190040213,53.84,,,,,,,"blend of 5 margin source(s) (fitted weights): espn_fpi, sagarin_predictor, sagarin_rating, fei, team_rankings; total from fei"
2026-11-04T00:00:00.000Z,10,Buffalo,Miami (OH),Yager Stadium,no,24286,,,,,549.31,621.37,,,8.010974332574907,44.120000000000005,,,,,,,"blend of 5 margin source(s) (fitted weights): espn_fpi, sagarin_predictor, sagarin_rating, fei, team_rankings; total from fei"
2026-11-04T00:00:00.000Z,10,Ohio,Akron,InfoCision Stadium,no,30000,,,,,522.84,546.84,,,-5.521626955972164,51.56,,,,,,,"blend of 5 margin source(s) (fitted weights): espn_fpi, sagarin_predictor, sagarin_rating, fei, team_rankings; total from fei"
2026-11-04T05:00:00.000Z,10,Toledo,Sacramento State,Hornet Stadium,no,21195,,,,,556.26,561.42,,,-11.905016693605557,49.64,,,,,,,"blend of 5 margin source(s) (fitted weights): espn_fpi, sagarin_predictor, sagarin_rating, fei, team_rankings; total from fei"
2026-11-04T05:00:00.000Z,10,Ball State,Massachusetts,Warren McGuirk Alumni Stadium,no,17000,,,,,563.88,525.94,,,2.289955758437079,51.8,,,,,,,"blend of 5 margin source(s) (fitted weights): espn_fpi, sagarin_predictor, sagarin_rating, fei, team_rankings; total from fei"
2026-11-04T05:00:00.000Z,10,Central Michigan,Eastern Michigan,Ford Field,yes,64500,,,,,540.01,580.64,,,0.42823846559432704,51.68,,,,,,,"blend of 5 margin source(s) (fitted weights): espn_fpi, sagarin_predictor, sagarin_rating, fei, team_rankings; total from fei"
2026-11-06T01:00:00.000Z,10,UTSA,Florida Atlantic,FAU Stadium,no,29419,,,,,655.82,593.36,,,-3.8238338264719784,56.959999999999994,,,,,,,"blend of 5 margin source(s) (fitted weights): espn_fpi, sagarin_predictor, sagarin_rating, fei, team_rankings; total from fei"
2026-11-06T01:00:00.000Z,10,James Madison,Southern Miss,M. M. Roberts Stadium,no,36000,,,,,588.31,602.63,,,-3.6640112754537153,,,,,,,,"blend of 4 margin source(s) (fitted weights): espn_fpi, sagarin_predictor, sagarin_rating, team_rankings"
2026-11-07T00:00:00.000Z,10,Virginia Tech,SMU,Gerald J. Ford Stadium,no,32000,,,,,769.12,764.5,,,7.716562521676034,54.68,,,,,,,"blend of 5 margin source(s) (fitted weights): espn_fpi, sagarin_predictor, sagarin_rating, fei, team_rankings; total from fei"
2026-11-07T00:30:00.000Z,10,South Florida,East Carolina,Dowdy-Ficklen Stadium,no,50000,,,,,703.81,623.79,,,2.0447489682113735,52.519999999999996,,,,,,,"blend of 5 margin source(s) (fitted weights): espn_fpi, sagarin_predictor, sagarin_rating, fei, team_rankings; total from fei"
2026-11-07T01:00:00.000Z,10,Nebraska,Illinois,"Memorial Stadium (Champaign, IL)",no,60670,,,,,787.45,704.01,,,2.3356610915428595,54.92,,,,,,,"blend of 5 margin source(s) (fitted weights): espn_fpi, sagarin_predictor, sagarin_rating, fei, team_rankings; total from fei"
2026-11-07T02:00:00.000Z,10,New Mexico,Nevada,Mackay Stadium,no,27000,,,,,568.19,549.99,,,-4.898568881452513,49.04,,,,,,,"blend of 5 margin source(s) (fitted weights): espn_fpi, sagarin_predictor, sagarin_rating, fei, team_rankings; total from fei"
2026-11-07T03:15:00.000Z,10,TCU,Arizona,Arizona Stadium,no,50782,,,,,730.79,699.59,,,5.257069789501856,51.08,,,,,,,"blend of 5 margin source(s) (fitted weights): espn_fpi, sagarin_predictor, sagarin_rating, fei, team_rankings; total from fei"
2026-11-07T05:00:00.000Z,10,Texas,Missouri,Memorial Stadium,no,71168,,,,,985.17,808.36,,,-9.233337539404765,48.559999999999995,,,,,,,"blend of 5 margin source(s) (fitted weights): espn_fpi, sagarin_predictor, sagarin_rating, fei, team_rankings; total from fei"
2026-11-07T05:00:00.000Z,10,Oklahoma State,Kansas State,Bill Snyder Family Stadium,no,50000,,,,,672.69,718.67,,,7.3949682703794455,50.96,,,,,,,"blend of 5 margin source(s) (fitted weights): espn_fpi, sagarin_predictor, sagarin_rating, fei, team_rankings; total from fei"
2026-11-07T05:00:00.000Z,10,Old Dominion,Coastal Carolina,Brooks Stadium (SC),no,21000,,,,,544.25,573.96,,,-4.827108370915663,48.44,,,,,,,"blend of 5 margin source(s) (fitted weights): espn_fpi, sagarin_predictor, sagarin_rating, fei, team_rankings; total from fei"
2026-11-07T05:00:00.000Z,10,Penn State,Washington,Husky Stadium,no,70138,,,,,774.04,777.63,,,0.6643914556036363,54.2,,,,,,,"blend of 5 margin source(s) (fitted weights): espn_fpi, sagarin_predictor, sagarin_rating, fei, team_rankings; total from fei"
2026-11-07T05:00:00.000Z,10,Duke,NC State,Carter-Finley Stadium,no,58000,,,,,668.47,757.14,,,-0.2663812262845161,57.56,,,,,,,"blend of 5 margin source(s) (fitted weights): espn_fpi, sagarin_predictor, sagarin_rating, fei, team_rankings; total from fei"
2026-11-07T05:00:00.000Z,10,Georgia State,App State,Kidd Brewer Stadium,no,30000,,,,,573.83,621.61,,,5.690812184527887,57.2,,,,,,,"blend of 5 margin source(s) (fitted weights): espn_fpi, sagarin_predictor, sagarin_rating, fei, team_rankings; total from fei"
2026-11-07T05:00:00.000Z,10,Rice,North Texas,DATCU Stadium,no,30850,,,,,589.89,602.08,,,10.579821655270145,56.72,,,,,,,"blend of 5 margin source(s) (fitted weights): espn_fpi, sagarin_predictor, sagarin_rating, fei, team_rankings; total from fei"
2026-11-07T05:00:00.000Z,10,Iowa State,Baylor,McLane Stadium,no,45140,,,,,669.55,723.28,,,6.1983766301607535,54.44,,,,,,,"blend of 5 margin source(s) (fitted weights): espn_fpi, sagarin_predictor, sagarin_rating, fei, team_rankings; total from fei"
2026-11-07T05:00:00.000Z,10,Louisville,Georgia Tech,Bobby Dodd Stadium,no,55000,,,,,739.97,751.65,,,-2.480971030781663,52.879999999999995,,,,,,,"blend of 5 margin source(s) (fitted weights): espn_fpi, sagarin_predictor, sagarin_rating, fei, team_rankings; total from fei"
2026-11-07T05:00:00.000Z,10,Kentucky,Tennessee,Neyland Stadium,no,102455,,,,,786.65,885.9,,,11.096397030413335,52.28,,,,,,,"blend of 5 margin source(s) (fitted weights): espn_fpi, sagarin_predictor, sagarin_rating, fei, team_rankings; total from fei"
2026-11-07T05:00:00.000Z,10,Texas A&M,South Carolina,Williams-Brice Stadium,no,80250,,,,,933,862.87,,,-4.796737636530844,47.239999999999995,,,,,,,"blend of 5 margin source(s) (fitted weights): espn_fpi, sagarin_predictor, sagarin_rating, fei, team_rankings; total from fei"
2026-11-07T05:00:00.000Z,10,Tulsa,Tulane,Yulman Stadium,no,30000,,,,,622.84,665.11,,,12.256865514800328,50.36,,,,,,,"blend of 5 margin source(s) (fitted weights): espn_fpi, sagarin_predictor, sagarin_rating, fei, team_rankings; total from fei"
2026-11-07T05:00:00.000Z,10,Louisiana Tech,Troy,Veterans Memorial Stadium (AL),no,30000,,,,,543.02,596.19,,,4.533676517909318,45.8,,,,,,,"blend of 4 margin source(s) (fitted weights): sagarin_predictor, sagarin_rating, fei, team_rankings; total from fei"
2026-11-07T05:00:00.000Z,10,Florida State,Boston College,"Alumni Stadium (Chestnut Hill, MA)",no,44500,,,,,800.2,660,,,-6.578635389588736,58.16,,,,,,,"blend of 5 margin source(s) (fitted weights): espn_fpi, sagarin_predictor, sagarin_rating, fei, team_rankings; total from fei"
2026-11-07T05:00:00.000Z,10,South Alabama,Louisiana,Cajun Field,no,41426,,,,,573.38,590.94,,,3.909344870254866,55.400000000000006,,,,,,,"blend of 5 margin source(s) (fitted weights): espn_fpi, sagarin_predictor, sagarin_rating, fei, team_rankings; total from fei"
2026-11-07T05:00:00.000Z,10,Oregon,Ohio State,Ohio Stadium,no,102780,,,,,984.33,964.27,-6,52.5,5.17200945462758,54.92,away,low,over,medium,away,-0.06404568658409737,"blend of 5 margin source(s) (fitted weights): espn_fpi, sagarin_predictor, sagarin_rating, fei, team_rankings; total from fei"
2026-11-07T05:00:00.000Z,10,Northern Illinois,San José State,CEFCU Stadium,no,30456,,,,,536.58,569.25,,,6.792205259818766,52.4,,,,,,,"blend of 5 margin source(s) (fitted weights): espn_fpi, sagarin_predictor, sagarin_rating, fei, team_rankings; total from fei"
2026-11-07T05:00:00.000Z,10,Vanderbilt,Mississippi State,Davis Wade Stadium,no,61337,,,,,727.39,804.53,,,-1.4718263630161106,60.32000000000001,,,,,,,"blend of 5 margin source(s) (fitted weights): espn_fpi, sagarin_predictor, sagarin_rating, fei, team_rankings; total from fei"
2026-11-07T05:00:00.000Z,10,Iowa,Northwestern,Ryan Field,no,35000,,,,,722.73,688.32,,,-5.35479008372617,42.32,,,,,,,"blend of 5 margin source(s) (fitted weights): espn_fpi, sagarin_predictor, sagarin_rating, fei, team_rankings; total from fei"
2026-11-07T05:00:00.000Z,10,Oklahoma,Florida,Ben Hill Griffin Stadium,no,88548,,,,,851.14,891.07,,,-2.8832528343640598,46.4,,,,,,,"blend of 5 margin source(s) (fitted weights): espn_fpi, sagarin_predictor, sagarin_rating, fei, team_rankings; total from fei"
2026-11-07T05:00:00.000Z,10,Michigan State,Michigan,Michigan Stadium,no,107601,,,,,685.02,890.02,-16.5,50.5,16.614709926755406,54.2,home,low,over,medium,,-0.017253987358111345,"blend of 5 margin source(s) (fitted weights): espn_fpi, sagarin_predictor, sagarin_rating, fei, team_rankings; total from fei"
2026-11-07T05:00:00.000Z,10,UCF,Kansas,Memorial Stadium,no,47000,,,,,672.14,684.51,,,2.8660731558021477,56.72,,,,,,,"blend of 3 margin source(s) (fitted weights): espn_fpi, fei, team_rankings; total from fei"
2026-11-07T05:00:00.000Z,10,Arkansas,Auburn,Jordan-Hare Stadium,no,87451,,,,,745.48,828.19,,,8.700979011929828,54.2,,,,,,,"blend of 5 margin source(s) (fitted weights): espn_fpi, sagarin_predictor, sagarin_rating, fei, team_rankings; total from fei"
2026-11-07T05:00:00.000Z,10,Charlotte,UAB,Protective Stadium,no,45000,,,,,576.77,606.18,,,7.065503877748871,54.2,,,,,,,"blend of 4 margin source(s) (fitted weights): sagarin_predictor, sagarin_rating, fei, team_rankings; total from fei"
2026-11-07T05:00:00.000Z,10,Marshall,Georgia Southern,Allen E. Paulson Stadium,no,25000,,,,,594.71,634.19,,,0.772601765434701,56.84,,,,,,,"blend of 4 margin source(s) (fitted weights): espn_fpi, sagarin_predictor, sagarin_rating, fei; total from fei"
2026-11-07T05:00:00.000Z,10,Colorado,Arizona State,Mountain America Stadium,no,65870,,,,,731.62,722,,,5.430648130882872,50.72,,,,,,,"blend of 5 margin source(s) (fitted weights): espn_fpi, sagarin_predictor, sagarin_rating, fei, team_rankings; total from fei"
2026-11-07T05:00:00.000Z,10,Rutgers,Wisconsin,Camp Randall Stadium,no,80321,,,,,709.04,767.68,,,11.0014383305062,52.879999999999995,,,,,,,"blend of 5 margin source(s) (fitted weights): espn_fpi, sagarin_predictor, sagarin_rating, fei, team_rankings; total from fei"
2026-11-07T05:00:00.000Z,10,UCLA,Minnesota,Huntington Bank Stadium,no,50850,,,,,774.45,728.79,,,4.337772316617736,53.120000000000005,,,,,,,"blend of 5 margin source(s) (fitted weights): espn_fpi, sagarin_predictor, sagarin_rating, fei, team_rankings; total from fei"
2026-11-07T05:00:00.000Z,10,Cincinnati,Houston,TDECU Stadium,no,40000,,,,,634.28,695.93,,,5.255529072361766,57.8,,,,,,,"blend of 5 margin source(s) (fitted weights): espn_fpi, sagarin_predictor, sagarin_rating, fei, team_rankings; total from fei"
2026-11-07T05:00:00.000Z,10,Georgia,Ole Miss,Vaught-Hemingway Stadium,no,64038,,,,,1003.67,885.72,4.5,55.5,-4.147136527045012,59,home,low,over,medium,home,0.055217280846334094,"blend of 5 margin source(s) (fitted weights): espn_fpi, sagarin_predictor, sagarin_rating, fei, team_rankings; total from fei"
2026-11-07T05:00:00.000Z,10,Maryland,Purdue,Ross-Ade Stadium,no,57282,,,,,719.64,698.33,,,0.04301990480850837,49.64,,,,,,,"blend of 5 margin source(s) (fitted weights): espn_fpi, sagarin_predictor, sagarin_rating, fei, team_rankings; total from fei"
2026-11-07T05:00:00.000Z,10,BYU,Utah,Rice-Eccles Stadium,no,51444,,,,,689.42,695.72,-3,51.5,2.0408745623329567,55.879999999999995,away,low,over,medium,,-0.012742733754543378,"blend of 5 margin source(s) (fitted weights): espn_fpi, sagarin_predictor, sagarin_rating, fei, team_rankings; total from fei"
2026-11-07T05:00:00.000Z,10,Clemson,Syracuse,JMA Wireless Dome,yes,49057,,,,,862.85,745.61,,,-9.24158013654197,46.52,,,,,,,"blend of 5 margin source(s) (fitted weights): espn_fpi, sagarin_predictor, sagarin_rating, fei, team_rankings; total from fei"
2026-11-07T05:00:00.000Z,10,Alabama,LSU,Tiger Stadium (LA),no,102321,,,,,973.53,931.76,-3.5,54.5,0.6254303038401487,51.2,away,medium,under,medium,away,-0.10687604899336611,"blend of 5 margin source(s) (fitted weights): espn_fpi, sagarin_predictor, sagarin_rating, fei, team_rankings; total from fei"
2026-11-07T05:00:00.000Z,10,West Virginia,Texas Tech,Jones AT&T Stadium,no,60454,,,,,707.6,767.89,,,19.09033206846324,45.44,,,,,,,"blend of 5 margin source(s) (fitted weights): espn_fpi, sagarin_predictor, sagarin_rating, fei, team_rankings; total from fei"
2026-11-07T05:00:00.000Z,10,Hawai'i,UTEP,Sun Bowl,no,51500,,,,,556.82,585.76,,,-8.230539251598312,50.36,,,,,,,"blend of 5 margin source(s) (fitted weights): espn_fpi, sagarin_predictor, sagarin_rating, fei, team_rankings; total from fei"
2026-11-07T17:00:00.000Z,10,North Carolina,UConn,Pratt & Whitney Stadium,no,40000,,,,,767.89,652.56,,,-10.480749697242484,54.8,,,,,,,"blend of 5 margin source(s) (fitted weights): espn_fpi, sagarin_predictor, sagarin_rating, fei, team_rankings; total from fei"
2026-11-07T20:00:00.000Z,10,Delaware,Kennesaw State,Fifth Third Stadium,no,11040,,,,,483.48,502.86,,,3.0037415463605126,55.28,,,,,,,"blend of 5 margin source(s) (fitted weights): espn_fpi, sagarin_predictor, sagarin_rating, fei, team_rankings; total from fei"
2026-11-07T20:00:00.000Z,10,UL Monroe,Arkansas State,Centennial Bank Stadium,no,30382,,,,,505.49,606.22,,,9.64363575035173,50.6,,,,,,,"blend of 5 margin source(s) (fitted weights): espn_fpi, sagarin_predictor, sagarin_rating, fei, team_rankings; total from fei"
2026-11-07T20:30:00.000Z,10,Temple,Navy,Navy-Marine Corps Memorial Stadium,no,34000,,,,,631.07,195.68,,,10.484217491716674,57.08,,,,,,,"blend of 5 margin source(s) (fitted weights): espn_fpi, sagarin_predictor, sagarin_rating, fei, team_rankings; total from fei"
2026-11-07T20:30:00.000Z,10,Western Kentucky,Middle Tennessee,"Johnny ""Red"" Floyd Stadium",no,30788,,,,,611.52,571.5,,,-7.339891284508758,53.239999999999995,,,,,,,"blend of 5 margin source(s) (fitted weights): espn_fpi, sagarin_predictor, sagarin_rating, fei, team_rankings; total from fei"
2026-11-07T21:00:00.000Z,10,Missouri State,Florida International,Pitbull Stadium,no,20000,,,,,549.92,607.56,,,0.33649403990785737,54.2,,,,,,,"blend of 2 margin source(s) (fitted weights): espn_fpi, fei; total from fei"
2026-11-07T22:00:00.000Z,10,Liberty,New Mexico State,Aggie Memorial Stadium,no,28853,,,,,633.35,460.38,,,-2.999721239444324,55.16,,,,,,,"blend of 5 margin source(s) (fitted weights): espn_fpi, sagarin_predictor, sagarin_rating, fei, team_rankings; total from fei"
2026-11-07T23:00:00.000Z,10,Boise State,Colorado State,Canvas Stadium,no,36500,,,,,641.17,640.31,,,-11.344846545136189,51.68000000000001,,,,,,,"blend of 5 margin source(s) (fitted weights): espn_fpi, sagarin_predictor, sagarin_rating, fei, team_rankings; total from fei"
2026-11-08T00:00:00.000Z,10,Sam Houston,Jacksonville State,AmFirst Stadium,no,24000,,,,,554.47,602.83,,,7.501929278886496,48.8,,,,,,,"blend of 5 margin source(s) (fitted weights): espn_fpi, sagarin_predictor, sagarin_rating, fei, team_rankings; total from fei"
2026-11-08T00:30:00.000Z,10,Miami,Notre Dame,Notre Dame Stadium,no,80795,,,,,885.94,953.03,-6.5,54.5,5.563281157412694,51.68,away,low,under,medium,,-0.03906215608199737,"blend of 5 margin source(s) (fitted weights): espn_fpi, sagarin_predictor, sagarin_rating, fei, team_rankings; total from fei"
2026-11-08T00:30:00.000Z,10,Air Force,Army,Michie Stadium,no,38000,,,,,272.35,303.83,,,4.593821320094965,59.96,,,,,,,"blend of 5 margin source(s) (fitted weights): espn_fpi, sagarin_predictor, sagarin_rating, fei, team_rankings; total from fei"
2026-11-08T02:30:00.000Z,10,Fresno State,Utah State,Maverik Stadium,no,25513,,,,,609.75,543.98,,,1.6617485996824022,49.28,,,,,,,"blend of 5 margin source(s) (fitted weights): espn_fpi, sagarin_predictor, sagarin_rating, fei, team_rankings; total from fei"
2026-11-08T03:30:00.000Z,10,Wyoming,UNLV,Allegiant Stadium,yes,65000,,,,,528.29,696.03,,,11.480146341583005,49.760000000000005,,,,,,,"blend of 5 margin source(s) (fitted weights): espn_fpi, sagarin_predictor, sagarin_rating, fei, team_rankings; total from fei"
2026-11-08T03:30:00.000Z,10,Texas State,Oregon State,Reser Stadium,no,43363,,,,,624.81,635.79,,,-0.48528957646764226,56.36,,,,,,,"blend of 5 margin source(s) (fitted weights): espn_fpi, sagarin_predictor, sagarin_rating, fei, team_rankings; total from fei"
2026-11-11T00:00:00.000Z,11,Kent State,Bowling Green,Doyt L. Perry Stadium,no,24000,,,,,522.83,568.33,,,6.636178488290902,50.36,,,,,,,"blend of 5 margin source(s) (fitted weights): espn_fpi, sagarin_predictor, sagarin_rating, fei, team_rankings; total from fei"
2026-11-11T00:00:00.000Z,11,Ohio,Miami (OH),Yager Stadium,no,24286,,,,,522.84,621.37,,,3.1356602674476175,50.24,,,,,,,"blend of 5 margin source(s) (fitted weights): espn_fpi, sagarin_predictor, sagarin_rating, fei, team_rankings; total from fei"
2026-11-11T00:00:00.000Z,11,Western Michigan,Akron,InfoCision Stadium,no,30000,,,,,572.2,546.84,,,-8.294944007691054,47.84,,,,,,,"blend of 5 margin source(s) (fitted weights): espn_fpi, sagarin_predictor, sagarin_rating, fei, team_rankings; total from fei"
2026-11-11T05:00:00.000Z,11,Massachusetts,Toledo,Glass Bowl,no,26038,,,,,525.94,556.26,,,15.477836031235082,51.8,,,,,,,"blend of 5 margin source(s) (fitted weights): espn_fpi, sagarin_predictor, sagarin_rating, fei, team_rankings; total from fei"
2026-11-11T05:00:00.000Z,11,Buffalo,Ball State,Scheumann Stadium,no,22500,,,,,549.31,563.88,,,-1.6909187884385992,44.6,,,,,,,"blend of 5 margin source(s) (fitted weights): espn_fpi, sagarin_predictor, sagarin_rating, fei, team_rankings; total from fei"
2026-11-11T05:00:00.000Z,11,Sacramento State,Central Michigan,Kelly/Shorts Stadium,no,30255,,,,,561.42,540.01,,,9.831220034217193,50.120000000000005,,,,,,,"blend of 5 margin source(s) (fitted weights): espn_fpi, sagarin_predictor, sagarin_rating, fei, team_rankings; total from fei"
2026-11-13T01:00:00.000Z,11,Memphis,South Florida,Raymond James Stadium,no,65828,,,,,670.31,703.81,,,2.03637438846059,54.8,,,,,,,"blend of 5 margin source(s) (fitted weights): espn_fpi, sagarin_predictor, sagarin_rating, fei, team_rankings; total from fei"
2026-11-13T02:00:00.000Z,11,Louisiana,UL Monroe,Malone Stadium,no,27617,,,,,590.94,505.49,,,-5.9306522353001245,52.16,,,,,,,"blend of 5 margin source(s) (fitted weights): espn_fpi, sagarin_predictor, sagarin_rating, fei, team_rankings; total from fei"
2026-11-14T00:00:00.000Z,11,Florida State,Pittsburgh,Acrisure Stadium,no,68400,,,,,800.2,675.02,,,2.676147714221834,52.64,,,,,,,"blend of 5 margin source(s) (fitted weights): espn_fpi, sagarin_predictor, sagarin_rating, fei, team_rankings; total from fei"
2026-11-14T02:00:00.000Z,11,Illinois,UCLA,Rose Bowl,no,88565,,,,,704.01,774.45,,,-2.1258897436082442,56.36,,,,,,,"blend of 5 margin source(s) (fitted weights): espn_fpi, sagarin_predictor, sagarin_rating, fei, team_rankings; total from fei"
2026-11-14T03:15:00.000Z,11,Houston,Colorado,Folsom Field,no,50183,,,,,695.93,731.62,,,-1.116594059866062,52.76,,,,,,,"blend of 5 margin source(s) (fitted weights): espn_fpi, sagarin_predictor, sagarin_rating, fei, team_rankings; total from fei"
2026-11-14T05:00:00.000Z,11,Minnesota,Penn State,Beaver Stadium,no,106572,,,,,728.79,774.04,,,11.801626615977671,51.8,,,,,,,"blend of 5 margin source(s) (fitted weights): espn_fpi, sagarin_predictor, sagarin_rating, fei, team_rankings; total from fei"
2026-11-14T05:00:00.000Z,11,Utah,Arizona,Arizona Stadium,no,50782,,,,,695.72,699.59,,,-1.583332020093217,54.08,,,,,,,"blend of 5 margin source(s) (fitted weights): espn_fpi, sagarin_predictor, sagarin_rating, fei, team_rankings; total from fei"
2026-11-14T05:00:00.000Z,11,Michigan,Oregon,Autzen Stadium,no,54000,,,,,890.02,984.33,-13.5,53.5,11.014485843335823,56.96,away,medium,over,medium,away,-0.06793373035568795,"blend of 5 margin source(s) (fitted weights): espn_fpi, sagarin_predictor, sagarin_rating, fei, team_rankings; total from fei"
2026-11-14T05:00:00.000Z,11,Missouri,Georgia,Sanford Stadium,no,92746,,,,,808.36,1003.67,,,14.659704434882691,52.28,,,,,,,"blend of 5 margin source(s) (fitted weights): espn_fpi, sagarin_predictor, sagarin_rating, fei, team_rankings; total from fei"
2026-11-14T05:00:00.000Z,11,Georgia Tech,Clemson,"Memorial Stadium (Clemson, SC)",no,81500,,,,,751.65,862.85,,,9.698484679720227,52.400000000000006,,,,,,,"blend of 5 margin source(s) (fitted weights): espn_fpi, sagarin_predictor, sagarin_rating, fei, team_rankings; total from fei"
2026-11-14T05:00:00.000Z,11,Arizona State,UCF,FBC Mortgage Stadium,no,44206,,,,,722,672.14,,,1.436190448707968,49.4,,,,,,,"blend of 3 margin source(s) (fitted weights): espn_fpi, fei, team_rankings; total from fei"
2026-11-14T05:00:00.000Z,11,UAB,Temple,Lincoln Financial Field,no,69879,,,,,606.18,631.07,,,7.034790728278716,58.4,,,,,,,"blend of 5 margin source(s) (fitted weights): espn_fpi, sagarin_predictor, sagarin_rating, fei, team_rankings; total from fei"
2026-11-14T05:00:00.000Z,11,Cincinnati,Iowa State,Jack Trice Stadium,no,61500,,,,,634.28,669.55,,,0.5759637394217847,55.4,,,,,,,"blend of 5 margin source(s) (fitted weights): espn_fpi, sagarin_predictor, sagarin_rating, fei, team_rankings; total from fei"
2026-11-14T05:00:00.000Z,11,Duke,Miami,Hard Rock Stadium,no,64767,,,,,668.47,885.94,-21,55.5,20.14521709060214,56.480000000000004,away,low,over,low,,-0.01644389384666789,"blend of 5 margin source(s) (fitted weights): espn_fpi, sagarin_predictor, sagarin_rating, fei, team_rankings; total from fei"
2026-11-14T05:00:00.000Z,11,Nevada,Northern Illinois,Huskie Stadium,no,23595,,,,,549.99,536.58,,,0.9803142283975335,48.67999999999999,,,,,,,"blend of 5 margin source(s) (fitted weights): espn_fpi, sagarin_predictor, sagarin_rating, fei, team_rankings; total from fei"
2026-11-14T05:00:00.000Z,11,Southern Miss,Louisiana Tech,Joe Aillet Stadium,no,28019,,,,,602.63,543.02,,,1.375256455775927,,,,,,,,"blend of 4 margin source(s) (fitted weights): espn_fpi, sagarin_predictor, sagarin_rating, team_rankings"
2026-11-14T05:00:00.000Z,11,North Texas,UTSA,Alamodome,yes,36582,,,,,602.08,655.82,,,3.954135164047006,61.28,,,,,,,"blend of 5 margin source(s) (fitted weights): espn_fpi, sagarin_predictor, sagarin_rating, fei, team_rankings; total from fei"
2026-11-14T05:00:00.000Z,11,California,Virginia,Scott Stadium,no,61500,,,,,751.92,700.18,,,10.5049005736685,49.28,,,,,,,"blend of 5 margin source(s) (fitted weights): espn_fpi, sagarin_predictor, sagarin_rating, fei, team_rankings; total from fei"
2026-11-14T05:00:00.000Z,11,Florida Atlantic,Tulsa,Chapman Stadium,no,30000,,,,,593.36,622.84,,,3.4303090747580374,53.24,,,,,,,"blend of 5 margin source(s) (fitted weights): espn_fpi, sagarin_predictor, sagarin_rating, fei, team_rankings; total from fei"
2026-11-14T05:00:00.000Z,11,USC,Indiana,"Memorial Stadium (Bloomington, IN)",no,52656,,,,,899,735.26,-10,58.5,9.354134961761208,61.16,away,low,over,medium,away,-0.06614058413129709,"blend of 5 margin source(s) (fitted weights): espn_fpi, sagarin_predictor, sagarin_rating, fei, team_rankings; total from fei"
2026-11-14T05:00:00.000Z,11,Arkansas State,Coastal Carolina,Brooks Stadium (SC),no,21000,,,,,606.22,573.96,,,1.3425579584016067,51.32,,,,,,,"blend of 5 margin source(s) (fitted weights): espn_fpi, sagarin_predictor, sagarin_rating, fei, team_rankings; total from fei"
2026-11-14T05:00:00.000Z,11,Ole Miss,Oklahoma,"Memorial Stadium (Norman, OK)",no,86112,,,,,885.72,851.14,-4,53.5,3.817700576329802,52.76,away,low,under,low,,-0.042609676413876696,"blend of 5 margin source(s) (fitted weights): espn_fpi, sagarin_predictor, sagarin_rating, fei, team_rankings; total from fei"
2026-11-14T05:00:00.000Z,11,Louisville,North Carolina,Kenan Stadium,no,50500,,,,,739.97,767.89,,,-2.6502257970093006,49.16,,,,,,,"blend of 5 margin source(s) (fitted weights): espn_fpi, sagarin_predictor, sagarin_rating, fei, team_rankings; total from fei"
2026-11-14T05:00:00.000Z,11,Texas Tech,Oklahoma State,Boone Pickens Stadium,no,55509,,,,,767.89,672.69,15.5,61.5,-12.827422567267636,44.6,home,medium,under,high,home,0.05135917406114726,"blend of 5 margin source(s) (fitted weights): espn_fpi, sagarin_predictor, sagarin_rating, fei, team_rankings; total from fei"
2026-11-14T05:00:00.000Z,11,South Carolina,Arkansas,Razorback Stadium,no,80000,,,,,862.87,745.48,,,-2.8947791654798043,53.599999999999994,,,,,,,"blend of 5 margin source(s) (fitted weights): espn_fpi, sagarin_predictor, sagarin_rating, fei, team_rankings; total from fei"
2026-11-14T05:00:00.000Z,11,Wake Forest,SMU,Gerald J. Ford Stadium,no,32000,,,,,680.87,764.5,,,9.193881517117557,49.76,,,,,,,"blend of 5 margin source(s) (fitted weights): espn_fpi, sagarin_predictor, sagarin_rating, fei, team_rankings; total from fei"
2026-11-14T05:00:00.000Z,11,Auburn,Mississippi State,Davis Wade Stadium,no,61337,,,,,828.19,804.53,,,-3.4133442017109097,49.760000000000005,,,,,,,"blend of 5 margin source(s) (fitted weights): espn_fpi, sagarin_predictor, sagarin_rating, fei, team_rankings; total from fei"
2026-11-14T05:00:00.000Z,11,Alabama,Vanderbilt,FirstBank Stadium,no,40351,,,,,973.53,727.39,,,-6.922989649371094,60.08,,,,,,,"blend of 5 margin source(s) (fitted weights): espn_fpi, sagarin_predictor, sagarin_rating, fei, team_rankings; total from fei"
2026-11-14T05:00:00.000Z,11,Tennessee,Texas A&M,Kyle Field,no,102733,,,,,885.9,933,-8.5,55.5,5.990002447189493,55.04,away,medium,under,low,away,-0.10487523953528688,"blend of 5 margin source(s) (fitted weights): espn_fpi, sagarin_predictor, sagarin_rating, fei, team_rankings; total from fei"
2026-11-14T05:00:00.000Z,11,Tulane,Rice,Rice Stadium,no,47000,,,,,665.11,589.89,,,-10.831220278662542,49.519999999999996,,,,,,,"blend of 5 margin source(s) (fitted weights): espn_fpi, sagarin_predictor, sagarin_rating, fei, team_rankings; total from fei"
2026-11-14T05:00:00.000Z,11,Wisconsin,Maryland,SECU Stadium,no,51802,,,,,767.68,719.64,,,-1.247100626534752,43.64,,,,,,,"blend of 5 margin source(s) (fitted weights): espn_fpi, sagarin_predictor, sagarin_rating, fei, team_rankings; total from fei"
2026-11-14T05:00:00.000Z,11,Kansas,West Virginia,Milan Puskar Stadium,no,60000,,,,,684.51,707.6,,,-0.5908451591060122,58.28,,,,,,,"blend of 5 margin source(s) (fitted weights): espn_fpi, sagarin_predictor, sagarin_rating, fei, team_rankings; total from fei"
2026-11-14T05:00:00.000Z,11,East Carolina,Charlotte,Jerry Richardson Stadium,no,15300,,,,,623.79,576.77,,,-11.55113764424198,49.760000000000005,,,,,,,"blend of 4 margin source(s) (fitted weights): sagarin_predictor, sagarin_rating, fei, team_rankings; total from fei"
2026-11-14T05:00:00.000Z,11,Purdue,Iowa,Kinnick Stadium,no,69250,,,,,698.33,722.73,,,13.835768126718186,44.96,,,,,,,"blend of 5 margin source(s) (fitted weights): espn_fpi, sagarin_predictor, sagarin_rating, fei, team_rankings; total from fei"
2026-11-14T05:00:00.000Z,11,Stanford,Virginia Tech,Lane Stadium,no,65632,,,,,705.81,769.12,,,10.561454492745241,51.92,,,,,,,"blend of 5 margin source(s) (fitted weights): espn_fpi, sagarin_predictor, sagarin_rating, fei, team_rankings; total from fei"
2026-11-14T05:00:00.000Z,11,Baylor,BYU,LaVell Edwards Stadium,no,63470,,,,,723.28,689.42,,,9.281399196659653,57.08,,,,,,,"blend of 5 margin source(s) (fitted weights): espn_fpi, sagarin_predictor, sagarin_rating, fei, team_rankings; total from fei"
2026-11-14T05:00:00.000Z,11,Northwestern,Ohio State,Ohio Stadium,no,102780,,,,,688.32,964.27,,,26.194096008265404,49.28,,,,,,,"blend of 5 margin source(s) (fitted weights): espn_fpi, sagarin_predictor, sagarin_rating, fei, team_rankings; total from fei"
2026-11-14T05:00:00.000Z,11,App State,Marshall,Joan C. Edwards Stadium,no,38016,,,,,621.61,594.71,,,4.681235329776897,53.36,,,,,,,"blend of 5 margin source(s) (fitted weights): espn_fpi, sagarin_predictor, sagarin_rating, fei, team_rankings; total from fei"
2026-11-14T05:00:00.000Z,11,Washington,Michigan State,Spartan Stadium,no,75005,,,,,777.63,685.02,,,-7.50685840737059,54.2,,,,,,,"blend of 5 margin source(s) (fitted weights): espn_fpi, sagarin_predictor, sagarin_rating, fei, team_rankings; total from fei"
2026-11-14T05:00:00.000Z,11,Kansas State,TCU,Amon G. Carter Stadium,no,46000,,,,,718.67,730.79,,,0.17337233440462418,51.44,,,,,,,"blend of 5 margin source(s) (fitted weights): espn_fpi, sagarin_predictor, sagarin_rating, fei, team_rankings; total from fei"
2026-11-14T05:00:00.000Z,11,Florida,Kentucky,Kroger Field,no,61000,,,,,891.07,786.65,,,-2.9198822345695423,47.24,,,,,,,"blend of 5 margin source(s) (fitted weights): espn_fpi, sagarin_predictor, sagarin_rating, fei, team_rankings; total from fei"
2026-11-14T05:00:00.000Z,11,Troy,South Alabama,Hancock Whitney Stadium,no,25450,,,,,596.19,573.38,,,0.9702348522991859,50,,,,,,,"blend of 4 margin source(s) (fitted weights): sagarin_predictor, sagarin_rating, fei, team_rankings; total from fei"
2026-11-14T05:00:00.000Z,11,Wyoming,UTEP,Sun Bowl,no,51500,,,,,528.29,585.76,,,-3.096021733057611,44,,,,,,,"blend of 5 margin source(s) (fitted weights): espn_fpi, sagarin_predictor, sagarin_rating, fei, team_rankings; total from fei"
2026-11-14T05:00:00.000Z,11,Syracuse,NC State,Carter-Finley Stadium,no,58000,,,,,745.61,757.14,,,3.7172345324793934,50.239999999999995,,,,,,,"blend of 5 margin source(s) (fitted weights): espn_fpi, sagarin_predictor, sagarin_rating, fei, team_rankings; total from fei"
2026-11-14T05:00:00.000Z,11,Texas,LSU,Tiger Stadium (LA),no,102321,,,,,985.17,931.76,2.5,54.5,-2.9469024950340885,48.44,away,low,under,high,,-0.00957235123726169,"blend of 5 margin source(s) (fitted weights): espn_fpi, sagarin_predictor, sagarin_rating, fei, team_rankings; total from fei"
2026-11-14T05:00:00.000Z,11,Nebraska,Rutgers,SHI Stadium,no,52454,,,,,787.45,709.04,,,-7.353215541135834,59,,,,,,,"blend of 5 margin source(s) (fitted weights): espn_fpi, sagarin_predictor, sagarin_rating, fei, team_rankings; total from fei"
2026-11-14T05:00:00.000Z,11,Georgia Southern,Georgia State,Center Parc Stadium,no,25000,,,,,634.19,573.83,,,-0.7851187807489768,60.68,,,,,,,"blend of 4 margin source(s) (fitted weights): espn_fpi, sagarin_predictor, sagarin_rating, fei; total from fei"
2026-11-14T17:00:00.000Z,11,James Madison,UConn,Pratt & Whitney Stadium,no,40000,,,,,588.31,652.56,,,-6.213655912374779,53.84,,,,,,,"blend of 5 margin source(s) (fitted weights): espn_fpi, sagarin_predictor, sagarin_rating, fei, team_rankings; total from fei"
2026-11-14T19:00:00.000Z,11,Kennesaw State,Sam Houston,Elliott T. Bowers Stadium,no,14000,,,,,502.86,554.47,,,-7.2494381754965564,51.44,,,,,,,"blend of 5 margin source(s) (fitted weights): espn_fpi, sagarin_predictor, sagarin_rating, fei, team_rankings; total from fei"
2026-11-14T20:00:00.000Z,11,Florida International,Delaware,Delaware Stadium,no,22000,,,,,607.56,483.48,,,7.261247572780019,51.8,,,,,,,"blend of 2 margin source(s) (fitted weights): espn_fpi, fei; total from fei"
2026-11-14T20:00:00.000Z,11,New Mexico State,Missouri State,Plaster Sports Complex,no,17337,,,,,460.38,549.92,,,4.4424478477130425,56.36,,,,,,,"blend of 5 margin source(s) (fitted weights): espn_fpi, sagarin_predictor, sagarin_rating, fei, team_rankings; total from fei"
2026-11-14T20:30:00.000Z,11,Jacksonville State,Western Kentucky,Houchens Industries-L.T. Smith Stadium,no,22113,,,,,602.83,611.52,,,9.665320998902903,50.96,,,,,,,"blend of 5 margin source(s) (fitted weights): espn_fpi, sagarin_predictor, sagarin_rating, fei, team_rankings; total from fei"
2026-11-14T20:30:00.000Z,11,Middle Tennessee,Liberty,Williams Stadium (VA),no,25000,,,,,571.5,633.35,,,10.606188639822353,56.120000000000005,,,,,,,"blend of 5 margin source(s) (fitted weights): espn_fpi, sagarin_predictor, sagarin_rating, fei, team_rankings; total from fei"
2026-11-14T20:30:00.000Z,11,Boston College,Notre Dame,Notre Dame Stadium,no,80795,,,,,660,953.03,,,28.765581995173616,53.84,,,,,,,"blend of 5 margin source(s) (fitted weights): espn_fpi, sagarin_predictor, sagarin_rating, fei, team_rankings; total from fei"
2026-11-14T21:00:00.000Z,11,Fresno State,Texas State,Bobcat Stadium (TX),no,30000,,,,,609.75,624.81,,,4.1387098627969525,51.68,,,,,,,"blend of 5 margin source(s) (fitted weights): espn_fpi, sagarin_predictor, sagarin_rating, fei, team_rankings; total from fei"
2026-11-14T23:00:00.000Z,11,Oregon State,Boise State,Albertsons Stadium,no,36387,,,,,635.79,641.17,,,12.762620078037248,50.84,,,,,,,"blend of 5 margin source(s) (fitted weights): espn_fpi, sagarin_predictor, sagarin_rating, fei, team_rankings; total from fei"
2026-11-15T00:00:00.000Z,11,San José State,Air Force,Falcon Stadium,no,46692,,,,,569.25,272.35,,,5.9233044697804935,60.92,,,,,,,"blend of 5 margin source(s) (fitted weights): espn_fpi, sagarin_predictor, sagarin_rating, fei, team_rankings; total from fei"
2026-11-15T00:30:00.000Z,11,UNLV,New Mexico,University Stadium (NM),no,39224,,,,,696.03,568.19,,,0.3766483321754281,54.2,,,,,,,"blend of 5 margin source(s) (fitted weights): espn_fpi, sagarin_predictor, sagarin_rating, fei, team_rankings; total from fei"
2026-11-15T02:30:00.000Z,11,Utah State,San Diego State,Snapdragon Stadium,no,35000,,,,,543.98,609.22,,,8.710599563086245,49.040000000000006,,,,,,,"blend of 5 margin source(s) (fitted weights): espn_fpi, sagarin_predictor, sagarin_rating, fei, team_rankings; total from fei"
2026-11-15T03:30:00.000Z,11,Colorado State,Washington State,Gesa Field,no,32952,,,,,640.31,630.29,,,11.297488599920229,49.760000000000005,,,,,,,"blend of 5 margin source(s) (fitted weights): espn_fpi, sagarin_predictor, sagarin_rating, fei, team_rankings; total from fei"
2026-11-15T04:59:00.000Z,11,North Dakota State,Hawai'i,Clarence T.C. Ching Athletics Complex,no,15194,,,,,515.59,556.82,,,0.9501149963782903,54.32,,,,,,,"blend of 5 margin source(s) (fitted weights): espn_fpi, sagarin_predictor, sagarin_rating, fei, team_rankings; total from fei"
2026-11-18T00:00:00.000Z,12,Eastern Michigan,Western Michigan,Waldo Stadium,no,30200,,,,,580.64,572.2,,,11.377739830437815,50.6,,,,,,,"blend of 5 margin source(s) (fitted weights): espn_fpi, sagarin_predictor, sagarin_rating, fei, team_rankings; total from fei"
2026-11-18T00:00:00.000Z,12,Miami (OH),Kent State,Dix Stadium,no,25319,,,,,621.37,522.83,,,-7.396357304760679,52.760000000000005,,,,,,,"blend of 5 margin source(s) (fitted weights): espn_fpi, sagarin_predictor, sagarin_rating, fei, team_rankings; total from fei"
2026-11-18T00:00:00.000Z,12,Ball State,Ohio,Peden Stadium,no,24000,,,,,563.88,522.84,,,11.754925288146222,50.72,,,,,,,"blend of 5 margin source(s) (fitted weights): espn_fpi, sagarin_predictor, sagarin_rating, fei, team_rankings; total from fei"
2026-11-18T05:00:00.000Z,12,Akron,Massachusetts,Warren McGuirk Alumni Stadium,no,17000,,,,,546.84,525.94,,,1.245349860843354,52.64,,,,,,,"blend of 5 margin source(s) (fitted weights): espn_fpi, sagarin_predictor, sagarin_rating, fei, team_rankings; total from fei"
2026-11-18T05:00:00.000Z,12,Central Michigan,Buffalo,UB Stadium,no,30270,,,,,540.01,549.31,,,1.5630009618957932,45.08,,,,,,,"blend of 5 margin source(s) (fitted weights): espn_fpi, sagarin_predictor, sagarin_rating, fei, team_rankings; total from fei"
2026-11-20T00:30:00.000Z,12,Rice,Temple,Lincoln Financial Field,no,69879,,,,,589.89,631.07,,,6.487746738653588,52.64,,,,,,,"blend of 5 margin source(s) (fitted weights): espn_fpi, sagarin_predictor, sagarin_rating, fei, team_rankings; total from fei"
2026-11-20T23:00:00.000Z,12,Iowa State,UCF,FBC Mortgage Stadium,no,44206,,,,,669.55,672.14,,,4.315752371583001,49.04,,,,,,,"blend of 3 margin source(s) (fitted weights): espn_fpi, fei, team_rankings; total from fei"
2026-11-21T00:30:00.000Z,12,Clemson,Duke,Wallace Wade Stadium,no,40004,,,,,862.85,668.47,,,-5.257964377778062,53.84,,,,,,,"blend of 5 margin source(s) (fitted weights): espn_fpi, sagarin_predictor, sagarin_rating, fei, team_rankings; total from fei"
2026-11-21T00:30:00.000Z,12,Bowling Green,Toledo,Glass Bowl,no,26038,,,,,568.33,556.26,,,11.420423702418596,44.72,,,,,,,"blend of 5 margin source(s) (fitted weights): espn_fpi, sagarin_predictor, sagarin_rating, fei, team_rankings; total from fei"
2026-11-21T01:00:00.000Z,12,Oregon,Michigan State,Spartan Stadium,no,75005,,,,,984.33,685.02,,,-19.846157118220727,55.879999999999995,,,,,,,"blend of 5 margin source(s) (fitted weights): espn_fpi, sagarin_predictor, sagarin_rating, fei, team_rankings; total from fei"
2026-11-21T01:00:00.000Z,12,UTEP,Air Force,Falcon Stadium,no,46692,,,,,585.76,272.35,,,13.372686614199662,56.6,,,,,,,"blend of 5 margin source(s) (fitted weights): espn_fpi, sagarin_predictor, sagarin_rating, fei, team_rankings; total from fei"
2026-11-21T05:00:00.000Z,12,Hawai'i,Nevada,Mackay Stadium,no,27000,,,,,556.82,549.99,,,-3.3649841608151125,50.959999999999994,,,,,,,"blend of 5 margin source(s) (fitted weights): espn_fpi, sagarin_predictor, sagarin_rating, fei, team_rankings; total from fei"
2026-11-21T05:00:00.000Z,12,Virginia Tech,Miami,Hard Rock Stadium,no,64767,,,,,769.12,885.94,-16.5,56.5,18.255778663268995,53.12,home,medium,under,medium,,-0.003115552706360769,"blend of 5 margin source(s) (fitted weights): espn_fpi, sagarin_predictor, sagarin_rating, fei, team_rankings; total from fei"
2026-11-21T05:00:00.000Z,12,Charlotte,Tulsa,Chapman Stadium,no,30000,,,,,576.77,622.84,,,10.207059619673672,49.28,,,,,,,"blend of 4 margin source(s) (fitted weights): sagarin_predictor, sagarin_rating, fei, team_rankings; total from fei"
2026-11-21T05:00:00.000Z,12,Pittsburgh,Louisville,L&N Federal Credit Union Stadium,no,60000,,,,,675.02,739.97,,,4.814482458638537,45.68,,,,,,,"blend of 5 margin source(s) (fitted weights): espn_fpi, sagarin_predictor, sagarin_rating, fei, team_rankings; total from fei"
2026-11-21T05:00:00.000Z,12,NC State,Florida State,Doak Campbell Stadium,no,67277,,,,,757.14,800.2,,,8.976625303294803,57.08,,,,,,,"blend of 5 margin source(s) (fitted weights): espn_fpi, sagarin_predictor, sagarin_rating, fei, team_rankings; total from fei"
2026-11-21T05:00:00.000Z,12,Texas A&M,Oklahoma,"Memorial Stadium (Norman, OK)",no,86112,,,,,933,851.14,-2.5,51.5,1.6884666777816004,46.88,away,low,under,medium,,-0.021469973459227853,"blend of 5 margin source(s) (fitted weights): espn_fpi, sagarin_predictor, sagarin_rating, fei, team_rankings; total from fei"
2026-11-21T05:00:00.000Z,12,Colorado,Cincinnati,Nippert Stadium,no,40000,,,,,731.62,634.28,,,3.6441036393747934,55.519999999999996,,,,,,,"blend of 5 margin source(s) (fitted weights): espn_fpi, sagarin_predictor, sagarin_rating, fei, team_rankings; total from fei"
2026-11-21T05:00:00.000Z,12,Kentucky,Missouri,Memorial Stadium,no,71168,,,,,786.65,808.36,,,7.038943888507114,46.879999999999995,,,,,,,"blend of 5 margin source(s) (fitted weights): espn_fpi, sagarin_predictor, sagarin_rating, fei, team_rankings; total from fei"
2026-11-21T05:00:00.000Z,12,Ohio State,Nebraska,"Memorial Stadium (Lincoln, NE)",no,85458,,,,,964.27,787.45,,,-16.36444638058022,52.04,,,,,,,"blend of 5 margin source(s) (fitted weights): espn_fpi, sagarin_predictor, sagarin_rating, fei, team_rankings; total from fei"
2026-11-21T05:00:00.000Z,12,Rutgers,Penn State,Beaver Stadium,no,106572,,,,,709.04,774.04,,,18.513693387085524,59.12,,,,,,,"blend of 5 margin source(s) (fitted weights): espn_fpi, sagarin_predictor, sagarin_rating, fei, team_rankings; total from fei"
2026-11-21T05:00:00.000Z,12,Arkansas State,Louisiana Tech,Joe Aillet Stadium,no,28019,,,,,606.22,543.02,,,3.1207559266567557,49.64,,,,,,,"blend of 5 margin source(s) (fitted weights): espn_fpi, sagarin_predictor, sagarin_rating, fei, team_rankings; total from fei"
2026-11-21T05:00:00.000Z,12,Wake Forest,Georgia Tech,Bobby Dodd Stadium,no,55000,,,,,680.87,751.65,,,2.930398918036712,52.04,,,,,,,"blend of 5 margin source(s) (fitted weights): espn_fpi, sagarin_predictor, sagarin_rating, fei, team_rankings; total from fei"
2026-11-21T05:00:00.000Z,12,Utah,TCU,Amon G. Carter Stadium,no,46000,,,,,695.72,730.79,,,-4.246055592304907,53.239999999999995,,,,,,,"blend of 5 margin source(s) (fitted weights): espn_fpi, sagarin_predictor, sagarin_rating, fei, team_rankings; total from fei"
2026-11-21T05:00:00.000Z,12,Texas Tech,Baylor,McLane Stadium,no,45140,,,,,767.89,723.28,,,-9.740953911881103,49.28,,,,,,,"blend of 5 margin source(s) (fitted weights): espn_fpi, sagarin_predictor, sagarin_rating, fei, team_rankings; total from fei"
2026-11-21T05:00:00.000Z,12,UL Monroe,App State,Kidd Brewer Stadium,no,30000,,,,,505.49,621.61,,,9.885080584072927,54.44,,,,,,,"blend of 5 margin source(s) (fitted weights): espn_fpi, sagarin_predictor, sagarin_rating, fei, team_rankings; total from fei"
2026-11-21T05:00:00.000Z,12,Houston,West Virginia,Milan Puskar Stadium,no,60000,,,,,695.93,707.6,,,-2.6418744247810326,53,,,,,,,"blend of 5 margin source(s) (fitted weights): espn_fpi, sagarin_predictor, sagarin_rating, fei, team_rankings; total from fei"
2026-11-21T05:00:00.000Z,12,Iowa,Illinois,"Memorial Stadium (Champaign, IL)",no,60670,,,,,722.73,704.01,,,-0.9725180163686187,47.120000000000005,,,,,,,"blend of 5 margin source(s) (fitted weights): espn_fpi, sagarin_predictor, sagarin_rating, fei, team_rankings; total from fei"
2026-11-21T05:00:00.000Z,12,Indiana,Washington,Husky Stadium,no,70138,,,,,735.26,777.63,,,-7.45140369307762,53.36,,,,,,,"blend of 5 margin source(s) (fitted weights): espn_fpi, sagarin_predictor, sagarin_rating, fei, team_rankings; total from fei"
2026-11-21T05:00:00.000Z,12,BYU,Kansas,Memorial Stadium,no,47000,,,,,689.42,684.51,,,-5.068201107684949,60.56,,,,,,,"blend of 5 margin source(s) (fitted weights): espn_fpi, sagarin_predictor, sagarin_rating, fei, team_rankings; total from fei"
2026-11-21T05:00:00.000Z,12,Vanderbilt,Florida,Ben Hill Griffin Stadium,no,88548,,,,,727.39,891.07,,,4.925961906773495,57.92,,,,,,,"blend of 5 margin source(s) (fitted weights): espn_fpi, sagarin_predictor, sagarin_rating, fei, team_rankings; total from fei"
2026-11-21T05:00:00.000Z,12,Coastal Carolina,Louisiana,Cajun Field,no,41426,,,,,573.96,590.94,,,5.32184339570745,52.879999999999995,,,,,,,"blend of 5 margin source(s) (fitted weights): espn_fpi, sagarin_predictor, sagarin_rating, fei, team_rankings; total from fei"
2026-11-21T05:00:00.000Z,12,Wisconsin,Purdue,Ross-Ade Stadium,no,57282,,,,,767.68,698.33,,,-3.7984269390164087,46.64,,,,,,,"blend of 5 margin source(s) (fitted weights): espn_fpi, sagarin_predictor, sagarin_rating, fei, team_rankings; total from fei"
2026-11-21T05:00:00.000Z,12,Oklahoma State,Arizona State,Mountain America Stadium,no,65870,,,,,672.69,722,,,5.881711429182568,50.12,,,,,,,"blend of 5 margin source(s) (fitted weights): espn_fpi, sagarin_predictor, sagarin_rating, fei, team_rankings; total from fei"
2026-11-21T05:00:00.000Z,12,Georgia Southern,Troy,Veterans Memorial Stadium (AL),no,30000,,,,,634.19,596.19,,,5.417830040381257,53.72,,,,,,,"blend of 3 margin source(s) (fitted weights): sagarin_predictor, sagarin_rating, fei; total from fei"
2026-11-21T05:00:00.000Z,12,South Florida,Florida Atlantic,FAU Stadium,no,29419,,,,,703.81,593.36,,,-6.288733479874034,56,,,,,,,"blend of 5 margin source(s) (fitted weights): espn_fpi, sagarin_predictor, sagarin_rating, fei, team_rankings; total from fei"
2026-11-21T05:00:00.000Z,12,North Texas,Tulane,Yulman Stadium,no,30000,,,,,602.08,665.11,,,8.034437275262896,58.64,,,,,,,"blend of 5 margin source(s) (fitted weights): espn_fpi, sagarin_predictor, sagarin_rating, fei, team_rankings; total from fei"
2026-11-21T05:00:00.000Z,12,Arizona,Kansas State,Bill Snyder Family Stadium,no,50000,,,,,699.59,718.67,,,2.3525965279640193,52.28,,,,,,,"blend of 5 margin source(s) (fitted weights): espn_fpi, sagarin_predictor, sagarin_rating, fei, team_rankings; total from fei"
2026-11-21T05:00:00.000Z,12,Northwestern,Minnesota,Huntington Bank Stadium,no,50850,,,,,688.32,728.79,,,3.9998084230768742,48.92,,,,,,,"blend of 5 margin source(s) (fitted weights): espn_fpi, sagarin_predictor, sagarin_rating, fei, team_rankings; total from fei"
2026-11-21T05:00:00.000Z,12,Maryland,USC,Los Angeles Memorial Coliseum,no,77500,,,,,719.64,899,,,15.304054521904622,58.760000000000005,,,,,,,"blend of 5 margin source(s) (fitted weights): espn_fpi, sagarin_predictor, sagarin_rating, fei, team_rankings; total from fei"
2026-11-21T05:00:00.000Z,12,Arkansas,Texas,DKR-Texas Memorial Stadium,no,100119,,,,,745.48,985.17,,,19.849129838770523,55.760000000000005,,,,,,,"blend of 5 margin source(s) (fitted weights): espn_fpi, sagarin_predictor, sagarin_rating, fei, team_rankings; total from fei"
2026-11-21T05:00:00.000Z,12,UTSA,UAB,Protective Stadium,no,45000,,,,,655.82,606.18,,,-7.2979621570717805,57.92,,,,,,,"blend of 5 margin source(s) (fitted weights): espn_fpi, sagarin_predictor, sagarin_rating, fei, team_rankings; total from fei"
2026-11-21T05:00:00.000Z,12,North Carolina,Virginia,Scott Stadium,no,61500,,,,,767.89,700.18,,,8.150296150583289,49.879999999999995,,,,,,,"blend of 5 margin source(s) (fitted weights): espn_fpi, sagarin_predictor, sagarin_rating, fei, team_rankings; total from fei"
2026-11-21T05:00:00.000Z,12,Georgia,South Carolina,Williams-Brice Stadium,no,80250,,,,,1003.67,862.87,,,-9.408986482317818,49.88,,,,,,,"blend of 5 margin source(s) (fitted weights): espn_fpi, sagarin_predictor, sagarin_rating, fei, team_rankings; total from fei"
2026-11-21T05:00:00.000Z,12,Georgia State,Marshall,Joan C. Edwards Stadium,no,38016,,,,,573.83,594.71,,,7.777701297014618,52.64,,,,,,,"blend of 5 margin source(s) (fitted weights): espn_fpi, sagarin_predictor, sagarin_rating, fei, team_rankings; total from fei"
2026-11-21T05:00:00.000Z,12,UCLA,Michigan,Michigan Stadium,no,107601,,,,,774.45,890.02,,,15.534257038423199,55.52,,,,,,,"blend of 5 margin source(s) (fitted weights): espn_fpi, sagarin_predictor, sagarin_rating, fei, team_rankings; total from fei"
2026-11-21T05:00:00.000Z,12,Stanford,California,California Memorial Stadium,no,62467,,,,,705.81,751.92,,,6.8963290087374105,49.519999999999996,,,,,,,"blend of 5 margin source(s) (fitted weights): espn_fpi, sagarin_predictor, sagarin_rating, fei, team_rankings; total from fei"
2026-11-21T05:00:00.000Z,12,South Alabama,Southern Miss,M. M. Roberts Stadium,no,36000,,,,,573.38,602.63,,,4.914599448051589,,,,,,,,"blend of 4 margin source(s) (fitted weights): espn_fpi, sagarin_predictor, sagarin_rating, team_rankings"
2026-11-21T05:00:00.000Z,12,Syracuse,Boston College,"Alumni Stadium (Chestnut Hill, MA)",no,44500,,,,,745.61,660,,,0.9265320116051265,51.32,,,,,,,"blend of 5 margin source(s) (fitted weights): espn_fpi, sagarin_predictor, sagarin_rating, fei, team_rankings; total from fei"
2026-11-21T05:00:00.000Z,12,LSU,Tennessee,Neyland Stadium,no,102455,,,,,931.76,885.9,1.5,57.5,0.3653643148257158,54.08,home,medium,under,medium,,0.030848337824378125,"blend of 5 margin source(s) (fitted weights): espn_fpi, sagarin_predictor, sagarin_rating, fei, team_rankings; total from fei"
2026-11-21T17:00:00.000Z,12,East Carolina,Army,Michie Stadium,no,38000,,,,,623.79,303.83,,,0.21881172047784447,51.44,,,,,,,"blend of 5 margin source(s) (fitted weights): espn_fpi, sagarin_predictor, sagarin_rating, fei, team_rankings; total from fei"
2026-11-21T17:00:00.000Z,12,Memphis,Navy,Navy-Marine Corps Memorial Stadium,no,34000,,,,,670.31,195.68,,,2.0094821461116457,55.64,,,,,,,"blend of 5 margin source(s) (fitted weights): espn_fpi, sagarin_predictor, sagarin_rating, fei, team_rankings; total from fei"
2026-11-21T18:00:00.000Z,12,Western Kentucky,Liberty,Williams Stadium (VA),no,25000,,,,,611.52,633.35,,,0.6719511380234284,55.52,,,,,,,"blend of 5 margin source(s) (fitted weights): espn_fpi, sagarin_predictor, sagarin_rating, fei, team_rankings; total from fei"
2026-11-21T19:00:00.000Z,12,Missouri State,Jacksonville State,AmFirst Stadium,no,24000,,,,,549.92,602.83,,,1.191732341255781,55.04,,,,,,,"blend of 5 margin source(s) (fitted weights): espn_fpi, sagarin_predictor, sagarin_rating, fei, team_rankings; total from fei"
2026-11-21T19:00:00.000Z,12,Middle Tennessee,Sam Houston,Elliott T. Bowers Stadium,no,14000,,,,,571.5,554.47,,,0.5500258758800226,51.08,,,,,,,"blend of 5 margin source(s) (fitted weights): espn_fpi, sagarin_predictor, sagarin_rating, fei, team_rankings; total from fei"
2026-11-21T20:00:00.000Z,12,Delaware,New Mexico State,Aggie Memorial Stadium,no,28853,,,,,483.48,460.38,,,-2.377947539218373,53.96,,,,,,,"blend of 5 margin source(s) (fitted weights): espn_fpi, sagarin_predictor, sagarin_rating, fei, team_rankings; total from fei"
2026-11-21T20:00:00.000Z,12,Florida International,Kennesaw State,Fifth Third Stadium,no,11040,,,,,607.56,502.86,,,7.8765087932499975,51.08,,,,,,,"blend of 2 margin source(s) (fitted weights): espn_fpi, fei; total from fei"
2026-11-21T20:30:00.000Z,12,Old Dominion,UConn,Pratt & Whitney Stadium,no,40000,,,,,544.25,652.56,,,-3.507642948895238,51.32,,,,,,,"blend of 5 margin source(s) (fitted weights): espn_fpi, sagarin_predictor, sagarin_rating, fei, team_rankings; total from fei"
2026-11-21T21:00:00.000Z,12,Northern Illinois,North Dakota State,Fargodome,yes,18700,,,,,536.58,515.59,,,11.811939805199952,52.04,,,,,,,"blend of 5 margin source(s) (fitted weights): espn_fpi, sagarin_predictor, sagarin_rating, fei, team_rankings; total from fei"
2026-11-21T23:00:00.000Z,12,Washington State,Texas State,Bobcat Stadium (TX),no,30000,,,,,630.29,624.81,,,0.7417585300971862,53.84,,,,,,,"blend of 5 margin source(s) (fitted weights): espn_fpi, sagarin_predictor, sagarin_rating, fei, team_rankings; total from fei"
2026-11-22T00:00:00.000Z,12,UNLV,San José State,CEFCU Stadium,no,30456,,,,,696.03,569.25,,,-4.532439712931283,56,,,,,,,"blend of 5 margin source(s) (fitted weights): espn_fpi, sagarin_predictor, sagarin_rating, fei, team_rankings; total from fei"
2026-11-22T00:30:00.000Z,12,SMU,Notre Dame,Notre Dame Stadium,no,80795,,,,,764.5,953.03,-17.5,56.5,16.102497299005652,53.239999999999995,away,medium,under,medium,,-0.04406666887969801,"blend of 5 margin source(s) (fitted weights): espn_fpi, sagarin_predictor, sagarin_rating, fei, team_rankings; total from fei"
2026-11-22T00:30:00.000Z,12,Colorado State,Fresno State,Valley Children's Stadium,no,41031,,,,,640.31,609.75,,,7.900537267220463,47.599999999999994,,,,,,,"blend of 5 margin source(s) (fitted weights): espn_fpi, sagarin_predictor, sagarin_rating, fei, team_rankings; total from fei"
2026-11-22T02:00:00.000Z,12,New Mexico,Wyoming,War Memorial Stadium,no,29181,,,,,568.19,528.29,,,-4.073756021887935,46.519999999999996,,,,,,,"blend of 5 margin source(s) (fitted weights): espn_fpi, sagarin_predictor, sagarin_rating, fei, team_rankings; total from fei"
2026-11-22T02:30:00.000Z,12,San Diego State,Boise State,Albertsons Stadium,no,36387,,,,,609.22,641.17,,,6.043692201597909,45.92,,,,,,,"blend of 5 margin source(s) (fitted weights): espn_fpi, sagarin_predictor, sagarin_rating, fei, team_rankings; total from fei"
2026-11-22T03:30:00.000Z,12,Utah State,Oregon State,Reser Stadium,no,43363,,,,,543.98,635.79,,,1.9916716866469086,53.96,,,,,,,"blend of 5 margin source(s) (fitted weights): espn_fpi, sagarin_predictor, sagarin_rating, fei, team_rankings; total from fei"
2026-11-24T05:00:00.000Z,13,Miami (OH),Western Michigan,Waldo Stadium,no,30200,,,,,621.37,572.2,,,4.826349218851604,46.519999999999996,,,,,,,"blend of 5 margin source(s) (fitted weights): espn_fpi, sagarin_predictor, sagarin_rating, fei, team_rankings; total from fei"
2026-11-25T00:00:00.000Z,13,Kent State,Eastern Michigan,Rynearson Stadium,no,30200,,,,,522.83,580.64,,,6.0336591277548015,56.84,,,,,,,"blend of 5 margin source(s) (fitted weights): espn_fpi, sagarin_predictor, sagarin_rating, fei, team_rankings; total from fei"
2026-11-27T01:00:00.000Z,13,TCU,Texas Tech,Jones AT&T Stadium,no,60454,,,,,730.79,767.89,-16.5,55.5,15.636466831644228,45.08,away,low,under,high,,-0.03193201595646422,"blend of 5 margin source(s) (fitted weights): espn_fpi, sagarin_predictor, sagarin_rating, fei, team_rankings; total from fei"
2026-11-27T05:00:00.000Z,13,Florida Atlantic,East Carolina,Dowdy-Ficklen Stadium,no,50000,,,,,593.36,623.79,,,10.927828665375571,53.72,,,,,,,"blend of 5 margin source(s) (fitted weights): espn_fpi, sagarin_predictor, sagarin_rating, fei, team_rankings; total from fei"
2026-11-27T05:00:00.000Z,13,Tulane,South Florida,Raymond James Stadium,no,65828,,,,,665.11,703.81,,,0.9789437594763323,53.12,,,,,,,"blend of 5 margin source(s) (fitted weights): espn_fpi, sagarin_predictor, sagarin_rating, fei, team_rankings; total from fei"
2026-11-27T05:00:00.000Z,13,Temple,Memphis,Simmons Bank Liberty Stadium,no,58325,,,,,631.07,670.31,,,11.069081562895192,56.24,,,,,,,"blend of 5 margin source(s) (fitted weights): espn_fpi, sagarin_predictor, sagarin_rating, fei, team_rankings; total from fei"
2026-11-27T17:00:00.000Z,13,Toledo,Ohio,Peden Stadium,no,24000,,,,,556.26,522.84,,,-0.8241740669456088,50.72,,,,,,,"blend of 5 margin source(s) (fitted weights): espn_fpi, sagarin_predictor, sagarin_rating, fei, team_rankings; total from fei"
2026-11-27T17:00:00.000Z,13,Nebraska,Iowa,Kinnick Stadium,no,69250,,,,,787.45,722.73,,,5.902525325201644,45.08,,,,,,,"blend of 5 margin source(s) (fitted weights): espn_fpi, sagarin_predictor, sagarin_rating, fei, team_rankings; total from fei"
2026-11-27T17:00:00.000Z,13,Mississippi State,Ole Miss,Vaught-Hemingway Stadium,no,64038,,,,,804.53,885.72,-14.5,57.5,13.246379179694358,58.28,away,medium,over,low,,-0.026198908292300982,"blend of 5 margin source(s) (fitted weights): espn_fpi, sagarin_predictor, sagarin_rating, fei, team_rankings; total from fei"
2026-11-27T17:00:00.000Z,13,Buffalo,Akron,InfoCision Stadium,no,30000,,,,,549.31,546.84,,,-0.646312890844873,45.44,,,,,,,"blend of 5 margin source(s) (fitted weights): espn_fpi, sagarin_predictor, sagarin_rating, fei, team_rankings; total from fei"
2026-11-27T20:00:00.000Z,13,App State,South Alabama,Hancock Whitney Stadium,no,25450,,,,,621.61,573.38,,,2.5136116501329933,57.68,,,,,,,"blend of 5 margin source(s) (fitted weights): espn_fpi, sagarin_predictor, sagarin_rating, fei, team_rankings; total from fei"
2026-11-27T20:30:00.000Z,13,Florida,Florida State,Doak Campbell Stadium,no,67277,,,,,891.07,800.2,4.5,52.5,-1.9477756298882385,55.16,home,medium,over,medium,home,0.09628319720673512,"blend of 5 margin source(s) (fitted weights): espn_fpi, sagarin_predictor, sagarin_rating, fei, team_rankings; total from fei"
2026-11-27T20:30:00.000Z,13,North Dakota State,San José State,CEFCU Stadium,no,30456,,,,,515.59,569.25,,,-2.4253883280910213,54.2,,,,,,,"blend of 5 margin source(s) (fitted weights): espn_fpi, sagarin_predictor, sagarin_rating, fei, team_rankings; total from fei"
2026-11-28T00:30:00.000Z,13,Minnesota,Wisconsin,Camp Randall Stadium,no,80321,,,,,728.79,767.68,,,4.2893715593983455,45.56,,,,,,,"blend of 5 margin source(s) (fitted weights): espn_fpi, sagarin_predictor, sagarin_rating, fei, team_rankings; total from fei"
2026-11-28T00:30:00.000Z,13,Texas,Texas A&M,Kyle Field,no,102733,,,,,985.17,933,2.5,53.5,-1.7802281675992142,49.4,home,low,under,medium,,0.019195411703185505,"blend of 5 margin source(s) (fitted weights): espn_fpi, sagarin_predictor, sagarin_rating, fei, team_rankings; total from fei"
2026-11-28T02:00:00.000Z,13,West Virginia,Utah,Rice-Eccles Stadium,no,51444,,,,,707.6,695.72,,,12.88861326370425,53.599999999999994,,,,,,,"blend of 5 margin source(s) (fitted weights): espn_fpi, sagarin_predictor, sagarin_rating, fei, team_rankings; total from fei"
2026-11-28T05:00:00.000Z,13,Penn State,Maryland,SECU Stadium,no,51802,,,,,774.04,719.64,,,-8.759355683114077,49.879999999999995,,,,,,,"blend of 5 margin source(s) (fitted weights): espn_fpi, sagarin_predictor, sagarin_rating, fei, team_rankings; total from fei"
2026-11-28T05:00:00.000Z,13,Michigan State,Rutgers,SHI Stadium,no,52454,,,,,685.02,709.04,,,-1.2938415661579101,59.12,,,,,,,"blend of 5 margin source(s) (fitted weights): espn_fpi, sagarin_predictor, sagarin_rating, fei, team_rankings; total from fei"
2026-11-28T05:00:00.000Z,13,Marshall,UL Monroe,Malone Stadium,no,27617,,,,,594.71,505.49,,,-6.783277261979326,49.879999999999995,,,,,,,"blend of 5 margin source(s) (fitted weights): espn_fpi, sagarin_predictor, sagarin_rating, fei, team_rankings; total from fei"
2026-11-28T05:00:00.000Z,13,Pittsburgh,California,California Memorial Stadium,no,62467,,,,,675.02,751.92,,,-2.7846939787461413,47.36,,,,,,,"blend of 5 margin source(s) (fitted weights): espn_fpi, sagarin_predictor, sagarin_rating, fei, team_rankings; total from fei"
2026-11-28T05:00:00.000Z,13,Georgia Tech,Georgia,Sanford Stadium,no,92746,,,,,751.65,1003.67,,,20.90557501121013,57.32,,,,,,,"blend of 5 margin source(s) (fitted weights): espn_fpi, sagarin_predictor, sagarin_rating, fei, team_rankings; total from fei"
2026-11-28T05:00:00.000Z,13,SMU,Stanford,Stanford Stadium,no,50424,,,,,764.5,705.81,,,-10.494978362550775,51.56,,,,,,,"blend of 5 margin source(s) (fitted weights): espn_fpi, sagarin_predictor, sagarin_rating, fei, team_rankings; total from fei"
2026-11-28T05:00:00.000Z,13,Army,Rice,Rice Stadium,no,47000,,,,,303.83,589.89,,,-6.290686074957593,50.120000000000005,,,,,,,"blend of 5 margin source(s) (fitted weights): espn_fpi, sagarin_predictor, sagarin_rating, fei, team_rankings; total from fei"
2026-11-28T05:00:00.000Z,13,Duke,Wake Forest,Allegacy Federal Credit Union Stadium,no,31500,,,,,668.47,680.87,,,3.0064656491817856,53.480000000000004,,,,,,,"blend of 5 margin source(s) (fitted weights): espn_fpi, sagarin_predictor, sagarin_rating, fei, team_rankings; total from fei"
2026-11-28T05:00:00.000Z,13,NC State,North Carolina,Kenan Stadium,no,50500,,,,,757.14,767.89,1.5,55.5,6.033991027275374,52.400000000000006,home,high,under,medium,home,0.16432350291098086,"blend of 5 margin source(s) (fitted weights): espn_fpi, sagarin_predictor, sagarin_rating, fei, team_rankings; total from fei"
2026-11-28T05:00:00.000Z,13,Coastal Carolina,James Madison,Bridgeforth Stadium,no,24877,,,,,573.96,588.31,,,12.721813768975537,50.96,,,,,,,"blend of 5 margin source(s) (fitted weights): espn_fpi, sagarin_predictor, sagarin_rating, fei, team_rankings; total from fei"
2026-11-28T05:00:00.000Z,13,South Carolina,Clemson,"Memorial Stadium (Clemson, SC)",no,81500,,,,,862.87,862.85,-3,53.5,3.390588585408253,44.959999999999994,home,low,under,high,,-0.009457715076868767,"blend of 5 margin source(s) (fitted weights): espn_fpi, sagarin_predictor, sagarin_rating, fei, team_rankings; total from fei"
2026-11-28T05:00:00.000Z,13,Cincinnati,BYU,LaVell Edwards Stadium,no,63470,,,,,634.28,689.42,,,10.86704713166186,58.04,,,,,,,"blend of 5 margin source(s) (fitted weights): espn_fpi, sagarin_predictor, sagarin_rating, fei, team_rankings; total from fei"
2026-11-28T05:00:00.000Z,13,UTEP,Northern Illinois,Huskie Stadium,no,23595,,,,,585.76,536.58,,,5.845869319180733,48.08,,,,,,,"blend of 5 margin source(s) (fitted weights): espn_fpi, sagarin_predictor, sagarin_rating, fei, team_rankings; total from fei"
2026-11-28T05:00:00.000Z,13,Auburn,Alabama,Bryant-Denny Stadium,no,101821,,,,,828.19,973.53,-10,52.5,10.170164245256625,49.519999999999996,home,low,under,medium,,-0.03934018649590898,"blend of 5 margin source(s) (fitted weights): espn_fpi, sagarin_predictor, sagarin_rating, fei, team_rankings; total from fei"
2026-11-28T05:00:00.000Z,13,Virginia,Virginia Tech,Lane Stadium,no,65632,,,,,700.18,769.12,-1.5,53.5,-1.6510826550803395,51.68,away,high,under,low,away,-0.07356255726881789,"blend of 5 margin source(s) (fitted weights): espn_fpi, sagarin_predictor, sagarin_rating, fei, team_rankings; total from fei"
2026-11-28T05:00:00.000Z,13,Kansas State,Iowa State,Jack Trice Stadium,no,61500,,,,,718.67,669.55,,,-2.7238375932831707,51.44,,,,,,,"blend of 5 margin source(s) (fitted weights): espn_fpi, sagarin_predictor, sagarin_rating, fei, team_rankings; total from fei"
2026-11-28T05:00:00.000Z,13,Kansas,Oklahoma State,Boone Pickens Stadium,no,55509,,,,,684.51,672.69,,,0.48337190750926246,57.44,,,,,,,"blend of 5 margin source(s) (fitted weights): espn_fpi, sagarin_predictor, sagarin_rating, fei, team_rankings; total from fei"
2026-11-28T05:00:00.000Z,13,Washington,Oregon,Autzen Stadium,no,54000,,,,,777.63,984.33,-15.5,54.5,14.933644928140303,56.96,away,low,over,medium,,-0.015318902519259603,"blend of 5 margin source(s) (fitted weights): espn_fpi, sagarin_predictor, sagarin_rating, fei, team_rankings; total from fei"
2026-11-28T05:00:00.000Z,13,USC,UCLA,Rose Bowl,no,88565,,,,,899,774.45,10.5,55.5,-9.71236668493512,63.31999999999999,home,low,over,high,home,0.06327944091782209,"blend of 5 margin source(s) (fitted weights): espn_fpi, sagarin_predictor, sagarin_rating, fei, team_rankings; total from fei"
2026-11-28T05:00:00.000Z,13,Southern Miss,Old Dominion,S.B. Ballard Stadium,no,20118,,,,,602.63,544.25,,,6.445993205527709,,,,,,,,"blend of 4 margin source(s) (fitted weights): espn_fpi, sagarin_predictor, sagarin_rating, team_rankings"
2026-11-28T05:00:00.000Z,13,Boston College,Miami,Hard Rock Stadium,no,64767,,,,,660,885.94,,,25.796647055051086,53.36,,,,,,,"blend of 5 margin source(s) (fitted weights): espn_fpi, sagarin_predictor, sagarin_rating, fei, team_rankings; total from fei"
2026-11-28T05:00:00.000Z,13,Arizona State,Arizona,Arizona Stadium,no,50782,,,,,722,699.59,-4.5,52.5,4.349352747813191,51.44,away,low,under,low,away,-0.050349909445996266,"blend of 5 margin source(s) (fitted weights): espn_fpi, sagarin_predictor, sagarin_rating, fei, team_rankings; total from fei"
2026-11-28T05:00:00.000Z,13,Louisiana,Georgia State,Center Parc Stadium,no,25000,,,,,590.94,573.83,,,-1.7363838357550843,54.92,,,,,,,"blend of 5 margin source(s) (fitted weights): espn_fpi, sagarin_predictor, sagarin_rating, fei, team_rankings; total from fei"
2026-11-28T05:00:00.000Z,13,Navy,Charlotte,Jerry Richardson Stadium,no,15300,,,,,195.68,576.77,,,-12.725382124699959,52.88,,,,,,,"blend of 4 margin source(s) (fitted weights): sagarin_predictor, sagarin_rating, fei, team_rankings; total from fei"
2026-11-28T05:00:00.000Z,13,UAB,North Texas,DATCU Stadium,no,30850,,,,,606.18,602.08,,,11.126865644895275,62.480000000000004,,,,,,,"blend of 5 margin source(s) (fitted weights): espn_fpi, sagarin_predictor, sagarin_rating, fei, team_rankings; total from fei"
2026-11-28T05:00:00.000Z,13,Purdue,Indiana,"Memorial Stadium (Bloomington, IN)",no,52656,,,,,698.33,735.26,,,24.615169578857323,52.040000000000006,,,,,,,"blend of 5 margin source(s) (fitted weights): espn_fpi, sagarin_predictor, sagarin_rating, fei, team_rankings; total from fei"
2026-11-28T05:00:00.000Z,13,UCF,Colorado,Folsom Field,no,50183,,,,,672.14,731.62,,,1.7367861698434661,49.160000000000004,,,,,,,"blend of 3 margin source(s) (fitted weights): espn_fpi, fei, team_rankings; total from fei"
2026-11-28T05:00:00.000Z,13,Oklahoma,Missouri,Memorial Stadium,no,71168,,,,,851.14,808.36,,,-3.9528836150068196,46.04,,,,,,,"blend of 5 margin source(s) (fitted weights): espn_fpi, sagarin_predictor, sagarin_rating, fei, team_rankings; total from fei"
2026-11-28T05:00:00.000Z,13,Baylor,Houston,TDECU Stadium,no,40000,,,,,723.28,695.93,,,3.6698811373595577,56.84,,,,,,,"blend of 5 margin source(s) (fitted weights): espn_fpi, sagarin_predictor, sagarin_rating, fei, team_rankings; total from fei"
2026-11-28T05:00:00.000Z,13,Illinois,Northwestern,Ryan Field,no,35000,,,,,704.01,688.32,3.5,52.5,-1.787925850067384,52.160000000000004,home,medium,under,low,home,0.06474883931826575,"blend of 5 margin source(s) (fitted weights): espn_fpi, sagarin_predictor, sagarin_rating, fei, team_rankings; total from fei"
2026-11-28T05:00:00.000Z,13,Tennessee,Vanderbilt,FirstBank Stadium,no,40351,,,,,885.9,727.39,3,57.5,-2.725091833456627,62.96,home,low,over,medium,,0.025749688644971236,"blend of 5 margin source(s) (fitted weights): espn_fpi, sagarin_predictor, sagarin_rating, fei, team_rankings; total from fei"
2026-11-28T05:00:00.000Z,13,UConn,Wyoming,War Memorial Stadium,no,29181,,,,,652.56,528.29,,,1.2939659774868966,50.120000000000005,,,,,,,"blend of 5 margin source(s) (fitted weights): espn_fpi, sagarin_predictor, sagarin_rating, fei, team_rankings; total from fei"
2026-11-28T05:00:00.000Z,13,Louisville,Kentucky,Kroger Field,no,61000,,,,,739.97,786.65,,,-0.6796981256711772,45.92,,,,,,,"blend of 5 margin source(s) (fitted weights): espn_fpi, sagarin_predictor, sagarin_rating, fei, team_rankings; total from fei"
2026-11-28T05:00:00.000Z,13,LSU,Arkansas,Razorback Stadium,no,80000,,,,,931.76,745.48,,,-9.119188691865936,55.879999999999995,,,,,,,"blend of 5 margin source(s) (fitted weights): espn_fpi, sagarin_predictor, sagarin_rating, fei, team_rankings; total from fei"
2026-11-28T05:00:00.000Z,13,Louisiana Tech,Georgia Southern,Allen E. Paulson Stadium,no,25000,,,,,543.02,634.19,,,2.5767799012320034,56.959999999999994,,,,,,,"blend of 4 margin source(s) (fitted weights): espn_fpi, sagarin_predictor, sagarin_rating, fei; total from fei"
2026-11-28T05:00:00.000Z,13,Tulsa,UTSA,Alamodome,yes,36582,,,,,622.84,655.82,,,8.176563403584439,53,,,,,,,"blend of 5 margin source(s) (fitted weights): espn_fpi, sagarin_predictor, sagarin_rating, fei, team_rankings; total from fei"
2026-11-28T05:00:00.000Z,13,Notre Dame,Syracuse,JMA Wireless Dome,yes,49057,,,,,953.03,745.61,,,-21.909075354908243,49.64,,,,,,,"blend of 5 margin source(s) (fitted weights): espn_fpi, sagarin_predictor, sagarin_rating, fei, team_rankings; total from fei"
2026-11-28T17:00:00.000Z,13,Michigan,Ohio State,Ohio Stadium,no,102780,,,,,890.02,964.27,-13.5,46.5,13.592149080673238,53.24,home,low,over,high,,-0.01505781042794585,"blend of 5 margin source(s) (fitted weights): espn_fpi, sagarin_predictor, sagarin_rating, fei, team_rankings; total from fei"
2026-11-28T17:00:00.000Z,13,Massachusetts,Bowling Green,Doyt L. Perry Stadium,no,24000,,,,,525.94,568.33,,,6.651758546106651,48.92,,,,,,,"blend of 5 margin source(s) (fitted weights): espn_fpi, sagarin_predictor, sagarin_rating, fei, team_rankings; total from fei"
2026-11-28T17:00:00.000Z,13,Central Michigan,Ball State,Scheumann Stadium,no,22500,,,,,540.01,563.88,,,-2.7222640438329706,48.08,,,,,,,"blend of 5 margin source(s) (fitted weights): espn_fpi, sagarin_predictor, sagarin_rating, fei, team_rankings; total from fei"
2026-11-28T18:00:00.000Z,13,Kennesaw State,Western Kentucky,Houchens Industries-L.T. Smith Stadium,no,22113,,,,,502.86,611.52,,,4.729119667712508,53.6,,,,,,,"blend of 5 margin source(s) (fitted weights): espn_fpi, sagarin_predictor, sagarin_rating, fei, team_rankings; total from fei"
2026-11-28T19:00:00.000Z,13,Liberty,Missouri State,Plaster Sports Complex,no,17337,,,,,633.35,549.92,,,-1.1516196090214472,59.599999999999994,,,,,,,"blend of 5 margin source(s) (fitted weights): espn_fpi, sagarin_predictor, sagarin_rating, fei, team_rankings; total from fei"
2026-11-28T19:00:00.000Z,13,Sam Houston,Florida International,Pitbull Stadium,no,20000,,,,,554.47,607.56,,,7.07370959901361,47.959999999999994,,,,,,,"blend of 2 margin source(s) (fitted weights): espn_fpi, fei; total from fei"
2026-11-28T19:00:00.000Z,13,New Mexico State,Middle Tennessee,"Johnny ""Red"" Floyd Stadium",no,30788,,,,,460.38,571.5,,,0.17657125149247094,52.879999999999995,,,,,,,"blend of 5 margin source(s) (fitted weights): espn_fpi, sagarin_predictor, sagarin_rating, fei, team_rankings; total from fei"
2026-11-28T20:00:00.000Z,13,Troy,Arkansas State,Centennial Bank Stadium,no,30382,,,,,596.19,606.22,,,-0.6852167196641072,46.400000000000006,,,,,,,"blend of 4 margin source(s) (fitted weights): sagarin_predictor, sagarin_rating, fei, team_rankings; total from fei"
2026-11-28T20:30:00.000Z,13,Jacksonville State,Delaware,Delaware Stadium,no,22000,,,,,602.83,483.48,,,7.121152219410213,52.64,,,,,,,"blend of 5 margin source(s) (fitted weights): espn_fpi, sagarin_predictor, sagarin_rating, fei, team_rankings; total from fei"
2026-11-28T21:30:00.000Z,13,Air Force,New Mexico,University Stadium (NM),no,39224,,,,,272.35,568.19,,,4.174476009906548,59.120000000000005,,,,,,,"blend of 5 margin source(s) (fitted weights): espn_fpi, sagarin_predictor, sagarin_rating, fei, team_rankings; total from fei"
2026-11-29T02:00:00.000Z,13,Nevada,UNLV,Allegiant Stadium,yes,65000,,,,,549.99,696.03,,,12.304959201147582,52.28,,,,,,,"blend of 5 margin source(s) (fitted weights): espn_fpi, sagarin_predictor, sagarin_rating, fei, team_rankings; total from fei"
2026-11-29T04:00:00.000Z,13,Sacramento State,Hawai'i,Clarence T.C. Ching Athletics Complex,no,15194,,,,,561.42,556.82,,,15.38024775106646,53.239999999999995,,,,,,,"blend of 5 margin source(s) (fitted weights): espn_fpi, sagarin_predictor, sagarin_rating, fei, team_rankings; total from fei"
2026-12-12T20:00:00.000Z,15,Navy,Army,MetLife Stadium,no,82500,,,,,195.68,303.83,2.5,37.5,-0.3038932862520025,54.56,home,medium,over,high,home,0.055915237594449885,"blend of 5 margin source(s) (fitted weights): espn_fpi, sagarin_predictor, sagarin_rating, fei, team_rankings; total from fei"
