kickoff_utc,week,away_team,home_team,venue,dome,capacity,wind_mph,wind_dir,temp_f,precip_pct,away_talent,home_talent,market_spread_home,market_total,model_margin_adjusted,model_total,ats_pick,ats_confidence,total_pick,total_confidence,ml_pick,ml_edge,adjustment_notes
2026-08-29T16:00:00.000Z,1,North Carolina,TCU,Aviva Stadium,no,51700,5.6,SE,64.8,77,,,-8.5,47.5,11.069644229048144,55.160000000000004,home,medium,over,high,home,0.08128142568839536,"blend of 5 margin source(s) (fitted weights): sagarin_predictor, sagarin_rating, fei, team_rankings, predictiontracker; total from fei"
2026-08-29T19:00:00.000Z,1,San José State,USC,Los Angeles Memorial Coliseum,no,77500,6.1,S,92.2,0,,,-38,60.5,29.3791911776753,60.08,away,high,under,low,away,-0.006110700811511549,"blend of 5 margin source(s) (fitted weights): sagarin_predictor, sagarin_rating, fei, team_rankings, predictiontracker; total from fei"
2026-08-29T19:30:00.000Z,1,NC State,Virginia,Scott Stadium,no,61500,3.6,E,82.7,13,,,-6,53.5,3.1261550600626067,51.08,away,medium,under,medium,,0.006338104830713953,"blend of 5 margin source(s) (fitted weights): sagarin_predictor, sagarin_rating, fei, team_rankings, predictiontracker; total from fei"
2026-08-29T21:30:00.000Z,1,Jacksonville State,North Dakota State,Fargodome,yes,18700,,,,,,,-7,46.5,3.071692801187294,53.72,away,high,over,high,away,-0.16080124743217505,"blend of 5 margin source(s) (fitted weights): sagarin_predictor, sagarin_rating, fei, team_rankings, predictiontracker; total from fei"
2026-08-29T22:30:00.000Z,1,Sacramento State,Eastern Michigan,Rynearson Stadium,no,30200,11.6,SW,81.3,1,,,-10,52.5,7.1363064546567045,57.56,away,medium,over,medium,away,-0.08779173276459684,"blend of 5 margin source(s) (fitted weights): sagarin_predictor, sagarin_rating, fei, team_rankings, predictiontracker; total from fei"
2026-08-29T23:00:00.000Z,1,Hawai'i,Stanford,Stanford Stadium,no,50424,9.7,WNW,76.3,0,,,-4,48.5,6.163000675364267,50.480000000000004,home,medium,over,low,,0.02748415685606964,"blend of 5 margin source(s) (fitted weights): sagarin_predictor, sagarin_rating, fei, team_rankings, predictiontracker; total from fei"
2026-08-29T23:00:00.000Z,1,New Mexico State,Florida State,Doak Campbell Stadium,no,67277,4.5,SSW,89.7,41,,,-31,53,24.48880504477856,53.480000000000004,away,high,over,low,away,-0.02957475085671235,"blend of 5 margin source(s) (fitted weights): sagarin_predictor, sagarin_rating, fei, team_rankings, predictiontracker; total from fei"
2026-08-30T02:00:00.000Z,1,Memphis,UNLV,Allegiant Stadium,yes,65000,,,,,,,-4.5,56.5,1.6291080550817432,56.6,away,medium,over,low,away,-0.09635419723810257,"blend of 5 margin source(s) (fitted weights): sagarin_predictor, sagarin_rating, fei, team_rankings, predictiontracker; total from fei"
2026-09-03T22:00:00.000Z,1,Massachusetts,Rutgers,SHI Stadium,no,52454,6.3,W,90.3,21,,,-29.5,53.5,27.220804413249336,60.56,away,medium,over,high,away,0.0016783149529945307,"blend of 4 margin source(s) (fitted weights): sagarin_predictor, sagarin_rating, fei, team_rankings; total from fei"
2026-09-03T23:00:00.000Z,1,Akron,Wake Forest,Allegacy Federal Credit Union Stadium,no,31500,3.7,WSW,92.2,18,,,-23.5,48.5,20.043558220664565,47.24,away,high,under,low,away,-0.04082596078372691,"blend of 4 margin source(s) (fitted weights): sagarin_predictor, sagarin_rating, fei, team_rankings; total from fei"
2026-09-04T00:00:00.000Z,1,Colorado,Georgia Tech,Bobby Dodd Stadium,no,55000,3.8,NNE,88.3,17,,,-6.5,50.5,6.90955289019938,54.68,home,low,over,medium,away,-0.01831958152821489,"blend of 4 margin source(s) (fitted weights): sagarin_predictor, sagarin_rating, fei, team_rankings; total from fei"
2026-09-04T01:00:00.000Z,1,UAB,Illinois,"Memorial Stadium (Champaign, IL)",no,60670,3.8,S,74.4,14,,,-28.5,57,23.133791049348496,58.04,away,high,over,low,away,-0.028610076687098474,"blend of 4 margin source(s) (fitted weights): sagarin_predictor, sagarin_rating, fei, team_rankings; total from fei"
2026-09-04T22:30:00.000Z,1,San José State,Eastern Michigan,Rynearson Stadium,no,30200,5.9,E,71.9,16,,,-4.5,53.5,0.3107471169652157,55.519999999999996,away,high,over,medium,away,-0.14972753848520437,"blend of 4 margin source(s) (fitted weights): sagarin_predictor, sagarin_rating, fei, team_rankings; total from fei"
2026-09-05T00:00:00.000Z,1,UTEP,Oklahoma,"Memorial Stadium (Norman, OK)",no,86112,20.3,S,103.8,10,,,-40.5,50.5,31.25127419815272,44.599999999999994,away,high,under,low,,,"blend of 4 margin source(s) (fitted weights): sagarin_predictor, sagarin_rating, fei, team_rankings; total from fei; high wind (20.3mph) forced total confidence to low"
2026-09-05T00:00:00.000Z,1,Toledo,Michigan State,Spartan Stadium,no,75005,8.4,SSE,69.8,19,,,-10,49.5,7.806041036621023,50.36,away,medium,over,low,away,-0.07872039291758426,"blend of 4 margin source(s) (fitted weights): sagarin_predictor, sagarin_rating, fei, team_rankings; total from fei"
2026-09-05T01:00:00.000Z,1,Miami,Stanford,Stanford Stadium,no,50424,7.9,WNW,80.2,2,,,24.5,48.5,-16.553385349667494,49.28,home,high,over,low,home,0.0815474233851017,"blend of 4 margin source(s) (fitted weights): sagarin_predictor, sagarin_rating, fei, team_rankings; total from fei"
2026-09-05T01:00:00.000Z,1,Fresno State,USC,Los Angeles Memorial Coliseum,no,77500,10.3,WSW,79.7,2,,,-22.5,51.5,21.263151849252196,55.16,away,medium,over,medium,away,-0.0315739044312886,"blend of 4 margin source(s) (fitted weights): sagarin_predictor, sagarin_rating, fei, team_rankings; total from fei"
2026-09-05T16:00:00.000Z,1,North Texas,Indiana,"Memorial Stadium (Bloomington, IN)",no,52656,5.2,SW,75.4,17,,,-40.5,55.5,25.55355680912004,58.64,away,high,over,medium,,,"blend of 4 margin source(s) (fitted weights): sagarin_predictor, sagarin_rating, fei, team_rankings; total from fei"
2026-09-05T16:00:00.000Z,1,Liberty,James Madison,Bridgeforth Stadium,no,24877,2.2,NW,81.5,10,,,-6.5,52.5,9.886953892632594,53.96,home,high,over,low,home,0.05113527940140605,"blend of 4 margin source(s) (fitted weights): sagarin_predictor, sagarin_rating, fei, team_rankings; total from fei"
2026-09-05T16:00:00.000Z,1,Ohio,Nebraska,"Memorial Stadium (Lincoln, NE)",no,85458,6.7,E,78.5,12,,,-23.5,47.5,15.426634698603731,53.36,away,high,over,medium,away,-0.07992407954335778,"blend of 4 margin source(s) (fitted weights): sagarin_predictor, sagarin_rating, fei, team_rankings; total from fei"
2026-09-05T16:00:00.000Z,1,East Carolina,Alabama,Bryant-Denny Stadium,no,101821,5.7,W,93.1,8,,,-28.5,54.5,21.462618453325895,52.040000000000006,away,high,under,medium,away,-0.043771564373529026,"blend of 4 margin source(s) (fitted weights): sagarin_predictor, sagarin_rating, fei, team_rankings; total from fei"
2026-09-05T16:00:00.000Z,1,Coastal Carolina,West Virginia,Milan Puskar Stadium,no,60000,7.1,SW,73.5,18,,,-21.5,56.5,13.888128744907785,51.68,away,high,under,medium,home,0.3211399035654441,"blend of 4 margin source(s) (fitted weights): sagarin_predictor, sagarin_rating, fei, team_rankings; total from fei"
2026-09-05T16:00:00.000Z,1,Oregon State,Houston,TDECU Stadium,no,40000,8.5,S,93.8,16,,,-20,51,14.03339403014633,53.239999999999995,away,high,over,medium,away,-0.07475570308005475,"blend of 4 margin source(s) (fitted weights): sagarin_predictor, sagarin_rating, fei, team_rankings; total from fei"
2026-09-05T16:30:00.000Z,1,Ball State,Ohio State,Ohio Stadium,no,102780,3.5,SW,71.3,13,,,-51,56.5,42.876590900590124,49.4,away,high,under,high,,,"blend of 4 margin source(s) (fitted weights): sagarin_predictor, sagarin_rating, fei, team_rankings; total from fei"
2026-09-05T16:30:00.000Z,1,Miami (OH),Pittsburgh,Acrisure Stadium,no,68400,6.2,SW,73.1,17,,,-16,50.5,16.114678025833157,45.56,home,low,under,medium,away,-0.004384813517067543,"blend of 4 margin source(s) (fitted weights): sagarin_predictor, sagarin_rating, fei, team_rankings; total from fei"
2026-09-05T16:45:00.000Z,1,Kent State,South Carolina,Williams-Brice Stadium,no,80250,6.2,WNW,98.2,1,,,-36.5,53,27.274525731238462,51.44,away,high,under,low,home,0.45587090377574846,"blend of 4 margin source(s) (fitted weights): sagarin_predictor, sagarin_rating, fei, team_rankings; total from fei"
2026-09-05T19:30:00.000Z,1,Marshall,Penn State,Beaver Stadium,no,106572,4.8,ESE,61.5,27,,,-23.5,54,21.42444978543314,50.96,away,medium,under,medium,away,-0.011211057684057946,"blend of 4 margin source(s) (fitted weights): sagarin_predictor, sagarin_rating, fei, team_rankings; total from fei"
2026-09-05T19:30:00.000Z,1,Tulane,Duke,Wallace Wade Stadium,no,40004,5.8,WNW,96.6,22,,,-9.5,51.5,5.745418707551563,56.599999999999994,away,high,over,medium,away,-0.1105770096909956,"blend of 4 margin source(s) (fitted weights): sagarin_predictor, sagarin_rating, fei, team_rankings; total from fei"
2026-09-05T19:30:00.000Z,1,Baylor,Auburn,Mercedes-Benz Stadium,yes,75000,,,,,,,-7,59.5,8.596715801384605,51.92,home,medium,under,high,away,-0.013502520643580151,"blend of 4 margin source(s) (fitted weights): sagarin_predictor, sagarin_rating, fei, team_rankings; total from fei"
2026-09-05T19:30:00.000Z,1,Boise State,Oregon,Autzen Stadium,no,54000,2.1,NNW,69.8,4,,,-24.5,52.5,22.889816436265512,54.44,away,medium,over,low,away,-0.015911661406261324,"blend of 4 margin source(s) (fitted weights): sagarin_predictor, sagarin_rating, fei, team_rankings; total from fei"
2026-09-05T19:30:00.000Z,1,Texas State,Texas,DKR-Texas Memorial Stadium,no,100119,11,S,99.5,11,,,-30.5,60.5,23.667987287491826,54.8,away,high,under,medium,away,-0.03798425721773824,"blend of 4 margin source(s) (fitted weights): sagarin_predictor, sagarin_rating, fei, team_rankings; total from fei"
2026-09-05T19:30:00.000Z,1,Boston College,Cincinnati,Nippert Stadium,no,40000,2.7,W,73.4,17,,,-7.5,51.5,7.766187258468259,58.04,home,low,over,high,,-0.03945354597904838,"blend of 4 margin source(s) (fitted weights): sagarin_predictor, sagarin_rating, fei, team_rankings; total from fei"
2026-09-05T19:45:00.000Z,1,Oklahoma State,Tulsa,Chapman Stadium,no,30000,9.4,ESE,79.9,13,,,14,60.5,-6.763528258877498,49.28,home,high,under,high,home,0.16789946330955138,"blend of 4 margin source(s) (fitted weights): sagarin_predictor, sagarin_rating, fei, team_rankings; total from fei"
2026-09-05T20:15:00.000Z,1,Northern Illinois,Iowa,Kinnick Stadium,no,69250,7.9,N,82.7,7,,,-32,45.5,25.57126988166991,43.76,away,high,under,low,away,-0.01792605016650428,"blend of 4 margin source(s) (fitted weights): sagarin_predictor, sagarin_rating, fei, team_rankings; total from fei"
2026-09-05T22:00:00.000Z,1,Wyoming,Colorado State,Canvas Stadium,no,36500,4.3,SW,84.3,15,,,-3.5,47.5,1.8265000880790145,47.599999999999994,away,medium,over,low,away,-0.07099527291711816,"blend of 4 margin source(s) (fitted weights): sagarin_predictor, sagarin_rating, fei, team_rankings; total from fei"
2026-09-05T23:00:00.000Z,1,Sam Houston,Troy,Veterans Memorial Stadium (AL),no,30000,3.7,SSW,88.8,26,,,-17,53,12.176010867555906,45.44,away,high,under,high,away,-0.10786434653727794,"blend of 4 margin source(s) (fitted weights): sagarin_predictor, sagarin_rating, fei, team_rankings; total from fei"
2026-09-05T23:00:00.000Z,1,Florida International,South Florida,Raymond James Stadium,no,65828,9.5,WNW,88.6,42,,,-13,54,13.348522438672802,51.2,home,low,under,medium,,0.014657455012381804,blend of 1 margin source(s) (fitted weights): fei; total from fei
2026-09-05T23:00:00.000Z,1,Arkansas State,Memphis,Simmons Bank Liberty Stadium,no,58325,6.8,NE,90.1,13,,,-8.5,55.5,11.64629419817178,52.76,home,high,under,medium,,-0.01129988273606164,"blend of 4 margin source(s) (fitted weights): sagarin_predictor, sagarin_rating, fei, team_rankings; total from fei"
2026-09-05T23:00:00.000Z,1,Missouri State,Texas A&M,Kyle Field,no,102733,13,SSE,103.5,15,,,-40.5,52.5,29.596894327301385,55.64,away,high,over,medium,,,"blend of 4 margin source(s) (fitted weights): sagarin_predictor, sagarin_rating, fei, team_rankings; total from fei"
2026-09-05T23:30:00.000Z,1,Western Michigan,Michigan,Michigan Stadium,no,107601,3.8,S,69.7,21,,,-27.5,47.5,22.702661282523536,50.84,away,high,over,medium,away,-0.036255160396930664,"blend of 4 margin source(s) (fitted weights): sagarin_predictor, sagarin_rating, fei, team_rankings; total from fei"
2026-09-05T23:30:00.000Z,1,Clemson,LSU,Tiger Stadium (LA),no,102321,7.8,WSW,92.4,37,,,-9.5,50.5,7.027237124735019,47.239999999999995,away,medium,under,medium,away,-0.11857867083585627,"blend of 4 margin source(s) (fitted weights): sagarin_predictor, sagarin_rating, fei, team_rankings; total from fei"
2026-09-05T23:30:00.000Z,1,UL Monroe,Mississippi State,Davis Wade Stadium,no,61337,13.6,NNE,82.6,19,,,-28.5,55.5,22.23838641188865,52.64,away,high,under,medium,away,-0.03678187639175956,"blend of 4 margin source(s) (fitted weights): sagarin_predictor, sagarin_rating, fei, team_rankings; total from fei"
2026-09-05T23:45:00.000Z,1,Florida Atlantic,Florida,Ben Hill Griffin Stadium,no,88548,4.3,W,87.4,30,,,-26.5,59.5,19.692251745821533,53.36,away,high,under,high,away,-0.04165060522681241,"blend of 4 margin source(s) (fitted weights): sagarin_predictor, sagarin_rating, fei, team_rankings; total from fei"
2026-09-06T02:00:00.000Z,1,Central Michigan,New Mexico,University Stadium (NM),no,39224,12.6,WNW,89.6,14,,,-11.5,47.5,7.6890205914122385,49.760000000000005,away,high,over,medium,away,-0.1252724430243366,"blend of 4 margin source(s) (fitted weights): sagarin_predictor, sagarin_rating, fei, team_rankings; total from fei"
2026-09-06T02:00:00.000Z,1,UNLV,Hawai'i,Clarence T.C. Ching Athletics Complex,no,15194,16.1,NE,80.9,13,,,2.5,58.5,-0.8390657155677743,55.76,home,medium,under,low,,0.011555875397350923,"blend of 4 margin source(s) (fitted weights): sagarin_predictor, sagarin_rating, fei, team_rankings; total from fei; wind (16.1mph) downgraded total confidence"
2026-09-06T02:30:00.000Z,1,Western Kentucky,Nevada,Mackay Stadium,no,27000,9.6,WSW,71.6,8,,,2.5,53,-3.1327030760220476,49.879999999999995,away,low,under,medium,,-0.015570456923807041,"blend of 4 margin source(s) (fitted weights): sagarin_predictor, sagarin_rating, fei, team_rankings; total from fei"
2026-09-06T02:30:00.000Z,1,UCLA,California,California Memorial Stadium,no,62467,9.3,SSW,60.3,1,,,1.5,54.5,0.1071584193244483,53,home,medium,under,low,home,-0.00816236341335197,"blend of 4 margin source(s) (fitted weights): sagarin_predictor, sagarin_rating, fei, team_rankings; total from fei"
2026-09-06T20:00:00.000Z,1,Washington State,Washington,Husky Stadium,no,70138,7,N,70.9,16,,,-22.5,50.5,15.892663886355965,50.84,away,high,over,low,away,-0.09140035789265444,"blend of 4 margin source(s) (fitted weights): sagarin_predictor, sagarin_rating, fei, team_rankings; total from fei"
2026-09-06T23:30:00.000Z,1,Wisconsin,Notre Dame,Lambeau Field,no,80735,8.6,SSE,79.1,17,,,-20.5,47.5,17.495956768890714,46.400000000000006,away,high,under,low,away,-0.050709062175469555,"blend of 4 margin source(s) (fitted weights): sagarin_predictor, sagarin_rating, fei, team_rankings; total from fei"
2026-09-06T23:30:00.000Z,1,Louisville,Ole Miss,Nissan Stadium,no,69143,2.2,E,90.7,17,,,-6.5,55.5,9.145358646947301,54.56,home,medium,under,low,,0.016036353607037257,"blend of 4 margin source(s) (fitted weights): sagarin_predictor, sagarin_rating, fei, team_rankings; total from fei"
2026-09-07T23:30:00.000Z,1,SMU,Florida State,Doak Campbell Stadium,no,67277,5.5,NW,83.6,40,,,2.5,52.5,0.9108568593832362,56.12,home,high,over,medium,home,0.08619107828020817,"blend of 4 margin source(s) (fitted weights): sagarin_predictor, sagarin_rating, fei, team_rankings; total from fei"
2026-09-11T23:30:00.000Z,2,Rutgers,Boston College,"Alumni Stadium (Chestnut Hill, MA)",no,44500,,,,,,,,,0.06569437777048359,60.32,,,,,,,"blend of 2 margin source(s) (fitted weights): fei, team_rankings; total from fei"
2026-09-12T00:00:00.000Z,2,Missouri,Kansas,Memorial Stadium,no,47000,,,,,,,7,52.5,-0.7165385977182861,57.2,home,high,over,medium,home,0.15717105590736852,"blend of 2 margin source(s) (fitted weights): fei, team_rankings; total from fei"
2026-09-12T16:00:00.000Z,2,Old Dominion,Virginia Tech,Lane Stadium,no,65632,,,,,,,,,0.9759525752144069,49.760000000000005,,,,,,,"blend of 2 margin source(s) (fitted weights): fei, team_rankings; total from fei"
2026-09-12T16:00:00.000Z,2,Washington State,Kansas State,Bill Snyder Family Stadium,no,50000,,,,,,,,,7.237017862883417,49.519999999999996,,,,,,,"blend of 2 margin source(s) (fitted weights): fei, team_rankings; total from fei"
2026-09-12T16:00:00.000Z,2,Oregon,Oklahoma State,Boone Pickens Stadium,no,55509,,,,,,,18.5,60.5,-16.40475053110172,53.96,home,medium,under,high,,0.03261157659507938,"blend of 2 margin source(s) (fitted weights): fei, team_rankings; total from fei"
2026-09-12T16:00:00.000Z,2,Arizona State,Texas A&M,Kyle Field,no,102733,,,,,,,-14.5,51.5,8.720894349199238,50.72,away,high,under,low,away,-0.11011639568371878,"blend of 2 margin source(s) (fitted weights): fei, team_rankings; total from fei"
2026-09-12T16:00:00.000Z,2,Oklahoma,Michigan,Michigan Stadium,no,107601,,,,,,,-1.5,46.5,3.4310670087479314,49.28,home,medium,over,medium,home,0.06753452150751704,"blend of 2 margin source(s) (fitted weights): fei, team_rankings; total from fei"
2026-09-12T16:00:00.000Z,2,South Florida,Army,Michie Stadium,no,38000,,,,,,,,,0.8022487484472729,53.72,,,,,,,"blend of 2 margin source(s) (fitted weights): fei, team_rankings; total from fei"
2026-09-12T16:00:00.000Z,2,Penn State,Temple,Lincoln Financial Field,no,69879,,,,,,,,,-13.904438936515355,55.4,,,,,,,"blend of 2 margin source(s) (fitted weights): fei, team_rankings; total from fei"
2026-09-12T16:00:00.000Z,2,App State,East Carolina,Dowdy-Ficklen Stadium,no,50000,,,,,,,,,9.49598629972542,54.08,,,,,,,"blend of 2 margin source(s) (fitted weights): fei, team_rankings; total from fei"
2026-09-12T16:00:00.000Z,2,Wake Forest,Purdue,Ross-Ade Stadium,no,57282,,,,,,,,,-0.49624948613926456,48.92,,,,,,,"blend of 2 margin source(s) (fitted weights): fei, team_rankings; total from fei"
2026-09-12T16:45:00.000Z,2,Western Kentucky,Georgia,Sanford Stadium,no,92746,,,,,,,,,20.43035828167997,54.2,,,,,,,"blend of 2 margin source(s) (fitted weights): fei, team_rankings; total from fei"
2026-09-12T19:30:00.000Z,2,Utah State,Washington,Husky Stadium,no,70138,,,,,,,,,14.844923822432325,55.879999999999995,,,,,,,"blend of 2 margin source(s) (fitted weights): fei, team_rankings; total from fei"
2026-09-12T19:30:00.000Z,2,Eastern Michigan,Michigan State,Spartan Stadium,no,75005,,,,,,,,,11.428063477921004,56.12,,,,,,,"blend of 2 margin source(s) (fitted weights): fei, team_rankings; total from fei"
2026-09-12T19:30:00.000Z,2,California,Syracuse,JMA Wireless Dome,yes,49057,,,,,,,,,0.9047989392742423,48.68000000000001,,,,,,,"blend of 2 margin source(s) (fitted weights): fei, team_rankings; total from fei"
2026-09-12T19:30:00.000Z,2,Maryland,UConn,Pratt & Whitney Stadium,no,40000,,,,,,,,,-3.8741470145604193,52.4,,,,,,,"blend of 2 margin source(s) (fitted weights): fei, team_rankings; total from fei"
2026-09-12T19:30:00.000Z,2,Duke,Illinois,"Memorial Stadium (Champaign, IL)",no,60670,,,,,,,,,6.917323836717947,59.36,,,,,,,"blend of 2 margin source(s) (fitted weights): fei, team_rankings; total from fei"
2026-09-12T19:30:00.000Z,2,Alabama,Kentucky,Kroger Field,no,61000,,,,,,,,,-7.484008079522744,49.4,,,,,,,"blend of 2 margin source(s) (fitted weights): fei, team_rankings; total from fei"
2026-09-12T19:30:00.000Z,2,Mississippi State,Minnesota,Huntington Bank Stadium,no,50850,,,,,,,,,2.5597154198758143,52.4,,,,,,,"blend of 2 margin source(s) (fitted weights): fei, team_rankings; total from fei"
2026-09-12T19:30:00.000Z,2,UTSA,Texas State,Bobcat Stadium (TX),no,30000,,,,,,,,,-0.13402213140233132,59,,,,,,,"blend of 2 margin source(s) (fitted weights): fei, team_rankings; total from fei"
2026-09-12T19:30:00.000Z,2,Rice,Notre Dame,Notre Dame Stadium,no,80795,,,,,,,,,27.113555371304706,49.879999999999995,,,,,,,"blend of 2 margin source(s) (fitted weights): fei, team_rankings; total from fei"
2026-09-12T19:30:00.000Z,2,Arizona,BYU,LaVell Edwards Stadium,no,63470,,,,,,,,,4.690602427244301,53.72,,,,,,,"blend of 2 margin source(s) (fitted weights): fei, team_rankings; total from fei"
2026-09-12T19:30:00.000Z,2,UCF,Pittsburgh,Acrisure Stadium,no,68400,,,,,,,,,6.220157518372098,46.16,,,,,,,"blend of 2 margin source(s) (fitted weights): fei, team_rankings; total from fei"
2026-09-12T19:30:00.000Z,2,UL Monroe,UAB,Protective Stadium,no,45000,,,,,,,,,4.950761034913401,55.04,,,,,,,"blend of 2 margin source(s) (fitted weights): fei, team_rankings; total from fei"
2026-09-12T19:45:00.000Z,2,UNLV,North Texas,DATCU Stadium,no,30850,,,,,,,,,5.782724571454575,61.879999999999995,,,,,,,"blend of 2 margin source(s) (fitted weights): fei, team_rankings; total from fei"
2026-09-12T20:15:00.000Z,2,Delaware,Vanderbilt,FirstBank Stadium,no,40351,,,,,,,,,18.876122424387177,61.16,,,,,,,"blend of 2 margin source(s) (fitted weights): fei, team_rankings; total from fei"
2026-09-12T22:00:00.000Z,2,Jacksonville State,Ohio,Peden Stadium,no,24000,,,,,,,,,5.334949115815591,52.64,,,,,,,"blend of 2 margin source(s) (fitted weights): fei, team_rankings; total from fei"
2026-09-12T22:00:00.000Z,2,Memphis,Boise State,Albertsons Stadium,no,36387,,,,,,,,,4.074025573560167,52.76,,,,,,,"blend of 2 margin source(s) (fitted weights): fei, team_rankings; total from fei"
2026-09-12T22:00:00.000Z,2,Buffalo,Florida International,Pitbull Stadium,no,20000,,,,,,,,,1.7085224386727984,44.599999999999994,,,,,,,blend of 1 margin source(s) (fitted weights): fei; total from fei
2026-09-12T23:00:00.000Z,2,Middle Tennessee,Marshall,Joan C. Edwards Stadium,no,38016,,,,,,,,,9.765524528597709,51.32,,,,,,,"blend of 2 margin source(s) (fitted weights): fei, team_rankings; total from fei"
2026-09-12T23:00:00.000Z,2,Tennessee,Georgia Tech,Bobby Dodd Stadium,no,55000,,,,,,,,,-5.338782814710721,59.239999999999995,,,,,,,"blend of 2 margin source(s) (fitted weights): fei, team_rankings; total from fei"
2026-09-12T23:00:00.000Z,2,Tulsa,Sam Houston,Elliott T. Bowers Stadium,no,14000,,,,,,,,,-2.0083210435830106,48.8,,,,,,,"blend of 2 margin source(s) (fitted weights): fei, team_rankings; total from fei"
2026-09-12T23:00:00.000Z,2,South Alabama,Tulane,Yulman Stadium,no,30000,,,,,,,,,9.44583050243224,54.44,,,,,,,"blend of 2 margin source(s) (fitted weights): fei, team_rankings; total from fei"
2026-09-12T23:00:00.000Z,2,Bowling Green,Nebraska,"Memorial Stadium (Lincoln, NE)",no,85458,,,,,,,,,13.458638890703131,47.36,,,,,,,"blend of 2 margin source(s) (fitted weights): fei, team_rankings; total from fei"
2026-09-12T23:00:00.000Z,2,Georgia State,Kennesaw State,Fifth Third Stadium,no,11040,,,,,,,,,4.079409446041287,55.519999999999996,,,,,,,"blend of 2 margin source(s) (fitted weights): fei, team_rankings; total from fei"
2026-09-12T23:15:00.000Z,2,San Diego State,UCLA,Rose Bowl,no,88565,,,,,,,,,4.404487344687878,48.67999999999999,,,,,,,"blend of 2 margin source(s) (fitted weights): fei, team_rankings; total from fei"
2026-09-12T23:30:00.000Z,2,Louisiana Tech,LSU,Tiger Stadium (LA),no,102321,,,,,,,,,15.69116940889867,48.8,,,,,,,"blend of 2 margin source(s) (fitted weights): fei, team_rankings; total from fei"
2026-09-12T23:30:00.000Z,2,Iowa State,Iowa,Kinnick Stadium,no,69250,,,,,,,-11.5,41.5,4.506556091755708,43.76,away,high,over,medium,away,-0.23560340200663266,"blend of 2 margin source(s) (fitted weights): fei, team_rankings; total from fei"
2026-09-12T23:30:00.000Z,2,Ohio State,Texas,DKR-Texas Memorial Stadium,no,100119,,,,,,,-1.5,47.5,-5.752979326740663,49.76,away,high,over,medium,away,-0.16215141871021904,"blend of 2 margin source(s) (fitted weights): fei, team_rankings; total from fei"
2026-09-12T23:30:00.000Z,2,Navy,Florida Atlantic,FAU Stadium,no,29419,,,,,,,,,-5.0123729998234445,56.84,,,,,,,"blend of 2 margin source(s) (fitted weights): fei, team_rankings; total from fei"
2026-09-12T23:30:00.000Z,2,Texas Tech,Oregon State,Reser Stadium,no,43363,,,,,,,,,-10.835467689297438,45.68,,,,,,,"blend of 2 margin source(s) (fitted weights): fei, team_rankings; total from fei"
2026-09-12T23:30:00.000Z,2,Southern Miss,Auburn,Jordan-Hare Stadium,no,87451,,,,,,,,,16.180571513109204,46.16,,,,,,,"blend of 2 margin source(s) (fitted weights): fei, team_rankings; total from fei"
2026-09-12T23:30:00.000Z,2,Georgia Southern,Clemson,"Memorial Stadium (Clemson, SC)",no,81500,,,,,,,,,14.9085224386728,55.400000000000006,,,,,,,blend of 1 margin source(s) (fitted weights): fei; total from fei
2026-09-12T23:45:00.000Z,2,Charlotte,Ole Miss,Vaught-Hemingway Stadium,no,64038,,,,,,,,,24.915935712958895,55.76,,,,,,,"blend of 2 margin source(s) (fitted weights): fei, team_rankings; total from fei"
2026-09-13T02:00:00.000Z,2,North Dakota State,Air Force,Falcon Stadium,no,46692,,,,,,,,,11.965864226943253,61.64,,,,,,,"blend of 2 margin source(s) (fitted weights): fei, team_rankings; total from fei"
2026-09-13T02:15:00.000Z,2,Arkansas,Utah,Rice-Eccles Stadium,no,51444,,,,,,,-9.5,54.5,10.136281032056278,59.72,home,low,over,medium,,-0.0203862972163682,"blend of 2 margin source(s) (fitted weights): fei, team_rankings; total from fei"
2026-09-13T02:30:00.000Z,2,Sacramento State,Fresno State,Valley Children's Stadium,no,41031,,,,,,,,,12.665212934011347,49.040000000000006,,,,,,,"blend of 2 margin source(s) (fitted weights): fei, team_rankings; total from fei"
2026-09-13T03:00:00.000Z,2,Louisiana,USC,Los Angeles Memorial Coliseum,no,77500,,,,,,,,,17.31789081837232,60.8,,,,,,,"blend of 2 margin source(s) (fitted weights): fei, team_rankings; total from fei"
2026-09-13T03:59:00.000Z,2,New Mexico State,Hawai'i,Clarence T.C. Ching Athletics Complex,no,15194,,,,,,,,,7.6202992637856894,51.32000000000001,,,,,,,"blend of 2 margin source(s) (fitted weights): fei, team_rankings; total from fei"
2026-09-17T23:30:00.000Z,3,Syracuse,Pittsburgh,Acrisure Stadium,no,68400,,,,,,,,,9.465977868597669,45.8,,,,,,,"blend of 2 margin source(s) (fitted weights): fei, team_rankings; total from fei"
2026-09-18T23:30:00.000Z,3,Miami,Wake Forest,Allegacy Federal Credit Union Stadium,no,31500,,,,,,,,,-6.516822088545472,48.2,,,,,,,"blend of 2 margin source(s) (fitted weights): fei, team_rankings; total from fei"
2026-09-19T00:00:00.000Z,3,Houston,Texas Tech,Jones AT&T Stadium,no,60454,,,,,,,-13.5,,10.467168039424767,47.480000000000004,away,high,,,,,"blend of 2 margin source(s) (fitted weights): fei, team_rankings; total from fei"
2026-09-19T15:30:00.000Z,3,Coastal Carolina,Delaware,Delaware Stadium,no,22000,,,,,,,,,-1.0434298563647046,54.2,,,,,,,"blend of 2 margin source(s) (fitted weights): fei, team_rankings; total from fei"
2026-09-19T16:00:00.000Z,3,Kent State,Ohio State,Ohio Stadium,no,102780,,,,,,,,,32.85787395611681,55.040000000000006,,,,,,,"blend of 2 margin source(s) (fitted weights): fei, team_rankings; total from fei"
2026-09-19T16:00:00.000Z,3,Akron,Minnesota,Huntington Bank Stadium,no,50850,,,,,,,,,16.608199602582765,49.879999999999995,,,,,,,"blend of 2 margin source(s) (fitted weights): fei, team_rankings; total from fei"
2026-09-19T16:00:00.000Z,3,North Texas,Texas State,Bobcat Stadium (TX),no,30000,,,,,,,,,-1.3559828575675905,63.56,,,,,,,"blend of 2 margin source(s) (fitted weights): fei, team_rankings; total from fei"
2026-09-19T16:00:00.000Z,3,Tulane,Kansas State,Bill Snyder Family Stadium,no,50000,,,,,,,,,8.59238768348495,52.04,,,,,,,"blend of 2 margin source(s) (fitted weights): fei, team_rankings; total from fei"
2026-09-19T16:00:00.000Z,3,Georgia,Arkansas,Razorback Stadium,no,80000,,,,,,,,,-8.70287973696584,59.480000000000004,,,,,,,"blend of 2 margin source(s) (fitted weights): fei, team_rankings; total from fei"
2026-09-19T16:00:00.000Z,3,Bowling Green,Iowa State,Jack Trice Stadium,no,61500,,,,,,,,,16.42687330709391,46.040000000000006,,,,,,,"blend of 2 margin source(s) (fitted weights): fei, team_rankings; total from fei"
2026-09-19T16:00:00.000Z,3,Buffalo,Penn State,Beaver Stadium,no,106572,,,,,,,,,20.41953432919937,47.36,,,,,,,"blend of 2 margin source(s) (fitted weights): fei, team_rankings; total from fei"
2026-09-19T16:00:00.000Z,3,North Carolina,Clemson,"Memorial Stadium (Clemson, SC)",no,81500,,,,,,,,,11.11956243295855,50.84,,,,,,,"blend of 2 margin source(s) (fitted weights): fei, team_rankings; total from fei"
2026-09-19T16:00:00.000Z,3,Arizona State,Kansas,Wembley Stadium,no,90000,,,,,,,,,1.6534529711539614,58.28,,,,,,,"blend of 2 margin source(s) (fitted weights): fei, team_rankings; total from fei"
2026-09-19T16:30:00.000Z,3,Eastern Michigan,Wisconsin,Camp Randall Stadium,no,80321,,,,,,,,,14.41596381671808,49.88,,,,,,,"blend of 2 margin source(s) (fitted weights): fei, team_rankings; total from fei"
2026-09-19T16:45:00.000Z,3,NC State,Vanderbilt,FirstBank Stadium,no,40351,,,,,,,,,4.864787697770571,59.96,,,,,,,"blend of 2 margin source(s) (fitted weights): fei, team_rankings; total from fei"
2026-09-19T16:45:00.000Z,3,Troy,Missouri,Memorial Stadium,no,71168,,,,,,,,,12.908794687996313,45.67999999999999,,,,,,,"blend of 2 margin source(s) (fitted weights): fei, team_rankings; total from fei"
2026-09-19T17:00:00.000Z,3,Wyoming,Central Michigan,Kelly/Shorts Stadium,no,30255,,,,,,,,,1.2401631391239343,45.32,,,,,,,"blend of 2 margin source(s) (fitted weights): fei, team_rankings; total from fei"
2026-09-19T19:00:00.000Z,3,Temple,Toledo,Glass Bowl,no,26038,,,,,,,,,9.641069819123853,52.64,,,,,,,"blend of 2 margin source(s) (fitted weights): fei, team_rankings; total from fei"
2026-09-19T19:30:00.000Z,3,Florida State,Alabama,Bryant-Denny Stadium,no,101821,,,,,,,-15.5,52.5,9.329848734161654,55.88,away,high,over,medium,away,-0.10224274337548123,"blend of 2 margin source(s) (fitted weights): fei, team_rankings; total from fei"
2026-09-19T19:30:00.000Z,3,SMU,Louisville,L&N Federal Credit Union Stadium,no,60000,,,,,,,-1.5,56.5,1.9350908612291782,50.6,home,low,under,medium,,0.03729778518833782,"blend of 2 margin source(s) (fitted weights): fei, team_rankings; total from fei"
2026-09-19T19:30:00.000Z,3,USC,Rutgers,SHI Stadium,no,52454,,,,,,,,,-7.164739289598045,66.68,,,,,,,"blend of 2 margin source(s) (fitted weights): fei, team_rankings; total from fei"
2026-09-19T19:30:00.000Z,3,Miami (OH),Cincinnati,TQL Stadium,no,26000,,,,,,,,,9.34642558784579,53.599999999999994,,,,,,,"blend of 2 margin source(s) (fitted weights): fei, team_rankings; total from fei"
2026-09-19T19:30:00.000Z,3,Utah State,Utah,Rice-Eccles Stadium,no,51444,,,,,,,,,16.408964537169084,56.36,,,,,,,"blend of 2 margin source(s) (fitted weights): fei, team_rankings; total from fei"
2026-09-19T19:30:00.000Z,3,Kentucky,Texas A&M,Kyle Field,no,102733,,,,,,,,,9.772240317319518,47.72,,,,,,,"blend of 2 margin source(s) (fitted weights): fei, team_rankings; total from fei"
2026-09-19T19:30:00.000Z,3,UTEP,Michigan,Michigan Stadium,no,107601,,,,,,,,,22.811911860477654,50.6,,,,,,,"blend of 2 margin source(s) (fitted weights): fei, team_rankings; total from fei"
2026-09-19T20:00:00.000Z,3,Louisiana Tech,Baylor,McLane Stadium,no,45140,,,,,,,,,10.841495055364625,53.84,,,,,,,"blend of 2 margin source(s) (fitted weights): fei, team_rankings; total from fei"
2026-09-19T20:00:00.000Z,3,Western Kentucky,Indiana,"Memorial Stadium (Bloomington, IN)",no,52656,,,,,,,,,19.218627649199455,52.04,,,,,,,"blend of 2 margin source(s) (fitted weights): fei, team_rankings; total from fei"
2026-09-19T20:00:00.000Z,3,Ball State,Liberty,Williams Stadium (VA),no,25000,,,,,,,,,8.628205223334596,53,,,,,,,"blend of 2 margin source(s) (fitted weights): fei, team_rankings; total from fei"
2026-09-19T20:00:00.000Z,3,Stanford,Duke,Wallace Wade Stadium,no,40004,,,,,,,,,6.89717647055252,54.56,,,,,,,"blend of 2 margin source(s) (fitted weights): fei, team_rankings; total from fei"
2026-09-19T20:15:00.000Z,3,Mississippi State,South Carolina,Williams-Brice Stadium,no,80250,,,,,,,,,4.442543480778132,49.16,,,,,,,"blend of 2 margin source(s) (fitted weights): fei, team_rankings; total from fei"
2026-09-19T22:00:00.000Z,3,East Carolina,Old Dominion,S.B. Ballard Stadium,no,20118,,,,,,,,,2.3094178771690412,47.36,,,,,,,"blend of 2 margin source(s) (fitted weights): fei, team_rankings; total from fei"
2026-09-19T22:00:00.000Z,3,Charlotte,App State,Kidd Brewer Stadium,no,30000,,,,,,,,,8.22029926378569,53.599999999999994,,,,,,,"blend of 2 margin source(s) (fitted weights): fei, team_rankings; total from fei"
2026-09-19T22:00:00.000Z,3,Florida International,Florida Atlantic,FAU Stadium,no,29419,,,,,,,,,4.708522438672802,52.4,,,,,,,blend of 1 margin source(s) (fitted weights): fei; total from fei
2026-09-19T22:30:00.000Z,3,Marshall,Missouri State,Plaster Sports Complex,no,17337,,,,,,,,,-1.4696698220792113,54.8,,,,,,,"blend of 2 margin source(s) (fitted weights): fei, team_rankings; total from fei"
2026-09-19T23:00:00.000Z,3,Nevada,Middle Tennessee,"Johnny ""Red"" Floyd Stadium",no,30788,,,,,,,,,1.0512143749133567,50.480000000000004,,,,,,,"blend of 2 margin source(s) (fitted weights): fei, team_rankings; total from fei"
2026-09-19T23:00:00.000Z,3,Ohio,South Alabama,Hancock Whitney Stadium,no,25450,,,,,,,,,-0.15416949756775955,55.64,,,,,,,"blend of 2 margin source(s) (fitted weights): fei, team_rankings; total from fei"
2026-09-19T23:00:00.000Z,3,Western Michigan,Rice,Rice Stadium,no,47000,,,,,,,,,-4.047000368845996,47,,,,,,,"blend of 2 margin source(s) (fitted weights): fei, team_rankings; total from fei"
2026-09-19T23:00:00.000Z,3,Florida,Auburn,Jordan-Hare Stadium,no,87451,,,,,,,-1.5,53.5,5.530557461229613,47.36,home,high,under,high,home,0.13520075004291088,"blend of 2 margin source(s) (fitted weights): fei, team_rankings; total from fei"
2026-09-19T23:00:00.000Z,3,Georgia State,UCF,FBC Mortgage Stadium,no,44206,,,,,,,,,11.72446486168053,52.16,,,,,,,"blend of 2 margin source(s) (fitted weights): fei, team_rankings; total from fei"
2026-09-19T23:00:00.000Z,3,UConn,Southern Miss,M. M. Roberts Stadium,no,36000,,,,,,,,,0.2801743806276098,52.64,,,,,,,"blend of 2 margin source(s) (fitted weights): fei, team_rankings; total from fei"
2026-09-19T23:00:00.000Z,3,Georgia Southern,Jacksonville State,AmFirst Stadium,no,24000,,,,,,,,,3.988522438672799,58.16,,,,,,,blend of 1 margin source(s) (fitted weights): fei; total from fei
2026-09-19T23:30:00.000Z,3,West Virginia,Virginia,Bank of America Stadium,no,73778,,,,,,,,,5.690460681830711,49.760000000000005,,,,,,,"blend of 2 margin source(s) (fitted weights): fei, team_rankings; total from fei"
2026-09-19T23:30:00.000Z,3,Michigan State,Notre Dame,Notre Dame Stadium,no,80795,,,,,,,,,18.448494334913615,52.64,,,,,,,"blend of 2 margin source(s) (fitted weights): fei, team_rankings; total from fei"
2026-09-19T23:30:00.000Z,3,New Mexico,Oklahoma,"Memorial Stadium (Norman, OK)",no,86112,,,,,,,,,16.233872586642907,47.120000000000005,,,,,,,"blend of 2 margin source(s) (fitted weights): fei, team_rankings; total from fei"
2026-09-19T23:30:00.000Z,3,Virginia Tech,Maryland,SECU Stadium,no,51802,,,,,,,,,4.643166669950857,50.84,,,,,,,"blend of 2 margin source(s) (fitted weights): fei, team_rankings; total from fei"
2026-09-19T23:30:00.000Z,3,BYU,Colorado State,Canvas Stadium,no,36500,,,,,,,,,-12.542353327192021,54.32,,,,,,,"blend of 2 margin source(s) (fitted weights): fei, team_rankings; total from fei"
2026-09-19T23:30:00.000Z,3,LSU,Ole Miss,Vaught-Hemingway Stadium,no,64038,,,,,,,-1.5,57.5,6.183008062281762,55.400000000000006,home,high,under,medium,home,0.10767025223399573,"blend of 2 margin source(s) (fitted weights): fei, team_rankings; total from fei"
2026-09-19T23:30:00.000Z,3,Colorado,Northwestern,Lanny and Sharon Martin Stadium,no,12023,,,,,,,,,4.663739272357066,48.92,,,,,,,"blend of 2 margin source(s) (fitted weights): fei, team_rankings; total from fei"
2026-09-19T23:45:00.000Z,3,Kennesaw State,Tennessee,Neyland Stadium,no,102455,,,,,,,,,19.08207327852267,57.08,,,,,,,"blend of 2 margin source(s) (fitted weights): fei, team_rankings; total from fei"
2026-09-20T00:00:00.000Z,3,Arkansas State,TCU,Amon G. Carter Stadium,no,46000,,,,,,,,,15.695221365139101,52.4,,,,,,,"blend of 2 margin source(s) (fitted weights): fei, team_rankings; total from fei"
2026-09-20T00:00:00.000Z,3,UAB,Louisiana,Cajun Field,no,41426,,,,,,,,,5.07164523190597,56.24,,,,,,,"blend of 2 margin source(s) (fitted weights): fei, team_rankings; total from fei"
2026-09-20T00:00:00.000Z,3,UTSA,Texas,DKR-Texas Memorial Stadium,no,100119,,,,,,,,,12.44982625115431,52.519999999999996,,,,,,,"blend of 2 margin source(s) (fitted weights): fei, team_rankings; total from fei"
2026-09-20T02:00:00.000Z,3,James Madison,San Diego State,Snapdragon Stadium,no,35000,,,,,,,,,-2.6343337259886965,45.56,,,,,,,"blend of 2 margin source(s) (fitted weights): fei, team_rankings; total from fei"
2026-09-20T02:30:00.000Z,3,North Dakota State,Sacramento State,Hornet Stadium,no,21195,,,,,,,,,2.152290904086043,56,,,,,,,"blend of 2 margin source(s) (fitted weights): fei, team_rankings; total from fei"
2026-09-20T02:30:00.000Z,3,Northern Illinois,Arizona,Arizona Stadium,no,50782,,,,,,,,,15.998338537620437,51.08,,,,,,,"blend of 2 margin source(s) (fitted weights): fei, team_rankings; total from fei"
2026-09-20T03:00:00.000Z,3,Purdue,UCLA,Rose Bowl,no,88565,,,,,,,,,3.8214894346127903,54.2,,,,,,,"blend of 2 margin source(s) (fitted weights): fei, team_rankings; total from fei"
2026-09-20T03:00:00.000Z,3,Fresno State,San José State,CEFCU Stadium,no,30456,,,,,,,,,-1.0218943664402267,47,,,,,,,"blend of 2 margin source(s) (fitted weights): fei, team_rankings; total from fei"
2026-09-24T23:30:00.000Z,4,Liberty,Coastal Carolina,Brooks Stadium (SC),no,21000,,,,,,,,,1.5974880651388828,55.400000000000006,,,,,,,"blend of 2 margin source(s) (fitted weights): fei, team_rankings; total from fei"
2026-09-25T20:00:00.000Z,4,Army,Temple,Lincoln Financial Field,no,69879,,,,,,,,,-4.335354047643023,55.16,,,,,,,"blend of 2 margin source(s) (fitted weights): fei, team_rankings; total from fei"
2026-09-25T23:00:00.000Z,4,Navy,UAB,Protective Stadium,no,45000,,,,,,,,,-5.958023500876239,57.8,,,,,,,"blend of 2 margin source(s) (fitted weights): fei, team_rankings; total from fei"
2026-09-26T00:00:00.000Z,4,Northwestern,Indiana,"Memorial Stadium (Bloomington, IN)",no,52656,,,,,,,,,14.934467672056453,49.400000000000006,,,,,,,"blend of 2 margin source(s) (fitted weights): fei, team_rankings; total from fei"
2026-09-26T02:30:00.000Z,4,Clemson,California,California Memorial Stadium,no,62467,,,,,,,,,-3.9565498392219567,48.08,,,,,,,"blend of 2 margin source(s) (fitted weights): fei, team_rankings; total from fei"
2026-09-26T04:00:00.000Z,4,Southern Miss,Tulane,Yulman Stadium,no,30000,,,,,,,,,11.815822071304485,49.28,,,,,,,"blend of 2 margin source(s) (fitted weights): fei, team_rankings; total from fei"
2026-09-26T04:00:00.000Z,4,Minnesota,Washington,Husky Stadium,no,70138,,,,,,,,,9.093889448898413,52.879999999999995,,,,,,,"blend of 2 margin source(s) (fitted weights): fei, team_rankings; total from fei"
2026-09-26T04:00:00.000Z,4,Missouri,Mississippi State,Davis Wade Stadium,no,61337,,,,,,,,,-1.0237077264400514,51.56,,,,,,,"blend of 2 margin source(s) (fitted weights): fei, team_rankings; total from fei"
2026-09-26T04:00:00.000Z,4,Ball State,Kent State,Dix Stadium,no,25319,,,,,,,,,1.7519512057404993,53.239999999999995,,,,,,,"blend of 2 margin source(s) (fitted weights): fei, team_rankings; total from fei"
2026-09-26T04:00:00.000Z,4,Massachusetts,Sacramento State,Hornet Stadium,no,21195,,,,,,,,,8.575385593560036,56,,,,,,,"blend of 2 margin source(s) (fitted weights): fei, team_rankings; total from fei"
2026-09-26T04:00:00.000Z,4,Notre Dame,Purdue,Ross-Ade Stadium,no,57282,,,,,,,,,-13.872191909146999,52.400000000000006,,,,,,,"blend of 2 margin source(s) (fitted weights): fei, team_rankings; total from fei"
2026-09-26T04:00:00.000Z,4,Delaware,Virginia,Scott Stadium,no,61500,,,,,,,,,14.860593996116553,52.28,,,,,,,"blend of 2 margin source(s) (fitted weights): fei, team_rankings; total from fei"
2026-09-26T04:00:00.000Z,4,Oklahoma State,West Virginia,Milan Puskar Stadium,no,60000,,,,,,,,,4.734949115815586,50.120000000000005,,,,,,,"blend of 2 margin source(s) (fitted weights): fei, team_rankings; total from fei"
2026-09-26T04:00:00.000Z,4,Louisiana,Charlotte,Jerry Richardson Stadium,no,15300,,,,,,,,,-3.964597544184455,51.32,,,,,,,"blend of 2 margin source(s) (fitted weights): fei, team_rankings; total from fei"
2026-09-26T04:00:00.000Z,4,Iowa,Michigan,Michigan Stadium,no,107601,,,,,,,,,5.394484534311961,46.28,,,,,,,"blend of 2 margin source(s) (fitted weights): fei, team_rankings; total from fei"
2026-09-26T04:00:00.000Z,4,Missouri State,SMU,Gerald J. Ford Stadium,no,32000,,,,,,,,,15.859970806943824,57.56,,,,,,,"blend of 2 margin source(s) (fitted weights): fei, team_rankings; total from fei"
2026-09-26T04:00:00.000Z,4,Boise State,Western Michigan,Waldo Stadium,no,30200,,,,,,,,,-2.287720337417631,48.32,,,,,,,"blend of 2 margin source(s) (fitted weights): fei, team_rankings; total from fei"
2026-09-26T04:00:00.000Z,4,UNLV,Akron,InfoCision Stadium,no,30000,,,,,,,,,-6.980267717868678,53.6,,,,,,,"blend of 2 margin source(s) (fitted weights): fei, team_rankings; total from fei"
2026-09-26T04:00:00.000Z,4,South Carolina,Alabama,Bryant-Denny Stadium,no,101821,,,,,,,,,10.837924542883332,48.92,,,,,,,"blend of 2 margin source(s) (fitted weights): fei, team_rankings; total from fei"
2026-09-26T04:00:00.000Z,4,San Diego State,Toledo,Glass Bowl,no,26038,,,,,,,,,4.050789138672582,44.599999999999994,,,,,,,"blend of 2 margin source(s) (fitted weights): fei, team_rankings; total from fei"
2026-09-26T04:00:00.000Z,4,Texas A&M,LSU,Tiger Stadium (LA),no,102321,,,,,,,-3,57.5,-0.7362607276429392,49.519999999999996,away,high,under,high,away,-0.10134407567751441,"blend of 2 margin source(s) (fitted weights): fei, team_rankings; total from fei"
2026-09-26T04:00:00.000Z,4,Kansas State,Cincinnati,Nippert Stadium,no,40000,,,,,,,,,-2.4740052691468235,56.599999999999994,,,,,,,"blend of 2 margin source(s) (fitted weights): fei, team_rankings; total from fei"
2026-09-26T04:00:00.000Z,4,TCU,UCF,FBC Mortgage Stadium,no,44206,,,,,,,,,-1.813563170650541,51.199999999999996,,,,,,,"blend of 2 margin source(s) (fitted weights): fei, team_rankings; total from fei"
2026-09-26T04:00:00.000Z,4,Illinois,Ohio State,Ohio Stadium,no,102780,,,,,,,,,15.033872586642897,54.08,,,,,,,"blend of 2 margin source(s) (fitted weights): fei, team_rankings; total from fei"
2026-09-26T04:00:00.000Z,4,Air Force,Nevada,Mackay Stadium,no,27000,,,,,,,,,-4.267289480425018,57.2,,,,,,,"blend of 2 margin source(s) (fitted weights): fei, team_rankings; total from fei"
2026-09-26T04:00:00.000Z,4,Virginia Tech,Boston College,"Alumni Stadium (Chestnut Hill, MA)",no,44500,,,,,,,,,0.8273547508530465,55.28,,,,,,,"blend of 2 margin source(s) (fitted weights): fei, team_rankings; total from fei"
2026-09-26T04:00:00.000Z,4,Vanderbilt,Auburn,Jordan-Hare Stadium,no,87451,,,,,,,,,1.7017954084473161,55.76,,,,,,,"blend of 2 margin source(s) (fitted weights): fei, team_rankings; total from fei"
2026-09-26T04:00:00.000Z,4,Sam Houston,Texas Tech,Jones AT&T Stadium,no,60454,,,,,,,,,24.63562973912437,44.12,,,,,,,"blend of 2 margin source(s) (fitted weights): fei, team_rankings; total from fei"
2026-09-26T04:00:00.000Z,4,Northern Illinois,Georgia State,Center Parc Stadium,no,25000,,,,,,,,,2.3407582245374816,53.36,,,,,,,"blend of 2 margin source(s) (fitted weights): fei, team_rankings; total from fei"
2026-09-26T04:00:00.000Z,4,Oregon,USC,Los Angeles Memorial Coliseum,no,77500,,,,,,,5.5,58.5,-4.4683379058385215,63.440000000000005,home,medium,over,medium,home,0.07541170755491561,"blend of 2 margin source(s) (fitted weights): fei, team_rankings; total from fei"
2026-09-26T04:00:00.000Z,4,App State,NC State,Carter-Finley Stadium,no,58000,,,,,,,,,13.250449440327031,55.76,,,,,,,"blend of 2 margin source(s) (fitted weights): fei, team_rankings; total from fei"
2026-09-26T04:00:00.000Z,4,Oklahoma,Georgia,Sanford Stadium,no,92746,,,,,,,-10,52.5,7.885472715213492,49.519999999999996,away,medium,under,medium,away,-0.06825060084650203,"blend of 2 margin source(s) (fitted weights): fei, team_rankings; total from fei"
2026-09-26T04:00:00.000Z,4,Houston,Georgia Southern,Allen E. Paulson Stadium,no,25000,,,,,,,,,-6.211477561327199,59.96,,,,,,,blend of 1 margin source(s) (fitted weights): fei; total from fei
2026-09-26T04:00:00.000Z,4,Ole Miss,Florida,Ben Hill Griffin Stadium,no,88548,,,,,,,,,-4.9576838025306955,55.879999999999995,,,,,,,"blend of 2 margin source(s) (fitted weights): fei, team_rankings; total from fei"
2026-09-26T04:00:00.000Z,4,UConn,Miami (OH),Yager Stadium,no,24286,,,,,,,,,3.770908401078829,52.400000000000006,,,,,,,"blend of 2 margin source(s) (fitted weights): fei, team_rankings; total from fei"
2026-09-26T04:00:00.000Z,4,South Florida,Bowling Green,Doyt L. Perry Stadium,no,24000,,,,,,,,,-7.650570881327288,48.32,,,,,,,"blend of 2 margin source(s) (fitted weights): fei, team_rankings; total from fei"
2026-09-26T04:00:00.000Z,4,Wake Forest,Louisville,L&N Federal Credit Union Stadium,no,60000,,,,,,,,,5.707462771755621,46.04,,,,,,,"blend of 2 margin source(s) (fitted weights): fei, team_rankings; total from fei"
2026-09-26T04:00:00.000Z,4,James Madison,Old Dominion,S.B. Ballard Stadium,no,20118,,,,,,,,,-0.7040137002745812,47,,,,,,,"blend of 2 margin source(s) (fitted weights): fei, team_rankings; total from fei"
2026-09-26T04:00:00.000Z,4,Nebraska,Michigan State,Spartan Stadium,no,75005,,,,,,,,,-0.09862982779345947,53,,,,,,,"blend of 2 margin source(s) (fitted weights): fei, team_rankings; total from fei"
2026-09-26T04:00:00.000Z,4,Florida Atlantic,UL Monroe,Malone Stadium,no,27617,,,,,,,,,-0.7993666586206021,54.08,,,,,,,"blend of 2 margin source(s) (fitted weights): fei, team_rankings; total from fei"
2026-09-26T04:00:00.000Z,4,Utah,Iowa State,Jack Trice Stadium,no,61500,,,,,,,,,-3.0462354342596734,53.24,,,,,,,"blend of 2 margin source(s) (fitted weights): fei, team_rankings; total from fei"
2026-09-26T04:00:00.000Z,4,Wisconsin,Penn State,Beaver Stadium,no,106572,,,,,,,,,9.319562432958552,46.879999999999995,,,,,,,"blend of 2 margin source(s) (fitted weights): fei, team_rankings; total from fei"
2026-09-26T04:00:00.000Z,4,UCLA,Maryland,SECU Stadium,no,51802,,,,,,,,,3.1449519261915073,51.2,,,,,,,"blend of 2 margin source(s) (fitted weights): fei, team_rankings; total from fei"
2026-09-26T04:00:00.000Z,4,Colorado,Baylor,McLane Stadium,no,45140,,,,,,,,,5.717323836717949,54.56,,,,,,,"blend of 2 margin source(s) (fitted weights): fei, team_rankings; total from fei"
2026-09-26T04:00:00.000Z,4,Colorado State,UTSA,Alamodome,yes,36582,,,,,,,,,10.359715419875812,54.92,,,,,,,"blend of 2 margin source(s) (fitted weights): fei, team_rankings; total from fei"
2026-09-26T16:00:00.000Z,4,Texas,Tennessee,Neyland Stadium,no,102455,,,,,,,,,2.191678956416985,53.959999999999994,,,,,,,"blend of 2 margin source(s) (fitted weights): fei, team_rankings; total from fei"
2026-09-26T16:45:00.000Z,4,South Alabama,Kentucky,Kroger Field,no,61000,,,,,,,,,10.761330826943688,51.2,,,,,,,"blend of 2 margin source(s) (fitted weights): fei, team_rankings; total from fei"
2026-09-26T19:00:00.000Z,4,Hawai'i,Wyoming,War Memorial Stadium,no,29181,,,,,,,,,1.9718150810787425,47.84,,,,,,,"blend of 2 margin source(s) (fitted weights): fei, team_rankings; total from fei"
2026-09-26T19:30:00.000Z,4,New Mexico,New Mexico State,Aggie Memorial Stadium,no,28853,,,,,,,,,-3.2284684097484413,50,,,,,,,"blend of 2 margin source(s) (fitted weights): fei, team_rankings; total from fei"
2026-09-26T22:30:00.000Z,4,Central Michigan,Miami,Hard Rock Stadium,no,64767,,,,,,,,,20.87668940604155,49.88,,,,,,,"blend of 2 margin source(s) (fitted weights): fei, team_rankings; total from fei"
2026-09-26T23:00:00.000Z,4,Kennesaw State,Arkansas State,Centennial Bank Stadium,no,30382,,,,,,,,,1.4089645371690835,52.400000000000006,,,,,,,"blend of 2 margin source(s) (fitted weights): fei, team_rankings; total from fei"
2026-09-26T23:00:00.000Z,4,Middle Tennessee,Jacksonville State,AmFirst Stadium,no,24000,,,,,,,,,7.706272600928523,52.64,,,,,,,"blend of 2 margin source(s) (fitted weights): fei, team_rankings; total from fei"
2026-09-26T23:30:00.000Z,4,Troy,Utah State,Maverik Stadium,no,25513,,,,,,,,,3.596723130552563,49.52,,,,,,,"blend of 2 margin source(s) (fitted weights): fei, team_rankings; total from fei"
2026-09-26T23:30:00.000Z,4,Arizona,Washington State,Gesa Field,no,32952,,,,,,,,,0.10913438634185385,49.16,,,,,,,"blend of 2 margin source(s) (fitted weights): fei, team_rankings; total from fei"
2026-09-27T00:00:00.000Z,4,Tulsa,Arkansas,Razorback Stadium,no,80000,,,,,,,,,13.192245938071355,56.239999999999995,,,,,,,"blend of 2 margin source(s) (fitted weights): fei, team_rankings; total from fei"
2026-09-27T01:00:00.000Z,4,Oregon State,UTEP,Sun Bowl,no,51500,,,,,,,,,-4.420420704785938,48.68,,,,,,,"blend of 2 margin source(s) (fitted weights): fei, team_rankings; total from fei"
2026-09-27T02:00:00.000Z,4,Rice,Fresno State,Valley Children's Stadium,no,41031,,,,,,,,,9.615963816718079,44.84,,,,,,,"blend of 2 margin source(s) (fitted weights): fei, team_rankings; total from fei"
2026-09-27T02:30:00.000Z,4,Georgia Tech,Stanford,Stanford Stadium,no,50424,,,,,,,,,-2.1086326381693765,53.120000000000005,,,,,,,"blend of 2 margin source(s) (fitted weights): fei, team_rankings; total from fei"
2026-10-02T00:00:00.000Z,5,Western Kentucky,New Mexico State,Aggie Memorial Stadium,no,28853,,,,,,,,,-4.36893299125207,50.84,,,,,,,"blend of 2 margin source(s) (fitted weights): fei, team_rankings; total from fei"
2026-10-02T01:00:00.000Z,5,North Texas,Tulsa,Chapman Stadium,no,30000,,,,,,,,,-6.276867054560157,57.56,,,,,,,"blend of 2 margin source(s) (fitted weights): fei, team_rankings; total from fei"
2026-10-02T23:00:00.000Z,5,Liberty,Delaware,Delaware Stadium,no,22000,,,,,,,,,-1.9944642298986168,57.2,,,,,,,"blend of 2 margin source(s) (fitted weights): fei, team_rankings; total from fei"
2026-10-02T23:00:00.000Z,5,Pittsburgh,Virginia Tech,Lane Stadium,no,65632,,,,,,,,,-3.1071589765150973,49.760000000000005,,,,,,,"blend of 2 margin source(s) (fitted weights): fei, team_rankings; total from fei"
2026-10-03T00:00:00.000Z,5,Penn State,Northwestern,Ryan Field,no,35000,,,,,,,,,-5.934305622229516,50.24,,,,,,,"blend of 2 margin source(s) (fitted weights): fei, team_rankings; total from fei"
2026-10-03T04:00:00.000Z,5,Stanford,Wake Forest,Allegacy Federal Credit Union Stadium,no,31500,,,,,,,,,7.490460681830712,46.28,,,,,,,"blend of 2 margin source(s) (fitted weights): fei, team_rankings; total from fei"
2026-10-03T04:00:00.000Z,5,Baylor,Arizona State,Mountain America Stadium,no,65870,,,,,,,,,4.510608047996136,54.8,,,,,,,"blend of 2 margin source(s) (fitted weights): fei, team_rankings; total from fei"
2026-10-03T04:00:00.000Z,5,Auburn,Tennessee,Neyland Stadium,no,102455,,,,,,,,,6.385388403935954,52.400000000000006,,,,,,,"blend of 2 margin source(s) (fitted weights): fei, team_rankings; total from fei"
2026-10-03T04:00:00.000Z,5,Kentucky,South Carolina,Williams-Brice Stadium,no,80250,,,,,,,,,4.291650852657806,44.48,,,,,,,"blend of 2 margin source(s) (fitted weights): fei, team_rankings; total from fei"
2026-10-03T04:00:00.000Z,5,Toledo,Ball State,Scheumann Stadium,no,22500,,,,,,,,,-8.57788737621448,47.6,,,,,,,"blend of 2 margin source(s) (fitted weights): fei, team_rankings; total from fei"
2026-10-03T04:00:00.000Z,5,Virginia,Florida State,Doak Campbell Stadium,no,67277,,,,,,,,,5.919278942131366,53.239999999999995,,,,,,,"blend of 2 margin source(s) (fitted weights): fei, team_rankings; total from fei"
2026-10-03T04:00:00.000Z,5,Maryland,Nebraska,"Memorial Stadium (Lincoln, NE)",no,85458,,,,,,,,,3.847020673259336,49.760000000000005,,,,,,,"blend of 2 margin source(s) (fitted weights): fei, team_rankings; total from fei"
2026-10-03T04:00:00.000Z,5,Texas Tech,Colorado,Folsom Field,no,50183,,,,,,,,,-8.799508404034196,45.2,,,,,,,"blend of 2 margin source(s) (fitted weights): fei, team_rankings; total from fei"
2026-10-03T04:00:00.000Z,5,Marshall,James Madison,Bridgeforth Stadium,no,24877,,,,,,,,,9.624492965439714,49.16,,,,,,,"blend of 2 margin source(s) (fitted weights): fei, team_rankings; total from fei"
2026-10-03T04:00:00.000Z,5,Georgia Southern,Coastal Carolina,Brooks Stadium (SC),no,21000,,,,,,,,,3.5085224386727996,58.64,,,,,,,blend of 1 margin source(s) (fitted weights): fei; total from fei
2026-10-03T04:00:00.000Z,5,UCF,Houston,TDECU Stadium,no,40000,,,,,,,,,3.900746983033811,51.44,,,,,,,"blend of 2 margin source(s) (fitted weights): fei, team_rankings; total from fei"
2026-10-03T04:00:00.000Z,5,UTEP,New Mexico,University Stadium (NM),no,39224,,,,,,,,,8.244017142432416,48.44,,,,,,,"blend of 2 margin source(s) (fitted weights): fei, team_rankings; total from fei"
2026-10-03T04:00:00.000Z,5,Bowling Green,Miami (OH),Yager Stadium,no,24286,,,,,,,,,6.959857165289407,44.24,,,,,,,"blend of 2 margin source(s) (fitted weights): fei, team_rankings; total from fei"
2026-10-03T04:00:00.000Z,5,UL Monroe,South Alabama,Hancock Whitney Stadium,no,25450,,,,,,,,,7.54194839536458,54.2,,,,,,,"blend of 2 margin source(s) (fitted weights): fei, team_rankings; total from fei"
2026-10-03T04:00:00.000Z,5,West Virginia,Iowa State,Jack Trice Stadium,no,61500,,,,,,,,,8.184963167695177,50.599999999999994,,,,,,,"blend of 2 margin source(s) (fitted weights): fei, team_rankings; total from fei"
2026-10-03T04:00:00.000Z,5,Florida,Missouri,Memorial Stadium,no,71168,,,,,,,,,5.902645880928873,49.16,,,,,,,"blend of 2 margin source(s) (fitted weights): fei, team_rankings; total from fei"
2026-10-03T04:00:00.000Z,5,Boston College,SMU,Gerald J. Ford Stadium,no,32000,,,,,,,,,11.312081709650421,54.92,,,,,,,"blend of 2 margin source(s) (fitted weights): fei, team_rankings; total from fei"
2026-10-03T04:00:00.000Z,5,Cincinnati,Arizona,Arizona Stadium,no,50782,,,,,,,,,5.321942774612746,56.24,,,,,,,"blend of 2 margin source(s) (fitted weights): fei, team_rankings; total from fei"
2026-10-03T04:00:00.000Z,5,Memphis,Charlotte,Jerry Richardson Stadium,no,15300,,,,,,,,,-10.246235434259674,52.28,,,,,,,"blend of 2 margin source(s) (fitted weights): fei, team_rankings; total from fei"
2026-10-03T04:00:00.000Z,5,UTSA,Rice,Rice Stadium,no,47000,,,,,,,,,-6.698629827793462,52.16,,,,,,,"blend of 2 margin source(s) (fitted weights): fei, team_rankings; total from fei"
2026-10-03T04:00:00.000Z,5,Temple,South Florida,Raymond James Stadium,no,65828,,,,,,,,,11.178672615214143,56.239999999999995,,,,,,,"blend of 2 margin source(s) (fitted weights): fei, team_rankings; total from fei"
2026-10-03T04:00:00.000Z,5,Western Michigan,Buffalo,UB Stadium,no,30270,,,,,,,,,-3.4940108898986613,44,,,,,,,"blend of 2 margin source(s) (fitted weights): fei, team_rankings; total from fei"
2026-10-03T04:00:00.000Z,5,Notre Dame,North Carolina,Kenan Stadium,no,50500,,,,,,,,,-15.781457888695773,53.96,,,,,,,"blend of 2 margin source(s) (fitted weights): fei, team_rankings; total from fei"
2026-10-03T04:00:00.000Z,5,Old Dominion,Georgia State,Center Parc Stadium,no,25000,,,,,,,,,-6.2159435123047375,50.48,,,,,,,"blend of 2 margin source(s) (fitted weights): fei, team_rankings; total from fei"
2026-10-03T04:00:00.000Z,5,Arkansas State,Louisiana,Cajun Field,no,41426,,,,,,,,,5.054643141981059,51.8,,,,,,,"blend of 2 margin source(s) (fitted weights): fei, team_rankings; total from fei"
2026-10-03T04:00:00.000Z,5,Vanderbilt,Georgia,Sanford Stadium,no,92746,,,,,,,,,10.28589795145427,61.04,,,,,,,"blend of 2 margin source(s) (fitted weights): fei, team_rankings; total from fei"
2026-10-03T04:00:00.000Z,5,Michigan State,Wisconsin,Camp Randall Stadium,no,80321,,,,,,,,,5.536422777469869,46.879999999999995,,,,,,,"blend of 2 margin source(s) (fitted weights): fei, team_rankings; total from fei"
2026-10-03T04:00:00.000Z,5,BYU,TCU,Amon G. Carter Stadium,no,46000,,,,,,,,,0.2868901693494157,55.040000000000006,,,,,,,"blend of 2 margin source(s) (fitted weights): fei, team_rankings; total from fei"
2026-10-03T04:00:00.000Z,5,Eastern Michigan,Massachusetts,Warren McGuirk Alumni Stadium,no,17000,,,,,,,,,-6.313109830650581,57.559999999999995,,,,,,,"blend of 2 margin source(s) (fitted weights): fei, team_rankings; total from fei"
2026-10-03T04:00:00.000Z,5,Ohio,Kent State,Dix Stadium,no,25319,,,,,,,,,-6.706252296515177,56.36,,,,,,,"blend of 2 margin source(s) (fitted weights): fei, team_rankings; total from fei"
2026-10-03T04:00:00.000Z,5,Middle Tennessee,Kansas,Memorial Stadium,no,47000,,,,,,,,,16.159092230703084,59.72,,,,,,,"blend of 2 margin source(s) (fitted weights): fei, team_rankings; total from fei"
2026-10-03T04:00:00.000Z,5,Washington,USC,Los Angeles Memorial Coliseum,no,77500,,,,,,,,,2.6313504995751145,61.76,,,,,,,"blend of 2 margin source(s) (fitted weights): fei, team_rankings; total from fei"
2026-10-03T04:00:00.000Z,5,Miami,Clemson,"Memorial Stadium (Clemson, SC)",no,81500,,,,,,,,,-2.899819998620556,48.56,,,,,,,"blend of 2 margin source(s) (fitted weights): fei, team_rankings; total from fei"
2026-10-03T04:00:00.000Z,5,Alabama,Mississippi State,Davis Wade Stadium,no,61337,,,,,,,,,-7.634900707643065,54.08,,,,,,,"blend of 2 margin source(s) (fitted weights): fei, team_rankings; total from fei"
2026-10-03T04:00:00.000Z,5,Louisville,NC State,Carter-Finley Stadium,no,58000,,,,,,,,,1.6856999985223158,50.239999999999995,,,,,,,"blend of 2 margin source(s) (fitted weights): fei, team_rankings; total from fei"
2026-10-03T04:00:00.000Z,5,Michigan,Minnesota,Huntington Bank Stadium,no,50850,,,,,,,,,-4.770123162079168,52.879999999999995,,,,,,,"blend of 2 margin source(s) (fitted weights): fei, team_rankings; total from fei"
2026-10-03T04:00:00.000Z,5,Army,Louisiana Tech,Joe Aillet Stadium,no,28019,,,,,,,,,-3.6046087856881295,50.84,,,,,,,"blend of 2 margin source(s) (fitted weights): fei, team_rankings; total from fei"
2026-10-03T04:00:00.000Z,5,Arkansas,Texas A&M,Kyle Field,no,102733,,,,,,,,,9.390290832657936,56.84,,,,,,,"blend of 2 margin source(s) (fitted weights): fei, team_rankings; total from fei"
2026-10-03T04:00:00.000Z,5,Akron,Central Michigan,Kelly/Shorts Stadium,no,30255,,,,,,,,,6.7686698048382254,48.92,,,,,,,"blend of 2 margin source(s) (fitted weights): fei, team_rankings; total from fei"
2026-10-03T04:00:00.000Z,5,Ohio State,Iowa,Kinnick Stadium,no,69250,,,,,,,,,-8.662954033357401,44.24,,,,,,,"blend of 2 margin source(s) (fitted weights): fei, team_rankings; total from fei"
2026-10-03T04:00:00.000Z,5,Purdue,Illinois,"Memorial Stadium (Champaign, IL)",no,60670,,,,,,,,,9.368811550251824,54.8,,,,,,,"blend of 2 margin source(s) (fitted weights): fei, team_rankings; total from fei"
2026-10-03T16:00:00.000Z,5,Navy,Air Force,Falcon Stadium,no,46692,,,,,,,,,-0.2952010607257606,61.879999999999995,,,,,,,"blend of 2 margin source(s) (fitted weights): fei, team_rankings; total from fei"
2026-10-03T16:00:00.000Z,5,Syracuse,UConn,Pratt & Whitney Stadium,no,40000,,,,,,,,,-0.5177287685453852,52.64,,,,,,,"blend of 2 margin source(s) (fitted weights): fei, team_rankings; total from fei"
2026-10-03T19:30:00.000Z,5,California,UNLV,Allegiant Stadium,yes,65000,,,,,,,,,1.4824129768682088,54.08,,,,,,,"blend of 2 margin source(s) (fitted weights): fei, team_rankings; total from fei"
2026-10-03T19:30:00.000Z,5,Wyoming,North Dakota State,Fargodome,yes,18700,,,,,,,,,-3.33912251305627,49.04,,,,,,,"blend of 2 margin source(s) (fitted weights): fei, team_rankings; total from fei"
2026-10-03T22:00:00.000Z,5,Oregon State,Colorado State,Canvas Stadium,no,36500,,,,,,,,,-1.8055154656880394,52.28,,,,,,,"blend of 2 margin source(s) (fitted weights): fei, team_rankings; total from fei"
2026-10-03T23:30:00.000Z,5,Utah State,Boise State,Albertsons Stadium,no,36387,,,,,,,,,7.9655245285977125,53.36,,,,,,,"blend of 2 margin source(s) (fitted weights): fei, team_rankings; total from fei"
2026-10-04T00:00:00.000Z,5,Indiana,Rutgers,SHI Stadium,no,52454,,,,,,,,,-11.097864893207134,58.28,,,,,,,"blend of 2 margin source(s) (fitted weights): fei, team_rankings; total from fei"
2026-10-04T01:30:00.000Z,5,Fresno State,Washington State,Gesa Field,no,32952,,,,,,,,,7.42644807085313,44.24,,,,,,,"blend of 2 margin source(s) (fitted weights): fei, team_rankings; total from fei"
2026-10-04T02:30:00.000Z,5,Texas State,San Diego State,Snapdragon Stadium,no,35000,,,,,,,,,3.5452354170186906,51.44,,,,,,,"blend of 2 margin source(s) (fitted weights): fei, team_rankings; total from fei"
2026-10-04T03:59:00.000Z,5,San José State,Hawai'i,Clarence T.C. Ching Athletics Complex,no,15194,,,,,,,,,2.8628325923571514,52.760000000000005,,,,,,,"blend of 2 margin source(s) (fitted weights): fei, team_rankings; total from fei"
2026-10-07T00:00:00.000Z,6,Southern Miss,Troy,Veterans Memorial Stadium (AL),no,30000,,,,,,,,,6.192387683484949,44.84,,,,,,,"blend of 2 margin source(s) (fitted weights): fei, team_rankings; total from fei"
2026-10-07T23:00:00.000Z,6,Jacksonville State,Kennesaw State,Fifth Third Stadium,no,11040,,,,,,,,,1.1976298105524745,53,,,,,,,"blend of 2 margin source(s) (fitted weights): fei, team_rankings; total from fei"
2026-10-07T23:30:00.000Z,6,New Mexico State,Florida International,Pitbull Stadium,no,20000,,,,,,,,,3.5085224386727996,48.32,,,,,,,blend of 1 margin source(s) (fitted weights): fei; total from fei
2026-10-08T23:00:00.000Z,6,Sam Houston,Liberty,Williams Stadium (VA),no,25000,,,,,,,,,9.478502766041373,53.36,,,,,,,"blend of 2 margin source(s) (fitted weights): fei, team_rankings; total from fei"
2026-10-08T23:00:00.000Z,6,Missouri State,Western Kentucky,Houchens Industries-L.T. Smith Stadium,no,22113,,,,,,,,,6.555521718221792,56.72,,,,,,,"blend of 2 margin source(s) (fitted weights): fei, team_rankings; total from fei"
2026-10-08T23:30:00.000Z,6,South Florida,UTSA,Alamodome,yes,36582,,,,,,,,,1.1944845343119574,55.760000000000005,,,,,,,"blend of 2 margin source(s) (fitted weights): fei, team_rankings; total from fei"
2026-10-08T23:30:00.000Z,6,South Alabama,Arkansas State,Centennial Bank Stadium,no,30382,,,,,,,,,-0.025662831853466572,53.84,,,,,,,"blend of 2 margin source(s) (fitted weights): fei, team_rankings; total from fei"
2026-10-09T23:00:00.000Z,6,Florida State,Louisville,L&N Federal Credit Union Stadium,no,60000,,,,,,,,,1.7398515445375695,52.4,,,,,,,"blend of 2 margin source(s) (fitted weights): fei, team_rankings; total from fei"
2026-10-10T01:00:00.000Z,6,Wyoming,San José State,CEFCU Stadium,no,30456,,,,,,,,,2.810919642582501,47,,,,,,,"blend of 2 margin source(s) (fitted weights): fei, team_rankings; total from fei"
2026-10-10T01:00:00.000Z,6,Iowa,Washington,Husky Stadium,no,70138,,,,,,,,,4.621205943785604,46.28,,,,,,,"blend of 2 margin source(s) (fitted weights): fei, team_rankings; total from fei"
2026-10-10T01:00:00.000Z,6,Washington State,Utah State,Maverik Stadium,no,25513,,,,,,,,,-3.3820810778685044,51.44,,,,,,,"blend of 2 margin source(s) (fitted weights): fei, team_rankings; total from fei"
2026-10-10T02:15:00.000Z,6,Iowa State,BYU,LaVell Edwards Stadium,no,63470,,,,,,,,,4.794909770552734,52.879999999999995,,,,,,,"blend of 2 margin source(s) (fitted weights): fei, team_rankings; total from fei"
2026-10-10T04:00:00.000Z,6,Kent State,Western Michigan,Waldo Stadium,no,30200,,,,,,,,,12.00343891927437,52.64,,,,,,,"blend of 2 margin source(s) (fitted weights): fei, team_rankings; total from fei"
2026-10-10T04:00:00.000Z,6,LSU,Kentucky,Kroger Field,no,61000,,,,,,,,,-1.3904122736581876,46.76,,,,,,,"blend of 2 margin source(s) (fitted weights): fei, team_rankings; total from fei"
2026-10-10T04:00:00.000Z,6,Wake Forest,NC State,Carter-Finley Stadium,no,58000,,,,,,,,,4.844640331605139,49.400000000000006,,,,,,,"blend of 2 margin source(s) (fitted weights): fei, team_rankings; total from fei"
2026-10-10T04:00:00.000Z,6,Houston,Kansas State,Bill Snyder Family Stadium,no,50000,,,,,,,,,7.92704315626668,53.84,,,,,,,"blend of 2 margin source(s) (fitted weights): fei, team_rankings; total from fei"
2026-10-10T04:00:00.000Z,6,Coastal Carolina,Marshall,Joan C. Edwards Stadium,no,38016,,,,,,,,,5.150902780326998,50.6,,,,,,,"blend of 2 margin source(s) (fitted weights): fei, team_rankings; total from fei"
2026-10-10T04:00:00.000Z,6,Rice,East Carolina,Dowdy-Ficklen Stadium,no,50000,,,,,,,,,12.279267700627692,48.92,,,,,,,"blend of 2 margin source(s) (fitted weights): fei, team_rankings; total from fei"
2026-10-10T04:00:00.000Z,6,UAB,Memphis,Simmons Bank Liberty Stadium,no,58325,,,,,,,,,11.353283121981189,57.2,,,,,,,"blend of 2 margin source(s) (fitted weights): fei, team_rankings; total from fei"
2026-10-10T04:00:00.000Z,6,USC,Penn State,Beaver Stadium,no,106572,,,,,,,,,2.57853086980055,60.68,,,,,,,"blend of 2 margin source(s) (fitted weights): fei, team_rankings; total from fei"
2026-10-10T04:00:00.000Z,6,Virginia Tech,California,California Memorial Stadium,no,62467,,,,,,,,,2.9304719233343812,52.64,,,,,,,"blend of 2 margin source(s) (fitted weights): fei, team_rankings; total from fei"
2026-10-10T04:00:00.000Z,6,Louisiana,Louisiana Tech,Joe Aillet Stadium,no,28019,,,,,,,,,1.6256831362668132,51.2,,,,,,,"blend of 2 margin source(s) (fitted weights): fei, team_rankings; total from fei"
2026-10-10T04:00:00.000Z,6,Texas A&M,Missouri,Memorial Stadium,no,71168,,,,,,,,,-1.2538579029813959,49.64,,,,,,,"blend of 2 margin source(s) (fitted weights): fei, team_rankings; total from fei"
2026-10-10T04:00:00.000Z,6,UConn,Temple,Lincoln Financial Field,no,69879,,,,,,,,,0.9285168179209626,57.92,,,,,,,"blend of 2 margin source(s) (fitted weights): fei, team_rankings; total from fei"
2026-10-10T04:00:00.000Z,6,Ole Miss,Vanderbilt,FirstBank Stadium,no,40351,,,,,,,,,-1.1289217497484023,64.28,,,,,,,"blend of 2 margin source(s) (fitted weights): fei, team_rankings; total from fei"
2026-10-10T04:00:00.000Z,6,Kansas,Utah,Rice-Eccles Stadium,no,51444,,,,,,,,,10.361954016116417,60.92,,,,,,,"blend of 2 margin source(s) (fitted weights): fei, team_rankings; total from fei"
2026-10-10T04:00:00.000Z,6,Hawai'i,Arizona State,Mountain America Stadium,no,65870,,,,,,,,,11.694031194312004,52.28,,,,,,,"blend of 2 margin source(s) (fitted weights): fei, team_rankings; total from fei"
2026-10-10T04:00:00.000Z,6,UCF,Oklahoma State,Boone Pickens Stadium,no,55509,,,,,,,,,-0.8970144207255832,48.56,,,,,,,"blend of 2 margin source(s) (fitted weights): fei, team_rankings; total from fei"
2026-10-10T04:00:00.000Z,6,Miami (OH),Massachusetts,Warren McGuirk Alumni Stadium,no,17000,,,,,,,,,-11.341021410951331,51.32,,,,,,,"blend of 2 margin source(s) (fitted weights): fei, team_rankings; total from fei"
2026-10-10T04:00:00.000Z,6,Sacramento State,Bowling Green,Doyt L. Perry Stadium,no,24000,,,,,,,,,5.999868406793079,48.92,,,,,,,"blend of 2 margin source(s) (fitted weights): fei, team_rankings; total from fei"
2026-10-10T04:00:00.000Z,6,Indiana,Nebraska,"Memorial Stadium (Lincoln, NE)",no,85458,,,,,,,,,-8.466382800425105,52.16,,,,,,,"blend of 2 margin source(s) (fitted weights): fei, team_rankings; total from fei"
2026-10-10T04:00:00.000Z,6,Old Dominion,App State,Kidd Brewer Stadium,no,30000,,,,,,,,,-4.159836860876064,51.2,,,,,,,"blend of 2 margin source(s) (fitted weights): fei, team_rankings; total from fei"
2026-10-10T04:00:00.000Z,6,James Madison,Georgia Southern,Allen E. Paulson Stadium,no,25000,,,,,,,,,-8.011477561327204,57.2,,,,,,,blend of 1 margin source(s) (fitted weights): fei; total from fei
2026-10-10T04:00:00.000Z,6,Georgia,Alabama,Bryant-Denny Stadium,no,101821,,,,,,,,,0.9477012965681157,54.8,,,,,,,"blend of 2 margin source(s) (fitted weights): fei, team_rankings; total from fei"
2026-10-10T04:00:00.000Z,6,North Carolina,Pittsburgh,Acrisure Stadium,no,68400,,,,,,,,,9.888222085590108,50.12,,,,,,,"blend of 2 margin source(s) (fitted weights): fei, team_rankings; total from fei"
2026-10-10T04:00:00.000Z,6,Arizona,West Virginia,Milan Puskar Stadium,no,60000,,,,,,,,,-3.192225633658017,51.44,,,,,,,"blend of 2 margin source(s) (fitted weights): fei, team_rankings; total from fei"
2026-10-10T04:00:00.000Z,6,Charlotte,North Texas,DATCU Stadium,no,30850,,,,,,,,,15.906130855514927,57.56,,,,,,,"blend of 2 margin source(s) (fitted weights): fei, team_rankings; total from fei"
2026-10-10T04:00:00.000Z,6,Tennessee,Arkansas,Razorback Stadium,no,80000,,,,,,,,,-3.9556431592220465,61.400000000000006,,,,,,,"blend of 2 margin source(s) (fitted weights): fei, team_rankings; total from fei"
2026-10-10T04:00:00.000Z,6,Illinois,Michigan State,Spartan Stadium,no,75005,,,,,,,,,-3.7510242213272464,55.04,,,,,,,"blend of 2 margin source(s) (fitted weights): fei, team_rankings; total from fei"
2026-10-10T04:00:00.000Z,6,Buffalo,Toledo,Glass Bowl,no,26038,,,,,,,,,11.059120334462264,44.599999999999994,,,,,,,"blend of 2 margin source(s) (fitted weights): fei, team_rankings; total from fei"
2026-10-10T04:00:00.000Z,6,Syracuse,Virginia,Scott Stadium,no,61500,,,,,,,,,7.677170849800685,47.84,,,,,,,"blend of 2 margin source(s) (fitted weights): fei, team_rankings; total from fei"
2026-10-10T04:00:00.000Z,6,Minnesota,Purdue,Ross-Ade Stadium,no,57282,,,,,,,,,-1.0729568437333206,51.56,,,,,,,"blend of 2 margin source(s) (fitted weights): fei, team_rankings; total from fei"
2026-10-10T04:00:00.000Z,6,Nevada,UTEP,Sun Bowl,no,51500,,,,,,,,,1.4210641983720136,46.519999999999996,,,,,,,"blend of 2 margin source(s) (fitted weights): fei, team_rankings; total from fei"
2026-10-10T04:00:00.000Z,6,Ball State,Northwestern,Ryan Field,no,35000,,,,,,,,,14.55251818739487,47.480000000000004,,,,,,,"blend of 2 margin source(s) (fitted weights): fei, team_rankings; total from fei"
2026-10-10T04:00:00.000Z,6,Central Michigan,Ohio,Peden Stadium,no,24000,,,,,,,,,7.017635431304311,51.2,,,,,,,"blend of 2 margin source(s) (fitted weights): fei, team_rankings; total from fei"
2026-10-10T04:00:00.000Z,6,Maryland,Ohio State,Ohio Stadium,no,102780,,,,,,,,,19.984765214763225,48.92,,,,,,,"blend of 2 margin source(s) (fitted weights): fei, team_rankings; total from fei"
2026-10-10T04:00:00.000Z,6,UCLA,Oregon,Autzen Stadium,no,54000,,,,,,,,,18.54209014077817,57.199999999999996,,,,,,,"blend of 2 margin source(s) (fitted weights): fei, team_rankings; total from fei"
2026-10-10T04:00:00.000Z,6,South Carolina,Florida,Ben Hill Griffin Stadium,no,88548,,,,,,,,,0.8726081194242415,46.760000000000005,,,,,,,"blend of 2 margin source(s) (fitted weights): fei, team_rankings; total from fei"
2026-10-10T04:00:00.000Z,6,Duke,Georgia Tech,Bobby Dodd Stadium,no,55000,,,,,,,,,2.857023483635256,60.32,,,,,,,"blend of 2 margin source(s) (fitted weights): fei, team_rankings; total from fei"
2026-10-10T16:00:00.000Z,6,Tulane,Army,Michie Stadium,no,38000,,,,,,,,,0.8134417296502886,52.040000000000006,,,,,,,"blend of 2 margin source(s) (fitted weights): fei, team_rankings; total from fei"
2026-10-10T19:30:00.000Z,6,Texas,Oklahoma,Cotton Bowl,no,92100,,,,,,,,,1.6019652576200856,45.8,,,,,,,"blend of 2 margin source(s) (fitted weights): fei, team_rankings; total from fei"
2026-10-10T19:30:00.000Z,6,Stanford,Notre Dame,Notre Dame Stadium,no,80795,,,,,,,,,20.866403104838447,49.760000000000005,,,,,,,"blend of 2 margin source(s) (fitted weights): fei, team_rankings; total from fei"
2026-10-10T19:30:00.000Z,6,Tulsa,Navy,Navy-Marine Corps Memorial Stadium,no,34000,,,,,,,,,10.512846644236738,52.879999999999995,,,,,,,"blend of 2 margin source(s) (fitted weights): fei, team_rankings; total from fei"
2026-10-10T19:30:00.000Z,6,Eastern Michigan,Akron,InfoCision Stadium,no,30000,,,,,,,,,0.4691231448381839,54.2,,,,,,,"blend of 2 margin source(s) (fitted weights): fei, team_rankings; total from fei"
2026-10-10T22:00:00.000Z,6,San Diego State,Oregon State,Reser Stadium,no,43363,,,,,,,,,0.7771989535598636,46.519999999999996,,,,,,,"blend of 2 margin source(s) (fitted weights): fei, team_rankings; total from fei"
2026-10-10T23:00:00.000Z,6,North Dakota State,UNLV,Allegiant Stadium,yes,65000,,,,,,,,,12.436450881229057,56.96,,,,,,,"blend of 2 margin source(s) (fitted weights): fei, team_rankings; total from fei"
2026-10-10T23:30:00.000Z,6,Air Force,Northern Illinois,Huskie Stadium,no,23595,,,,,,,,,-3.280862803282231,58.760000000000005,,,,,,,"blend of 2 margin source(s) (fitted weights): fei, team_rankings; total from fei"
2026-10-11T02:30:00.000Z,6,Boise State,Fresno State,Valley Children's Stadium,no,41031,,,,,,,,,-1.8158017668911408,46.16,,,,,,,"blend of 2 margin source(s) (fitted weights): fei, team_rankings; total from fei"
2026-10-13T23:00:00.000Z,7,Delaware,Middle Tennessee,"Johnny ""Red"" Floyd Stadium",no,30788,,,,,,,,,1.5258529854395824,54.92,,,,,,,"blend of 2 margin source(s) (fitted weights): fei, team_rankings; total from fei"
2026-10-14T00:00:00.000Z,7,Florida International,Jacksonville State,AmFirst Stadium,no,24000,,,,,,,,,6.388522438672799,49.519999999999996,,,,,,,blend of 1 margin source(s) (fitted weights): fei; total from fei
2026-10-14T23:30:00.000Z,7,Kennesaw State,Missouri State,Plaster Sports Complex,no,17337,,,,,,,,,1.9404747337102985,57.68000000000001,,,,,,,"blend of 2 margin source(s) (fitted weights): fei, team_rankings; total from fei"
2026-10-15T00:00:00.000Z,7,Western Kentucky,Sam Houston,Elliott T. Bowers Stadium,no,14000,,,,,,,,,-6.021610875613043,50.480000000000004,,,,,,,"blend of 2 margin source(s) (fitted weights): fei, team_rankings; total from fei"
2026-10-15T23:30:00.000Z,7,East Carolina,UAB,Protective Stadium,no,45000,,,,,,,,,-6.0807210578686375,54.68,,,,,,,"blend of 2 margin source(s) (fitted weights): fei, team_rankings; total from fei"
2026-10-15T23:30:00.000Z,7,Georgia Southern,Old Dominion,S.B. Ballard Stadium,no,20118,,,,,,,,,9.868522438672798,54.68,,,,,,,blend of 1 margin source(s) (fitted weights): fei; total from fei
2026-10-16T00:00:00.000Z,7,Colorado State,Texas State,Bobcat Stadium (TX),no,30000,,,,,,,,,7.677170849800685,57.2,,,,,,,"blend of 2 margin source(s) (fitted weights): fei, team_rankings; total from fei"
2026-10-16T23:30:00.000Z,7,Memphis,Tulane,Yulman Stadium,no,30000,,,,,,,,,3.2322571795750266,53.36,,,,,,,"blend of 2 margin source(s) (fitted weights): fei, team_rankings; total from fei"
2026-10-17T00:00:00.000Z,7,App State,Coastal Carolina,Brooks Stadium (SC),no,21000,,,,,,,,,2.8310670087479295,55.16,,,,,,,"blend of 2 margin source(s) (fitted weights): fei, team_rankings; total from fei"
2026-10-17T00:00:00.000Z,7,Washington,Purdue,Ross-Ade Stadium,no,57282,,,,,,,,,-7.618323853958933,53.96,,,,,,,"blend of 2 margin source(s) (fitted weights): fei, team_rankings; total from fei"
2026-10-17T04:00:00.000Z,7,Cincinnati,West Virginia,Milan Puskar Stadium,no,60000,,,,,,,,,-0.41880529771806885,55.760000000000005,,,,,,,"blend of 2 margin source(s) (fitted weights): fei, team_rankings; total from fei"
2026-10-17T04:00:00.000Z,7,Louisiana Tech,UL Monroe,Malone Stadium,no,27617,,,,,,,,,-1.4539996483949928,50,,,,,,,"blend of 2 margin source(s) (fitted weights): fei, team_rankings; total from fei"
2026-10-17T04:00:00.000Z,7,Mississippi State,LSU,Tiger Stadium (LA),no,102321,,,,,,,,,6.638349779124109,51.44,,,,,,,"blend of 2 margin source(s) (fitted weights): fei, team_rankings; total from fei"
2026-10-17T04:00:00.000Z,7,Arizona State,Texas Tech,Jones AT&T Stadium,no,60454,,,,,,,,,8.765666274011302,45.44,,,,,,,"blend of 2 margin source(s) (fitted weights): fei, team_rankings; total from fei"
2026-10-17T04:00:00.000Z,7,Oklahoma State,Houston,TDECU Stadium,no,40000,,,,,,,,,7.346283842432197,52.16,,,,,,,"blend of 2 margin source(s) (fitted weights): fei, team_rankings; total from fei"
2026-10-17T04:00:00.000Z,7,Kansas,Kansas State,Bill Snyder Family Stadium,no,50000,,,,,,,,,7.1206108583720535,59.120000000000005,,,,,,,"blend of 2 margin source(s) (fitted weights): fei, team_rankings; total from fei"
2026-10-17T04:00:00.000Z,7,Florida,Texas,DKR-Texas Memorial Stadium,no,100119,,,,,,,,,9.724266908748582,48.92,,,,,,,"blend of 2 margin source(s) (fitted weights): fei, team_rankings; total from fei"
2026-10-17T04:00:00.000Z,7,Georgia Tech,Virginia Tech,Lane Stadium,no,65632,,,,,,,,,-0.43671406764289056,56.96,,,,,,,"blend of 2 margin source(s) (fitted weights): fei, team_rankings; total from fei"
2026-10-17T04:00:00.000Z,7,Georgia State,James Madison,Bridgeforth Stadium,no,24877,,,,,,,,,14.565524528597706,53,,,,,,,"blend of 2 margin source(s) (fitted weights): fei, team_rankings; total from fei"
2026-10-17T04:00:00.000Z,7,TCU,Baylor,McLane Stadium,no,45140,,,,,,,,,-0.7219224701994065,56.6,,,,,,,"blend of 2 margin source(s) (fitted weights): fei, team_rankings; total from fei"
2026-10-17T04:00:00.000Z,7,Akron,Miami (OH),Yager Stadium,no,24286,,,,,,,,,9.65583331280816,47.959999999999994,,,,,,,"blend of 2 margin source(s) (fitted weights): fei, team_rankings; total from fei"
2026-10-17T04:00:00.000Z,7,Ball State,Bowling Green,Doyt L. Perry Stadium,no,24000,,,,,,,,,5.0134417296502924,44.72,,,,,,,"blend of 2 margin source(s) (fitted weights): fei, team_rankings; total from fei"
2026-10-17T04:00:00.000Z,7,Alabama,Tennessee,Neyland Stadium,no,102455,,,,,,,,,-0.5978929969663163,56.72,,,,,,,"blend of 2 margin source(s) (fitted weights): fei, team_rankings; total from fei"
2026-10-17T04:00:00.000Z,7,Arkansas,Vanderbilt,FirstBank Stadium,no,40351,,,,,,,,,6.062549101529964,64.75999999999999,,,,,,,"blend of 2 margin source(s) (fitted weights): fei, team_rankings; total from fei"
2026-10-17T04:00:00.000Z,7,Navy,UTSA,Alamodome,yes,36582,,,,,,,,,2.1876270001765574,56.6,,,,,,,"blend of 2 margin source(s) (fitted weights): fei, team_rankings; total from fei"
2026-10-17T04:00:00.000Z,7,Missouri,Ole Miss,Vaught-Hemingway Stadium,no,64038,,,,,,,,,6.7006052376202225,55.519999999999996,,,,,,,"blend of 2 margin source(s) (fitted weights): fei, team_rankings; total from fei"
2026-10-17T04:00:00.000Z,7,Rutgers,Maryland,SECU Stadium,no,51802,,,,,,,,,3.8815062968682974,55.88,,,,,,,"blend of 2 margin source(s) (fitted weights): fei, team_rankings; total from fei"
2026-10-17T04:00:00.000Z,7,Auburn,Georgia,Sanford Stadium,no,92746,,,,,,,,,11.13262498167975,50.480000000000004,,,,,,,"blend of 2 margin source(s) (fitted weights): fei, team_rankings; total from fei"
2026-10-17T04:00:00.000Z,7,Kent State,South Florida,Raymond James Stadium,no,65828,,,,,,,,,16.009106282582678,56.839999999999996,,,,,,,"blend of 2 margin source(s) (fitted weights): fei, team_rankings; total from fei"
2026-10-17T04:00:00.000Z,7,North Carolina,Duke,Wallace Wade Stadium,no,40004,,,,,,,,,6.909276131755449,58.760000000000005,,,,,,,"blend of 2 margin source(s) (fitted weights): fei, team_rankings; total from fei"
2026-10-17T04:00:00.000Z,7,Wisconsin,UCLA,Rose Bowl,no,88565,,,,,,,,,0.31284664423674274,48.2,,,,,,,"blend of 2 margin source(s) (fitted weights): fei, team_rankings; total from fei"
2026-10-17T04:00:00.000Z,7,Western Michigan,Central Michigan,Kelly/Shorts Stadium,no,30255,,,,,,,,,-2.12073229937231,47.480000000000004,,,,,,,"blend of 2 margin source(s) (fitted weights): fei, team_rankings; total from fei"
2026-10-17T04:00:00.000Z,7,Nebraska,Oregon,Autzen Stadium,no,54000,,,,,,,,,16.647162418672927,55.760000000000005,,,,,,,"blend of 2 margin source(s) (fitted weights): fei, team_rankings; total from fei"
2026-10-17T04:00:00.000Z,7,Arkansas State,Southern Miss,M. M. Roberts Stadium,no,36000,,,,,,,,,2.7527161403268194,48.68,,,,,,,"blend of 2 margin source(s) (fitted weights): fei, team_rankings; total from fei"
2026-10-17T04:00:00.000Z,7,Florida State,Miami,Hard Rock Stadium,no,64767,,,,,,,,,7.646255738673016,54.56,,,,,,,"blend of 2 margin source(s) (fitted weights): fei, team_rankings; total from fei"
2026-10-17T04:00:00.000Z,7,Ohio,Sacramento State,Hornet Stadium,no,21195,,,,,,,,,-6.896107740725675,54.92,,,,,,,"blend of 2 margin source(s) (fitted weights): fei, team_rankings; total from fei"
2026-10-17T04:00:00.000Z,7,Tulsa,Rice,Rice Stadium,no,47000,,,,,,,,,0.9047989392742387,48.44,,,,,,,"blend of 2 margin source(s) (fitted weights): fei, team_rankings; total from fei"
2026-10-17T04:00:00.000Z,7,Louisville,Syracuse,JMA Wireless Dome,yes,49057,,,,,,,,,-5.142211581778427,47,,,,,,,"blend of 2 margin source(s) (fitted weights): fei, team_rankings; total from fei"
2026-10-17T04:00:00.000Z,7,Troy,Louisiana,Cajun Field,no,41426,,,,,,,,,1.2065841955148873,47.96,,,,,,,"blend of 2 margin source(s) (fitted weights): fei, team_rankings; total from fei"
2026-10-17T04:00:00.000Z,7,New Mexico,Hawai'i,Clarence T.C. Ching Athletics Complex,no,15194,,,,,,,,,1.8433084153644494,52.28,,,,,,,"blend of 2 margin source(s) (fitted weights): fei, team_rankings; total from fei"
2026-10-17T04:00:00.000Z,7,Penn State,Michigan,Michigan Stadium,no,107601,,,,,,,,,3.208964537169081,54.2,,,,,,,"blend of 2 margin source(s) (fitted weights): fei, team_rankings; total from fei"
2026-10-17T04:00:00.000Z,7,Toledo,Eastern Michigan,Rynearson Stadium,no,30200,,,,,,,,,-6.729544938921127,53.36,,,,,,,"blend of 2 margin source(s) (fitted weights): fei, team_rankings; total from fei"
2026-10-17T04:00:00.000Z,7,Massachusetts,Buffalo,UB Stadium,no,30270,,,,,,,,,12.177624189800639,48.8,,,,,,,"blend of 2 margin source(s) (fitted weights): fei, team_rankings; total from fei"
2026-10-17T04:00:00.000Z,7,Northwestern,Michigan State,Spartan Stadium,no,75005,,,,,,,,,1.2724101664922922,50.239999999999995,,,,,,,"blend of 2 margin source(s) (fitted weights): fei, team_rankings; total from fei"
2026-10-17T04:00:00.000Z,7,Virginia,SMU,Gerald J. Ford Stadium,no,32000,,,,,,,,,5.724039625439758,51.44,,,,,,,"blend of 2 margin source(s) (fitted weights): fei, team_rankings; total from fei"
2026-10-17T04:00:00.000Z,7,Notre Dame,BYU,LaVell Edwards Stadium,no,63470,,,,,,,,,-5.489675442831048,53.84,,,,,,,"blend of 2 margin source(s) (fitted weights): fei, team_rankings; total from fei"
2026-10-17T04:00:00.000Z,7,Pittsburgh,Boston College,"Alumni Stadium (Chestnut Hill, MA)",no,44500,,,,,,,,,-4.828326664334852,50,,,,,,,"blend of 2 margin source(s) (fitted weights): fei, team_rankings; total from fei"
2026-10-17T04:00:00.000Z,7,Utah,Colorado,Folsom Field,no,50183,,,,,,,,,-9.50072667862047,53.36,,,,,,,"blend of 2 margin source(s) (fitted weights): fei, team_rankings; total from fei"
2026-10-17T04:00:00.000Z,7,Kentucky,Oklahoma,"Memorial Stadium (Norman, OK)",no,86112,,,,,,,,,8.844923822432328,44.120000000000005,,,,,,,"blend of 2 margin source(s) (fitted weights): fei, team_rankings; total from fei"
2026-10-17T04:00:00.000Z,7,Ohio State,Indiana,"Memorial Stadium (Bloomington, IN)",no,52656,,,,,,,,,-2.5743168637331935,51.32,,,,,,,"blend of 2 margin source(s) (fitted weights): fei, team_rankings; total from fei"
2026-10-17T04:00:00.000Z,7,Wake Forest,California,California Memorial Stadium,no,62467,,,,,,,,,-0.339547749297045,47.72,,,,,,,"blend of 2 margin source(s) (fitted weights): fei, team_rankings; total from fei"
2026-10-17T04:00:00.000Z,7,Charlotte,Temple,Lincoln Financial Field,no,69879,,,,,,,,,7.40805785716917,53.48,,,,,,,"blend of 2 margin source(s) (fitted weights): fei, team_rankings; total from fei"
2026-10-17T16:00:00.000Z,7,Florida Atlantic,Army,Michie Stadium,no,38000,,,,,,,,,9.356286652808112,54.92,,,,,,,"blend of 2 margin source(s) (fitted weights): fei, team_rankings; total from fei"
2026-10-17T19:30:00.000Z,7,Northern Illinois,Wyoming,War Memorial Stadium,no,29181,,,,,,,,,4.848210844086434,46.16,,,,,,,"blend of 2 margin source(s) (fitted weights): fei, team_rankings; total from fei"
2026-10-17T19:30:00.000Z,7,UNLV,Air Force,Falcon Stadium,no,46692,,,,,,,,,2.077935784387004,62.6,,,,,,,"blend of 2 margin source(s) (fitted weights): fei, team_rankings; total from fei"
2026-10-17T22:00:00.000Z,7,Washington State,Oregon State,Reser Stadium,no,43363,,,,,,,,,-3.6068473819287323,48.92,,,,,,,"blend of 2 margin source(s) (fitted weights): fei, team_rankings; total from fei"
2026-10-17T23:00:00.000Z,7,Nevada,North Dakota State,Fargodome,yes,18700,,,,,,,,,-0.053007430499843466,51.56,,,,,,,"blend of 2 margin source(s) (fitted weights): fei, team_rankings; total from fei"
2026-10-18T01:00:00.000Z,7,San José State,UTEP,Sun Bowl,no,51500,,,,,,,,,-2.1274480880941162,48.92,,,,,,,"blend of 2 margin source(s) (fitted weights): fei, team_rankings; total from fei"
2026-10-18T02:30:00.000Z,7,Fresno State,San Diego State,Snapdragon Stadium,no,35000,,,,,,,,,3.042401735364538,41.84,,,,,,,"blend of 2 margin source(s) (fitted weights): fei, team_rankings; total from fei"
2026-10-20T23:00:00.000Z,8,Missouri State,Delaware,Delaware Stadium,no,22000,,,,,,,,,0.37238206273311325,58.4,,,,,,,"blend of 2 margin source(s) (fitted weights): fei, team_rankings; total from fei"
2026-10-20T23:00:00.000Z,8,Middle Tennessee,Florida International,Pitbull Stadium,no,20000,,,,,,,,,3.748522438672801,50.72,,,,,,,blend of 1 margin source(s) (fitted weights): fei; total from fei
2026-10-20T23:30:00.000Z,8,South Alabama,Marshall,Joan C. Edwards Stadium,no,38016,,,,,,,,,4.524039625439755,53.120000000000005,,,,,,,"blend of 2 margin source(s) (fitted weights): fei, team_rankings; total from fei"
2026-10-22T00:00:00.000Z,8,New Mexico State,Sam Houston,Elliott T. Bowers Stadium,no,14000,,,,,,,,,0.8958445543118296,48.68000000000001,,,,,,,"blend of 2 margin source(s) (fitted weights): fei, team_rankings; total from fei"
2026-10-22T23:00:00.000Z,8,Liberty,Kennesaw State,Fifth Third Stadium,no,11040,,,,,,,,,0.7897238510035682,56.48,,,,,,,"blend of 2 margin source(s) (fitted weights): fei, team_rankings; total from fei"
2026-10-22T23:00:00.000Z,8,James Madison,App State,Kidd Brewer Stadium,no,30000,,,,,,,,,-7.412372999823444,53.72,,,,,,,"blend of 2 margin source(s) (fitted weights): fei, team_rankings; total from fei"
2026-10-22T23:30:00.000Z,8,East Carolina,Memphis,Simmons Bank Liberty Stadium,no,58325,,,,,,,,,2.724039625439757,52.760000000000005,,,,,,,"blend of 2 margin source(s) (fitted weights): fei, team_rankings; total from fei"
2026-10-23T23:00:00.000Z,8,Duke,Virginia,Scott Stadium,no,61500,,,,,,,,,3.7386613737104746,55.16,,,,,,,"blend of 2 margin source(s) (fitted weights): fei, team_rankings; total from fei"
2026-10-23T23:00:00.000Z,8,Massachusetts,UConn,Pratt & Whitney Stadium,no,40000,,,,,,,,,15.215680325890897,57.080000000000005,,,,,,,"blend of 2 margin source(s) (fitted weights): fei, team_rankings; total from fei"
2026-10-24T00:30:00.000Z,8,Army,Tulsa,Chapman Stadium,no,30000,,,,,,,,,-4.662670542530217,50.959999999999994,,,,,,,"blend of 2 margin source(s) (fitted weights): fei, team_rankings; total from fei"
2026-10-24T01:00:00.000Z,8,Air Force,Wyoming,War Memorial Stadium,no,29181,,,,,,,,,-0.9811743978685885,54.68,,,,,,,"blend of 2 margin source(s) (fitted weights): fei, team_rankings; total from fei"
2026-10-24T02:30:00.000Z,8,NC State,Stanford,Stanford Stadium,no,50424,,,,,,,,,-4.689533697417454,50.480000000000004,,,,,,,"blend of 2 margin source(s) (fitted weights): fei, team_rankings; total from fei"
2026-10-24T04:00:00.000Z,8,Sacramento State,Ball State,Scheumann Stadium,no,22500,,,,,,,,,3.5349491158155883,51.8,,,,,,,"blend of 2 margin source(s) (fitted weights): fei, team_rankings; total from fei"
2026-10-24T04:00:00.000Z,8,Oklahoma,Mississippi State,Davis Wade Stadium,no,61337,,,,,,,,,-3.8987715732070507,48.8,,,,,,,"blend of 2 margin source(s) (fitted weights): fei, team_rankings; total from fei"
2026-10-24T04:00:00.000Z,8,Western Michigan,Toledo,Glass Bowl,no,26038,,,,,,,,,5.016587005890802,47,,,,,,,"blend of 2 margin source(s) (fitted weights): fei, team_rankings; total from fei"
2026-10-24T04:00:00.000Z,8,Bowling Green,Buffalo,UB Stadium,no,30270,,,,,,,,,2.699415066793119,41.72,,,,,,,"blend of 2 margin source(s) (fitted weights): fei, team_rankings; total from fei"
2026-10-24T04:00:00.000Z,8,California,SMU,Gerald J. Ford Stadium,no,32000,,,,,,,,,9.208964537169084,52.28,,,,,,,"blend of 2 margin source(s) (fitted weights): fei, team_rankings; total from fei"
2026-10-24T04:00:00.000Z,8,Pittsburgh,Miami,Hard Rock Stadium,no,64767,,,,,,,,,9.228205223334598,47.84,,,,,,,"blend of 2 margin source(s) (fitted weights): fei, team_rankings; total from fei"
2026-10-24T04:00:00.000Z,8,UTSA,Tulane,Yulman Stadium,no,30000,,,,,,,,,3.8913673618306235,54.08,,,,,,,"blend of 2 margin source(s) (fitted weights): fei, team_rankings; total from fei"
2026-10-24T04:00:00.000Z,8,West Virginia,TCU,Amon G. Carter Stadium,no,46000,,,,,,,,,8.16971823025173,52.760000000000005,,,,,,,"blend of 2 margin source(s) (fitted weights): fei, team_rankings; total from fei"
2026-10-24T04:00:00.000Z,8,Vanderbilt,Kentucky,Kroger Field,no,61000,,,,,,,,,-1.347453708845953,55.64,,,,,,,"blend of 2 margin source(s) (fitted weights): fei, team_rankings; total from fei"
2026-10-24T04:00:00.000Z,8,Texas Tech,Cincinnati,Nippert Stadium,no,40000,,,,,,,,,-5.014130152304909,50.239999999999995,,,,,,,"blend of 2 margin source(s) (fitted weights): fei, team_rankings; total from fei"
2026-10-24T04:00:00.000Z,8,UL Monroe,Troy,Veterans Memorial Stadium (AL),no,30000,,,,,,,,,8.815822071304485,46.760000000000005,,,,,,,"blend of 2 margin source(s) (fitted weights): fei, team_rankings; total from fei"
2026-10-24T04:00:00.000Z,8,Colorado,Oklahoma State,Boone Pickens Stadium,no,55509,,,,,,,,,1.1801462768684283,49.879999999999995,,,,,,,"blend of 2 margin source(s) (fitted weights): fei, team_rankings; total from fei"
2026-10-24T04:00:00.000Z,8,Syracuse,North Carolina,Kenan Stadium,no,50500,,,,,,,,,2.126278221680359,51.44,,,,,,,"blend of 2 margin source(s) (fitted weights): fei, team_rankings; total from fei"
2026-10-24T04:00:00.000Z,8,Tennessee,South Carolina,Williams-Brice Stadium,no,80250,,,,,,,,,-2.5944642298986182,51.8,,,,,,,"blend of 2 margin source(s) (fitted weights): fei, team_rankings; total from fei"
2026-10-24T04:00:00.000Z,8,Virginia Tech,Clemson,"Memorial Stadium (Clemson, SC)",no,81500,,,,,,,,,9.435544201229138,50.48,,,,,,,"blend of 2 margin source(s) (fitted weights): fei, team_rankings; total from fei"
2026-10-24T04:00:00.000Z,8,Miami (OH),Central Michigan,Kelly/Shorts Stadium,no,30255,,,,,,,,,-0.33864106929713433,47.6,,,,,,,"blend of 2 margin source(s) (fitted weights): fei, team_rankings; total from fei"
2026-10-24T04:00:00.000Z,8,Iowa State,Arizona,Arizona Stadium,no,50782,,,,,,,,,2.6528297819812314,51.08,,,,,,,"blend of 2 margin source(s) (fitted weights): fei, team_rankings; total from fei"
2026-10-24T04:00:00.000Z,8,Old Dominion,Louisiana Tech,Joe Aillet Stadium,no,28019,,,,,,,,,-4.241333005537691,46.760000000000005,,,,,,,"blend of 2 margin source(s) (fitted weights): fei, team_rankings; total from fei"
2026-10-24T04:00:00.000Z,8,Houston,Utah,Rice-Eccles Stadium,no,51444,,,,,,,,,11.168386314011048,55.64,,,,,,,"blend of 2 margin source(s) (fitted weights): fei, team_rankings; total from fei"
2026-10-24T04:00:00.000Z,8,Baylor,Kansas,Memorial Stadium,no,47000,,,,,,,,,3.6155385804773017,62.120000000000005,,,,,,,"blend of 2 margin source(s) (fitted weights): fei, team_rankings; total from fei"
2026-10-24T04:00:00.000Z,8,Texas A&M,Alabama,Bryant-Denny Stadium,no,101821,,,,,,,,,5.3573350782216185,52.16,,,,,,,"blend of 2 margin source(s) (fitted weights): fei, team_rankings; total from fei"
2026-10-24T04:00:00.000Z,8,Rice,Florida Atlantic,FAU Stadium,no,29419,,,,,,,,,4.595674705139058,52.4,,,,,,,"blend of 2 margin source(s) (fitted weights): fei, team_rankings; total from fei"
2026-10-24T04:00:00.000Z,8,Indiana,Michigan,Michigan Stadium,no,107601,,,,,,,,,-0.6941526353122547,53.36,,,,,,,"blend of 2 margin source(s) (fitted weights): fei, team_rankings; total from fei"
2026-10-24T04:00:00.000Z,8,Louisiana,Southern Miss,M. M. Roberts Stadium,no,36000,,,,,,,,,0.24659543701855927,50.239999999999995,,,,,,,"blend of 2 margin source(s) (fitted weights): fei, team_rankings; total from fei"
2026-10-24T04:00:00.000Z,8,Eastern Michigan,Ohio,Peden Stadium,no,24000,,,,,,,,,9.158383503635129,56.480000000000004,,,,,,,"blend of 2 margin source(s) (fitted weights): fei, team_rankings; total from fei"
2026-10-24T04:00:00.000Z,8,Akron,Kent State,Dix Stadium,no,25319,,,,,,,,,1.9830080622817583,54.08,,,,,,,"blend of 2 margin source(s) (fitted weights): fei, team_rankings; total from fei"
2026-10-24T04:00:00.000Z,8,Iowa,Minnesota,Huntington Bank Stadium,no,50850,,,,,,,,,-1.9241610664400088,43.879999999999995,,,,,,,"blend of 2 margin source(s) (fitted weights): fei, team_rankings; total from fei"
2026-10-24T04:00:00.000Z,8,USC,Wisconsin,Camp Randall Stadium,no,80321,,,,,,,,,-4.192509124485197,54.44,,,,,,,"blend of 2 margin source(s) (fitted weights): fei, team_rankings; total from fei"
2026-10-24T04:00:00.000Z,8,Kansas State,Arizona State,Mountain America Stadium,no,65870,,,,,,,,,-1.1284965135076204,51.8,,,,,,,"blend of 2 margin source(s) (fitted weights): fei, team_rankings; total from fei"
2026-10-24T04:00:00.000Z,8,Ole Miss,Texas,DKR-Texas Memorial Stadium,no,100119,,,,,,,,,2.2180606675450876,55.28,,,,,,,"blend of 2 margin source(s) (fitted weights): fei, team_rankings; total from fei"
2026-10-24T04:00:00.000Z,8,Hawai'i,Northern Illinois,Huskie Stadium,no,23595,,,,,,,,,-0.3278733243348936,51.92,,,,,,,"blend of 2 margin source(s) (fitted weights): fei, team_rankings; total from fei"
2026-10-24T04:00:00.000Z,8,Oregon,Illinois,"Memorial Stadium (Champaign, IL)",no,60670,,,,,,,,,-7.897723147793546,57.8,,,,,,,"blend of 2 margin source(s) (fitted weights): fei, team_rankings; total from fei"
2026-10-24T04:00:00.000Z,8,Michigan State,UCLA,Rose Bowl,no,88565,,,,,,,,,3.3007469830338096,54.44,,,,,,,"blend of 2 margin source(s) (fitted weights): fei, team_rankings; total from fei"
2026-10-24T04:00:00.000Z,8,Boston College,Georgia Tech,Bobby Dodd Stadium,no,55000,,,,,,,,,7.2549266328082425,57.2,,,,,,,"blend of 2 margin source(s) (fitted weights): fei, team_rankings; total from fei"
2026-10-24T04:00:00.000Z,8,Rutgers,Northwestern,Ryan Field,no,35000,,,,,,,,,3.808964537169082,56.239999999999995,,,,,,,"blend of 2 margin source(s) (fitted weights): fei, team_rankings; total from fei"
2026-10-24T04:00:00.000Z,8,BYU,UCF,FBC Mortgage Stadium,no,44206,,,,,,,,,-4.075195439973919,51.68,,,,,,,"blend of 2 margin source(s) (fitted weights): fei, team_rankings; total from fei"
2026-10-24T16:00:00.000Z,8,LSU,Auburn,Jordan-Hare Stadium,no,87451,,,,,,,,,1.658836843635078,46.879999999999995,,,,,,,"blend of 2 margin source(s) (fitted weights): fei, team_rankings; total from fei"
2026-10-24T19:30:00.000Z,8,North Texas,Navy,Navy-Marine Corps Memorial Stadium,no,34000,,,,,,,,,1.6874571510037832,61.16,,,,,,,"blend of 2 margin source(s) (fitted weights): fei, team_rankings; total from fei"
2026-10-24T21:00:00.000Z,8,San José State,Nevada,Mackay Stadium,no,27000,,,,,,,,,-0.9999898477933276,49.519999999999996,,,,,,,"blend of 2 margin source(s) (fitted weights): fei, team_rankings; total from fei"
2026-10-24T22:00:00.000Z,8,Boise State,Washington State,Gesa Field,no,32952,,,,,,,,,3.062123865289188,48.32,,,,,,,"blend of 2 margin source(s) (fitted weights): fei, team_rankings; total from fei"
2026-10-24T22:30:00.000Z,8,San Diego State,Colorado State,Canvas Stadium,no,36500,,,,,,,,,-3.576838950800977,47.36,,,,,,,"blend of 2 margin source(s) (fitted weights): fei, team_rankings; total from fei"
2026-10-24T23:00:00.000Z,8,Georgia State,Arkansas State,Centennial Bank Stadium,no,30382,,,,,,,,,2.939851544537573,53.36,,,,,,,"blend of 2 margin source(s) (fitted weights): fei, team_rankings; total from fei"
2026-10-24T23:30:00.000Z,8,Utah State,Texas State,Bobcat Stadium (TX),no,30000,,,,,,,,,3.0983666413796165,58.879999999999995,,,,,,,"blend of 2 margin source(s) (fitted weights): fei, team_rankings; total from fei"
2026-10-25T02:00:00.000Z,8,North Dakota State,New Mexico,University Stadium (NM),no,39224,,,,,,,,,9.71808877130427,53.48,,,,,,,"blend of 2 margin source(s) (fitted weights): fei, team_rankings; total from fei"
2026-10-27T23:00:00.000Z,9,Delaware,Western Kentucky,Houchens Industries-L.T. Smith Stadium,no,22113,,,,,,,,,8.731662094161482,54.32,,,,,,,"blend of 2 margin source(s) (fitted weights): fei, team_rankings; total from fei"
2026-10-28T00:00:00.000Z,9,Sam Houston,Missouri State,Plaster Sports Complex,no,17337,,,,,,,,,7.111656473409642,54.56,,,,,,,"blend of 2 margin source(s) (fitted weights): fei, team_rankings; total from fei"
2026-10-28T23:00:00.000Z,9,Kennesaw State,Middle Tennessee,"Johnny ""Red"" Floyd Stadium",no,30788,,,,,,,,,-1.2583350954626022,54.2,,,,,,,"blend of 2 margin source(s) (fitted weights): fei, team_rankings; total from fei"
2026-10-29T00:00:00.000Z,9,Jacksonville State,New Mexico State,Aggie Memorial Stadium,no,28853,,,,,,,,,-2.3208740447858998,50.239999999999995,,,,,,,"blend of 2 margin source(s) (fitted weights): fei, team_rankings; total from fei"
2026-10-29T23:30:00.000Z,9,Troy,James Madison,Bridgeforth Stadium,no,24877,,,,,,,,,10.326136476266768,46.040000000000006,,,,,,,"blend of 2 margin source(s) (fitted weights): fei, team_rankings; total from fei"
2026-10-29T23:30:00.000Z,9,Florida Atlantic,North Texas,DATCU Stadium,no,30850,,,,,,,,,10.97048316483805,61.519999999999996,,,,,,,"blend of 2 margin source(s) (fitted weights): fei, team_rankings; total from fei"
2026-10-30T23:00:00.000Z,9,Tulane,Charlotte,Jerry Richardson Stadium,no,15300,,,,,,,,,-10.929970175161905,50.36,,,,,,,"blend of 2 margin source(s) (fitted weights): fei, team_rankings; total from fei"
2026-10-30T23:30:00.000Z,9,Baylor,UCF,FBC Mortgage Stadium,no,44206,,,,,,,,,1.4568817382216603,53.239999999999995,,,,,,,"blend of 2 margin source(s) (fitted weights): fei, team_rankings; total from fei"
2026-10-31T02:30:00.000Z,9,Kent State,Sacramento State,Hornet Stadium,no,21195,,,,,,,,,2.35866699446231,57.44,,,,,,,"blend of 2 margin source(s) (fitted weights): fei, team_rankings; total from fei"
2026-10-31T04:00:00.000Z,9,Oklahoma State,Iowa State,Jack Trice Stadium,no,61500,,,,,,,,,10.37138984483797,49.76,,,,,,,"blend of 2 margin source(s) (fitted weights): fei, team_rankings; total from fei"
2026-10-31T04:00:00.000Z,9,Utah,Cincinnati,Nippert Stadium,no,40000,,,,,,,,,-5.715348426891188,58.400000000000006,,,,,,,"blend of 2 margin source(s) (fitted weights): fei, team_rankings; total from fei"
2026-10-31T04:00:00.000Z,9,Army,Memphis,Simmons Bank Liberty Stadium,no,58325,,,,,,,,,3.5998684067930764,53.96,,,,,,,"blend of 2 margin source(s) (fitted weights): fei, team_rankings; total from fei"
2026-10-31T04:00:00.000Z,9,Arizona,Texas Tech,Jones AT&T Stadium,no,60454,,,,,,,,,7.337754693710562,45.92,,,,,,,"blend of 2 margin source(s) (fitted weights): fei, team_rankings; total from fei"
2026-10-31T04:00:00.000Z,9,Auburn,Ole Miss,Vaught-Hemingway Stadium,no,64038,,,,,,,,,7.072693657319478,53.72,,,,,,,"blend of 2 margin source(s) (fitted weights): fei, team_rankings; total from fei"
2026-10-31T04:00:00.000Z,9,Illinois,Maryland,SECU Stadium,no,51802,,,,,,,,,-2.402370189447527,51.8,,,,,,,"blend of 2 margin source(s) (fitted weights): fei, team_rankings; total from fei"
2026-10-31T04:00:00.000Z,9,App State,Georgia Southern,Allen E. Paulson Stadium,no,25000,,,,,,,,,1.9485224386727968,61.4,,,,,,,blend of 1 margin source(s) (fitted weights): fei; total from fei
2026-10-31T04:00:00.000Z,9,Wisconsin,Iowa,Kinnick Stadium,no,69250,,,,,,,,,7.134042435815672,38.959999999999994,,,,,,,"blend of 2 margin source(s) (fitted weights): fei, team_rankings; total from fei"
2026-10-31T04:00:00.000Z,9,Marshall,Old Dominion,S.B. Ballard Stadium,no,20118,,,,,,,,,6.371956826492336,46.64,,,,,,,"blend of 2 margin source(s) (fitted weights): fei, team_rankings; total from fei"
2026-10-31T04:00:00.000Z,9,Miami,North Carolina,Kenan Stadium,no,50500,,,,,,,,,-11.470859992906309,53.480000000000004,,,,,,,"blend of 2 margin source(s) (fitted weights): fei, team_rankings; total from fei"
2026-10-31T04:00:00.000Z,9,Oregon State,Fresno State,Valley Children's Stadium,no,41031,,,,,,,,,3.8259666270939965,46.760000000000005,,,,,,,"blend of 2 margin source(s) (fitted weights): fei, team_rankings; total from fei"
2026-10-31T04:00:00.000Z,9,Purdue,Penn State,Beaver Stadium,no,106572,,,,,,,,,12.8282052233346,52.879999999999995,,,,,,,"blend of 2 margin source(s) (fitted weights): fei, team_rankings; total from fei"
2026-10-31T04:00:00.000Z,9,Northwestern,Oregon,Autzen Stadium,no,54000,,,,,,,,,18.01820241295868,53,,,,,,,"blend of 2 margin source(s) (fitted weights): fei, team_rankings; total from fei"
2026-10-31T04:00:00.000Z,9,Arizona State,BYU,LaVell Edwards Stadium,no,63470,,,,,,,,,6.118514007545046,53.239999999999995,,,,,,,"blend of 2 margin source(s) (fitted weights): fei, team_rankings; total from fei"
2026-10-31T04:00:00.000Z,9,Clemson,Florida State,Doak Campbell Stadium,no,67277,,,,,,,,,2.8991315759659373,51.92,,,,,,,"blend of 2 margin source(s) (fitted weights): fei, team_rankings; total from fei"
2026-10-31T04:00:00.000Z,9,Washington,Nebraska,"Memorial Stadium (Lincoln, NE)",no,85458,,,,,,,,,-4.450429135913693,54.08,,,,,,,"blend of 2 margin source(s) (fitted weights): fei, team_rankings; total from fei"
2026-10-31T04:00:00.000Z,9,Kansas State,Colorado,Folsom Field,no,50183,,,,,,,,,-6.25938352087611,51.56,,,,,,,"blend of 2 margin source(s) (fitted weights): fei, team_rankings; total from fei"
2026-10-31T04:00:00.000Z,9,Nevada,UCLA,Rose Bowl,no,88565,,,,,,,,,12.017295732958768,51.44,,,,,,,"blend of 2 margin source(s) (fitted weights): fei, team_rankings; total from fei"
2026-10-31T04:00:00.000Z,9,Stanford,Louisville,L&N Federal Credit Union Stadium,no,60000,,,,,,,,,10.64940101491353,47.120000000000005,,,,,,,"blend of 2 margin source(s) (fitted weights): fei, team_rankings; total from fei"
2026-10-31T04:00:00.000Z,9,California,NC State,Carter-Finley Stadium,no,58000,,,,,,,,,7.732710519574986,51.92,,,,,,,"blend of 2 margin source(s) (fitted weights): fei, team_rankings; total from fei"
2026-10-31T04:00:00.000Z,9,South Carolina,Oklahoma,"Memorial Stadium (Norman, OK)",no,86112,,,,,,,,,7.101795408447314,43.64,,,,,,,"blend of 2 margin source(s) (fitted weights): fei, team_rankings; total from fei"
2026-10-31T04:00:00.000Z,9,Missouri,Arkansas,Razorback Stadium,no,80000,,,,,,,,,-0.4908656136581475,56,,,,,,,"blend of 2 margin source(s) (fitted weights): fei, team_rankings; total from fei"
2026-10-31T04:00:00.000Z,9,Georgia Tech,Pittsburgh,Acrisure Stadium,no,68400,,,,,,,,,5.218967347545002,51.68,,,,,,,"blend of 2 margin source(s) (fitted weights): fei, team_rankings; total from fei"
2026-10-31T04:00:00.000Z,9,Boston College,Duke,Wallace Wade Stadium,no,40004,,,,,,,,,6.946425587845788,58.64,,,,,,,"blend of 2 margin source(s) (fitted weights): fei, team_rankings; total from fei"
2026-10-31T04:00:00.000Z,9,Minnesota,Indiana,"Memorial Stadium (Bloomington, IN)",no,52656,,,,,,,,,13.109843113409816,50.96,,,,,,,"blend of 2 margin source(s) (fitted weights): fei, team_rankings; total from fei"
2026-10-31T04:00:00.000Z,9,UAB,South Florida,Raymond James Stadium,no,65828,,,,,,,,,12.04821084408643,56.959999999999994,,,,,,,"blend of 2 margin source(s) (fitted weights): fei, team_rankings; total from fei"
2026-10-31T04:00:00.000Z,9,Southern Miss,UL Monroe,Malone Stadium,no,27617,,,,,,,,,-0.0749119491467391,49.04,,,,,,,"blend of 2 margin source(s) (fitted weights): fei, team_rankings; total from fei"
2026-10-31T04:00:00.000Z,9,New Mexico,San José State,CEFCU Stadium,no,30456,,,,,,,,,1.5289982616800963,51.44,,,,,,,"blend of 2 margin source(s) (fitted weights): fei, team_rankings; total from fei"
2026-10-31T04:00:00.000Z,9,Michigan,Rutgers,SHI Stadium,no,52454,,,,,,,,,-7.8551898192220895,60.2,,,,,,,"blend of 2 margin source(s) (fitted weights): fei, team_rankings; total from fei"
2026-10-31T04:00:00.000Z,9,Virginia,Wake Forest,Allegacy Federal Credit Union Stadium,no,31500,,,,,,,,,1.9516677149133144,46.879999999999995,,,,,,,"blend of 2 margin source(s) (fitted weights): fei, team_rankings; total from fei"
2026-10-31T04:00:00.000Z,9,SMU,Syracuse,JMA Wireless Dome,yes,49057,,,,,,,,,-5.7556431592220445,50.72,,,,,,,"blend of 2 margin source(s) (fitted weights): fei, team_rankings; total from fei"
2026-10-31T04:00:00.000Z,9,Ohio State,USC,Los Angeles Memorial Coliseum,no,77500,,,,,,,,,-6.50744246734228,59.72,,,,,,,"blend of 2 margin source(s) (fitted weights): fei, team_rankings; total from fei"
2026-10-31T04:00:00.000Z,9,Coastal Carolina,Georgia State,Center Parc Stadium,no,25000,,,,,,,,,0.209871217168995,54.44,,,,,,,"blend of 2 margin source(s) (fitted weights): fei, team_rankings; total from fei"
2026-10-31T04:00:00.000Z,9,Louisiana Tech,South Alabama,Hancock Whitney Stadium,no,25450,,,,,,,,,3.539426308296792,53.24,,,,,,,"blend of 2 margin source(s) (fitted weights): fei, team_rankings; total from fei"
2026-10-31T04:00:00.000Z,9,Kansas,TCU,Amon G. Carter Stadium,no,46000,,,,,,,,,4.7519512057405,60.08,,,,,,,"blend of 2 margin source(s) (fitted weights): fei, team_rankings; total from fei"
2026-10-31T04:00:00.000Z,9,Mississippi State,Texas,DKR-Texas Memorial Stadium,no,100119,,,,,,,,,9.94237363160536,51.31999999999999,,,,,,,"blend of 2 margin source(s) (fitted weights): fei, team_rankings; total from fei"
2026-10-31T04:00:00.000Z,9,Temple,East Carolina,Dowdy-Ficklen Stadium,no,50000,,,,,,,,,10.308227706341942,53.959999999999994,,,,,,,"blend of 2 margin source(s) (fitted weights): fei, team_rankings; total from fei"
2026-10-31T16:00:00.000Z,9,Notre Dame,Navy,Gillette Stadium,no,68756,,,,,,,,,-12.408462788996612,54.32000000000001,,,,,,,"blend of 2 margin source(s) (fitted weights): fei, team_rankings; total from fei"
2026-10-31T16:00:00.000Z,9,Bowling Green,Western Michigan,Waldo Stadium,no,30200,,,,,,,,,8.741948395364584,44.120000000000005,,,,,,,"blend of 2 margin source(s) (fitted weights): fei, team_rankings; total from fei"
2026-10-31T19:00:00.000Z,9,UConn,Air Force,Falcon Stadium,no,46692,,,,,,,,,5.721801029199154,62.72,,,,,,,"blend of 2 margin source(s) (fitted weights): fei, team_rankings; total from fei"
2026-10-31T19:30:00.000Z,9,Florida International,Liberty,Williams Stadium (VA),no,25000,,,,,,,,,6.7485224386728015,53,,,,,,,blend of 1 margin source(s) (fitted weights): fei; total from fei
2026-10-31T19:30:00.000Z,9,UTEP,North Dakota State,Fargodome,yes,18700,,,,,,,,,1.0744508098009415,50.96,,,,,,,"blend of 2 margin source(s) (fitted weights): fei, team_rankings; total from fei"
2026-10-31T19:30:00.000Z,9,Florida,Georgia,Mercedes-Benz Stadium,yes,75000,,,,,,,,,14.114660004236573,52.64,,,,,,,"blend of 2 margin source(s) (fitted weights): fei, team_rankings; total from fei"
2026-10-31T19:30:00.000Z,9,Colorado State,Utah State,Maverik Stadium,no,25513,,,,,,,,,7.127326647093863,54.8,,,,,,,"blend of 2 margin source(s) (fitted weights): fei, team_rankings; total from fei"
2026-10-31T23:00:00.000Z,9,Washington State,San Diego State,Snapdragon Stadium,no,35000,,,,,,,,,-1.8355238968157974,44,,,,,,,"blend of 2 margin source(s) (fitted weights): fei, team_rankings; total from fei"
2026-11-01T02:00:00.000Z,9,Texas State,Boise State,Albertsons Stadium,no,36387,,,,,,,,,7.415680325890893,55.760000000000005,,,,,,,"blend of 2 margin source(s) (fitted weights): fei, team_rankings; total from fei"
2026-11-01T02:30:00.000Z,9,Northern Illinois,UNLV,Allegiant Stadium,yes,65000,,,,,,,,,8.848494334913621,54.08,,,,,,,"blend of 2 margin source(s) (fitted weights): fei, team_rankings; total from fei"
2026-11-04T00:00:00.000Z,10,Buffalo,Miami (OH),Yager Stadium,no,24286,,,,,,,,,6.808964537169082,44.120000000000005,,,,,,,"blend of 2 margin source(s) (fitted weights): fei, team_rankings; total from fei"
2026-11-04T00:00:00.000Z,10,Ohio,Akron,InfoCision Stadium,no,30000,,,,,,,,,-6.1407379201241445,51.56,,,,,,,"blend of 2 margin source(s) (fitted weights): fei, team_rankings; total from fei"
2026-11-04T05:00:00.000Z,10,Toledo,Sacramento State,Hornet Stadium,no,21195,,,,,,,,,-9.564314053357272,51.8,,,,,,,"blend of 2 margin source(s) (fitted weights): fei, team_rankings; total from fei"
2026-11-04T05:00:00.000Z,10,Ball State,Massachusetts,Warren McGuirk Alumni Stadium,no,17000,,,,,,,,,-4.46476739335723,51.8,,,,,,,"blend of 2 margin source(s) (fitted weights): fei, team_rankings; total from fei"
2026-11-04T05:00:00.000Z,10,Central Michigan,Eastern Michigan,Ford Field,yes,64500,,,,,,,,,0.4077743663419851,53.84,,,,,,,"blend of 2 margin source(s) (fitted weights): fei, team_rankings; total from fei"
2026-11-06T01:00:00.000Z,10,UTSA,Florida Atlantic,FAU Stadium,no,29419,,,,,,,,,-4.651477561327201,56.959999999999994,,,,,,,"blend of 2 margin source(s) (fitted weights): fei, team_rankings; total from fei"
2026-11-06T01:00:00.000Z,10,James Madison,Southern Miss,M. M. Roberts Stadium,no,36000,,,,,,,,,-8.87295684373332,48.32,,,,,,,"blend of 2 margin source(s) (fitted weights): fei, team_rankings; total from fei"
2026-11-07T00:00:00.000Z,10,Virginia Tech,SMU,Gerald J. Ford Stadium,no,32000,,,,,,,,,9.590914021830663,54.68,,,,,,,"blend of 2 margin source(s) (fitted weights): fei, team_rankings; total from fei"
2026-11-07T00:30:00.000Z,10,South Florida,East Carolina,Dowdy-Ficklen Stadium,no,50000,,,,,,,,,1.6780775298005959,52.519999999999996,,,,,,,"blend of 2 margin source(s) (fitted weights): fei, team_rankings; total from fei"
2026-11-07T01:00:00.000Z,10,Nebraska,Illinois,"Memorial Stadium (Champaign, IL)",no,60670,,,,,,,,,6.200916832206583,54.92,,,,,,,"blend of 2 margin source(s) (fitted weights): fei, team_rankings; total from fei"
2026-11-07T02:00:00.000Z,10,New Mexico,Nevada,Mackay Stadium,no,27000,,,,,,,,,-2.0195140247860293,49.04,,,,,,,"blend of 2 margin source(s) (fitted weights): fei, team_rankings; total from fei"
2026-11-07T03:15:00.000Z,10,TCU,Arizona,Arizona Stadium,no,50782,,,,,,,,,2.6680747194246788,53.239999999999995,,,,,,,"blend of 2 margin source(s) (fitted weights): fei, team_rankings; total from fei"
2026-11-07T05:00:00.000Z,10,Texas,Missouri,Memorial Stadium,no,71168,,,,,,,,,-1.273098589146914,48.559999999999995,,,,,,,"blend of 2 margin source(s) (fitted weights): fei, team_rankings; total from fei"
2026-11-07T05:00:00.000Z,10,Oklahoma State,Kansas State,Bill Snyder Family Stadium,no,50000,,,,,,,,,12.72480456002608,50.96,,,,,,,"blend of 2 margin source(s) (fitted weights): fei, team_rankings; total from fei"
2026-11-07T05:00:00.000Z,10,Old Dominion,Coastal Carolina,Brooks Stadium (SC),no,21000,,,,,,,,,-3.8772922908009333,48.44,,,,,,,"blend of 2 margin source(s) (fitted weights): fei, team_rankings; total from fei"
2026-11-07T05:00:00.000Z,10,Penn State,Washington,Husky Stadium,no,70138,,,,,,,,,2.435685946642727,54.2,,,,,,,"blend of 2 margin source(s) (fitted weights): fei, team_rankings; total from fei"
2026-11-07T05:00:00.000Z,10,Duke,NC State,Carter-Finley Stadium,no,58000,,,,,,,,,5.4379245428833345,57.68,,,,,,,"blend of 2 margin source(s) (fitted weights): fei, team_rankings; total from fei"
2026-11-07T05:00:00.000Z,10,Georgia State,App State,Kidd Brewer Stadium,no,30000,,,,,,,,,4.604629090101468,57.2,,,,,,,"blend of 2 margin source(s) (fitted weights): fei, team_rankings; total from fei"
2026-11-07T05:00:00.000Z,10,Rice,North Texas,DATCU Stadium,no,30850,,,,,,,,,13.017635431304313,56.72,,,,,,,"blend of 2 margin source(s) (fitted weights): fei, team_rankings; total from fei"
2026-11-07T05:00:00.000Z,10,Iowa State,Baylor,McLane Stadium,no,45140,,,,,,,,,-0.73716740764285,54.44,,,,,,,"blend of 2 margin source(s) (fitted weights): fei, team_rankings; total from fei"
2026-11-07T05:00:00.000Z,10,Louisville,Georgia Tech,Bobby Dodd Stadium,no,55000,,,,,,,,,-0.8952010607257621,52.879999999999995,,,,,,,"blend of 2 margin source(s) (fitted weights): fei, team_rankings; total from fei"
2026-11-07T05:00:00.000Z,10,Kentucky,Tennessee,Neyland Stadium,no,102455,,,,,,,,,9.434637521229224,52.28,,,,,,,"blend of 2 margin source(s) (fitted weights): fei, team_rankings; total from fei"
2026-11-07T05:00:00.000Z,10,Texas A&M,South Carolina,Williams-Brice Stadium,no,80250,,,,,,,,,-2.932067025988917,47.239999999999995,,,,,,,"blend of 2 margin source(s) (fitted weights): fei, team_rankings; total from fei"
2026-11-07T05:00:00.000Z,10,Tulsa,Tulane,Yulman Stadium,no,30000,,,,,,,,,11.494796128898322,50.36,,,,,,,"blend of 2 margin source(s) (fitted weights): fei, team_rankings; total from fei"
2026-11-07T05:00:00.000Z,10,Louisiana Tech,Troy,Veterans Memorial Stadium (AL),no,30000,,,,,,,,,4.813299984236699,45.8,,,,,,,"blend of 2 margin source(s) (fitted weights): fei, team_rankings; total from fei"
2026-11-07T05:00:00.000Z,10,Florida State,Boston College,"Alumni Stadium (Chestnut Hill, MA)",no,44500,,,,,,,,,-6.410276148996426,56.72,,,,,,,"blend of 2 margin source(s) (fitted weights): fei, team_rankings; total from fei"
2026-11-07T05:00:00.000Z,10,South Alabama,Louisiana,Cajun Field,no,41426,,,,,,,,,2.48045787145479,55.400000000000006,,,,,,,"blend of 2 margin source(s) (fitted weights): fei, team_rankings; total from fei"
2026-11-07T05:00:00.000Z,10,Oregon,Ohio State,Ohio Stadium,no,102780,,,,,,,,,4.587627000176557,54.92,,,,,,,"blend of 2 margin source(s) (fitted weights): fei, team_rankings; total from fei"
2026-11-07T05:00:00.000Z,10,Northern Illinois,San José State,CEFCU Stadium,no,30456,,,,,,,,,5.110608047996138,51.08,,,,,,,"blend of 2 margin source(s) (fitted weights): fei, team_rankings; total from fei"
2026-11-07T05:00:00.000Z,10,Vanderbilt,Mississippi State,Davis Wade Stadium,no,61337,,,,,,,,,-1.4983463369662773,60.32000000000001,,,,,,,"blend of 2 margin source(s) (fitted weights): fei, team_rankings; total from fei"
2026-11-07T05:00:00.000Z,10,Iowa,Northwestern,Ryan Field,no,35000,,,,,,,,,-3.7487856250866436,42.32,,,,,,,"blend of 2 margin source(s) (fitted weights): fei, team_rankings; total from fei"
2026-11-07T05:00:00.000Z,10,Oklahoma,Florida,Ben Hill Griffin Stadium,no,88548,,,,,,,,,-3.6806648503502792,46.4,,,,,,,"blend of 2 margin source(s) (fitted weights): fei, team_rankings; total from fei"
2026-11-07T05:00:00.000Z,10,Michigan State,Michigan,Michigan Stadium,no,107601,,,,,,,,,12.96790487025191,54.2,,,,,,,"blend of 2 margin source(s) (fitted weights): fei, team_rankings; total from fei"
2026-11-07T05:00:00.000Z,10,UCF,Kansas,Memorial Stadium,no,47000,,,,,,,,,4.707179280928437,56.72,,,,,,,"blend of 2 margin source(s) (fitted weights): fei, team_rankings; total from fei"
2026-11-07T05:00:00.000Z,10,Arkansas,Auburn,Jordan-Hare Stadium,no,87451,,,,,,,,,5.215822071304485,54.2,,,,,,,"blend of 2 margin source(s) (fitted weights): fei, team_rankings; total from fei"
2026-11-07T05:00:00.000Z,10,Charlotte,UAB,Protective Stadium,no,45000,,,,,,,,,6.538519628296878,54.2,,,,,,,"blend of 2 margin source(s) (fitted weights): fei, team_rankings; total from fei"
2026-11-07T05:00:00.000Z,10,Marshall,Georgia Southern,Allen E. Paulson Stadium,no,25000,,,,,,,,,-0.9314775613272022,56.84,,,,,,,blend of 1 margin source(s) (fitted weights): fei; total from fei
2026-11-07T05:00:00.000Z,10,Colorado,Arizona State,Mountain America Stadium,no,65870,,,,,,,,,7.679409446041285,50.72,,,,,,,"blend of 2 margin source(s) (fitted weights): fei, team_rankings; total from fei"
2026-11-07T05:00:00.000Z,10,Rutgers,Wisconsin,Camp Randall Stadium,no,80321,,,,,,,,,5.520752603785647,52.879999999999995,,,,,,,"blend of 2 margin source(s) (fitted weights): fei, team_rankings; total from fei"
2026-11-07T05:00:00.000Z,10,UCLA,Minnesota,Huntington Bank Stadium,no,50850,,,,,,,,,4.897034725138929,53.120000000000005,,,,,,,"blend of 2 margin source(s) (fitted weights): fei, team_rankings; total from fei"
2026-11-07T05:00:00.000Z,10,Cincinnati,Houston,TDECU Stadium,no,40000,,,,,,,,,2.192529428898543,57.8,,,,,,,"blend of 2 margin source(s) (fitted weights): fei, team_rankings; total from fei"
2026-11-07T05:00:00.000Z,10,Georgia,Ole Miss,Vaught-Hemingway Stadium,no,64038,,,,,,,,,-1.5114088856874786,59,,,,,,,"blend of 2 margin source(s) (fitted weights): fei, team_rankings; total from fei"
2026-11-07T05:00:00.000Z,10,Maryland,Purdue,Ross-Ade Stadium,no,57282,,,,,,,,,0.6791259552141038,49.64,,,,,,,"blend of 2 margin source(s) (fitted weights): fei, team_rankings; total from fei"
2026-11-07T05:00:00.000Z,10,BYU,Utah,Rice-Eccles Stadium,no,51444,,,,,,,,,5.896892979725335,55.879999999999995,,,,,,,"blend of 2 margin source(s) (fitted weights): fei, team_rankings; total from fei"
2026-11-07T05:00:00.000Z,10,Clemson,Syracuse,JMA Wireless Dome,yes,49057,,,,,,,,,-5.6002733386205135,46.52,,,,,,,"blend of 2 margin source(s) (fitted weights): fei, team_rankings; total from fei"
2026-11-07T05:00:00.000Z,10,Alabama,LSU,Tiger Stadium (LA),no,102321,,,,,,,,,-3.5450733671917547,51.2,,,,,,,"blend of 2 margin source(s) (fitted weights): fei, team_rankings; total from fei"
2026-11-07T05:00:00.000Z,10,West Virginia,Texas Tech,Jones AT&T Stadium,no,60454,,,,,,,,,13.078502766041371,45.44,,,,,,,"blend of 2 margin source(s) (fitted weights): fei, team_rankings; total from fei"
2026-11-07T05:00:00.000Z,10,Hawai'i,UTEP,Sun Bowl,no,51500,,,,,,,,,-2.4417582417784693,49.760000000000005,,,,,,,"blend of 2 margin source(s) (fitted weights): fei, team_rankings; total from fei"
2026-11-07T17:00:00.000Z,10,North Carolina,UConn,Pratt & Whitney Stadium,no,40000,,,,,,,,,-0.09548455155294222,56.96,,,,,,,"blend of 2 margin source(s) (fitted weights): fei, team_rankings; total from fei"
2026-11-07T20:00:00.000Z,10,Delaware,Kennesaw State,Fifth Third Stadium,no,11040,,,,,,,,,5.332710519574987,55.28,,,,,,,"blend of 2 margin source(s) (fitted weights): fei, team_rankings; total from fei"
2026-11-07T20:00:00.000Z,10,UL Monroe,Arkansas State,Centennial Bank Stadium,no,30382,,,,,,,,,4.967763124838315,50.6,,,,,,,"blend of 2 margin source(s) (fitted weights): fei, team_rankings; total from fei"
2026-11-07T20:30:00.000Z,10,Temple,Navy,Navy-Marine Corps Memorial Stadium,no,34000,,,,,,,,,10.18553014934955,57.08,,,,,,,"blend of 2 margin source(s) (fitted weights): fei, team_rankings; total from fei"
2026-11-07T20:30:00.000Z,10,Western Kentucky,Middle Tennessee,"Johnny ""Red"" Floyd Stadium",no,30788,,,,,,,,,-4.6572866700491,53.239999999999995,,,,,,,"blend of 2 margin source(s) (fitted weights): fei, team_rankings; total from fei"
2026-11-07T21:00:00.000Z,10,Missouri State,Florida International,Pitbull Stadium,no,20000,,,,,,,,,0.5085224386727956,54.2,,,,,,,blend of 1 margin source(s) (fitted weights): fei; total from fei
2026-11-07T22:00:00.000Z,10,Liberty,New Mexico State,Aggie Memorial Stadium,no,28853,,,,,,,,,-2.7287800043348063,53.72,,,,,,,"blend of 2 margin source(s) (fitted weights): fei, team_rankings; total from fei"
2026-11-07T23:00:00.000Z,10,Boise State,Colorado State,Canvas Stadium,no,36500,,,,,,,,,-7.447283859673179,51.68000000000001,,,,,,,"blend of 2 margin source(s) (fitted weights): fei, team_rankings; total from fei"
2026-11-08T00:00:00.000Z,10,Sam Houston,Jacksonville State,AmFirst Stadium,no,24000,,,,,,,,,9.070596806492468,49.879999999999995,,,,,,,"blend of 2 margin source(s) (fitted weights): fei, team_rankings; total from fei"
2026-11-08T00:30:00.000Z,10,Miami,Notre Dame,Notre Dame Stadium,no,80795,,,,,,,,,6.859120334462266,51.68,,,,,,,"blend of 2 margin source(s) (fitted weights): fei, team_rankings; total from fei"
2026-11-08T00:30:00.000Z,10,Air Force,Army,Michie Stadium,no,38000,,,,,,,,,4.63911471371043,59.96,,,,,,,"blend of 2 margin source(s) (fitted weights): fei, team_rankings; total from fei"
2026-11-08T02:30:00.000Z,10,Fresno State,Utah State,Maverik Stadium,no,25513,,,,,,,,,1.4958445543118277,49.28,,,,,,,"blend of 2 margin source(s) (fitted weights): fei, team_rankings; total from fei"
2026-11-08T03:30:00.000Z,10,Wyoming,UNLV,Allegiant Stadium,yes,65000,,,,,,,,,6.548805929499987,50,,,,,,,"blend of 2 margin source(s) (fitted weights): fei, team_rankings; total from fei"
2026-11-08T03:30:00.000Z,10,Texas State,Oregon State,Reser Stadium,no,43363,,,,,,,,,1.7739119319057524,56.36,,,,,,,"blend of 2 margin source(s) (fitted weights): fei, team_rankings; total from fei"
2026-11-11T00:00:00.000Z,11,Kent State,Bowling Green,Doyt L. Perry Stadium,no,24000,,,,,,,,,5.810012962582587,50.36,,,,,,,"blend of 2 margin source(s) (fitted weights): fei, team_rankings; total from fei"
2026-11-11T00:00:00.000Z,11,Ohio,Miami (OH),Yager Stadium,no,24286,,,,,,,,,0.966572954011216,50.24,,,,,,,"blend of 2 margin source(s) (fitted weights): fei, team_rankings; total from fei"
2026-11-11T00:00:00.000Z,11,Western Michigan,Akron,InfoCision Stadium,no,30000,,,,,,,,,-6.340879665537734,47.84,,,,,,,"blend of 2 margin source(s) (fitted weights): fei, team_rankings; total from fei"
2026-11-11T05:00:00.000Z,11,Massachusetts,Toledo,Glass Bowl,no,26038,,,,,,,,,20.688222085590105,51.8,,,,,,,"blend of 2 margin source(s) (fitted weights): fei, team_rankings; total from fei"
2026-11-11T05:00:00.000Z,11,Buffalo,Ball State,Scheumann Stadium,no,22500,,,,,,,,,-0.06728948042501909,44.6,,,,,,,"blend of 2 margin source(s) (fitted weights): fei, team_rankings; total from fei"
2026-11-11T05:00:00.000Z,11,Sacramento State,Central Michigan,Kelly/Shorts Stadium,no,30255,,,,,,,,,7.524039625439759,52.28,,,,,,,"blend of 2 margin source(s) (fitted weights): fei, team_rankings; total from fei"
2026-11-13T01:00:00.000Z,11,Memphis,South Florida,Raymond James Stadium,no,65828,,,,,,,,,3.243450160778042,55.04,,,,,,,"blend of 2 margin source(s) (fitted weights): fei, team_rankings; total from fei"
2026-11-13T02:00:00.000Z,11,Louisiana,UL Monroe,Malone Stadium,no,27617,,,,,,,,,-2.376838950800978,52.16,,,,,,,"blend of 2 margin source(s) (fitted weights): fei, team_rankings; total from fei"
2026-11-14T00:00:00.000Z,11,Florida State,Pittsburgh,Acrisure Stadium,no,68400,,,,,,,,,0.9665729540112125,51.2,,,,,,,"blend of 2 margin source(s) (fitted weights): fei, team_rankings; total from fei"
2026-11-14T02:00:00.000Z,11,Illinois,UCLA,Rose Bowl,no,88565,,,,,,,,,-2.998799676966233,56.36,,,,,,,"blend of 2 margin source(s) (fitted weights): fei, team_rankings; total from fei"
2026-11-14T03:15:00.000Z,11,Houston,Colorado,Folsom Field,no,50183,,,,,,,,,-0.880862803282229,52.76,,,,,,,"blend of 2 margin source(s) (fitted weights): fei, team_rankings; total from fei"
2026-11-14T05:00:00.000Z,11,Minnesota,Penn State,Beaver Stadium,no,106572,,,,,,,,,9.206725940928479,51.8,,,,,,,"blend of 2 margin source(s) (fitted weights): fei, team_rankings; total from fei"
2026-11-14T05:00:00.000Z,11,Utah,Arizona,Arizona Stadium,no,50782,,,,,,,,,-2.9419280909512397,54.08,,,,,,,"blend of 2 margin source(s) (fitted weights): fei, team_rankings; total from fei"
2026-11-14T05:00:00.000Z,11,Michigan,Oregon,Autzen Stadium,no,54000,,,,,,,,,8.874932253560083,56.96,,,,,,,"blend of 2 margin source(s) (fitted weights): fei, team_rankings; total from fei"
2026-11-14T05:00:00.000Z,11,Missouri,Georgia,Sanford Stadium,no,92746,,,,,,,,,10.760536561980494,52.28,,,,,,,"blend of 2 margin source(s) (fitted weights): fei, team_rankings; total from fei"
2026-11-14T05:00:00.000Z,11,Georgia Tech,Clemson,"Memorial Stadium (Clemson, SC)",no,81500,,,,,,,,,6.450307694913445,52.400000000000006,,,,,,,"blend of 2 margin source(s) (fitted weights): fei, team_rankings; total from fei"
2026-11-14T05:00:00.000Z,11,Arizona State,UCF,FBC Mortgage Stadium,no,44206,,,,,,,,,-0.5052038711016771,49.4,,,,,,,"blend of 2 margin source(s) (fitted weights): fei, team_rankings; total from fei"
2026-11-14T05:00:00.000Z,11,UAB,Temple,Lincoln Financial Field,no,69879,,,,,,,,,3.418060667545087,58.4,,,,,,,"blend of 2 margin source(s) (fitted weights): fei, team_rankings; total from fei"
2026-11-14T05:00:00.000Z,11,Cincinnati,Iowa State,Jack Trice Stadium,no,61500,,,,,,,,,5.21763543130431,55.4,,,,,,,"blend of 2 margin source(s) (fitted weights): fei, team_rankings; total from fei"
2026-11-14T05:00:00.000Z,11,Duke,Miami,Hard Rock Stadium,no,64767,,,,,,,,,12.207151177169262,56.480000000000004,,,,,,,"blend of 2 margin source(s) (fitted weights): fei, team_rankings; total from fei"
2026-11-14T05:00:00.000Z,11,Nevada,Northern Illinois,Huskie Stadium,no,23595,,,,,,,,,3.5349491158155892,48.67999999999999,,,,,,,"blend of 2 margin source(s) (fitted weights): fei, team_rankings; total from fei"
2026-11-14T05:00:00.000Z,11,Southern Miss,Louisiana Tech,Joe Aillet Stadium,no,28019,,,,,,,,,3.927610137921052,48.08,,,,,,,"blend of 2 margin source(s) (fitted weights): fei, team_rankings; total from fei"
2026-11-14T05:00:00.000Z,11,North Texas,UTSA,Alamodome,yes,36582,,,,,,,,,1.3265617125075462,61.28,,,,,,,"blend of 2 margin source(s) (fitted weights): fei, team_rankings; total from fei"
2026-11-14T05:00:00.000Z,11,California,Virginia,Scott Stadium,no,61500,,,,,,,,,6.033447350402126,49.400000000000006,,,,,,,"blend of 2 margin source(s) (fitted weights): fei, team_rankings; total from fei"
2026-11-14T05:00:00.000Z,11,Florida Atlantic,Tulsa,Chapman Stadium,no,30000,,,,,,,,,2.145093671605098,53.24,,,,,,,"blend of 2 margin source(s) (fitted weights): fei, team_rankings; total from fei"
2026-11-14T05:00:00.000Z,11,USC,Indiana,"Memorial Stadium (Bloomington, IN)",no,52656,,,,,,,,,6.481648042281889,59.84,,,,,,,"blend of 2 margin source(s) (fitted weights): fei, team_rankings; total from fei"
2026-11-14T05:00:00.000Z,11,Arkansas State,Coastal Carolina,Brooks Stadium (SC),no,21000,,,,,,,,,4.495844554311828,51.32,,,,,,,"blend of 2 margin source(s) (fitted weights): fei, team_rankings; total from fei"
2026-11-14T05:00:00.000Z,11,Ole Miss,Oklahoma,"Memorial Stadium (Norman, OK)",no,86112,,,,,,,,,1.2715034864923782,52.76,,,,,,,"blend of 2 margin source(s) (fitted weights): fei, team_rankings; total from fei"
2026-11-14T05:00:00.000Z,11,Louisville,North Carolina,Kenan Stadium,no,50500,,,,,,,,,-5.5644557987708625,51.32,,,,,,,"blend of 2 margin source(s) (fitted weights): fei, team_rankings; total from fei"
2026-11-14T05:00:00.000Z,11,Texas Tech,Oklahoma State,Boone Pickens Stadium,no,55509,,,,,,,,,-10.167884565838566,44.6,,,,,,,"blend of 2 margin source(s) (fitted weights): fei, team_rankings; total from fei"
2026-11-14T05:00:00.000Z,11,South Carolina,Arkansas,Razorback Stadium,no,80000,,,,,,,,,1.1873435093493732,53.599999999999994,,,,,,,"blend of 2 margin source(s) (fitted weights): fei, team_rankings; total from fei"
2026-11-14T05:00:00.000Z,11,Wake Forest,SMU,Gerald J. Ford Stadium,no,32000,,,,,,,,,6.320894349199242,49.76,,,,,,,"blend of 2 margin source(s) (fitted weights): fei, team_rankings; total from fei"
2026-11-14T05:00:00.000Z,11,Auburn,Mississippi State,Davis Wade Stadium,no,61337,,,,,,,,,-0.6516193067407949,49.760000000000005,,,,,,,"blend of 2 margin source(s) (fitted weights): fei, team_rankings; total from fei"
2026-11-14T05:00:00.000Z,11,Alabama,Vanderbilt,FirstBank Stadium,no,40351,,,,,,,,,-3.588031932003993,60.08,,,,,,,"blend of 2 margin source(s) (fitted weights): fei, team_rankings; total from fei"
2026-11-14T05:00:00.000Z,11,Tennessee,Texas A&M,Kyle Field,no,102733,,,,,,,,,2.8861252347630972,55.04,,,,,,,"blend of 2 margin source(s) (fitted weights): fei, team_rankings; total from fei"
2026-11-14T05:00:00.000Z,11,Tulane,Rice,Rice Stadium,no,47000,,,,,,,,,-8.041474750951288,49.519999999999996,,,,,,,"blend of 2 margin source(s) (fitted weights): fei, team_rankings; total from fei"
2026-11-14T05:00:00.000Z,11,Wisconsin,Maryland,SECU Stadium,no,51802,,,,,,,,,0.909276131755445,43.64,,,,,,,"blend of 2 margin source(s) (fitted weights): fei, team_rankings; total from fei"
2026-11-14T05:00:00.000Z,11,Kansas,West Virginia,Milan Puskar Stadium,no,60000,,,,,,,,,-0.8692445858384352,58.28,,,,,,,"blend of 2 margin source(s) (fitted weights): fei, team_rankings; total from fei"
2026-11-14T05:00:00.000Z,11,East Carolina,Charlotte,Jerry Richardson Stadium,no,15300,,,,,,,,,-10.070718247492717,49.760000000000005,,,,,,,"blend of 2 margin source(s) (fitted weights): fei, team_rankings; total from fei"
2026-11-14T05:00:00.000Z,11,Purdue,Iowa,Kinnick Stadium,no,69250,,,,,,,,,10.642685226191723,44.96,,,,,,,"blend of 2 margin source(s) (fitted weights): fei, team_rankings; total from fei"
2026-11-14T05:00:00.000Z,11,Stanford,Virginia Tech,Lane Stadium,no,65632,,,,,,,,,4.220441009199284,51.2,,,,,,,"blend of 2 margin source(s) (fitted weights): fei, team_rankings; total from fei"
2026-11-14T05:00:00.000Z,11,Baylor,BYU,LaVell Edwards Stadium,no,63470,,,,,,,,,8.080599616868382,57.08,,,,,,,"blend of 2 margin source(s) (fitted weights): fei, team_rankings; total from fei"
2026-11-14T05:00:00.000Z,11,Northwestern,Ohio State,Ohio Stadium,no,102780,,,,,,,,,20.05730697446244,49.28,,,,,,,"blend of 2 margin source(s) (fitted weights): fei, team_rankings; total from fei"
2026-11-14T05:00:00.000Z,11,App State,Marshall,Joan C. Edwards Stadium,no,38016,,,,,,,,,5.433447350402129,53.36,,,,,,,"blend of 2 margin source(s) (fitted weights): fei, team_rankings; total from fei"
2026-11-14T05:00:00.000Z,11,Washington,Michigan State,Spartan Stadium,no,75005,,,,,,,,,-7.097581402379955,54.2,,,,,,,"blend of 2 margin source(s) (fitted weights): fei, team_rankings; total from fei"
2026-11-14T05:00:00.000Z,11,Kansas State,TCU,Amon G. Carter Stadium,no,46000,,,,,,,,,0.17986278604124353,53.6,,,,,,,"blend of 2 margin source(s) (fitted weights): fei, team_rankings; total from fei"
2026-11-14T05:00:00.000Z,11,Florida,Kentucky,Kroger Field,no,61000,,,,,,,,,2.4813083439363433,47.24,,,,,,,"blend of 2 margin source(s) (fitted weights): fei, team_rankings; total from fei"
2026-11-14T05:00:00.000Z,11,Troy,South Alabama,Hancock Whitney Stadium,no,25450,,,,,,,,,1.274648762732892,50,,,,,,,"blend of 2 margin source(s) (fitted weights): fei, team_rankings; total from fei"
2026-11-14T05:00:00.000Z,11,Wyoming,UTEP,Sun Bowl,no,51500,,,,,,,,,-1.865050884184413,44,,,,,,,"blend of 2 margin source(s) (fitted weights): fei, team_rankings; total from fei"
2026-11-14T05:00:00.000Z,11,Syracuse,NC State,Carter-Finley Stadium,no,58000,,,,,,,,,9.376434018973544,50.36,,,,,,,"blend of 2 margin source(s) (fitted weights): fei, team_rankings; total from fei"
2026-11-14T05:00:00.000Z,11,Texas,LSU,Tiger Stadium (LA),no,102321,,,,,,,,,-0.7555014138084499,48.44,,,,,,,"blend of 2 margin source(s) (fitted weights): fei, team_rankings; total from fei"
2026-11-14T05:00:00.000Z,11,Nebraska,Rutgers,SHI Stadium,no,52454,,,,,,,,,-0.082959654109234,59,,,,,,,"blend of 2 margin source(s) (fitted weights): fei, team_rankings; total from fei"
2026-11-14T05:00:00.000Z,11,Georgia Southern,Georgia State,Center Parc Stadium,no,25000,,,,,,,,,1.228522438672798,60.68,,,,,,,blend of 1 margin source(s) (fitted weights): fei; total from fei
2026-11-14T17:00:00.000Z,11,James Madison,UConn,Pratt & Whitney Stadium,no,40000,,,,,,,,,-6.6046087856881295,53.84,,,,,,,"blend of 2 margin source(s) (fitted weights): fei, team_rankings; total from fei"
2026-11-14T19:00:00.000Z,11,Kennesaw State,Sam Houston,Elliott T. Bowers Stadium,no,14000,,,,,,,,,-2.622659301026548,51.44,,,,,,,"blend of 2 margin source(s) (fitted weights): fei, team_rankings; total from fei"
2026-11-14T20:00:00.000Z,11,Florida International,Delaware,Delaware Stadium,no,22000,,,,,,,,,2.188522438672799,51.8,,,,,,,blend of 1 margin source(s) (fitted weights): fei; total from fei
2026-11-14T20:00:00.000Z,11,New Mexico State,Missouri State,Plaster Sports Complex,no,17337,,,,,,,,,5.458978589048673,54.92,,,,,,,"blend of 2 margin source(s) (fitted weights): fei, team_rankings; total from fei"
2026-11-14T20:30:00.000Z,11,Jacksonville State,Western Kentucky,Houchens Industries-L.T. Smith Stadium,no,22113,,,,,,,,,4.596581385138969,52.04,,,,,,,"blend of 2 margin source(s) (fitted weights): fei, team_rankings; total from fei"
2026-11-14T20:30:00.000Z,11,Middle Tennessee,Liberty,Williams Stadium (VA),no,25000,,,,,,,,,8.114178560477432,56.120000000000005,,,,,,,"blend of 2 margin source(s) (fitted weights): fei, team_rankings; total from fei"
2026-11-14T20:30:00.000Z,11,Boston College,Notre Dame,Notre Dame Stadium,no,80795,,,,,,,,,20.915652222131712,53.84,,,,,,,"blend of 2 margin source(s) (fitted weights): fei, team_rankings; total from fei"
2026-11-14T21:00:00.000Z,11,Fresno State,Texas State,Bobcat Stadium (TX),no,30000,,,,,,,,,2.0456887570186497,51.68,,,,,,,"blend of 2 margin source(s) (fitted weights): fei, team_rankings; total from fei"
2026-11-14T23:00:00.000Z,11,Oregon State,Boise State,Albertsons Stadium,no,36387,,,,,,,,,8.19029083265794,50.84,,,,,,,"blend of 2 margin source(s) (fitted weights): fei, team_rankings; total from fei"
2026-11-15T00:00:00.000Z,11,San José State,Air Force,Falcon Stadium,no,46692,,,,,,,,,5.815822071304483,59.6,,,,,,,"blend of 2 margin source(s) (fitted weights): fei, team_rankings; total from fei"
2026-11-15T00:30:00.000Z,11,UNLV,New Mexico,University Stadium (NM),no,39224,,,,,,,,,-0.16983967125198496,54.44,,,,,,,"blend of 2 margin source(s) (fitted weights): fei, team_rankings; total from fei"
2026-11-15T02:30:00.000Z,11,Utah State,San Diego State,Snapdragon Stadium,no,35000,,,,,,,,,4.095079619725508,49.040000000000006,,,,,,,"blend of 2 margin source(s) (fitted weights): fei, team_rankings; total from fei"
2026-11-15T03:30:00.000Z,11,Colorado State,Washington State,Gesa Field,no,32952,,,,,,,,,13.057930163635167,49.760000000000005,,,,,,,"blend of 2 margin source(s) (fitted weights): fei, team_rankings; total from fei"
2026-11-15T04:59:00.000Z,11,North Dakota State,Hawai'i,Clarence T.C. Ching Athletics Complex,no,15194,,,,,,,,,9.01287474799592,54.8,,,,,,,"blend of 2 margin source(s) (fitted weights): fei, team_rankings; total from fei"
2026-11-18T00:00:00.000Z,12,Eastern Michigan,Western Michigan,Waldo Stadium,no,30200,,,,,,,,,9.358525249048718,52.760000000000005,,,,,,,"blend of 2 margin source(s) (fitted weights): fei, team_rankings; total from fei"
2026-11-18T00:00:00.000Z,12,Miami (OH),Kent State,Dix Stadium,no,25319,,,,,,,,,-5.124302811853599,52.760000000000005,,,,,,,"blend of 2 margin source(s) (fitted weights): fei, team_rankings; total from fei"
2026-11-18T00:00:00.000Z,12,Ball State,Ohio,Peden Stadium,no,24000,,,,,,,,,11.006725940928483,50.72,,,,,,,"blend of 2 margin source(s) (fitted weights): fei, team_rankings; total from fei"
2026-11-18T05:00:00.000Z,12,Akron,Massachusetts,Warren McGuirk Alumni Stadium,no,17000,,,,,,,,,-4.233710536815968,52.64,,,,,,,"blend of 2 margin source(s) (fitted weights): fei, team_rankings; total from fei"
2026-11-18T05:00:00.000Z,12,Central Michigan,Buffalo,UB Stadium,no,30270,,,,,,,,,1.1752438481464433,45.08,,,,,,,"blend of 2 margin source(s) (fitted weights): fei, team_rankings; total from fei"
2026-11-20T00:30:00.000Z,12,Rice,Temple,Lincoln Financial Field,no,69879,,,,,,,,,4.519562432958552,52.64,,,,,,,"blend of 2 margin source(s) (fitted weights): fei, team_rankings; total from fei"
2026-11-20T23:00:00.000Z,12,Iowa State,UCF,FBC Mortgage Stadium,no,44206,,,,,,,,,-1.828808108093988,49.04,,,,,,,"blend of 2 margin source(s) (fitted weights): fei, team_rankings; total from fei"
2026-11-21T00:30:00.000Z,12,Clemson,Duke,Wallace Wade Stadium,no,40004,,,,,,,,,-1.6617638625303064,53.84,,,,,,,"blend of 2 margin source(s) (fitted weights): fei, team_rankings; total from fei"
2026-11-21T00:30:00.000Z,12,Bowling Green,Toledo,Glass Bowl,no,26038,,,,,,,,,11.210012962582589,44.72,,,,,,,"blend of 2 margin source(s) (fitted weights): fei, team_rankings; total from fei"
2026-11-21T01:00:00.000Z,12,Oregon,Michigan State,Spartan Stadium,no,75005,,,,,,,,,-14.197269807793589,55.879999999999995,,,,,,,"blend of 2 margin source(s) (fitted weights): fei, team_rankings; total from fei"
2026-11-21T01:00:00.000Z,12,UTEP,Air Force,Falcon Stadium,no,46692,,,,,,,,,10.491792598071402,56.6,,,,,,,"blend of 2 margin source(s) (fitted weights): fei, team_rankings; total from fei"
2026-11-21T05:00:00.000Z,12,Hawai'i,Nevada,Mackay Stadium,no,27000,,,,,,,,,-1.3143000014776807,50.36,,,,,,,"blend of 2 margin source(s) (fitted weights): fei, team_rankings; total from fei"
2026-11-21T05:00:00.000Z,12,Virginia Tech,Miami,Hard Rock Stadium,no,64767,,,,,,,,,14.883886638522494,53.12,,,,,,,"blend of 2 margin source(s) (fitted weights): fei, team_rankings; total from fei"
2026-11-21T05:00:00.000Z,12,Charlotte,Tulsa,Chapman Stadium,no,30000,,,,,,,,,7.080741362281977,49.28,,,,,,,"blend of 2 margin source(s) (fitted weights): fei, team_rankings; total from fei"
2026-11-21T05:00:00.000Z,12,Pittsburgh,Louisville,L&N Federal Credit Union Stadium,no,60000,,,,,,,,,3.321801029199152,45.68,,,,,,,"blend of 2 margin source(s) (fitted weights): fei, team_rankings; total from fei"
2026-11-21T05:00:00.000Z,12,NC State,Florida State,Doak Campbell Stadium,no,67277,,,,,,,,,4.220015772958506,55.76,,,,,,,"blend of 2 margin source(s) (fitted weights): fei, team_rankings; total from fei"
2026-11-21T05:00:00.000Z,12,Texas A&M,Oklahoma,"Memorial Stadium (Norman, OK)",no,86112,,,,,,,,,1.6212059437856032,46.88,,,,,,,"blend of 2 margin source(s) (fitted weights): fei, team_rankings; total from fei"
2026-11-21T05:00:00.000Z,12,Colorado,Cincinnati,Nippert Stadium,no,40000,,,,,,,,,6.333900690402082,55.519999999999996,,,,,,,"blend of 2 margin source(s) (fitted weights): fei, team_rankings; total from fei"
2026-11-21T05:00:00.000Z,12,Kentucky,Missouri,Memorial Stadium,no,71168,,,,,,,,,5.969859975665328,46.879999999999995,,,,,,,"blend of 2 margin source(s) (fitted weights): fei, team_rankings; total from fei"
2026-11-21T05:00:00.000Z,12,Ohio State,Nebraska,"Memorial Stadium (Lincoln, NE)",no,85458,,,,,,,,,-13.58922210283109,52.04,,,,,,,"blend of 2 margin source(s) (fitted weights): fei, team_rankings; total from fei"
2026-11-21T05:00:00.000Z,12,Rutgers,Penn State,Beaver Stadium,no,106572,,,,,,,,,12.2917925980714,59.12,,,,,,,"blend of 2 margin source(s) (fitted weights): fei, team_rankings; total from fei"
2026-11-21T05:00:00.000Z,12,Arkansas State,Louisiana Tech,Joe Aillet Stadium,no,28019,,,,,,,,,4.131803839575072,49.64,,,,,,,"blend of 2 margin source(s) (fitted weights): fei, team_rankings; total from fei"
2026-11-21T05:00:00.000Z,12,Wake Forest,Georgia Tech,Bobby Dodd Stadium,no,55000,,,,,,,,,2.263739272357064,52.04,,,,,,,"blend of 2 margin source(s) (fitted weights): fei, team_rankings; total from fei"
2026-11-21T05:00:00.000Z,12,Utah,TCU,Amon G. Carter Stadium,no,46000,,,,,,,,,-3.0614803717031207,55.4,,,,,,,"blend of 2 margin source(s) (fitted weights): fei, team_rankings; total from fei"
2026-11-21T05:00:00.000Z,12,Texas Tech,Baylor,McLane Stadium,no,45140,,,,,,,,,-5.630707005989046,49.28,,,,,,,"blend of 2 margin source(s) (fitted weights): fei, team_rankings; total from fei"
2026-11-21T05:00:00.000Z,12,UL Monroe,App State,Kidd Brewer Stadium,no,30000,,,,,,,,,6.632540670402213,54.44,,,,,,,"blend of 2 margin source(s) (fitted weights): fei, team_rankings; total from fei"
2026-11-21T05:00:00.000Z,12,Houston,West Virginia,Milan Puskar Stadium,no,60000,,,,,,,,,-0.06281228794381283,53,,,,,,,"blend of 2 margin source(s) (fitted weights): fei, team_rankings; total from fei"
2026-11-21T05:00:00.000Z,12,Iowa,Illinois,"Memorial Stadium (Champaign, IL)",no,60670,,,,,,,,,1.2746487627328955,47.120000000000005,,,,,,,"blend of 2 margin source(s) (fitted weights): fei, team_rankings; total from fei"
2026-11-21T05:00:00.000Z,12,Indiana,Washington,Husky Stadium,no,70138,,,,,,,,,-1.4674312258386117,53.36,,,,,,,"blend of 2 margin source(s) (fitted weights): fei, team_rankings; total from fei"
2026-11-21T05:00:00.000Z,12,BYU,Kansas,Memorial Stadium,no,47000,,,,,,,,,-1.916538597718282,60.56,,,,,,,"blend of 2 margin source(s) (fitted weights): fei, team_rankings; total from fei"
2026-11-21T05:00:00.000Z,12,Vanderbilt,Florida,Ben Hill Griffin Stadium,no,88548,,,,,,,,,-1.2802396141094978,57.92,,,,,,,"blend of 2 margin source(s) (fitted weights): fei, team_rankings; total from fei"
2026-11-21T05:00:00.000Z,12,Coastal Carolina,Louisiana,Cajun Field,no,41426,,,,,,,,,3.1073210263420292,52.879999999999995,,,,,,,"blend of 2 margin source(s) (fitted weights): fei, team_rankings; total from fei"
2026-11-21T05:00:00.000Z,12,Wisconsin,Purdue,Ross-Ade Stadium,no,57282,,,,,,,,,-0.9601203517032495,46.64,,,,,,,"blend of 2 margin source(s) (fitted weights): fei, team_rankings; total from fei"
2026-11-21T05:00:00.000Z,12,Oklahoma State,Arizona State,Mountain America Stadium,no,65870,,,,,,,,,9.047785607845658,50.12,,,,,,,"blend of 2 margin source(s) (fitted weights): fei, team_rankings; total from fei"
2026-11-21T05:00:00.000Z,12,Georgia Southern,Troy,Veterans Memorial Stadium (AL),no,30000,,,,,,,,,5.308522438672797,53.72,,,,,,,blend of 1 margin source(s) (fitted weights): fei; total from fei
2026-11-21T05:00:00.000Z,12,South Florida,Florida Atlantic,FAU Stadium,no,29419,,,,,,,,,-6.005515465688043,56,,,,,,,"blend of 2 margin source(s) (fitted weights): fei, team_rankings; total from fei"
2026-11-21T05:00:00.000Z,12,North Texas,Tulane,Yulman Stadium,no,30000,,,,,,,,,2.669406635665368,58.64,,,,,,,"blend of 2 margin source(s) (fitted weights): fei, team_rankings; total from fei"
2026-11-21T05:00:00.000Z,12,Arizona,Kansas State,Bill Snyder Family Stadium,no,50000,,,,,,,,,4.797629810552476,52.28,,,,,,,"blend of 2 margin source(s) (fitted weights): fei, team_rankings; total from fei"
2026-11-21T05:00:00.000Z,12,Northwestern,Minnesota,Huntington Bank Stadium,no,50850,,,,,,,,,4.373146997319429,48.92,,,,,,,"blend of 2 margin source(s) (fitted weights): fei, team_rankings; total from fei"
2026-11-21T05:00:00.000Z,12,Maryland,USC,Los Angeles Memorial Coliseum,no,77500,,,,,,,,,10.928800308748144,57.44,,,,,,,"blend of 2 margin source(s) (fitted weights): fei, team_rankings; total from fei"
2026-11-21T05:00:00.000Z,12,Arkansas,Texas,DKR-Texas Memorial Stadium,no,100119,,,,,,,,,9.409531518823453,55.760000000000005,,,,,,,"blend of 2 margin source(s) (fitted weights): fei, team_rankings; total from fei"
2026-11-21T05:00:00.000Z,12,UTSA,UAB,Protective Stadium,no,45000,,,,,,,,,-5.5971280623799995,57.92,,,,,,,"blend of 2 margin source(s) (fitted weights): fei, team_rankings; total from fei"
2026-11-21T05:00:00.000Z,12,North Carolina,Virginia,Scott Stadium,no,61500,,,,,,,,,8.09941506679312,52.16,,,,,,,"blend of 2 margin source(s) (fitted weights): fei, team_rankings; total from fei"
2026-11-21T05:00:00.000Z,12,Georgia,South Carolina,Williams-Brice Stadium,no,80250,,,,,,,,,-7.341700807642415,49.88,,,,,,,"blend of 2 margin source(s) (fitted weights): fei, team_rankings; total from fei"
2026-11-21T05:00:00.000Z,12,Georgia State,Marshall,Joan C. Edwards Stadium,no,38016,,,,,,,,,7.489554001830795,52.64,,,,,,,"blend of 2 margin source(s) (fitted weights): fei, team_rankings; total from fei"
2026-11-21T05:00:00.000Z,12,UCLA,Michigan,Michigan Stadium,no,107601,,,,,,,,,12.215680325890894,55.52,,,,,,,"blend of 2 margin source(s) (fitted weights): fei, team_rankings; total from fei"
2026-11-21T05:00:00.000Z,12,Stanford,California,California Memorial Stadium,no,62467,,,,,,,,,4.602390493860868,48.8,,,,,,,"blend of 2 margin source(s) (fitted weights): fei, team_rankings; total from fei"
2026-11-21T05:00:00.000Z,12,South Alabama,Southern Miss,M. M. Roberts Stadium,no,36000,,,,,,,,,0.17853086980055105,52.28,,,,,,,"blend of 2 margin source(s) (fitted weights): fei, team_rankings; total from fei"
2026-11-21T05:00:00.000Z,12,Syracuse,Boston College,"Alumni Stadium (Chestnut Hill, MA)",no,44500,,,,,,,,,2.0891287655900195,51.32,,,,,,,"blend of 2 margin source(s) (fitted weights): fei, team_rankings; total from fei"
2026-11-21T05:00:00.000Z,12,LSU,Tennessee,Neyland Stadium,no,102455,,,,,,,,,5.495702808898238,54.08,,,,,,,"blend of 2 margin source(s) (fitted weights): fei, team_rankings; total from fei"
2026-11-21T17:00:00.000Z,12,East Carolina,Army,Michie Stadium,no,38000,,,,,,,,,1.672693657319479,51.44,,,,,,,"blend of 2 margin source(s) (fitted weights): fei, team_rankings; total from fei"
2026-11-21T17:00:00.000Z,12,Memphis,Navy,Navy-Marine Corps Memorial Stadium,no,34000,,,,,,,,,2.2503076949134453,55.88,,,,,,,"blend of 2 margin source(s) (fitted weights): fei, team_rankings; total from fei"
2026-11-21T18:00:00.000Z,12,Western Kentucky,Liberty,Williams Stadium (VA),no,25000,,,,,,,,,0.9083694517555344,55.52,,,,,,,"blend of 2 margin source(s) (fitted weights): fei, team_rankings; total from fei"
2026-11-21T19:00:00.000Z,12,Missouri State,Jacksonville State,AmFirst Stadium,no,24000,,,,,,,,,4.5074627717556215,56.120000000000005,,,,,,,"blend of 2 margin source(s) (fitted weights): fei, team_rankings; total from fei"
2026-11-21T19:00:00.000Z,12,Middle Tennessee,Sam Houston,Elliott T. Bowers Stadium,no,14000,,,,,,,,,1.184198233108856,51.08,,,,,,,"blend of 2 margin source(s) (fitted weights): fei, team_rankings; total from fei"
2026-11-21T20:00:00.000Z,12,Delaware,New Mexico State,Aggie Memorial Stadium,no,28853,,,,,,,,,1.8142066642366124,52.519999999999996,,,,,,,"blend of 2 margin source(s) (fitted weights): fei, team_rankings; total from fei"
2026-11-21T20:00:00.000Z,12,Florida International,Kennesaw State,Fifth Third Stadium,no,11040,,,,,,,,,5.068522438672798,51.08,,,,,,,blend of 1 margin source(s) (fitted weights): fei; total from fei
2026-11-21T20:30:00.000Z,12,Old Dominion,UConn,Pratt & Whitney Stadium,no,40000,,,,,,,,,-3.3520726467407536,51.32,,,,,,,"blend of 2 margin source(s) (fitted weights): fei, team_rankings; total from fei"
2026-11-21T21:00:00.000Z,12,Northern Illinois,North Dakota State,Fargodome,yes,18700,,,,,,,,,-1.0394341076426343,53.120000000000005,,,,,,,"blend of 2 margin source(s) (fitted weights): fei, team_rankings; total from fei"
2026-11-21T23:00:00.000Z,12,Washington State,Texas State,Bobcat Stadium (TX),no,30000,,,,,,,,,-2.832236875161686,53.84,,,,,,,"blend of 2 margin source(s) (fitted weights): fei, team_rankings; total from fei"
2026-11-22T00:00:00.000Z,12,UNLV,San José State,CEFCU Stadium,no,30456,,,,,,,,,-1.1893638482446838,54.92,,,,,,,"blend of 2 margin source(s) (fitted weights): fei, team_rankings; total from fei"
2026-11-22T00:30:00.000Z,12,SMU,Notre Dame,Notre Dame Stadium,no,80795,,,,,,,,,12.152092951154092,53.239999999999995,,,,,,,"blend of 2 margin source(s) (fitted weights): fei, team_rankings; total from fei"
2026-11-22T00:30:00.000Z,12,Colorado State,Fresno State,Valley Children's Stadium,no,41031,,,,,,,,,8.180004531454834,47.599999999999994,,,,,,,"blend of 2 margin source(s) (fitted weights): fei, team_rankings; total from fei"
2026-11-22T02:00:00.000Z,12,New Mexico,Wyoming,War Memorial Stadium,no,29181,,,,,,,,,1.2666010577703934,46.519999999999996,,,,,,,"blend of 2 margin source(s) (fitted weights): fei, team_rankings; total from fei"
2026-11-22T02:30:00.000Z,12,San Diego State,Boise State,Albertsons Stadium,no,36387,,,,,,,,,6.418967347545001,45.92,,,,,,,"blend of 2 margin source(s) (fitted weights): fei, team_rankings; total from fei"
2026-11-22T03:30:00.000Z,12,Utah State,Oregon State,Reser Stadium,no,43363,,,,,,,,,2.323756134612574,53.96,,,,,,,"blend of 2 margin source(s) (fitted weights): fei, team_rankings; total from fei"
2026-11-24T05:00:00.000Z,13,Miami (OH),Western Michigan,Waldo Stadium,no,30200,,,,,,,,,4.330613668747974,46.519999999999996,,,,,,,"blend of 2 margin source(s) (fitted weights): fei, team_rankings; total from fei"
2026-11-25T00:00:00.000Z,13,Kent State,Eastern Michigan,Rynearson Stadium,no,30200,,,,,,,,,5.193436108898454,59,,,,,,,"blend of 2 margin source(s) (fitted weights): fei, team_rankings; total from fei"
2026-11-27T01:00:00.000Z,13,TCU,Texas Tech,Jones AT&T Stadium,no,60454,,,,,,,,,7.45730697446244,47.24,,,,,,,"blend of 2 margin source(s) (fitted weights): fei, team_rankings; total from fei"
2026-11-27T05:00:00.000Z,13,Florida Atlantic,East Carolina,Dowdy-Ficklen Stadium,no,50000,,,,,,,,,10.232115434161436,53.72,,,,,,,"blend of 2 margin source(s) (fitted weights): fei, team_rankings; total from fei"
2026-11-27T05:00:00.000Z,13,Tulane,South Florida,Raymond James Stadium,no,65828,,,,,,,,,2.5597154198758143,53.12,,,,,,,"blend of 2 margin source(s) (fitted weights): fei, team_rankings; total from fei"
2026-11-27T05:00:00.000Z,13,Temple,Memphis,Simmons Bank Liberty Stadium,no,58325,,,,,,,,,10.483744893108902,56.480000000000004,,,,,,,"blend of 2 margin source(s) (fitted weights): fei, team_rankings; total from fei"
2026-11-27T17:00:00.000Z,13,Toledo,Ohio,Peden Stadium,no,24000,,,,,,,,,-0.11968387395880187,50.72,,,,,,,"blend of 2 margin source(s) (fitted weights): fei, team_rankings; total from fei"
2026-11-27T17:00:00.000Z,13,Nebraska,Iowa,Kinnick Stadium,no,69250,,,,,,,,,7.47479050814649,45.08,,,,,,,"blend of 2 margin source(s) (fitted weights): fei, team_rankings; total from fei"
2026-11-27T17:00:00.000Z,13,Mississippi State,Ole Miss,Vaught-Hemingway Stadium,no,64038,,,,,,,,,10.272835402733072,58.28,,,,,,,"blend of 2 margin source(s) (fitted weights): fei, team_rankings; total from fei"
2026-11-27T17:00:00.000Z,13,Buffalo,Akron,InfoCision Stadium,no,30000,,,,,,,,,-0.29834633696627444,45.44,,,,,,,"blend of 2 margin source(s) (fitted weights): fei, team_rankings; total from fei"
2026-11-27T20:00:00.000Z,13,App State,South Alabama,Hancock Whitney Stadium,no,25450,,,,,,,,,3.4579301636351687,57.68,,,,,,,"blend of 2 margin source(s) (fitted weights): fei, team_rankings; total from fei"
2026-11-27T20:30:00.000Z,13,Florida,Florida State,Doak Campbell Stadium,no,67277,,,,,,,,,5.732512566643031,53.72,,,,,,,"blend of 2 margin source(s) (fitted weights): fei, team_rankings; total from fei"
2026-11-27T20:30:00.000Z,13,North Dakota State,San José State,CEFCU Stadium,no,30456,,,,,,,,,8.69856459431157,53.96,,,,,,,"blend of 2 margin source(s) (fitted weights): fei, team_rankings; total from fei"
2026-11-28T00:30:00.000Z,13,Minnesota,Wisconsin,Camp Randall Stadium,no,80321,,,,,,,,,2.435685946642727,45.56,,,,,,,"blend of 2 margin source(s) (fitted weights): fei, team_rankings; total from fei"
2026-11-28T00:30:00.000Z,13,Texas,Texas A&M,Kyle Field,no,102733,,,,,,,,,2.5292817525072806,49.4,,,,,,,"blend of 2 margin source(s) (fitted weights): fei, team_rankings; total from fei"
2026-11-28T02:00:00.000Z,13,West Virginia,Utah,Rice-Eccles Stadium,no,51444,,,,,,,,,13.77972104062765,53.599999999999994,,,,,,,"blend of 2 margin source(s) (fitted weights): fei, team_rankings; total from fei"
2026-11-28T05:00:00.000Z,13,Penn State,Maryland,SECU Stadium,no,51802,,,,,,,,,-5.861763862530301,49.879999999999995,,,,,,,"blend of 2 margin source(s) (fitted weights): fei, team_rankings; total from fei"
2026-11-28T05:00:00.000Z,13,Michigan State,Rutgers,SHI Stadium,no,52454,,,,,,,,,2.5641926123570205,59.12,,,,,,,"blend of 2 margin source(s) (fitted weights): fei, team_rankings; total from fei"
2026-11-28T05:00:00.000Z,13,Marshall,UL Monroe,Malone Stadium,no,27617,,,,,,,,,-4.4204207047859425,49.879999999999995,,,,,,,"blend of 2 margin source(s) (fitted weights): fei, team_rankings; total from fei"
2026-11-28T05:00:00.000Z,13,Pittsburgh,California,California Memorial Stadium,no,62467,,,,,,,,,-2.725209491853514,47.36,,,,,,,"blend of 2 margin source(s) (fitted weights): fei, team_rankings; total from fei"
2026-11-28T05:00:00.000Z,13,Georgia Tech,Georgia,Sanford Stadium,no,92746,,,,,,,,,15.18306426980012,57.32,,,,,,,"blend of 2 margin source(s) (fitted weights): fei, team_rankings; total from fei"
2026-11-28T05:00:00.000Z,13,SMU,Stanford,Stanford Stadium,no,50424,,,,,,,,,-6.165787715011554,50.84,,,,,,,"blend of 2 margin source(s) (fitted weights): fei, team_rankings; total from fei"
2026-11-28T05:00:00.000Z,13,Army,Rice,Rice Stadium,no,47000,,,,,,,,,-6.306394041928776,50.120000000000005,,,,,,,"blend of 2 margin source(s) (fitted weights): fei, team_rankings; total from fei"
2026-11-28T05:00:00.000Z,13,Duke,Wake Forest,Allegacy Federal Credit Union Stadium,no,31500,,,,,,,,,3.141806649950987,53.480000000000004,,,,,,,"blend of 2 margin source(s) (fitted weights): fei, team_rankings; total from fei"
2026-11-28T05:00:00.000Z,13,NC State,North Carolina,Kenan Stadium,no,50500,,,,,,,,,-4.701633358620384,54.68,,,,,,,"blend of 2 margin source(s) (fitted weights): fei, team_rankings; total from fei"
2026-11-28T05:00:00.000Z,13,Coastal Carolina,James Madison,Bridgeforth Stadium,no,24877,,,,,,,,,12.22687330709391,50.96,,,,,,,"blend of 2 margin source(s) (fitted weights): fei, team_rankings; total from fei"
2026-11-28T05:00:00.000Z,13,South Carolina,Clemson,"Memorial Stadium (Clemson, SC)",no,81500,,,,,,,,,3.705989110101338,44.959999999999994,,,,,,,"blend of 2 margin source(s) (fitted weights): fei, team_rankings; total from fei"
2026-11-28T05:00:00.000Z,13,Cincinnati,BYU,LaVell Edwards Stadium,no,63470,,,,,,,,,7.464022763184249,58.04,,,,,,,"blend of 2 margin source(s) (fitted weights): fei, team_rankings; total from fei"
2026-11-28T05:00:00.000Z,13,UTEP,Northern Illinois,Huskie Stadium,no,23595,,,,,,,,,4.662407356116374,48.08,,,,,,,"blend of 2 margin source(s) (fitted weights): fei, team_rankings; total from fei"
2026-11-28T05:00:00.000Z,13,Auburn,Alabama,Bryant-Denny Stadium,no,101821,,,,,,,,,9.531803839575069,49.519999999999996,,,,,,,"blend of 2 margin source(s) (fitted weights): fei, team_rankings; total from fei"
2026-11-28T05:00:00.000Z,13,Virginia,Virginia Tech,Lane Stadium,no,65632,,,,,,,,,-1.3183519577181089,51.8,,,,,,,"blend of 2 margin source(s) (fitted weights): fei, team_rankings; total from fei"
2026-11-28T05:00:00.000Z,13,Kansas State,Iowa State,Jack Trice Stadium,no,61500,,,,,,,,,0.19510772348468716,51.44,,,,,,,"blend of 2 margin source(s) (fitted weights): fei, team_rankings; total from fei"
2026-11-28T05:00:00.000Z,13,Kansas,Oklahoma State,Boone Pickens Stadium,no,55509,,,,,,,,,-3.055671262981225,57.44,,,,,,,"blend of 2 margin source(s) (fitted weights): fei, team_rankings; total from fei"
2026-11-28T05:00:00.000Z,13,Washington,Oregon,Autzen Stadium,no,54000,,,,,,,,,9.648210844086435,56.96,,,,,,,"blend of 2 margin source(s) (fitted weights): fei, team_rankings; total from fei"
2026-11-28T05:00:00.000Z,13,USC,UCLA,Rose Bowl,no,88565,,,,,,,,,-6.428184918921256,62,,,,,,,"blend of 2 margin source(s) (fitted weights): fei, team_rankings; total from fei"
2026-11-28T05:00:00.000Z,13,Southern Miss,Old Dominion,S.B. Ballard Stadium,no,20118,,,,,,,,,10.717465582131542,45.8,,,,,,,"blend of 2 margin source(s) (fitted weights): fei, team_rankings; total from fei"
2026-11-28T05:00:00.000Z,13,Boston College,Miami,Hard Rock Stadium,no,64767,,,,,,,,,16.605054326342245,53.36,,,,,,,"blend of 2 margin source(s) (fitted weights): fei, team_rankings; total from fei"
2026-11-28T05:00:00.000Z,13,Arizona State,Arizona,Arizona Stadium,no,50782,,,,,,,,,3.9764340189735425,51.44,,,,,,,"blend of 2 margin source(s) (fitted weights): fei, team_rankings; total from fei"
2026-11-28T05:00:00.000Z,13,Louisiana,Georgia State,Center Parc Stadium,no,25000,,,,,,,,,-0.3489273705002358,54.92,,,,,,,"blend of 2 margin source(s) (fitted weights): fei, team_rankings; total from fei"
2026-11-28T05:00:00.000Z,13,Navy,Charlotte,Jerry Richardson Stadium,no,15300,,,,,,,,,-9.948020690500325,52.88,,,,,,,"blend of 2 margin source(s) (fitted weights): fei, team_rankings; total from fei"
2026-11-28T05:00:00.000Z,13,UAB,North Texas,DATCU Stadium,no,30850,,,,,,,,,11.916133665890854,62.480000000000004,,,,,,,"blend of 2 margin source(s) (fitted weights): fei, team_rankings; total from fei"
2026-11-28T05:00:00.000Z,13,Purdue,Indiana,"Memorial Stadium (Bloomington, IN)",no,52656,,,,,,,,,16.731322395815937,52.040000000000006,,,,,,,"blend of 2 margin source(s) (fitted weights): fei, team_rankings; total from fei"
2026-11-28T05:00:00.000Z,13,UCF,Colorado,Folsom Field,no,50183,,,,,,,,,0.47136174107878703,49.160000000000004,,,,,,,"blend of 2 margin source(s) (fitted weights): fei, team_rankings; total from fei"
2026-11-28T05:00:00.000Z,13,Oklahoma,Missouri,Memorial Stadium,no,71168,,,,,,,,,-0.3265414080942012,46.04,,,,,,,"blend of 2 margin source(s) (fitted weights): fei, team_rankings; total from fei"
2026-11-28T05:00:00.000Z,13,Baylor,Houston,TDECU Stadium,no,40000,,,,,,,,,2.8091062825826763,56.84,,,,,,,"blend of 2 margin source(s) (fitted weights): fei, team_rankings; total from fei"
2026-11-28T05:00:00.000Z,13,Illinois,Northwestern,Ryan Field,no,35000,,,,,,,,,-2.4749119491467377,52.160000000000004,,,,,,,"blend of 2 margin source(s) (fitted weights): fei, team_rankings; total from fei"
2026-11-28T05:00:00.000Z,13,Tennessee,Vanderbilt,FirstBank Stadium,no,40351,,,,,,,,,-0.44161649636487854,62.96,,,,,,,"blend of 2 margin source(s) (fitted weights): fei, team_rankings; total from fei"
2026-11-28T05:00:00.000Z,13,UConn,Wyoming,War Memorial Stadium,no,29181,,,,,,,,,2.1921041926577605,50.120000000000005,,,,,,,"blend of 2 margin source(s) (fitted weights): fei, team_rankings; total from fei"
2026-11-28T05:00:00.000Z,13,Louisville,Kentucky,Kroger Field,no,61000,,,,,,,,,0.10598911010133655,45.92,,,,,,,"blend of 2 margin source(s) (fitted weights): fei, team_rankings; total from fei"
2026-11-28T05:00:00.000Z,13,LSU,Arkansas,Razorback Stadium,no,80000,,,,,,,,,-1.0084627889966042,55.879999999999995,,,,,,,"blend of 2 margin source(s) (fitted weights): fei, team_rankings; total from fei"
2026-11-28T05:00:00.000Z,13,Louisiana Tech,Georgia Southern,Allen E. Paulson Stadium,no,25000,,,,,,,,,2.068522438672798,56.959999999999994,,,,,,,blend of 1 margin source(s) (fitted weights): fei; total from fei
2026-11-28T05:00:00.000Z,13,Tulsa,UTSA,Alamodome,yes,36582,,,,,,,,,10.151951205740502,53,,,,,,,"blend of 2 margin source(s) (fitted weights): fei, team_rankings; total from fei"
2026-11-28T05:00:00.000Z,13,Notre Dame,Syracuse,JMA Wireless Dome,yes,49057,,,,,,,,,-15.359213671703337,49.64,,,,,,,"blend of 2 margin source(s) (fitted weights): fei, team_rankings; total from fei"
2026-11-28T17:00:00.000Z,13,Michigan,Ohio State,Ohio Stadium,no,102780,,,,,,,,,10.914036815063842,53.24,,,,,,,"blend of 2 margin source(s) (fitted weights): fei, team_rankings; total from fei"
2026-11-28T17:00:00.000Z,13,Massachusetts,Bowling Green,Doyt L. Perry Stadium,no,24000,,,,,,,,,12.026731561680318,48.92,,,,,,,"blend of 2 margin source(s) (fitted weights): fei, team_rankings; total from fei"
2026-11-28T17:00:00.000Z,13,Central Michigan,Ball State,Scheumann Stadium,no,22500,,,,,,,,,-1.4405680709513708,48.08,,,,,,,"blend of 2 margin source(s) (fitted weights): fei, team_rankings; total from fei"
2026-11-28T18:00:00.000Z,13,Kennesaw State,Western Kentucky,Houchens Industries-L.T. Smith Stadium,no,22113,,,,,,,,,5.947474013259293,53.6,,,,,,,"blend of 2 margin source(s) (fitted weights): fei, team_rankings; total from fei"
2026-11-28T19:00:00.000Z,13,Liberty,Missouri State,Plaster Sports Complex,no,17337,,,,,,,,,0.18167614604106835,59.599999999999994,,,,,,,"blend of 2 margin source(s) (fitted weights): fei, team_rankings; total from fei"
2026-11-28T19:00:00.000Z,13,Sam Houston,Florida International,Pitbull Stadium,no,20000,,,,,,,,,5.068522438672798,47.959999999999994,,,,,,,blend of 1 margin source(s) (fitted weights): fei; total from fei
2026-11-28T19:00:00.000Z,13,New Mexico State,Middle Tennessee,"Johnny ""Red"" Floyd Stadium",no,30788,,,,,,,,,2.2601687598757723,51.44,,,,,,,"blend of 2 margin source(s) (fitted weights): fei, team_rankings; total from fei"
2026-11-28T20:00:00.000Z,13,Troy,Arkansas State,Centennial Bank Stadium,no,30382,,,,,,,,,-1.2995365077933732,46.400000000000006,,,,,,,"blend of 2 margin source(s) (fitted weights): fei, team_rankings; total from fei"
2026-11-28T20:30:00.000Z,13,Jacksonville State,Delaware,Delaware Stadium,no,22000,,,,,,,,,-1.5865582703497134,53.72,,,,,,,"blend of 2 margin source(s) (fitted weights): fei, team_rankings; total from fei"
2026-11-28T21:30:00.000Z,13,Air Force,New Mexico,University Stadium (NM),no,39224,,,,,,,,,0.3007469830338095,59.120000000000005,,,,,,,"blend of 2 margin source(s) (fitted weights): fei, team_rankings; total from fei"
2026-11-29T02:00:00.000Z,13,Nevada,UNLV,Allegiant Stadium,yes,65000,,,,,,,,,9.834921012056409,52.519999999999996,,,,,,,"blend of 2 margin source(s) (fitted weights): fei, team_rankings; total from fei"
2026-11-29T04:00:00.000Z,13,Sacramento State,Hawai'i,Clarence T.C. Ching Athletics Complex,no,15194,,,,,,,,,9.409106282582673,54.8,,,,,,,"blend of 2 margin source(s) (fitted weights): fei, team_rankings; total from fei"
2026-12-12T20:00:00.000Z,15,Navy,Army,MetLife Stadium,no,82500,,,,,,,,,1.795391214311873,54.56,,,,,,,"blend of 2 margin source(s) (fitted weights): fei, team_rankings; total from fei"
