kickoff_utc,week,away_team,home_team,venue,dome,capacity,wind_mph,wind_dir,temp_f,precip_pct,away_talent,home_talent,market_spread_home,market_total,model_margin_adjusted,model_total,ats_pick,ats_confidence,total_pick,total_confidence,ml_pick,ml_edge,adjustment_notes
2026-08-29T16:00:00.000Z,1,North Carolina,TCU,Aviva Stadium,no,51700,1.8,ESE,62.8,84,767.89,730.79,-8.5,46.5,5.743312291532975,55.160000000000004,away,medium,over,high,away,-0.09335600476065542,"blend of 5 margin source(s) (fitted weights): espn_fpi, sagarin_predictor, sagarin_rating, fei, team_rankings; total from fei"
2026-08-29T19:00:00.000Z,1,San José State,USC,Los Angeles Memorial Coliseum,no,77500,4.9,SW,94.9,0,569.25,899,-38.5,60.5,27.243768364607018,60.08,away,high,under,low,,-0.025059127000899184,"blend of 5 margin source(s) (fitted weights): espn_fpi, sagarin_predictor, sagarin_rating, fei, team_rankings; total from fei"
2026-08-29T19:30:00.000Z,1,NC State,Virginia,Scott Stadium,no,61500,3.6,ENE,81.2,0,757.14,700.18,-4,51,8.308449207122294,51.08,home,high,over,low,home,0.12710061786566507,"blend of 5 margin source(s) (fitted weights): espn_fpi, sagarin_predictor, sagarin_rating, fei, team_rankings; total from fei"
2026-08-29T21:30:00.000Z,1,Jacksonville State,North Dakota State,Fargodome,yes,18700,,,,,602.83,515.59,-7,46.5,8.228436422846176,53.72,home,medium,over,high,,-0.040451670530661676,"blend of 5 margin source(s) (fitted weights): espn_fpi, sagarin_predictor, sagarin_rating, fei, team_rankings; total from fei"
2026-08-29T22:30:00.000Z,1,Sacramento State,Eastern Michigan,Rynearson Stadium,no,30200,8.3,SW,81,1,561.42,580.64,-8.5,52.5,7.417320365377375,57.56,away,medium,over,medium,away,-0.0692561624836594,"blend of 5 margin source(s) (fitted weights): espn_fpi, sagarin_predictor, sagarin_rating, fei, team_rankings; total from fei"
2026-08-29T23:00:00.000Z,1,Hawai'i,Stanford,Stanford Stadium,no,50424,9.1,NNW,81.1,0,556.82,705.81,-4.5,48.5,5.9041800738601244,50.480000000000004,home,medium,over,low,,0.007036089969451931,"blend of 5 margin source(s) (fitted weights): espn_fpi, sagarin_predictor, sagarin_rating, fei, team_rankings; total from fei"
2026-08-29T23:00:00.000Z,1,New Mexico State,Florida State,Doak Campbell Stadium,no,67277,5.1,SE,84.9,6,460.38,800.2,-30.5,53.5,23.988426904443987,53.480000000000004,away,high,under,low,,-0.02077937119305262,"blend of 5 margin source(s) (fitted weights): espn_fpi, sagarin_predictor, sagarin_rating, fei, team_rankings; total from fei"
2026-08-30T02:00:00.000Z,1,Memphis,UNLV,Allegiant Stadium,yes,65000,,,,,670.31,696.03,-4,55.5,1.6423203505742299,56.6,away,medium,over,low,away,-0.07556065532819489,"blend of 5 margin source(s) (fitted weights): espn_fpi, sagarin_predictor, sagarin_rating, fei, team_rankings; total from fei"
2026-09-03T22:00:00.000Z,1,Massachusetts,Rutgers,SHI Stadium,no,52454,7.7,W,85.7,37,525.94,709.04,-28.5,51.5,24.268584334160497,60.56,away,high,over,high,,-0.02249478170242214,"blend of 5 margin source(s) (fitted weights): espn_fpi, sagarin_predictor, sagarin_rating, fei, team_rankings; total from fei"
2026-09-03T23:00:00.000Z,1,Akron,Wake Forest,Allegacy Federal Credit Union Stadium,no,31500,11.2,SSW,95.2,3,546.84,680.87,-24.5,48.5,21.39269734890631,47.24,away,high,under,low,,-0.02627678451476323,"blend of 5 margin source(s) (fitted weights): espn_fpi, sagarin_predictor, sagarin_rating, fei, team_rankings; total from fei"
2026-09-04T00:00:00.000Z,1,Colorado,Georgia Tech,Bobby Dodd Stadium,no,55000,9,SSE,84.5,10,731.62,751.65,-6.5,50.5,4.583252617214527,54.68,away,medium,over,medium,away,-0.08742762363402912,"blend of 5 margin source(s) (fitted weights): espn_fpi, sagarin_predictor, sagarin_rating, fei, team_rankings; total from fei"
2026-09-04T01:00:00.000Z,1,UAB,Illinois,"Memorial Stadium (Champaign, IL)",no,60670,5.1,E,81.7,2,606.18,704.01,-28.5,57,23.715599572193067,58.04,away,high,over,low,,-0.023642324668992853,"blend of 5 margin source(s) (fitted weights): espn_fpi, sagarin_predictor, sagarin_rating, fei, team_rankings; total from fei"
2026-09-04T22:30:00.000Z,1,San José State,Eastern Michigan,Rynearson Stadium,no,30200,6.1,SSE,83.8,15,569.25,580.64,-3.5,54.5,0.29722760480041854,54.68,away,high,over,low,away,-0.11505589867207888,"blend of 5 margin source(s) (fitted weights): espn_fpi, sagarin_predictor, sagarin_rating, fei, team_rankings; total from fei"
2026-09-05T00:00:00.000Z,1,UTEP,Oklahoma,"Memorial Stadium (Norman, OK)",no,86112,11.2,SSE,89,3,585.76,851.14,-41.5,51,34.05220259067341,44.599999999999994,away,high,under,high,,,"blend of 5 margin source(s) (fitted weights): espn_fpi, sagarin_predictor, sagarin_rating, fei, team_rankings; total from fei"
2026-09-05T00:00:00.000Z,1,Toledo,Michigan State,Spartan Stadium,no,75005,9.5,NE,71.8,13,556.26,685.02,-10,47.5,6.81830918242332,50.36,away,high,over,medium,away,-0.11183453578744074,"blend of 5 margin source(s) (fitted weights): espn_fpi, sagarin_predictor, sagarin_rating, fei, team_rankings; total from fei"
2026-09-05T01:00:00.000Z,1,Miami,Stanford,Stanford Stadium,no,50424,10.4,WNW,69,0,885.94,705.81,24.5,47.5,-18.326481053864473,50,home,high,over,medium,home,0.07228243830517642,"blend of 5 margin source(s) (fitted weights): espn_fpi, sagarin_predictor, sagarin_rating, fei, team_rankings; total from fei"
2026-09-05T01:00:00.000Z,1,Fresno State,USC,Los Angeles Memorial Coliseum,no,77500,9.9,S,78.8,3,609.75,899,-22.5,51.5,20.18590263757455,56.480000000000004,away,medium,over,medium,,-0.034659431624828985,"blend of 5 margin source(s) (fitted weights): espn_fpi, sagarin_predictor, sagarin_rating, fei, team_rankings; total from fei"
2026-09-05T16:00:00.000Z,1,North Texas,Indiana,"Memorial Stadium (Bloomington, IN)",no,52656,7.4,ESE,73.7,15,602.08,735.26,-40.5,55.5,28.774171203448223,58.64,away,high,over,medium,,,"blend of 5 margin source(s) (fitted weights): espn_fpi, sagarin_predictor, sagarin_rating, fei, team_rankings; total from fei"
2026-09-05T16:00:00.000Z,1,Liberty,James Madison,Bridgeforth Stadium,no,24877,6.1,NNE,81.1,15,633.35,588.31,-6.5,52.5,9.090453007663289,53.96,home,medium,over,low,,0.02424171736603642,"blend of 5 margin source(s) (fitted weights): espn_fpi, sagarin_predictor, sagarin_rating, fei, team_rankings; total from fei"
2026-09-05T16:00:00.000Z,1,Ohio,Nebraska,"Memorial Stadium (Lincoln, NE)",no,85458,9.1,SSW,94,11,522.84,787.45,-24.5,47.5,17.358662528908496,53.36,away,high,over,medium,away,-0.07009576939961548,"blend of 5 margin source(s) (fitted weights): espn_fpi, sagarin_predictor, sagarin_rating, fei, team_rankings; total from fei"
2026-09-05T16:00:00.000Z,1,East Carolina,Alabama,Bryant-Denny Stadium,no,101821,4.1,W,86.6,6,623.79,973.53,-28.5,53.5,22.3376998509838,52.040000000000006,away,high,under,low,,-0.049788667947541554,"blend of 5 margin source(s) (fitted weights): espn_fpi, sagarin_predictor, sagarin_rating, fei, team_rankings; total from fei"
2026-09-05T16:00:00.000Z,1,Coastal Carolina,West Virginia,Milan Puskar Stadium,no,60000,4.1,NNW,76.6,9,573.96,707.6,-21.5,56.5,14.356437757516193,51.68,away,high,under,medium,home,0.32904938981460696,"blend of 5 margin source(s) (fitted weights): espn_fpi, sagarin_predictor, sagarin_rating, fei, team_rankings; total from fei"
2026-09-05T16:00:00.000Z,1,Oregon State,Houston,TDECU Stadium,no,40000,3.2,SSE,90.2,9,635.79,695.93,-21,51.5,15.874381209936956,53.239999999999995,away,high,over,low,,-0.045098555183232136,"blend of 5 margin source(s) (fitted weights): espn_fpi, sagarin_predictor, sagarin_rating, fei, team_rankings; total from fei"
2026-09-05T16:30:00.000Z,1,Ball State,Ohio State,Ohio Stadium,no,102780,6.5,NNE,79.6,16,563.88,964.27,-51,56.5,45.65075459396193,49.4,away,high,under,high,,,"blend of 5 margin source(s) (fitted weights): espn_fpi, sagarin_predictor, sagarin_rating, fei, team_rankings; total from fei"
2026-09-05T16:30:00.000Z,1,Miami (OH),Pittsburgh,Acrisure Stadium,no,68400,5.2,N,77.2,8,621.37,675.02,-16,49.5,16.13628247651505,45.56,home,low,under,medium,,-0.004060648561764357,"blend of 5 margin source(s) (fitted weights): espn_fpi, sagarin_predictor, sagarin_rating, fei, team_rankings; total from fei"
2026-09-05T16:45:00.000Z,1,Kent State,South Carolina,Williams-Brice Stadium,no,80250,6.7,NW,100,3,522.83,862.87,-36.5,53,29.667823737341656,51.44,away,high,under,low,home,0.4681475723826487,"blend of 5 margin source(s) (fitted weights): espn_fpi, sagarin_predictor, sagarin_rating, fei, team_rankings; total from fei"
2026-09-05T19:30:00.000Z,1,Marshall,Penn State,Beaver Stadium,no,106572,10.3,N,77,6,594.71,774.04,-24.5,54.5,23.21120669998909,50.96,away,medium,under,medium,,0.005638075002203036,"blend of 5 margin source(s) (fitted weights): espn_fpi, sagarin_predictor, sagarin_rating, fei, team_rankings; total from fei"
2026-09-05T19:30:00.000Z,1,Tulane,Duke,Wallace Wade Stadium,no,40004,4.8,NNE,96.2,31,665.11,668.47,-9.5,50.5,4.808747030761456,56.599999999999994,away,high,over,high,away,-0.14188016255751557,"blend of 5 margin source(s) (fitted weights): espn_fpi, sagarin_predictor, sagarin_rating, fei, team_rankings; total from fei"
2026-09-05T19:30:00.000Z,1,Baylor,Auburn,Mercedes-Benz Stadium,yes,75000,,,,,723.28,828.19,-7,59.5,8.321171789185499,51.92,home,medium,under,high,,-0.01947677501303391,"blend of 5 margin source(s) (fitted weights): espn_fpi, sagarin_predictor, sagarin_rating, fei, team_rankings; total from fei"
2026-09-05T19:30:00.000Z,1,Boise State,Oregon,Autzen Stadium,no,54000,3,NW,69.9,18,641.17,984.33,-24.5,51.5,23.328221428041637,54.44,away,medium,over,medium,,-0.015552940760321432,"blend of 5 margin source(s) (fitted weights): espn_fpi, sagarin_predictor, sagarin_rating, fei, team_rankings; total from fei"
2026-09-05T19:30:00.000Z,1,Texas State,Texas,DKR-Texas Memorial Stadium,no,100119,4.2,ESE,98.3,8,624.81,985.17,-30.5,59.5,28.622386143225704,54.8,away,medium,under,medium,,-0.005262840662122792,"blend of 5 margin source(s) (fitted weights): espn_fpi, sagarin_predictor, sagarin_rating, fei, team_rankings; total from fei"
2026-09-05T19:30:00.000Z,1,Boston College,Cincinnati,Nippert Stadium,no,40000,4.1,N,82.4,18,660,634.28,-7.5,49.5,8.68090134065869,58.04,home,medium,over,high,,-0.011688153498650489,"blend of 5 margin source(s) (fitted weights): espn_fpi, sagarin_predictor, sagarin_rating, fei, team_rankings; total from fei"
2026-09-05T19:45:00.000Z,1,Oklahoma State,Tulsa,Chapman Stadium,no,30000,8.6,S,105.2,0,672.69,622.84,14,59.5,-8.239790221535223,49.28,home,high,under,high,home,0.12053996482473311,"blend of 5 margin source(s) (fitted weights): espn_fpi, sagarin_predictor, sagarin_rating, fei, team_rankings; total from fei"
2026-09-05T20:15:00.000Z,1,Northern Illinois,Iowa,Kinnick Stadium,no,69250,7.2,ENE,86,8,536.58,722.73,-32,45.5,26.584493781366398,43.76,away,high,under,low,,-0.011230718276380003,"blend of 5 margin source(s) (fitted weights): espn_fpi, sagarin_predictor, sagarin_rating, fei, team_rankings; total from fei"
2026-09-05T22:00:00.000Z,1,Wyoming,Colorado State,Canvas Stadium,no,36500,10.1,E,91.3,8,528.29,640.31,-3,46.5,2.529669135139146,47.599999999999994,away,low,over,low,,-0.030557042003085177,"blend of 5 margin source(s) (fitted weights): espn_fpi, sagarin_predictor, sagarin_rating, fei, team_rankings; total from fei"
2026-09-05T23:00:00.000Z,1,Sam Houston,Troy,Veterans Memorial Stadium (AL),no,30000,5.4,W,89.3,29,554.47,596.19,-17,53.5,12.176010867555906,45.44,away,high,under,high,away,-0.10786434653727794,"blend of 4 margin source(s) (fitted weights): sagarin_predictor, sagarin_rating, fei, team_rankings; total from fei"
2026-09-05T23:00:00.000Z,1,Florida International,South Florida,Raymond James Stadium,no,65828,7.4,NNW,86.7,57,607.56,703.81,-13.5,54,13.850121032966364,51.2,home,low,under,medium,,0.02337246190673037,"blend of 2 margin source(s) (fitted weights): espn_fpi, fei; total from fei"
2026-09-05T23:00:00.000Z,1,Arkansas State,Memphis,Simmons Bank Liberty Stadium,no,58325,6.9,S,97.7,9,606.22,670.31,-9.5,52.5,11.622002532526867,52.519999999999996,home,medium,over,low,,0.025324047739182953,"blend of 5 margin source(s) (fitted weights): espn_fpi, sagarin_predictor, sagarin_rating, fei, team_rankings; total from fei"
2026-09-05T23:00:00.000Z,1,Missouri State,Texas A&M,Kyle Field,no,102733,13.4,ESE,94.8,8,549.92,933,-40.5,52.5,31.17795433698138,55.64,away,high,over,medium,,,"blend of 5 margin source(s) (fitted weights): espn_fpi, sagarin_predictor, sagarin_rating, fei, team_rankings; total from fei"
2026-09-05T23:30:00.000Z,1,Western Michigan,Michigan,Michigan Stadium,no,107601,6.3,E,75.3,3,572.2,890.02,-27.5,47.5,22.583346725175563,50.84,away,high,over,medium,,-0.03734808990462879,"blend of 5 margin source(s) (fitted weights): espn_fpi, sagarin_predictor, sagarin_rating, fei, team_rankings; total from fei"
2026-09-05T23:30:00.000Z,1,Clemson,LSU,Tiger Stadium (LA),no,102321,1,WNW,93.9,51,862.85,931.76,-10.5,50.5,8.078911872318049,47.239999999999995,away,medium,under,medium,away,-0.09512446536096941,"blend of 5 margin source(s) (fitted weights): espn_fpi, sagarin_predictor, sagarin_rating, fei, team_rankings; total from fei"
2026-09-05T23:30:00.000Z,1,UL Monroe,Mississippi State,Davis Wade Stadium,no,61337,4.1,WSW,83.4,17,505.49,804.53,-28.5,55.5,24.035522359609004,52.64,away,high,under,medium,,-0.02102222876941995,"blend of 5 margin source(s) (fitted weights): espn_fpi, sagarin_predictor, sagarin_rating, fei, team_rankings; total from fei"
2026-09-05T23:45:00.000Z,1,Florida Atlantic,Florida,Ben Hill Griffin Stadium,no,88548,2.1,SSE,86.5,42,593.36,891.07,-26.5,59.5,23.480174762820035,53.36,away,high,under,high,,-0.003563888954320471,"blend of 5 margin source(s) (fitted weights): espn_fpi, sagarin_predictor, sagarin_rating, fei, team_rankings; total from fei"
2026-09-06T02:00:00.000Z,1,Central Michigan,New Mexico,University Stadium (NM),no,39224,6.5,NNW,80.9,11,540.01,568.19,-10,46.5,9.726307339441693,49.760000000000005,away,low,over,medium,away,-0.08148792459680698,"blend of 5 margin source(s) (fitted weights): espn_fpi, sagarin_predictor, sagarin_rating, fei, team_rankings; total from fei"
2026-09-06T02:00:00.000Z,1,UNLV,Hawai'i,Clarence T.C. Ching Athletics Complex,no,15194,13.9,ENE,81.6,15,696.03,556.82,3,58,-1.2273498532496603,56.120000000000005,home,medium,under,low,,0.049259241734617876,"blend of 5 margin source(s) (fitted weights): espn_fpi, sagarin_predictor, sagarin_rating, fei, team_rankings; total from fei"
2026-09-06T02:30:00.000Z,1,Western Kentucky,Nevada,Mackay Stadium,no,27000,9,E,71.7,1,611.52,549.99,2.5,52.5,-3.818010891348586,49.879999999999995,away,medium,under,medium,,-0.03225822984365517,"blend of 5 margin source(s) (fitted weights): espn_fpi, sagarin_predictor, sagarin_rating, fei, team_rankings; total from fei"
2026-09-06T02:30:00.000Z,1,UCLA,California,California Memorial Stadium,no,62467,6.3,SW,65.7,0,774.45,751.92,2,54,1.5131611056635814,53,home,high,under,low,,0.026838654704868792,"blend of 5 margin source(s) (fitted weights): espn_fpi, sagarin_predictor, sagarin_rating, fei, team_rankings; total from fei"
2026-09-06T20:00:00.000Z,1,Washington State,Washington,Husky Stadium,no,70138,7.7,N,73.5,21,630.29,777.63,-23.5,50.5,16.189724036512892,50.84,away,high,over,low,away,-0.08691943992142726,"blend of 5 margin source(s) (fitted weights): espn_fpi, sagarin_predictor, sagarin_rating, fei, team_rankings; total from fei"
2026-09-06T23:30:00.000Z,1,Wisconsin,Notre Dame,Lambeau Field,no,80735,8,SE,73.5,9,767.68,953.03,-20,47.5,20.49709915204665,46.400000000000006,home,low,under,low,,-0.013706099912774605,"blend of 5 margin source(s) (fitted weights): espn_fpi, sagarin_predictor, sagarin_rating, fei, team_rankings; total from fei"
2026-09-06T23:30:00.000Z,1,Louisville,Ole Miss,Nissan Stadium,no,69143,6.2,ENE,75.4,7,739.97,885.72,-6.5,55.5,9.134598797420487,54.56,home,medium,under,low,,0.015808457847612534,"blend of 5 margin source(s) (fitted weights): espn_fpi, sagarin_predictor, sagarin_rating, fei, team_rankings; total from fei"
2026-09-07T23:30:00.000Z,1,SMU,Florida State,Doak Campbell Stadium,no,67277,9.6,ENE,79.5,43,764.5,800.2,3,53.5,-0.16253748638978427,57.56,home,medium,over,medium,home,0.0789399951337128,"blend of 5 margin source(s) (fitted weights): espn_fpi, sagarin_predictor, sagarin_rating, fei, team_rankings; total from fei"
2026-09-11T23:30:00.000Z,2,Rutgers,Boston College,"Alumni Stadium (Chestnut Hill, MA)",no,44500,7.1,ESE,66.6,13,709.04,660,,,-0.8062121676162035,60.32,,,,,,,"blend of 5 margin source(s) (fitted weights): espn_fpi, sagarin_predictor, sagarin_rating, fei, team_rankings; total from fei"
2026-09-12T00:00:00.000Z,2,Missouri,Kansas,Memorial Stadium,no,47000,6.1,ENE,80.8,6,808.36,684.51,7,53.5,-5.053217098429369,57.2,home,medium,over,medium,home,0.051098581011212174,"blend of 5 margin source(s) (fitted weights): espn_fpi, sagarin_predictor, sagarin_rating, fei, team_rankings; total from fei"
2026-09-12T16:00:00.000Z,2,Old Dominion,Virginia Tech,Lane Stadium,no,65632,6.6,ENE,70.9,2,544.25,769.12,,,10.96433422472353,49.760000000000005,,,,,,,"blend of 5 margin source(s) (fitted weights): espn_fpi, sagarin_predictor, sagarin_rating, fei, team_rankings; total from fei"
2026-09-12T16:00:00.000Z,2,Washington State,Kansas State,Bill Snyder Family Stadium,no,50000,9.1,ESE,78.7,5,630.29,718.67,,,11.550814505215865,49.519999999999996,,,,,,,"blend of 5 margin source(s) (fitted weights): espn_fpi, sagarin_predictor, sagarin_rating, fei, team_rankings; total from fei"
2026-09-12T16:00:00.000Z,2,Oregon,Oklahoma State,Boone Pickens Stadium,no,55509,9.6,S,90.3,12,984.33,672.69,18.5,60.5,-19.277894088204757,53.96,away,low,under,high,,0.0010836455333950445,"blend of 5 margin source(s) (fitted weights): espn_fpi, sagarin_predictor, sagarin_rating, fei, team_rankings; total from fei"
2026-09-12T16:00:00.000Z,2,Arizona State,Texas A&M,Kyle Field,no,102733,11,SSW,91.9,19,722,933,-14.5,51.5,14.925575829058356,50.72,home,low,under,low,,0.012684056318234327,"blend of 5 margin source(s) (fitted weights): espn_fpi, sagarin_predictor, sagarin_rating, fei, team_rankings; total from fei"
2026-09-12T16:00:00.000Z,2,Oklahoma,Michigan,Michigan Stadium,no,107601,6.4,ESE,84.1,7,851.14,890.02,-1.5,46.5,1.7987449152688566,49.28,home,low,over,medium,,0.04042571282071805,"blend of 5 margin source(s) (fitted weights): espn_fpi, sagarin_predictor, sagarin_rating, fei, team_rankings; total from fei"
2026-09-12T16:00:00.000Z,2,South Florida,Army,Michie Stadium,no,38000,2,E,77,3,703.81,303.83,,,-0.332547981624694,53.72,,,,,,,"blend of 5 margin source(s) (fitted weights): espn_fpi, sagarin_predictor, sagarin_rating, fei, team_rankings; total from fei"
2026-09-12T16:00:00.000Z,2,Penn State,Temple,Lincoln Financial Field,no,69879,7.1,ENE,79.7,4,774.04,631.07,,,-19.500072680972124,55.4,,,,,,,"blend of 5 margin source(s) (fitted weights): espn_fpi, sagarin_predictor, sagarin_rating, fei, team_rankings; total from fei"
2026-09-12T16:00:00.000Z,2,App State,East Carolina,Dowdy-Ficklen Stadium,no,50000,4.1,NNE,79.2,5,621.61,623.79,,,10.614904507503816,54.08,,,,,,,"blend of 5 margin source(s) (fitted weights): espn_fpi, sagarin_predictor, sagarin_rating, fei, team_rankings; total from fei"
2026-09-12T16:00:00.000Z,2,Wake Forest,Purdue,Ross-Ade Stadium,no,57282,6.1,E,78.8,9,680.87,698.33,,,-0.9433845910041401,48.92,,,,,,,"blend of 5 margin source(s) (fitted weights): espn_fpi, sagarin_predictor, sagarin_rating, fei, team_rankings; total from fei"
2026-09-12T16:45:00.000Z,2,Western Kentucky,Georgia,Sanford Stadium,no,92746,5.5,ESE,79.6,6,611.52,1003.67,,,30.09716793485758,54.2,,,,,,,"blend of 5 margin source(s) (fitted weights): espn_fpi, sagarin_predictor, sagarin_rating, fei, team_rankings; total from fei"
2026-09-12T19:30:00.000Z,2,Utah State,Washington,Husky Stadium,no,70138,9,N,69.1,18,543.98,777.63,,,20.549234688224086,55.879999999999995,,,,,,,"blend of 5 margin source(s) (fitted weights): espn_fpi, sagarin_predictor, sagarin_rating, fei, team_rankings; total from fei"
2026-09-12T19:30:00.000Z,2,Eastern Michigan,Michigan State,Spartan Stadium,no,75005,9.5,ENE,88.7,7,580.64,685.02,,,16.571294916092835,53.96,,,,,,,"blend of 5 margin source(s) (fitted weights): espn_fpi, sagarin_predictor, sagarin_rating, fei, team_rankings; total from fei"
2026-09-12T19:30:00.000Z,2,California,Syracuse,JMA Wireless Dome,yes,49057,,,,,751.92,745.61,,,0.36174317286851365,48.68000000000001,,,,,,,"blend of 5 margin source(s) (fitted weights): espn_fpi, sagarin_predictor, sagarin_rating, fei, team_rankings; total from fei"
2026-09-12T19:30:00.000Z,2,Maryland,UConn,Pratt & Whitney Stadium,no,40000,3.1,S,84.2,4,719.64,652.56,,,-8.871308198296997,52.4,,,,,,,"blend of 5 margin source(s) (fitted weights): espn_fpi, sagarin_predictor, sagarin_rating, fei, team_rankings; total from fei"
2026-09-12T19:30:00.000Z,2,Duke,Illinois,"Memorial Stadium (Champaign, IL)",no,60670,9,E,85.3,9,668.47,704.01,,,6.9553264193446,59.36,,,,,,,"blend of 5 margin source(s) (fitted weights): espn_fpi, sagarin_predictor, sagarin_rating, fei, team_rankings; total from fei"
2026-09-12T19:30:00.000Z,2,Alabama,Kentucky,Kroger Field,no,61000,4.3,E,86.7,3,973.53,786.65,,,-10.169050720602293,49.4,,,,,,,"blend of 5 margin source(s) (fitted weights): espn_fpi, sagarin_predictor, sagarin_rating, fei, team_rankings; total from fei"
2026-09-12T19:30:00.000Z,2,Mississippi State,Minnesota,Huntington Bank Stadium,no,50850,9,E,64.9,10,804.53,728.79,,,1.0803067957189456,52.4,,,,,,,"blend of 5 margin source(s) (fitted weights): espn_fpi, sagarin_predictor, sagarin_rating, fei, team_rankings; total from fei"
2026-09-12T19:30:00.000Z,2,UTSA,Texas State,Bobcat Stadium (TX),no,30000,13.7,S,100.4,11,655.82,624.81,,,1.8166821115069438,59,,,,,,,"blend of 5 margin source(s) (fitted weights): espn_fpi, sagarin_predictor, sagarin_rating, fei, team_rankings; total from fei"
2026-09-12T19:30:00.000Z,2,Rice,Notre Dame,Notre Dame Stadium,no,80795,8.1,SE,83.9,11,589.89,953.03,,,38.969138609045544,49.879999999999995,,,,,,,"blend of 5 margin source(s) (fitted weights): espn_fpi, sagarin_predictor, sagarin_rating, fei, team_rankings; total from fei"
2026-09-12T19:30:00.000Z,2,Arizona,BYU,LaVell Edwards Stadium,no,63470,10,WNW,72.1,12,699.59,689.42,,,7.358982717081909,53.72,,,,,,,"blend of 5 margin source(s) (fitted weights): espn_fpi, sagarin_predictor, sagarin_rating, fei, team_rankings; total from fei"
2026-09-12T19:30:00.000Z,2,UCF,Pittsburgh,Acrisure Stadium,no,68400,5.7,ESE,82.2,5,672.14,675.02,,,6.715667907686332,46.16,,,,,,,"blend of 3 margin source(s) (fitted weights): espn_fpi, fei, team_rankings; total from fei"
2026-09-12T19:30:00.000Z,2,UL Monroe,UAB,Protective Stadium,no,45000,2.6,WNW,91.7,19,505.49,606.18,,,5.577639832514372,55.04,,,,,,,"blend of 5 margin source(s) (fitted weights): espn_fpi, sagarin_predictor, sagarin_rating, fei, team_rankings; total from fei"
2026-09-12T19:45:00.000Z,2,UNLV,North Texas,DATCU Stadium,no,30850,14.7,S,104,8,696.03,602.08,,,-0.6673212670421491,61.64,,,,,,,"blend of 5 margin source(s) (fitted weights): espn_fpi, sagarin_predictor, sagarin_rating, fei, team_rankings; total from fei"
2026-09-12T20:15:00.000Z,2,Delaware,Vanderbilt,FirstBank Stadium,no,40351,11.3,SSE,90,13,483.48,727.39,,,20.265498834904417,61.16,,,,,,,"blend of 5 margin source(s) (fitted weights): espn_fpi, sagarin_predictor, sagarin_rating, fei, team_rankings; total from fei"
2026-09-12T22:00:00.000Z,2,Jacksonville State,Ohio,Peden Stadium,no,24000,4.5,E,81.4,10,602.83,522.84,,,6.7951815488309215,51.56,,,,,,,"blend of 5 margin source(s) (fitted weights): espn_fpi, sagarin_predictor, sagarin_rating, fei, team_rankings; total from fei"
2026-09-12T22:00:00.000Z,2,Memphis,Boise State,Albertsons Stadium,no,36387,16.1,NW,72.8,6,670.31,641.17,,,6.284287985678423,52.519999999999996,,,,,,,"blend of 5 margin source(s) (fitted weights): espn_fpi, sagarin_predictor, sagarin_rating, fei, team_rankings; total from fei"
2026-09-12T22:00:00.000Z,2,Buffalo,Florida International,Pitbull Stadium,no,20000,11.5,SSE,92.4,20,549.31,607.56,,,1.1302655754559114,44.599999999999994,,,,,,,"blend of 2 margin source(s) (fitted weights): espn_fpi, fei; total from fei"
2026-09-12T23:00:00.000Z,2,Middle Tennessee,Marshall,Joan C. Edwards Stadium,no,38016,4.6,E,79.2,11,571.5,594.71,,,10.590199144081488,51.32,,,,,,,"blend of 5 margin source(s) (fitted weights): espn_fpi, sagarin_predictor, sagarin_rating, fei, team_rankings; total from fei"
2026-09-12T23:00:00.000Z,2,Tennessee,Georgia Tech,Bobby Dodd Stadium,no,55000,4.9,NE,74.2,13,885.9,751.65,,,-7.4162578417402285,59.239999999999995,,,,,,,"blend of 5 margin source(s) (fitted weights): espn_fpi, sagarin_predictor, sagarin_rating, fei, team_rankings; total from fei"
2026-09-12T23:00:00.000Z,2,Tulsa,Sam Houston,Elliott T. Bowers Stadium,no,14000,9.7,S,89.8,19,622.84,554.47,,,-5.857302295688253,48.8,,,,,,,"blend of 5 margin source(s) (fitted weights): espn_fpi, sagarin_predictor, sagarin_rating, fei, team_rankings; total from fei"
2026-09-12T23:00:00.000Z,2,South Alabama,Tulane,Yulman Stadium,no,30000,12.8,SSW,88.2,47,573.38,665.11,,,12.874738405743571,54.44,,,,,,,"blend of 5 margin source(s) (fitted weights): espn_fpi, sagarin_predictor, sagarin_rating, fei, team_rankings; total from fei"
2026-09-12T23:00:00.000Z,2,Bowling Green,Nebraska,"Memorial Stadium (Lincoln, NE)",no,85458,11.5,N,64.2,9,568.33,787.45,,,22.783844260038602,47.36,,,,,,,"blend of 5 margin source(s) (fitted weights): espn_fpi, sagarin_predictor, sagarin_rating, fei, team_rankings; total from fei"
2026-09-12T23:00:00.000Z,2,Georgia State,Kennesaw State,Fifth Third Stadium,no,11040,4.4,ENE,72.3,13,573.83,502.86,,,7.212967175218934,55.519999999999996,,,,,,,"blend of 5 margin source(s) (fitted weights): espn_fpi, sagarin_predictor, sagarin_rating, fei, team_rankings; total from fei"
2026-09-12T23:15:00.000Z,2,San Diego State,UCLA,Rose Bowl,no,88565,9.3,SSW,82,10,609.22,774.45,,,5.322344501888468,48.67999999999999,,,,,,,"blend of 5 margin source(s) (fitted weights): espn_fpi, sagarin_predictor, sagarin_rating, fei, team_rankings; total from fei"
2026-09-12T23:30:00.000Z,2,Louisiana Tech,LSU,Tiger Stadium (LA),no,102321,11.1,SSW,89.8,25,543.02,931.76,,,28.102614899078286,48.8,,,,,,,"blend of 5 margin source(s) (fitted weights): espn_fpi, sagarin_predictor, sagarin_rating, fei, team_rankings; total from fei"
2026-09-12T23:30:00.000Z,2,Iowa State,Iowa,Kinnick Stadium,no,69250,11.9,E,76.6,12,669.55,722.73,-11.5,41.5,11.853037077864077,43.76,home,low,over,medium,away,-0.08186181259971703,"blend of 5 margin source(s) (fitted weights): espn_fpi, sagarin_predictor, sagarin_rating, fei, team_rankings; total from fei"
2026-09-12T23:30:00.000Z,2,Ohio State,Texas,DKR-Texas Memorial Stadium,no,100119,10.9,S,99,10,964.27,985.17,-1.5,47.5,-1.8271390565173053,49.76,away,high,over,medium,away,-0.06282303739530676,"blend of 5 margin source(s) (fitted weights): espn_fpi, sagarin_predictor, sagarin_rating, fei, team_rankings; total from fei"
2026-09-12T23:30:00.000Z,2,Navy,Florida Atlantic,FAU Stadium,no,29419,5.1,SSE,92.9,23,195.68,593.36,,,-6.295327844976241,56.84,,,,,,,"blend of 5 margin source(s) (fitted weights): espn_fpi, sagarin_predictor, sagarin_rating, fei, team_rankings; total from fei"
2026-09-12T23:30:00.000Z,2,Texas Tech,Oregon State,Reser Stadium,no,43363,15.3,NNE,84.1,19,767.89,635.79,,,-22.01771455843204,45.68,,,,,,,"blend of 5 margin source(s) (fitted weights): espn_fpi, sagarin_predictor, sagarin_rating, fei, team_rankings; total from fei"
2026-09-12T23:30:00.000Z,2,Georgia Southern,Clemson,"Memorial Stadium (Clemson, SC)",no,81500,3.5,NE,77.4,5,634.19,862.85,,,22.629395387874737,55.400000000000006,,,,,,,"blend of 4 margin source(s) (fitted weights): espn_fpi, sagarin_predictor, sagarin_rating, fei; total from fei"
2026-09-12T23:45:00.000Z,2,Charlotte,Ole Miss,Vaught-Hemingway Stadium,no,64038,3.5,SE,94.4,10,576.77,885.72,,,34.02013869100549,55.76,,,,,,,"blend of 4 margin source(s) (fitted weights): sagarin_predictor, sagarin_rating, fei, team_rankings; total from fei"
2026-09-12T23:45:00.000Z,2,Southern Miss,Auburn,Jordan-Hare Stadium,no,87451,2.9,E,81.3,13,602.63,828.19,,,22.04106858848589,46.16,,,,,,,"blend of 5 margin source(s) (fitted weights): espn_fpi, sagarin_predictor, sagarin_rating, fei, team_rankings; total from fei"
2026-09-13T02:00:00.000Z,2,North Dakota State,Air Force,Falcon Stadium,no,46692,11.3,NNW,58.1,2,515.59,272.35,,,1.2168995032893655,60.56,,,,,,,"blend of 5 margin source(s) (fitted weights): espn_fpi, sagarin_predictor, sagarin_rating, fei, team_rankings; total from fei"
2026-09-13T02:15:00.000Z,2,Arkansas,Utah,Rice-Eccles Stadium,no,51444,4,N,64.4,6,745.48,695.72,-9.5,54.5,8.133294404769181,59.72,away,medium,over,medium,away,-0.06561064571361919,"blend of 5 margin source(s) (fitted weights): espn_fpi, sagarin_predictor, sagarin_rating, fei, team_rankings; total from fei"
2026-09-13T02:30:00.000Z,2,Sacramento State,Fresno State,Valley Children's Stadium,no,41031,7.4,S,92.7,1,561.42,609.75,,,17.781912514687054,46.879999999999995,,,,,,,"blend of 5 margin source(s) (fitted weights): espn_fpi, sagarin_predictor, sagarin_rating, fei, team_rankings; total from fei"
2026-09-13T03:00:00.000Z,2,Louisiana,USC,Los Angeles Memorial Coliseum,no,77500,8.8,WSW,73.8,3,590.94,899,,,25.003707749175213,62.12,,,,,,,"blend of 5 margin source(s) (fitted weights): espn_fpi, sagarin_predictor, sagarin_rating, fei, team_rankings; total from fei"
2026-09-13T03:59:00.000Z,2,New Mexico State,Hawai'i,Clarence T.C. Ching Athletics Complex,no,15194,7.8,ENE,80.8,15,460.38,556.82,,,10.809715653850784,53.36,,,,,,,"blend of 5 margin source(s) (fitted weights): espn_fpi, sagarin_predictor, sagarin_rating, fei, team_rankings; total from fei"
2026-09-17T23:30:00.000Z,3,Syracuse,Pittsburgh,Acrisure Stadium,no,68400,,,,,745.61,675.02,,,10.230663800080553,45.8,,,,,,,"blend of 5 margin source(s) (fitted weights): espn_fpi, sagarin_predictor, sagarin_rating, fei, team_rankings; total from fei"
2026-09-18T23:30:00.000Z,3,Miami,Wake Forest,Allegacy Federal Credit Union Stadium,no,31500,,,,,885.94,680.87,,,-13.557218414508785,48.2,,,,,,,"blend of 5 margin source(s) (fitted weights): espn_fpi, sagarin_predictor, sagarin_rating, fei, team_rankings; total from fei"
2026-09-19T00:00:00.000Z,3,Houston,Texas Tech,Jones AT&T Stadium,no,60454,,,,,695.93,767.89,-13.5,,13.926372000365586,47.480000000000004,home,low,,,,,"blend of 5 margin source(s) (fitted weights): espn_fpi, sagarin_predictor, sagarin_rating, fei, team_rankings; total from fei"
2026-09-19T15:30:00.000Z,3,Coastal Carolina,Delaware,Delaware Stadium,no,22000,,,,,573.96,483.48,,,4.615416517890575,54.2,,,,,,,"blend of 5 margin source(s) (fitted weights): espn_fpi, sagarin_predictor, sagarin_rating, fei, team_rankings; total from fei"
2026-09-19T16:00:00.000Z,3,Kent State,Ohio State,Ohio Stadium,no,102780,,,,,522.83,964.27,,,45.93075272988055,55.040000000000006,,,,,,,"blend of 5 margin source(s) (fitted weights): espn_fpi, sagarin_predictor, sagarin_rating, fei, team_rankings; total from fei"
2026-09-19T16:00:00.000Z,3,Akron,Minnesota,Huntington Bank Stadium,no,50850,,,,,546.84,728.79,,,21.393935791269655,49.879999999999995,,,,,,,"blend of 5 margin source(s) (fitted weights): espn_fpi, sagarin_predictor, sagarin_rating, fei, team_rankings; total from fei"
2026-09-19T16:00:00.000Z,3,North Texas,Texas State,Bobcat Stadium (TX),no,30000,,,,,602.08,624.81,,,3.2117201187386817,63.56,,,,,,,"blend of 5 margin source(s) (fitted weights): espn_fpi, sagarin_predictor, sagarin_rating, fei, team_rankings; total from fei"
2026-09-19T16:00:00.000Z,3,Tulane,Kansas State,Bill Snyder Family Stadium,no,50000,,,,,665.11,718.67,,,8.548960881457223,52.04,,,,,,,"blend of 5 margin source(s) (fitted weights): espn_fpi, sagarin_predictor, sagarin_rating, fei, team_rankings; total from fei"
2026-09-19T16:00:00.000Z,3,Georgia,Arkansas,Razorback Stadium,no,80000,,,,,1003.67,745.48,,,-15.012671311631205,59.480000000000004,,,,,,,"blend of 5 margin source(s) (fitted weights): espn_fpi, sagarin_predictor, sagarin_rating, fei, team_rankings; total from fei"
2026-09-19T16:00:00.000Z,3,Bowling Green,Iowa State,Jack Trice Stadium,no,61500,,,,,568.33,669.55,,,16.858006849708598,46.040000000000006,,,,,,,"blend of 5 margin source(s) (fitted weights): espn_fpi, sagarin_predictor, sagarin_rating, fei, team_rankings; total from fei"
2026-09-19T16:00:00.000Z,3,Buffalo,Penn State,Beaver Stadium,no,106572,,,,,549.31,774.04,,,27.38773575379431,47.36,,,,,,,"blend of 5 margin source(s) (fitted weights): espn_fpi, sagarin_predictor, sagarin_rating, fei, team_rankings; total from fei"
2026-09-19T16:00:00.000Z,3,North Carolina,Clemson,"Memorial Stadium (Clemson, SC)",no,81500,,,,,767.89,862.85,,,10.413975835116037,48.68,,,,,,,"blend of 5 margin source(s) (fitted weights): espn_fpi, sagarin_predictor, sagarin_rating, fei, team_rankings; total from fei"
2026-09-19T16:00:00.000Z,3,Arizona State,Kansas,Wembley Stadium,no,90000,,,,,722,684.51,,,0.774530164180423,58.28,,,,,,,"blend of 5 margin source(s) (fitted weights): espn_fpi, sagarin_predictor, sagarin_rating, fei, team_rankings; total from fei"
2026-09-19T16:30:00.000Z,3,Eastern Michigan,Wisconsin,Camp Randall Stadium,no,80321,,,,,580.64,767.68,,,21.618291248321505,47.72,,,,,,,"blend of 5 margin source(s) (fitted weights): espn_fpi, sagarin_predictor, sagarin_rating, fei, team_rankings; total from fei"
2026-09-19T16:45:00.000Z,3,NC State,Vanderbilt,FirstBank Stadium,no,40351,,,,,757.14,727.39,,,10.112381030135062,59.84,,,,,,,"blend of 5 margin source(s) (fitted weights): espn_fpi, sagarin_predictor, sagarin_rating, fei, team_rankings; total from fei"
2026-09-19T16:45:00.000Z,3,Troy,Missouri,Memorial Stadium,no,71168,,,,,596.19,808.36,,,19.388723891354044,45.67999999999999,,,,,,,"blend of 4 margin source(s) (fitted weights): sagarin_predictor, sagarin_rating, fei, team_rankings; total from fei"
2026-09-19T17:00:00.000Z,3,Wyoming,Central Michigan,Kelly/Shorts Stadium,no,30255,,,,,528.29,540.01,,,2.174548659910364,45.32,,,,,,,"blend of 5 margin source(s) (fitted weights): espn_fpi, sagarin_predictor, sagarin_rating, fei, team_rankings; total from fei"
2026-09-19T19:00:00.000Z,3,Temple,Toledo,Glass Bowl,no,26038,,,,,631.07,556.26,,,7.877351513231385,52.64,,,,,,,"blend of 5 margin source(s) (fitted weights): espn_fpi, sagarin_predictor, sagarin_rating, fei, team_rankings; total from fei"
2026-09-19T19:30:00.000Z,3,Florida State,Alabama,Bryant-Denny Stadium,no,101821,,,,,800.2,973.53,-15.5,52.5,13.633030181631018,57.32,away,medium,over,medium,,-0.019424158012603443,"blend of 5 margin source(s) (fitted weights): espn_fpi, sagarin_predictor, sagarin_rating, fei, team_rankings; total from fei"
2026-09-19T19:30:00.000Z,3,SMU,Louisville,L&N Federal Credit Union Stadium,no,60000,,,,,764.5,739.97,-1.5,56.5,1.4008935072099136,50.6,away,low,under,medium,,0.02405097839991055,"blend of 5 margin source(s) (fitted weights): espn_fpi, sagarin_predictor, sagarin_rating, fei, team_rankings; total from fei"
2026-09-19T19:30:00.000Z,3,USC,Rutgers,SHI Stadium,no,52454,,,,,899,709.04,,,-10.924866511699847,68,,,,,,,"blend of 5 margin source(s) (fitted weights): espn_fpi, sagarin_predictor, sagarin_rating, fei, team_rankings; total from fei"
2026-09-19T19:30:00.000Z,3,Miami (OH),Cincinnati,TQL Stadium,no,26000,,,,,621.37,634.28,,,12.901081281170697,53.599999999999994,,,,,,,"blend of 5 margin source(s) (fitted weights): espn_fpi, sagarin_predictor, sagarin_rating, fei, team_rankings; total from fei"
2026-09-19T19:30:00.000Z,3,Utah State,Utah,Rice-Eccles Stadium,no,51444,,,,,543.98,695.72,,,19.29362686812793,56.36,,,,,,,"blend of 5 margin source(s) (fitted weights): espn_fpi, sagarin_predictor, sagarin_rating, fei, team_rankings; total from fei"
2026-09-19T19:30:00.000Z,3,Kentucky,Texas A&M,Kyle Field,no,102733,,,,,786.65,933,,,14.562551381262459,47.72,,,,,,,"blend of 5 margin source(s) (fitted weights): espn_fpi, sagarin_predictor, sagarin_rating, fei, team_rankings; total from fei"
2026-09-19T19:30:00.000Z,3,UTEP,Michigan,Michigan Stadium,no,107601,,,,,585.76,890.02,,,33.25660128865209,50.6,,,,,,,"blend of 5 margin source(s) (fitted weights): espn_fpi, sagarin_predictor, sagarin_rating, fei, team_rankings; total from fei"
2026-09-19T20:00:00.000Z,3,Louisiana Tech,Baylor,McLane Stadium,no,45140,,,,,543.02,723.28,,,16.728350793120377,53.84,,,,,,,"blend of 5 margin source(s) (fitted weights): espn_fpi, sagarin_predictor, sagarin_rating, fei, team_rankings; total from fei"
2026-09-19T20:00:00.000Z,3,Western Kentucky,Indiana,"Memorial Stadium (Bloomington, IN)",no,52656,,,,,611.52,735.26,,,29.39919199180521,52.04,,,,,,,"blend of 5 margin source(s) (fitted weights): espn_fpi, sagarin_predictor, sagarin_rating, fei, team_rankings; total from fei"
2026-09-19T20:00:00.000Z,3,Ball State,Liberty,Williams Stadium (VA),no,25000,,,,,563.88,633.35,,,12.038202078170421,53,,,,,,,"blend of 5 margin source(s) (fitted weights): espn_fpi, sagarin_predictor, sagarin_rating, fei, team_rankings; total from fei"
2026-09-19T20:00:00.000Z,3,Stanford,Duke,Wallace Wade Stadium,no,40004,,,,,705.81,668.47,,,7.181277346334253,55.28,,,,,,,"blend of 5 margin source(s) (fitted weights): espn_fpi, sagarin_predictor, sagarin_rating, fei, team_rankings; total from fei"
2026-09-19T20:15:00.000Z,3,Mississippi State,South Carolina,Williams-Brice Stadium,no,80250,,,,,804.53,862.87,,,8.014490925825214,49.16,,,,,,,"blend of 5 margin source(s) (fitted weights): espn_fpi, sagarin_predictor, sagarin_rating, fei, team_rankings; total from fei"
2026-09-19T22:00:00.000Z,3,East Carolina,Old Dominion,S.B. Ballard Stadium,no,20118,,,,,623.79,544.25,,,0.5337335770999989,47.36,,,,,,,"blend of 5 margin source(s) (fitted weights): espn_fpi, sagarin_predictor, sagarin_rating, fei, team_rankings; total from fei"
2026-09-19T22:00:00.000Z,3,Charlotte,App State,Kidd Brewer Stadium,no,30000,,,,,576.77,621.61,,,10.13068087331009,53.599999999999994,,,,,,,"blend of 4 margin source(s) (fitted weights): sagarin_predictor, sagarin_rating, fei, team_rankings; total from fei"
2026-09-19T22:00:00.000Z,3,Florida International,Florida Atlantic,FAU Stadium,no,29419,,,,,607.56,593.36,,,4.203905802295642,52.4,,,,,,,"blend of 2 margin source(s) (fitted weights): espn_fpi, fei; total from fei"
2026-09-19T22:30:00.000Z,3,Marshall,Missouri State,Plaster Sports Complex,no,17337,,,,,594.71,549.92,,,-1.1268178481618627,54.8,,,,,,,"blend of 5 margin source(s) (fitted weights): espn_fpi, sagarin_predictor, sagarin_rating, fei, team_rankings; total from fei"
2026-09-19T23:00:00.000Z,3,Nevada,Middle Tennessee,"Johnny ""Red"" Floyd Stadium",no,30788,,,,,549.99,571.5,,,-0.9856951256535877,50.480000000000004,,,,,,,"blend of 5 margin source(s) (fitted weights): espn_fpi, sagarin_predictor, sagarin_rating, fei, team_rankings; total from fei"
2026-09-19T23:00:00.000Z,3,Ohio,South Alabama,Hancock Whitney Stadium,no,25450,,,,,522.84,573.38,,,0.563588308172478,55.64,,,,,,,"blend of 5 margin source(s) (fitted weights): espn_fpi, sagarin_predictor, sagarin_rating, fei, team_rankings; total from fei"
2026-09-19T23:00:00.000Z,3,Western Michigan,Rice,Rice Stadium,no,47000,,,,,572.2,589.89,,,-5.441263249209214,47,,,,,,,"blend of 5 margin source(s) (fitted weights): espn_fpi, sagarin_predictor, sagarin_rating, fei, team_rankings; total from fei"
2026-09-19T23:00:00.000Z,3,Florida,Auburn,Jordan-Hare Stadium,no,87451,,,,,891.07,828.19,1.5,53.5,2.1866238362641877,47.36,home,high,under,high,home,0.05868158581084537,"blend of 5 margin source(s) (fitted weights): espn_fpi, sagarin_predictor, sagarin_rating, fei, team_rankings; total from fei"
2026-09-19T23:00:00.000Z,3,Georgia State,UCF,FBC Mortgage Stadium,no,44206,,,,,573.83,672.14,,,16.608629750362578,52.16,,,,,,,"blend of 3 margin source(s) (fitted weights): espn_fpi, fei, team_rankings; total from fei"
2026-09-19T23:00:00.000Z,3,UConn,Southern Miss,M. M. Roberts Stadium,no,36000,,,,,652.56,602.63,,,3.465424087030968,52.64,,,,,,,"blend of 5 margin source(s) (fitted weights): espn_fpi, sagarin_predictor, sagarin_rating, fei, team_rankings; total from fei"
2026-09-19T23:00:00.000Z,3,Georgia Southern,Jacksonville State,AmFirst Stadium,no,24000,,,,,634.19,602.83,,,0.0940050993202246,57.08,,,,,,,"blend of 4 margin source(s) (fitted weights): espn_fpi, sagarin_predictor, sagarin_rating, fei; total from fei"
2026-09-19T23:30:00.000Z,3,West Virginia,Virginia,Bank of America Stadium,no,73778,,,,,707.6,700.18,,,10.27378855655445,49.64,,,,,,,"blend of 5 margin source(s) (fitted weights): espn_fpi, sagarin_predictor, sagarin_rating, fei, team_rankings; total from fei"
2026-09-19T23:30:00.000Z,3,Michigan State,Notre Dame,Notre Dame Stadium,no,80795,,,,,685.02,953.03,,,25.54409548427532,52.64,,,,,,,"blend of 5 margin source(s) (fitted weights): espn_fpi, sagarin_predictor, sagarin_rating, fei, team_rankings; total from fei"
2026-09-19T23:30:00.000Z,3,New Mexico,Oklahoma,"Memorial Stadium (Norman, OK)",no,86112,,,,,568.19,851.14,,,22.88718465580584,47.120000000000005,,,,,,,"blend of 5 margin source(s) (fitted weights): espn_fpi, sagarin_predictor, sagarin_rating, fei, team_rankings; total from fei"
2026-09-19T23:30:00.000Z,3,Virginia Tech,Maryland,SECU Stadium,no,51802,,,,,769.12,719.64,,,-0.4366508830738667,50.84,,,,,,,"blend of 5 margin source(s) (fitted weights): espn_fpi, sagarin_predictor, sagarin_rating, fei, team_rankings; total from fei"
2026-09-19T23:30:00.000Z,3,BYU,Colorado State,Canvas Stadium,no,36500,,,,,689.42,640.31,,,-20.103374796810897,54.32,,,,,,,"blend of 5 margin source(s) (fitted weights): espn_fpi, sagarin_predictor, sagarin_rating, fei, team_rankings; total from fei"
2026-09-19T23:30:00.000Z,3,LSU,Ole Miss,Vaught-Hemingway Stadium,no,64038,,,,,931.76,885.72,-1.5,57.5,1.6247368340818638,55.400000000000006,home,low,under,medium,,-0.0023019836936054583,"blend of 5 margin source(s) (fitted weights): espn_fpi, sagarin_predictor, sagarin_rating, fei, team_rankings; total from fei"
2026-09-19T23:30:00.000Z,3,Colorado,Northwestern,Lanny and Sharon Martin Stadium,no,12023,,,,,731.62,688.32,,,3.106512387797338,48.92,,,,,,,"blend of 5 margin source(s) (fitted weights): espn_fpi, sagarin_predictor, sagarin_rating, fei, team_rankings; total from fei"
2026-09-19T23:45:00.000Z,3,Kennesaw State,Tennessee,Neyland Stadium,no,102455,,,,,502.86,885.9,,,26.01857934695995,57.08,,,,,,,"blend of 5 margin source(s) (fitted weights): espn_fpi, sagarin_predictor, sagarin_rating, fei, team_rankings; total from fei"
2026-09-20T00:00:00.000Z,3,Arkansas State,TCU,Amon G. Carter Stadium,no,46000,,,,,606.22,730.79,,,17.23648854147444,50.24,,,,,,,"blend of 5 margin source(s) (fitted weights): espn_fpi, sagarin_predictor, sagarin_rating, fei, team_rankings; total from fei"
2026-09-20T00:00:00.000Z,3,UAB,Louisiana,Cajun Field,no,41426,,,,,606.18,590.94,,,8.18011238024987,56.24,,,,,,,"blend of 5 margin source(s) (fitted weights): espn_fpi, sagarin_predictor, sagarin_rating, fei, team_rankings; total from fei"
2026-09-20T00:00:00.000Z,3,UTSA,Texas,DKR-Texas Memorial Stadium,no,100119,,,,,655.82,985.17,,,27.844722037442487,52.519999999999996,,,,,,,"blend of 5 margin source(s) (fitted weights): espn_fpi, sagarin_predictor, sagarin_rating, fei, team_rankings; total from fei"
2026-09-20T02:00:00.000Z,3,James Madison,San Diego State,Snapdragon Stadium,no,35000,,,,,588.31,609.22,,,2.9164209028607804,45.56,,,,,,,"blend of 5 margin source(s) (fitted weights): espn_fpi, sagarin_predictor, sagarin_rating, fei, team_rankings; total from fei"
2026-09-20T02:30:00.000Z,3,North Dakota State,Sacramento State,Hornet Stadium,no,21195,,,,,515.59,561.42,,,-11.550046663105906,52.76,,,,,,,"blend of 5 margin source(s) (fitted weights): espn_fpi, sagarin_predictor, sagarin_rating, fei, team_rankings; total from fei"
2026-09-20T02:30:00.000Z,3,Northern Illinois,Arizona,Arizona Stadium,no,50782,,,,,536.58,699.59,,,22.931560199309335,51.08,,,,,,,"blend of 5 margin source(s) (fitted weights): espn_fpi, sagarin_predictor, sagarin_rating, fei, team_rankings; total from fei"
2026-09-20T03:00:00.000Z,3,Purdue,UCLA,Rose Bowl,no,88565,,,,,698.33,774.45,,,5.264055835343498,54.2,,,,,,,"blend of 5 margin source(s) (fitted weights): espn_fpi, sagarin_predictor, sagarin_rating, fei, team_rankings; total from fei"
2026-09-20T03:00:00.000Z,3,Fresno State,San José State,CEFCU Stadium,no,30456,,,,,609.75,569.25,,,-5.0071544842432445,48.32,,,,,,,"blend of 5 margin source(s) (fitted weights): espn_fpi, sagarin_predictor, sagarin_rating, fei, team_rankings; total from fei"
2026-09-24T23:30:00.000Z,4,Liberty,Coastal Carolina,Brooks Stadium (SC),no,21000,,,,,633.35,573.96,,,-1.0934130407819183,55.400000000000006,,,,,,,"blend of 5 margin source(s) (fitted weights): espn_fpi, sagarin_predictor, sagarin_rating, fei, team_rankings; total from fei"
2026-09-25T20:00:00.000Z,4,Army,Temple,Lincoln Financial Field,no,69879,,,,,303.83,631.07,,,-2.4342970670928143,55.16,,,,,,,"blend of 5 margin source(s) (fitted weights): espn_fpi, sagarin_predictor, sagarin_rating, fei, team_rankings; total from fei"
2026-09-25T23:00:00.000Z,4,Navy,UAB,Protective Stadium,no,45000,,,,,195.68,606.18,,,-10.314518780995463,57.8,,,,,,,"blend of 5 margin source(s) (fitted weights): espn_fpi, sagarin_predictor, sagarin_rating, fei, team_rankings; total from fei"
2026-09-26T00:00:00.000Z,4,Northwestern,Indiana,"Memorial Stadium (Bloomington, IN)",no,52656,,,,,688.32,735.26,,,21.444493229084035,49.400000000000006,,,,,,,"blend of 5 margin source(s) (fitted weights): espn_fpi, sagarin_predictor, sagarin_rating, fei, team_rankings; total from fei"
2026-09-26T02:30:00.000Z,4,Clemson,California,California Memorial Stadium,no,62467,,,,,862.85,751.92,,,-7.072425400975134,48.08,,,,,,,"blend of 5 margin source(s) (fitted weights): espn_fpi, sagarin_predictor, sagarin_rating, fei, team_rankings; total from fei"
2026-09-26T04:00:00.000Z,4,Southern Miss,Tulane,Yulman Stadium,no,30000,,,,,602.63,665.11,,,12.089643827339952,49.28,,,,,,,"blend of 5 margin source(s) (fitted weights): espn_fpi, sagarin_predictor, sagarin_rating, fei, team_rankings; total from fei"
2026-09-26T04:00:00.000Z,4,Minnesota,Washington,Husky Stadium,no,70138,,,,,728.79,777.63,,,10.789899646608017,52.879999999999995,,,,,,,"blend of 5 margin source(s) (fitted weights): espn_fpi, sagarin_predictor, sagarin_rating, fei, team_rankings; total from fei"
2026-09-26T04:00:00.000Z,4,Missouri,Mississippi State,Davis Wade Stadium,no,61337,,,,,808.36,804.53,,,-3.7592237745248633,51.56,,,,,,,"blend of 5 margin source(s) (fitted weights): espn_fpi, sagarin_predictor, sagarin_rating, fei, team_rankings; total from fei"
2026-09-26T04:00:00.000Z,4,Ball State,Kent State,Dix Stadium,no,25319,,,,,563.88,522.83,,,2.314348081371551,53.239999999999995,,,,,,,"blend of 5 margin source(s) (fitted weights): espn_fpi, sagarin_predictor, sagarin_rating, fei, team_rankings; total from fei"
2026-09-26T04:00:00.000Z,4,Massachusetts,Sacramento State,Hornet Stadium,no,21195,,,,,525.94,561.42,,,5.008674345469235,53.84,,,,,,,"blend of 5 margin source(s) (fitted weights): espn_fpi, sagarin_predictor, sagarin_rating, fei, team_rankings; total from fei"
2026-09-26T04:00:00.000Z,4,Notre Dame,Purdue,Ross-Ade Stadium,no,57282,,,,,953.03,698.33,,,-21.4324298541691,52.400000000000006,,,,,,,"blend of 5 margin source(s) (fitted weights): espn_fpi, sagarin_predictor, sagarin_rating, fei, team_rankings; total from fei"
2026-09-26T04:00:00.000Z,4,Delaware,Virginia,Scott Stadium,no,61500,,,,,483.48,700.18,,,20.014809796180067,52.16,,,,,,,"blend of 5 margin source(s) (fitted weights): espn_fpi, sagarin_predictor, sagarin_rating, fei, team_rankings; total from fei"
2026-09-26T04:00:00.000Z,4,Oklahoma State,West Virginia,Milan Puskar Stadium,no,60000,,,,,672.69,707.6,,,1.5130793385799122,50.120000000000005,,,,,,,"blend of 5 margin source(s) (fitted weights): espn_fpi, sagarin_predictor, sagarin_rating, fei, team_rankings; total from fei"
2026-09-26T04:00:00.000Z,4,Louisiana,Charlotte,Jerry Richardson Stadium,no,15300,,,,,590.94,576.77,,,-5.850190662557253,51.32,,,,,,,"blend of 4 margin source(s) (fitted weights): sagarin_predictor, sagarin_rating, fei, team_rankings; total from fei"
2026-09-26T04:00:00.000Z,4,Iowa,Michigan,Michigan Stadium,no,107601,,,,,722.73,890.02,,,7.282405904340897,46.28,,,,,,,"blend of 5 margin source(s) (fitted weights): espn_fpi, sagarin_predictor, sagarin_rating, fei, team_rankings; total from fei"
2026-09-26T04:00:00.000Z,4,Missouri State,SMU,Gerald J. Ford Stadium,no,32000,,,,,549.92,764.5,,,23.691345850240644,57.56,,,,,,,"blend of 5 margin source(s) (fitted weights): espn_fpi, sagarin_predictor, sagarin_rating, fei, team_rankings; total from fei"
2026-09-26T04:00:00.000Z,4,Boise State,Western Michigan,Waldo Stadium,no,30200,,,,,641.17,572.2,,,-5.135554749625509,48.32,,,,,,,"blend of 5 margin source(s) (fitted weights): espn_fpi, sagarin_predictor, sagarin_rating, fei, team_rankings; total from fei"
2026-09-26T04:00:00.000Z,4,UNLV,Akron,InfoCision Stadium,no,30000,,,,,696.03,546.84,,,-11.597124862475265,53.36,,,,,,,"blend of 5 margin source(s) (fitted weights): espn_fpi, sagarin_predictor, sagarin_rating, fei, team_rankings; total from fei"
2026-09-26T04:00:00.000Z,4,South Carolina,Alabama,Bryant-Denny Stadium,no,101821,,,,,862.87,973.53,,,10.82644562364871,48.92,,,,,,,"blend of 5 margin source(s) (fitted weights): espn_fpi, sagarin_predictor, sagarin_rating, fei, team_rankings; total from fei"
2026-09-26T04:00:00.000Z,4,San Diego State,Toledo,Glass Bowl,no,26038,,,,,609.22,556.26,,,-0.494301276823904,44.599999999999994,,,,,,,"blend of 5 margin source(s) (fitted weights): espn_fpi, sagarin_predictor, sagarin_rating, fei, team_rankings; total from fei"
2026-09-26T04:00:00.000Z,4,Texas A&M,LSU,Tiger Stadium (LA),no,102321,,,,,933,931.76,-3,57.5,1.4241469838077996,49.519999999999996,away,medium,under,high,,-0.04752988252913104,"blend of 5 margin source(s) (fitted weights): espn_fpi, sagarin_predictor, sagarin_rating, fei, team_rankings; total from fei"
2026-09-26T04:00:00.000Z,4,Kansas State,Cincinnati,Nippert Stadium,no,40000,,,,,718.67,634.28,,,-0.7442290819371771,56.599999999999994,,,,,,,"blend of 5 margin source(s) (fitted weights): espn_fpi, sagarin_predictor, sagarin_rating, fei, team_rankings; total from fei"
2026-09-26T04:00:00.000Z,4,TCU,UCF,FBC Mortgage Stadium,no,44206,,,,,730.79,672.14,,,-0.01330966155209562,49.04,,,,,,,"blend of 3 margin source(s) (fitted weights): espn_fpi, fei, team_rankings; total from fei"
2026-09-26T04:00:00.000Z,4,Illinois,Ohio State,Ohio Stadium,no,102780,,,,,704.01,964.27,,,21.61404909055583,54.08,,,,,,,"blend of 5 margin source(s) (fitted weights): espn_fpi, sagarin_predictor, sagarin_rating, fei, team_rankings; total from fei"
2026-09-26T04:00:00.000Z,4,Air Force,Nevada,Mackay Stadium,no,27000,,,,,272.35,549.99,,,-3.351925696287284,57.2,,,,,,,"blend of 5 margin source(s) (fitted weights): espn_fpi, sagarin_predictor, sagarin_rating, fei, team_rankings; total from fei"
2026-09-26T04:00:00.000Z,4,Virginia Tech,Boston College,"Alumni Stadium (Chestnut Hill, MA)",no,44500,,,,,769.12,660,,,-5.0064455772992495,55.28,,,,,,,"blend of 5 margin source(s) (fitted weights): espn_fpi, sagarin_predictor, sagarin_rating, fei, team_rankings; total from fei"
2026-09-26T04:00:00.000Z,4,Vanderbilt,Auburn,Jordan-Hare Stadium,no,87451,,,,,727.39,828.19,,,4.558775945293648,55.76,,,,,,,"blend of 5 margin source(s) (fitted weights): espn_fpi, sagarin_predictor, sagarin_rating, fei, team_rankings; total from fei"
2026-09-26T04:00:00.000Z,4,Sam Houston,Texas Tech,Jones AT&T Stadium,no,60454,,,,,554.47,767.89,,,37.393547510886506,44.12,,,,,,,"blend of 5 margin source(s) (fitted weights): espn_fpi, sagarin_predictor, sagarin_rating, fei, team_rankings; total from fei"
2026-09-26T04:00:00.000Z,4,Northern Illinois,Georgia State,Center Parc Stadium,no,25000,,,,,536.58,573.83,,,2.0393112616529554,53.36,,,,,,,"blend of 5 margin source(s) (fitted weights): espn_fpi, sagarin_predictor, sagarin_rating, fei, team_rankings; total from fei"
2026-09-26T04:00:00.000Z,4,Oregon,USC,Los Angeles Memorial Coliseum,no,77500,,,,,984.33,899,5.5,58.5,-6.966769266601259,64.75999999999999,away,medium,over,high,,0.006658960492780308,"blend of 5 margin source(s) (fitted weights): espn_fpi, sagarin_predictor, sagarin_rating, fei, team_rankings; total from fei"
2026-09-26T04:00:00.000Z,4,App State,NC State,Carter-Finley Stadium,no,58000,,,,,621.61,757.14,,,13.262964058883963,55.64,,,,,,,"blend of 5 margin source(s) (fitted weights): espn_fpi, sagarin_predictor, sagarin_rating, fei, team_rankings; total from fei"
2026-09-26T04:00:00.000Z,4,Oklahoma,Georgia,Sanford Stadium,no,92746,,,,,851.14,1003.67,-10,52.5,8.669135462501888,49.519999999999996,away,medium,under,medium,away,-0.0654762764537209,"blend of 5 margin source(s) (fitted weights): espn_fpi, sagarin_predictor, sagarin_rating, fei, team_rankings; total from fei"
2026-09-26T04:00:00.000Z,4,Houston,Georgia Southern,Allen E. Paulson Stadium,no,25000,,,,,695.93,634.19,,,-12.619899851046235,59.96,,,,,,,"blend of 4 margin source(s) (fitted weights): espn_fpi, sagarin_predictor, sagarin_rating, fei; total from fei"
2026-09-26T04:00:00.000Z,4,Ole Miss,Florida,Ben Hill Griffin Stadium,no,88548,,,,,885.72,891.07,,,-1.6757605525381303,55.879999999999995,,,,,,,"blend of 5 margin source(s) (fitted weights): espn_fpi, sagarin_predictor, sagarin_rating, fei, team_rankings; total from fei"
2026-09-26T04:00:00.000Z,4,UConn,Miami (OH),Yager Stadium,no,24286,,,,,652.56,621.37,,,5.2700259981399356,52.400000000000006,,,,,,,"blend of 5 margin source(s) (fitted weights): espn_fpi, sagarin_predictor, sagarin_rating, fei, team_rankings; total from fei"
2026-09-26T04:00:00.000Z,4,South Florida,Bowling Green,Doyt L. Perry Stadium,no,24000,,,,,703.81,568.33,,,-9.465067335361823,48.32,,,,,,,"blend of 5 margin source(s) (fitted weights): espn_fpi, sagarin_predictor, sagarin_rating, fei, team_rankings; total from fei"
2026-09-26T04:00:00.000Z,4,Wake Forest,Louisville,L&N Federal Credit Union Stadium,no,60000,,,,,680.87,739.97,,,8.286615225377165,46.04,,,,,,,"blend of 5 margin source(s) (fitted weights): espn_fpi, sagarin_predictor, sagarin_rating, fei, team_rankings; total from fei"
2026-09-26T04:00:00.000Z,4,James Madison,Old Dominion,S.B. Ballard Stadium,no,20118,,,,,588.31,544.25,,,-0.12400391735558891,47,,,,,,,"blend of 5 margin source(s) (fitted weights): espn_fpi, sagarin_predictor, sagarin_rating, fei, team_rankings; total from fei"
2026-09-26T04:00:00.000Z,4,Nebraska,Michigan State,Spartan Stadium,no,75005,,,,,787.45,685.02,,,-3.984307495029748,53,,,,,,,"blend of 5 margin source(s) (fitted weights): espn_fpi, sagarin_predictor, sagarin_rating, fei, team_rankings; total from fei"
2026-09-26T04:00:00.000Z,4,Florida Atlantic,UL Monroe,Malone Stadium,no,27617,,,,,593.36,505.49,,,-4.408138333953266,54.08,,,,,,,"blend of 5 margin source(s) (fitted weights): espn_fpi, sagarin_predictor, sagarin_rating, fei, team_rankings; total from fei"
2026-09-26T04:00:00.000Z,4,Utah,Iowa State,Jack Trice Stadium,no,61500,,,,,695.72,669.55,,,-6.154725536125153,53.24,,,,,,,"blend of 5 margin source(s) (fitted weights): espn_fpi, sagarin_predictor, sagarin_rating, fei, team_rankings; total from fei"
2026-09-26T04:00:00.000Z,4,Wisconsin,Penn State,Beaver Stadium,no,106572,,,,,767.68,774.04,,,10.134800522249414,46.879999999999995,,,,,,,"blend of 5 margin source(s) (fitted weights): espn_fpi, sagarin_predictor, sagarin_rating, fei, team_rankings; total from fei"
2026-09-26T04:00:00.000Z,4,UCLA,Maryland,SECU Stadium,no,51802,,,,,774.45,719.64,,,2.1649140195448275,51.2,,,,,,,"blend of 5 margin source(s) (fitted weights): espn_fpi, sagarin_predictor, sagarin_rating, fei, team_rankings; total from fei"
2026-09-26T04:00:00.000Z,4,Colorado,Baylor,McLane Stadium,no,45140,,,,,731.62,723.28,,,5.473248815083891,54.56,,,,,,,"blend of 5 margin source(s) (fitted weights): espn_fpi, sagarin_predictor, sagarin_rating, fei, team_rankings; total from fei"
2026-09-26T04:00:00.000Z,4,Colorado State,UTSA,Alamodome,yes,36582,,,,,640.31,655.82,,,10.256051625961621,54.92,,,,,,,"blend of 5 margin source(s) (fitted weights): espn_fpi, sagarin_predictor, sagarin_rating, fei, team_rankings; total from fei"
2026-09-26T16:00:00.000Z,4,Texas,Tennessee,Neyland Stadium,no,102455,,,,,985.17,885.9,6.5,56.5,-5.234045347282121,53.959999999999994,home,medium,under,medium,home,0.0675556206625314,"blend of 5 margin source(s) (fitted weights): espn_fpi, sagarin_predictor, sagarin_rating, fei, team_rankings; total from fei"
2026-09-26T16:45:00.000Z,4,South Alabama,Kentucky,Kroger Field,no,61000,,,,,573.38,786.65,,,17.675595770462156,51.2,,,,,,,"blend of 5 margin source(s) (fitted weights): espn_fpi, sagarin_predictor, sagarin_rating, fei, team_rankings; total from fei"
2026-09-26T19:00:00.000Z,4,Hawai'i,Wyoming,War Memorial Stadium,no,29181,,,,,556.82,528.29,,,-3.047615515791019,48.44,,,,,,,"blend of 5 margin source(s) (fitted weights): espn_fpi, sagarin_predictor, sagarin_rating, fei, team_rankings; total from fei"
2026-09-26T19:30:00.000Z,4,New Mexico,New Mexico State,Aggie Memorial Stadium,no,28853,,,,,568.19,460.38,,,-6.691225050960989,51.44,,,,,,,"blend of 5 margin source(s) (fitted weights): espn_fpi, sagarin_predictor, sagarin_rating, fei, team_rankings; total from fei"
2026-09-26T22:30:00.000Z,4,Central Michigan,Miami,Hard Rock Stadium,no,64767,,,,,540.01,885.94,,,33.23624626194065,49.88,,,,,,,"blend of 5 margin source(s) (fitted weights): espn_fpi, sagarin_predictor, sagarin_rating, fei, team_rankings; total from fei"
2026-09-26T23:00:00.000Z,4,Kennesaw State,Arkansas State,Centennial Bank Stadium,no,30382,,,,,502.86,606.22,,,2.232269841530882,52.400000000000006,,,,,,,"blend of 5 margin source(s) (fitted weights): espn_fpi, sagarin_predictor, sagarin_rating, fei, team_rankings; total from fei"
2026-09-26T23:00:00.000Z,4,Middle Tennessee,Jacksonville State,AmFirst Stadium,no,24000,,,,,571.5,602.83,,,6.233111058753326,51.56,,,,,,,"blend of 5 margin source(s) (fitted weights): espn_fpi, sagarin_predictor, sagarin_rating, fei, team_rankings; total from fei"
2026-09-26T23:30:00.000Z,4,Troy,Utah State,Maverik Stadium,no,25513,,,,,596.19,543.98,,,2.9858286359526525,49.52,,,,,,,"blend of 4 margin source(s) (fitted weights): sagarin_predictor, sagarin_rating, fei, team_rankings; total from fei"
2026-09-26T23:30:00.000Z,4,Arizona,Washington State,Gesa Field,no,32952,,,,,699.59,630.29,,,-6.602109306937936,49.16,,,,,,,"blend of 5 margin source(s) (fitted weights): espn_fpi, sagarin_predictor, sagarin_rating, fei, team_rankings; total from fei"
2026-09-27T00:00:00.000Z,4,Tulsa,Arkansas,Razorback Stadium,no,80000,,,,,622.84,745.48,,,16.089320310140394,56.239999999999995,,,,,,,"blend of 5 margin source(s) (fitted weights): espn_fpi, sagarin_predictor, sagarin_rating, fei, team_rankings; total from fei"
2026-09-27T01:00:00.000Z,4,Oregon State,UTEP,Sun Bowl,no,51500,,,,,635.79,585.76,,,-5.571799784428905,48.68,,,,,,,"blend of 5 margin source(s) (fitted weights): espn_fpi, sagarin_predictor, sagarin_rating, fei, team_rankings; total from fei"
2026-09-27T02:00:00.000Z,4,Rice,Fresno State,Valley Children's Stadium,no,41031,,,,,589.89,609.75,,,11.941059957280878,44.84,,,,,,,"blend of 5 margin source(s) (fitted weights): espn_fpi, sagarin_predictor, sagarin_rating, fei, team_rankings; total from fei"
2026-09-27T02:30:00.000Z,4,Georgia Tech,Stanford,Stanford Stadium,no,50424,,,,,751.65,705.81,,,-3.1127870896638745,53.84,,,,,,,"blend of 5 margin source(s) (fitted weights): espn_fpi, sagarin_predictor, sagarin_rating, fei, team_rankings; total from fei"
2026-10-02T00:00:00.000Z,5,Western Kentucky,New Mexico State,Aggie Memorial Stadium,no,28853,,,,,611.52,460.38,,,-5.556031017120969,52.28,,,,,,,"blend of 5 margin source(s) (fitted weights): espn_fpi, sagarin_predictor, sagarin_rating, fei, team_rankings; total from fei"
2026-10-02T01:00:00.000Z,5,North Texas,Tulsa,Chapman Stadium,no,30000,,,,,602.08,622.84,,,-1.6298444752710126,57.56,,,,,,,"blend of 5 margin source(s) (fitted weights): espn_fpi, sagarin_predictor, sagarin_rating, fei, team_rankings; total from fei"
2026-10-02T23:00:00.000Z,5,Liberty,Delaware,Delaware Stadium,no,22000,,,,,633.35,483.48,,,0.9276572598184913,57.2,,,,,,,"blend of 5 margin source(s) (fitted weights): espn_fpi, sagarin_predictor, sagarin_rating, fei, team_rankings; total from fei"
2026-10-02T23:00:00.000Z,5,Pittsburgh,Virginia Tech,Lane Stadium,no,65632,,,,,675.02,769.12,,,0.8733816931667069,49.760000000000005,,,,,,,"blend of 5 margin source(s) (fitted weights): espn_fpi, sagarin_predictor, sagarin_rating, fei, team_rankings; total from fei"
2026-10-03T00:00:00.000Z,5,Penn State,Northwestern,Ryan Field,no,35000,,,,,774.04,688.32,,,-8.071269977896396,50.24,,,,,,,"blend of 5 margin source(s) (fitted weights): espn_fpi, sagarin_predictor, sagarin_rating, fei, team_rankings; total from fei"
2026-10-03T04:00:00.000Z,5,Stanford,Wake Forest,Allegacy Federal Credit Union Stadium,no,31500,,,,,705.81,680.87,,,7.363608856645854,47,,,,,,,"blend of 5 margin source(s) (fitted weights): espn_fpi, sagarin_predictor, sagarin_rating, fei, team_rankings; total from fei"
2026-10-03T04:00:00.000Z,5,Baylor,Arizona State,Mountain America Stadium,no,65870,,,,,723.28,722,,,2.807579944962252,54.8,,,,,,,"blend of 5 margin source(s) (fitted weights): espn_fpi, sagarin_predictor, sagarin_rating, fei, team_rankings; total from fei"
2026-10-03T04:00:00.000Z,5,Auburn,Tennessee,Neyland Stadium,no,102455,,,,,828.19,885.9,,,5.988128506555864,52.400000000000006,,,,,,,"blend of 5 margin source(s) (fitted weights): espn_fpi, sagarin_predictor, sagarin_rating, fei, team_rankings; total from fei"
2026-10-03T04:00:00.000Z,5,Kentucky,South Carolina,Williams-Brice Stadium,no,80250,,,,,786.65,862.87,,,7.125643748824083,44.48,,,,,,,"blend of 5 margin source(s) (fitted weights): espn_fpi, sagarin_predictor, sagarin_rating, fei, team_rankings; total from fei"
2026-10-03T04:00:00.000Z,5,Toledo,Ball State,Scheumann Stadium,no,22500,,,,,556.26,563.88,,,-10.579043625419754,47.6,,,,,,,"blend of 5 margin source(s) (fitted weights): espn_fpi, sagarin_predictor, sagarin_rating, fei, team_rankings; total from fei"
2026-10-03T04:00:00.000Z,5,Virginia,Florida State,Doak Campbell Stadium,no,67277,,,,,700.18,800.2,,,1.3836105611422502,54.56,,,,,,,"blend of 5 margin source(s) (fitted weights): espn_fpi, sagarin_predictor, sagarin_rating, fei, team_rankings; total from fei"
2026-10-03T04:00:00.000Z,5,Maryland,Nebraska,"Memorial Stadium (Lincoln, NE)",no,85458,,,,,719.64,787.45,,,8.0097493137762,49.760000000000005,,,,,,,"blend of 5 margin source(s) (fitted weights): espn_fpi, sagarin_predictor, sagarin_rating, fei, team_rankings; total from fei"
2026-10-03T04:00:00.000Z,5,Texas Tech,Colorado,Folsom Field,no,50183,,,,,767.89,731.62,,,-12.711504066909566,45.2,,,,,,,"blend of 5 margin source(s) (fitted weights): espn_fpi, sagarin_predictor, sagarin_rating, fei, team_rankings; total from fei"
2026-10-03T04:00:00.000Z,5,Marshall,James Madison,Bridgeforth Stadium,no,24877,,,,,594.71,588.31,,,9.166365906211475,49.16,,,,,,,"blend of 5 margin source(s) (fitted weights): espn_fpi, sagarin_predictor, sagarin_rating, fei, team_rankings; total from fei"
2026-10-03T04:00:00.000Z,5,Georgia Southern,Coastal Carolina,Brooks Stadium (SC),no,21000,,,,,634.19,573.96,,,0.8455566512691461,58.64,,,,,,,"blend of 4 margin source(s) (fitted weights): espn_fpi, sagarin_predictor, sagarin_rating, fei; total from fei"
2026-10-03T04:00:00.000Z,5,UCF,Houston,TDECU Stadium,no,40000,,,,,672.14,695.93,,,6.08516188686024,51.44,,,,,,,"blend of 3 margin source(s) (fitted weights): espn_fpi, fei, team_rankings; total from fei"
2026-10-03T04:00:00.000Z,5,UTEP,New Mexico,University Stadium (NM),no,39224,,,,,585.76,568.19,,,13.759364152157733,48.44,,,,,,,"blend of 5 margin source(s) (fitted weights): espn_fpi, sagarin_predictor, sagarin_rating, fei, team_rankings; total from fei"
2026-10-03T04:00:00.000Z,5,Bowling Green,Miami (OH),Yager Stadium,no,24286,,,,,568.33,621.37,,,8.578466528815174,44.24,,,,,,,"blend of 5 margin source(s) (fitted weights): espn_fpi, sagarin_predictor, sagarin_rating, fei, team_rankings; total from fei"
2026-10-03T04:00:00.000Z,5,UL Monroe,South Alabama,Hancock Whitney Stadium,no,25450,,,,,505.49,573.38,,,9.843119983438143,54.2,,,,,,,"blend of 5 margin source(s) (fitted weights): espn_fpi, sagarin_predictor, sagarin_rating, fei, team_rankings; total from fei"
2026-10-03T04:00:00.000Z,5,West Virginia,Iowa State,Jack Trice Stadium,no,61500,,,,,707.6,669.55,,,3.126327184088954,50.599999999999994,,,,,,,"blend of 5 margin source(s) (fitted weights): espn_fpi, sagarin_predictor, sagarin_rating, fei, team_rankings; total from fei"
2026-10-03T04:00:00.000Z,5,Florida,Missouri,Memorial Stadium,no,71168,,,,,891.07,808.36,,,2.5007792546507335,49.16,,,,,,,"blend of 5 margin source(s) (fitted weights): espn_fpi, sagarin_predictor, sagarin_rating, fei, team_rankings; total from fei"
2026-10-03T04:00:00.000Z,5,Boston College,SMU,Gerald J. Ford Stadium,no,32000,,,,,660,764.5,,,15.347316017669115,54.92,,,,,,,"blend of 5 margin source(s) (fitted weights): espn_fpi, sagarin_predictor, sagarin_rating, fei, team_rankings; total from fei"
2026-10-03T04:00:00.000Z,5,Cincinnati,Arizona,Arizona Stadium,no,50782,,,,,634.28,699.59,,,6.172908752819914,56.24,,,,,,,"blend of 5 margin source(s) (fitted weights): espn_fpi, sagarin_predictor, sagarin_rating, fei, team_rankings; total from fei"
2026-10-03T04:00:00.000Z,5,Memphis,Charlotte,Jerry Richardson Stadium,no,15300,,,,,670.31,576.77,,,-12.666980429241196,52.040000000000006,,,,,,,"blend of 4 margin source(s) (fitted weights): sagarin_predictor, sagarin_rating, fei, team_rankings; total from fei"
2026-10-03T04:00:00.000Z,5,UTSA,Rice,Rice Stadium,no,47000,,,,,655.82,589.89,,,-6.817891382348961,52.16,,,,,,,"blend of 5 margin source(s) (fitted weights): espn_fpi, sagarin_predictor, sagarin_rating, fei, team_rankings; total from fei"
2026-10-03T04:00:00.000Z,5,Temple,South Florida,Raymond James Stadium,no,65828,,,,,631.07,703.81,,,10.549883700588005,56.239999999999995,,,,,,,"blend of 5 margin source(s) (fitted weights): espn_fpi, sagarin_predictor, sagarin_rating, fei, team_rankings; total from fei"
2026-10-03T04:00:00.000Z,5,Western Michigan,Buffalo,UB Stadium,no,30270,,,,,572.2,549.31,,,-4.22215902375522,44,,,,,,,"blend of 5 margin source(s) (fitted weights): espn_fpi, sagarin_predictor, sagarin_rating, fei, team_rankings; total from fei"
2026-10-03T04:00:00.000Z,5,Notre Dame,North Carolina,Kenan Stadium,no,50500,,,,,953.03,767.89,23.5,55.5,-17.996763347302927,51.8,home,high,under,medium,home,0.050045462792402254,"blend of 5 margin source(s) (fitted weights): espn_fpi, sagarin_predictor, sagarin_rating, fei, team_rankings; total from fei"
2026-10-03T04:00:00.000Z,5,Old Dominion,Georgia State,Center Parc Stadium,no,25000,,,,,544.25,573.83,,,-7.863588848623997,50.48,,,,,,,"blend of 5 margin source(s) (fitted weights): espn_fpi, sagarin_predictor, sagarin_rating, fei, team_rankings; total from fei"
2026-10-03T04:00:00.000Z,5,Arkansas State,Louisiana,Cajun Field,no,41426,,,,,606.22,590.94,,,4.075342495890126,51.8,,,,,,,"blend of 5 margin source(s) (fitted weights): espn_fpi, sagarin_predictor, sagarin_rating, fei, team_rankings; total from fei"
2026-10-03T04:00:00.000Z,5,Vanderbilt,Georgia,Sanford Stadium,no,92746,,,,,727.39,1003.67,,,16.01333690095799,61.04,,,,,,,"blend of 5 margin source(s) (fitted weights): espn_fpi, sagarin_predictor, sagarin_rating, fei, team_rankings; total from fei"
2026-10-03T04:00:00.000Z,5,Michigan State,Wisconsin,Camp Randall Stadium,no,80321,,,,,685.02,767.68,,,7.641342549518838,46.879999999999995,,,,,,,"blend of 5 margin source(s) (fitted weights): espn_fpi, sagarin_predictor, sagarin_rating, fei, team_rankings; total from fei"
2026-10-03T04:00:00.000Z,5,BYU,TCU,Amon G. Carter Stadium,no,46000,,,,,689.42,730.79,,,-4.163852313804199,52.879999999999995,,,,,,,"blend of 5 margin source(s) (fitted weights): espn_fpi, sagarin_predictor, sagarin_rating, fei, team_rankings; total from fei"
2026-10-03T04:00:00.000Z,5,Eastern Michigan,Massachusetts,Warren McGuirk Alumni Stadium,no,17000,,,,,580.64,525.94,,,-5.108928894262635,55.4,,,,,,,"blend of 5 margin source(s) (fitted weights): espn_fpi, sagarin_predictor, sagarin_rating, fei, team_rankings; total from fei"
2026-10-03T04:00:00.000Z,5,Ohio,Kent State,Dix Stadium,no,25319,,,,,522.84,522.83,,,-6.897342127173103,56.36,,,,,,,"blend of 5 margin source(s) (fitted weights): espn_fpi, sagarin_predictor, sagarin_rating, fei, team_rankings; total from fei"
2026-10-03T04:00:00.000Z,5,Middle Tennessee,Kansas,Memorial Stadium,no,47000,,,,,571.5,684.51,,,21.301597533442745,59.72,,,,,,,"blend of 5 margin source(s) (fitted weights): espn_fpi, sagarin_predictor, sagarin_rating, fei, team_rankings; total from fei"
2026-10-03T04:00:00.000Z,5,Washington,USC,Los Angeles Memorial Coliseum,no,77500,,,,,777.63,899,,,5.450077377293655,63.08,,,,,,,"blend of 5 margin source(s) (fitted weights): espn_fpi, sagarin_predictor, sagarin_rating, fei, team_rankings; total from fei"
2026-10-03T04:00:00.000Z,5,Miami,Clemson,"Memorial Stadium (Clemson, SC)",no,81500,,,,,885.94,862.85,7,55.5,-5.839653098111042,48.56,home,medium,under,high,home,0.09110617665528914,"blend of 5 margin source(s) (fitted weights): espn_fpi, sagarin_predictor, sagarin_rating, fei, team_rankings; total from fei"
2026-10-03T04:00:00.000Z,5,Alabama,Mississippi State,Davis Wade Stadium,no,61337,,,,,973.53,804.53,,,-11.057897897603421,54.08,,,,,,,"blend of 5 margin source(s) (fitted weights): espn_fpi, sagarin_predictor, sagarin_rating, fei, team_rankings; total from fei"
2026-10-03T04:00:00.000Z,5,Louisville,NC State,Carter-Finley Stadium,no,58000,,,,,739.97,757.14,,,-5.02569489428216,50.120000000000005,,,,,,,"blend of 5 margin source(s) (fitted weights): espn_fpi, sagarin_predictor, sagarin_rating, fei, team_rankings; total from fei"
2026-10-03T04:00:00.000Z,5,Michigan,Minnesota,Huntington Bank Stadium,no,50850,,,,,890.02,728.79,,,-9.543278186140853,52.879999999999995,,,,,,,"blend of 5 margin source(s) (fitted weights): espn_fpi, sagarin_predictor, sagarin_rating, fei, team_rankings; total from fei"
2026-10-03T04:00:00.000Z,5,Army,Louisiana Tech,Joe Aillet Stadium,no,28019,,,,,303.83,543.02,,,-2.772762512560749,50.84,,,,,,,"blend of 5 margin source(s) (fitted weights): espn_fpi, sagarin_predictor, sagarin_rating, fei, team_rankings; total from fei"
2026-10-03T04:00:00.000Z,5,Arkansas,Texas A&M,Kyle Field,no,102733,,,,,745.48,933,,,15.564440558092134,56.84,,,,,,,"blend of 5 margin source(s) (fitted weights): espn_fpi, sagarin_predictor, sagarin_rating, fei, team_rankings; total from fei"
2026-10-03T04:00:00.000Z,5,Akron,Central Michigan,Kelly/Shorts Stadium,no,30255,,,,,546.84,540.01,,,6.902361936054785,48.92,,,,,,,"blend of 5 margin source(s) (fitted weights): espn_fpi, sagarin_predictor, sagarin_rating, fei, team_rankings; total from fei"
2026-10-03T04:00:00.000Z,5,Ohio State,Iowa,Kinnick Stadium,no,69250,,,,,964.27,722.73,,,-13.153202188974706,44.24,,,,,,,"blend of 5 margin source(s) (fitted weights): espn_fpi, sagarin_predictor, sagarin_rating, fei, team_rankings; total from fei"
2026-10-03T04:00:00.000Z,5,Purdue,Illinois,"Memorial Stadium (Champaign, IL)",no,60670,,,,,698.33,704.01,,,10.310725717327308,54.8,,,,,,,"blend of 5 margin source(s) (fitted weights): espn_fpi, sagarin_predictor, sagarin_rating, fei, team_rankings; total from fei"
2026-10-03T16:00:00.000Z,5,Navy,Air Force,Falcon Stadium,no,46692,,,,,195.68,272.35,,,-2.3315676374367214,61.879999999999995,,,,,,,"blend of 5 margin source(s) (fitted weights): espn_fpi, sagarin_predictor, sagarin_rating, fei, team_rankings; total from fei"
2026-10-03T16:00:00.000Z,5,Syracuse,UConn,Pratt & Whitney Stadium,no,40000,,,,,745.61,652.56,,,-5.986952239994101,52.64,,,,,,,"blend of 5 margin source(s) (fitted weights): espn_fpi, sagarin_predictor, sagarin_rating, fei, team_rankings; total from fei"
2026-10-03T19:30:00.000Z,5,California,UNLV,Allegiant Stadium,yes,65000,,,,,751.92,696.03,,,-0.06332753269298891,53.84,,,,,,,"blend of 5 margin source(s) (fitted weights): espn_fpi, sagarin_predictor, sagarin_rating, fei, team_rankings; total from fei"
2026-10-03T19:30:00.000Z,5,Wyoming,North Dakota State,Fargodome,yes,18700,,,,,528.29,515.59,,,9.082677267161372,47.96,,,,,,,"blend of 5 margin source(s) (fitted weights): espn_fpi, sagarin_predictor, sagarin_rating, fei, team_rankings; total from fei"
2026-10-03T22:00:00.000Z,5,Oregon State,Colorado State,Canvas Stadium,no,36500,,,,,635.79,640.31,,,-1.1836224964840873,52.28,,,,,,,"blend of 5 margin source(s) (fitted weights): espn_fpi, sagarin_predictor, sagarin_rating, fei, team_rankings; total from fei"
2026-10-03T23:30:00.000Z,5,Utah State,Boise State,Albertsons Stadium,no,36387,,,,,543.98,641.17,,,12.232206121367529,53.36,,,,,,,"blend of 5 margin source(s) (fitted weights): espn_fpi, sagarin_predictor, sagarin_rating, fei, team_rankings; total from fei"
2026-10-04T00:00:00.000Z,5,Indiana,Rutgers,SHI Stadium,no,52454,,,,,735.26,709.04,,,-18.183620929990195,58.28,,,,,,,"blend of 5 margin source(s) (fitted weights): espn_fpi, sagarin_predictor, sagarin_rating, fei, team_rankings; total from fei"
2026-10-04T01:30:00.000Z,5,Fresno State,Washington State,Gesa Field,no,32952,,,,,609.75,630.29,,,3.734793658348336,44.24,,,,,,,"blend of 5 margin source(s) (fitted weights): espn_fpi, sagarin_predictor, sagarin_rating, fei, team_rankings; total from fei"
2026-10-04T02:30:00.000Z,5,Texas State,San Diego State,Snapdragon Stadium,no,35000,,,,,624.81,609.22,,,6.249500377185401,51.44,,,,,,,"blend of 5 margin source(s) (fitted weights): espn_fpi, sagarin_predictor, sagarin_rating, fei, team_rankings; total from fei"
2026-10-04T03:59:00.000Z,5,San José State,Hawai'i,Clarence T.C. Ching Athletics Complex,no,15194,,,,,569.25,556.82,,,8.306304185032737,54.68,,,,,,,"blend of 5 margin source(s) (fitted weights): espn_fpi, sagarin_predictor, sagarin_rating, fei, team_rankings; total from fei"
2026-10-07T00:00:00.000Z,6,Southern Miss,Troy,Veterans Memorial Stadium (AL),no,30000,,,,,602.63,596.19,,,8.105518206072361,44.84,,,,,,,"blend of 4 margin source(s) (fitted weights): sagarin_predictor, sagarin_rating, fei, team_rankings; total from fei"
2026-10-07T23:00:00.000Z,6,Jacksonville State,Kennesaw State,Fifth Third Stadium,no,11040,,,,,602.83,502.86,,,4.965789748908492,51.92,,,,,,,"blend of 5 margin source(s) (fitted weights): espn_fpi, sagarin_predictor, sagarin_rating, fei, team_rankings; total from fei"
2026-10-07T23:30:00.000Z,6,New Mexico State,Florida International,Pitbull Stadium,no,20000,,,,,460.38,607.56,,,3.4086644324975,49.76,,,,,,,"blend of 2 margin source(s) (fitted weights): espn_fpi, fei; total from fei"
2026-10-08T23:00:00.000Z,6,Sam Houston,Liberty,Williams Stadium (VA),no,25000,,,,,554.47,633.35,,,12.72453200822978,53.36,,,,,,,"blend of 5 margin source(s) (fitted weights): espn_fpi, sagarin_predictor, sagarin_rating, fei, team_rankings; total from fei"
2026-10-08T23:00:00.000Z,6,Missouri State,Western Kentucky,Houchens Industries-L.T. Smith Stadium,no,22113,,,,,549.92,611.52,,,8.312055807533373,56.72,,,,,,,"blend of 5 margin source(s) (fitted weights): espn_fpi, sagarin_predictor, sagarin_rating, fei, team_rankings; total from fei"
2026-10-08T23:30:00.000Z,6,South Florida,UTSA,Alamodome,yes,36582,,,,,703.81,655.82,,,0.13297146993560183,55.760000000000005,,,,,,,"blend of 5 margin source(s) (fitted weights): espn_fpi, sagarin_predictor, sagarin_rating, fei, team_rankings; total from fei"
2026-10-08T23:30:00.000Z,6,South Alabama,Arkansas State,Centennial Bank Stadium,no,30382,,,,,573.38,606.22,,,2.433635950726141,53.84,,,,,,,"blend of 5 margin source(s) (fitted weights): espn_fpi, sagarin_predictor, sagarin_rating, fei, team_rankings; total from fei"
2026-10-09T23:00:00.000Z,6,Florida State,Louisville,L&N Federal Credit Union Stadium,no,60000,,,,,800.2,739.97,,,4.157777210889866,53.84,,,,,,,"blend of 5 margin source(s) (fitted weights): espn_fpi, sagarin_predictor, sagarin_rating, fei, team_rankings; total from fei"
2026-10-10T01:00:00.000Z,6,Wyoming,San José State,CEFCU Stadium,no,30456,,,,,528.29,569.25,,,2.524349982628779,48.32,,,,,,,"blend of 5 margin source(s) (fitted weights): espn_fpi, sagarin_predictor, sagarin_rating, fei, team_rankings; total from fei"
2026-10-10T01:00:00.000Z,6,Iowa,Washington,Husky Stadium,no,70138,,,,,722.73,777.63,,,3.340334930227728,46.28,,,,,,,"blend of 5 margin source(s) (fitted weights): espn_fpi, sagarin_predictor, sagarin_rating, fei, team_rankings; total from fei"
2026-10-10T01:00:00.000Z,6,Washington State,Utah State,Maverik Stadium,no,25513,,,,,630.29,543.98,,,-1.7651644344210276,51.44,,,,,,,"blend of 5 margin source(s) (fitted weights): espn_fpi, sagarin_predictor, sagarin_rating, fei, team_rankings; total from fei"
2026-10-10T02:15:00.000Z,6,Iowa State,BYU,LaVell Edwards Stadium,no,63470,,,,,669.55,689.42,,,12.964739995598759,52.879999999999995,,,,,,,"blend of 5 margin source(s) (fitted weights): espn_fpi, sagarin_predictor, sagarin_rating, fei, team_rankings; total from fei"
2026-10-10T04:00:00.000Z,6,Kent State,Western Michigan,Waldo Stadium,no,30200,,,,,522.83,572.2,,,14.882263502781012,52.64,,,,,,,"blend of 5 margin source(s) (fitted weights): espn_fpi, sagarin_predictor, sagarin_rating, fei, team_rankings; total from fei"
2026-10-10T04:00:00.000Z,6,LSU,Kentucky,Kroger Field,no,61000,,,,,931.76,786.65,,,-8.203659713199762,46.76,,,,,,,"blend of 5 margin source(s) (fitted weights): espn_fpi, sagarin_predictor, sagarin_rating, fei, team_rankings; total from fei"
2026-10-10T04:00:00.000Z,6,Wake Forest,NC State,Carter-Finley Stadium,no,58000,,,,,680.87,757.14,,,0.6665741138048386,49.28,,,,,,,"blend of 5 margin source(s) (fitted weights): espn_fpi, sagarin_predictor, sagarin_rating, fei, team_rankings; total from fei"
2026-10-10T04:00:00.000Z,6,Houston,Kansas State,Bill Snyder Family Stadium,no,50000,,,,,695.93,718.67,,,3.229439788876033,53.84,,,,,,,"blend of 5 margin source(s) (fitted weights): espn_fpi, sagarin_predictor, sagarin_rating, fei, team_rankings; total from fei"
2026-10-10T04:00:00.000Z,6,Coastal Carolina,Marshall,Joan C. Edwards Stadium,no,38016,,,,,573.96,594.71,,,6.206192576814064,50.6,,,,,,,"blend of 5 margin source(s) (fitted weights): espn_fpi, sagarin_predictor, sagarin_rating, fei, team_rankings; total from fei"
2026-10-10T04:00:00.000Z,6,Rice,East Carolina,Dowdy-Ficklen Stadium,no,50000,,,,,589.89,623.79,,,13.904261691015101,48.92,,,,,,,"blend of 5 margin source(s) (fitted weights): espn_fpi, sagarin_predictor, sagarin_rating, fei, team_rankings; total from fei"
2026-10-10T04:00:00.000Z,6,UAB,Memphis,Simmons Bank Liberty Stadium,no,58325,,,,,606.18,670.31,,,15.726772416886615,56.96,,,,,,,"blend of 5 margin source(s) (fitted weights): espn_fpi, sagarin_predictor, sagarin_rating, fei, team_rankings; total from fei"
2026-10-10T04:00:00.000Z,6,USC,Penn State,Beaver Stadium,no,106572,,,,,899,774.04,-1.5,56.5,1.6685698189732083,62,home,low,over,medium,,0.009061174758647983,"blend of 5 margin source(s) (fitted weights): espn_fpi, sagarin_predictor, sagarin_rating, fei, team_rankings; total from fei"
2026-10-10T04:00:00.000Z,6,Virginia Tech,California,California Memorial Stadium,no,62467,,,,,769.12,751.92,,,-1.0884037969551115,52.64,,,,,,,"blend of 5 margin source(s) (fitted weights): espn_fpi, sagarin_predictor, sagarin_rating, fei, team_rankings; total from fei"
2026-10-10T04:00:00.000Z,6,Louisiana,Louisiana Tech,Joe Aillet Stadium,no,28019,,,,,590.94,543.02,,,1.6450470071280296,51.2,,,,,,,"blend of 5 margin source(s) (fitted weights): espn_fpi, sagarin_predictor, sagarin_rating, fei, team_rankings; total from fei"
2026-10-10T04:00:00.000Z,6,Texas A&M,Missouri,Memorial Stadium,no,71168,,,,,933,808.36,,,-3.9091361318682303,49.64,,,,,,,"blend of 5 margin source(s) (fitted weights): espn_fpi, sagarin_predictor, sagarin_rating, fei, team_rankings; total from fei"
2026-10-10T04:00:00.000Z,6,UConn,Temple,Lincoln Financial Field,no,69879,,,,,652.56,631.07,,,3.3897817559690786,57.92,,,,,,,"blend of 5 margin source(s) (fitted weights): espn_fpi, sagarin_predictor, sagarin_rating, fei, team_rankings; total from fei"
2026-10-10T04:00:00.000Z,6,Ole Miss,Vanderbilt,FirstBank Stadium,no,40351,,,,,885.72,727.39,,,-4.047912661567591,64.28,,,,,,,"blend of 5 margin source(s) (fitted weights): espn_fpi, sagarin_predictor, sagarin_rating, fei, team_rankings; total from fei"
2026-10-10T04:00:00.000Z,6,Kansas,Utah,Rice-Eccles Stadium,no,51444,,,,,684.51,695.72,,,9.314245728845147,60.92,,,,,,,"blend of 5 margin source(s) (fitted weights): espn_fpi, sagarin_predictor, sagarin_rating, fei, team_rankings; total from fei"
2026-10-10T04:00:00.000Z,6,Hawai'i,Arizona State,Mountain America Stadium,no,65870,,,,,556.82,722,,,13.064022932820507,52.88,,,,,,,"blend of 5 margin source(s) (fitted weights): espn_fpi, sagarin_predictor, sagarin_rating, fei, team_rankings; total from fei"
2026-10-10T04:00:00.000Z,6,UCF,Oklahoma State,Boone Pickens Stadium,no,55509,,,,,672.14,672.69,,,1.8991947405984042,48.56,,,,,,,"blend of 3 margin source(s) (fitted weights): espn_fpi, fei, team_rankings; total from fei"
2026-10-10T04:00:00.000Z,6,Miami (OH),Massachusetts,Warren McGuirk Alumni Stadium,no,17000,,,,,621.37,525.94,,,-11.459153574161789,51.32,,,,,,,"blend of 5 margin source(s) (fitted weights): espn_fpi, sagarin_predictor, sagarin_rating, fei, team_rankings; total from fei"
2026-10-10T04:00:00.000Z,6,Sacramento State,Bowling Green,Doyt L. Perry Stadium,no,24000,,,,,561.42,568.33,,,8.249397569038042,46.760000000000005,,,,,,,"blend of 5 margin source(s) (fitted weights): espn_fpi, sagarin_predictor, sagarin_rating, fei, team_rankings; total from fei"
2026-10-10T04:00:00.000Z,6,Indiana,Nebraska,"Memorial Stadium (Lincoln, NE)",no,85458,,,,,735.26,787.45,,,-11.598981524185142,52.16,,,,,,,"blend of 5 margin source(s) (fitted weights): espn_fpi, sagarin_predictor, sagarin_rating, fei, team_rankings; total from fei"
2026-10-10T04:00:00.000Z,6,Old Dominion,App State,Kidd Brewer Stadium,no,30000,,,,,544.25,621.61,,,-3.365599432733314,51.2,,,,,,,"blend of 5 margin source(s) (fitted weights): espn_fpi, sagarin_predictor, sagarin_rating, fei, team_rankings; total from fei"
2026-10-10T04:00:00.000Z,6,James Madison,Georgia Southern,Allen E. Paulson Stadium,no,25000,,,,,588.31,634.19,,,-5.81827683220215,57.2,,,,,,,"blend of 4 margin source(s) (fitted weights): espn_fpi, sagarin_predictor, sagarin_rating, fei; total from fei"
2026-10-10T04:00:00.000Z,6,Georgia,Alabama,Bryant-Denny Stadium,no,101821,,,,,1003.67,973.53,3,50.5,-1.2473851969090775,54.8,home,medium,over,medium,home,0.0622989960484453,"blend of 5 margin source(s) (fitted weights): espn_fpi, sagarin_predictor, sagarin_rating, fei, team_rankings; total from fei"
2026-10-10T04:00:00.000Z,6,North Carolina,Pittsburgh,Acrisure Stadium,no,68400,,,,,767.89,675.02,,,6.15091875521947,47.96,,,,,,,"blend of 5 margin source(s) (fitted weights): espn_fpi, sagarin_predictor, sagarin_rating, fei, team_rankings; total from fei"
2026-10-10T04:00:00.000Z,6,Arizona,West Virginia,Milan Puskar Stadium,no,60000,,,,,699.59,707.6,,,-3.5433920280254756,51.44,,,,,,,"blend of 5 margin source(s) (fitted weights): espn_fpi, sagarin_predictor, sagarin_rating, fei, team_rankings; total from fei"
2026-10-10T04:00:00.000Z,6,Charlotte,North Texas,DATCU Stadium,no,30850,,,,,576.77,602.08,,,16.181450765212446,57.56,,,,,,,"blend of 4 margin source(s) (fitted weights): sagarin_predictor, sagarin_rating, fei, team_rankings; total from fei"
2026-10-10T04:00:00.000Z,6,Tennessee,Arkansas,Razorback Stadium,no,80000,,,,,885.9,745.48,,,-6.951892645232558,61.400000000000006,,,,,,,"blend of 5 margin source(s) (fitted weights): espn_fpi, sagarin_predictor, sagarin_rating, fei, team_rankings; total from fei"
2026-10-10T04:00:00.000Z,6,Illinois,Michigan State,Spartan Stadium,no,75005,,,,,704.01,685.02,,,-4.04500647827286,55.04,,,,,,,"blend of 5 margin source(s) (fitted weights): espn_fpi, sagarin_predictor, sagarin_rating, fei, team_rankings; total from fei"
2026-10-10T04:00:00.000Z,6,Buffalo,Toledo,Glass Bowl,no,26038,,,,,549.31,556.26,,,10.576322151473239,44.599999999999994,,,,,,,"blend of 5 margin source(s) (fitted weights): espn_fpi, sagarin_predictor, sagarin_rating, fei, team_rankings; total from fei"
2026-10-10T04:00:00.000Z,6,Syracuse,Virginia,Scott Stadium,no,61500,,,,,745.61,700.18,,,12.11572923421459,47.72,,,,,,,"blend of 5 margin source(s) (fitted weights): espn_fpi, sagarin_predictor, sagarin_rating, fei, team_rankings; total from fei"
2026-10-10T04:00:00.000Z,6,Minnesota,Purdue,Ross-Ade Stadium,no,57282,,,,,728.79,698.33,,,-0.9446230333674839,51.56,,,,,,,"blend of 5 margin source(s) (fitted weights): espn_fpi, sagarin_predictor, sagarin_rating, fei, team_rankings; total from fei"
2026-10-10T04:00:00.000Z,6,Nevada,UTEP,Sun Bowl,no,51500,,,,,549.99,585.76,,,-1.0231205750986279,46.519999999999996,,,,,,,"blend of 5 margin source(s) (fitted weights): espn_fpi, sagarin_predictor, sagarin_rating, fei, team_rankings; total from fei"
2026-10-10T04:00:00.000Z,6,Ball State,Northwestern,Ryan Field,no,35000,,,,,563.88,688.32,,,21.91353346713459,47.480000000000004,,,,,,,"blend of 5 margin source(s) (fitted weights): espn_fpi, sagarin_predictor, sagarin_rating, fei, team_rankings; total from fei"
2026-10-10T04:00:00.000Z,6,Central Michigan,Ohio,Peden Stadium,no,24000,,,,,540.01,522.84,,,6.438315027023084,51.2,,,,,,,"blend of 5 margin source(s) (fitted weights): espn_fpi, sagarin_predictor, sagarin_rating, fei, team_rankings; total from fei"
2026-10-10T04:00:00.000Z,6,Maryland,Ohio State,Ohio Stadium,no,102780,,,,,719.64,964.27,,,27.090151170284983,48.92,,,,,,,"blend of 5 margin source(s) (fitted weights): espn_fpi, sagarin_predictor, sagarin_rating, fei, team_rankings; total from fei"
2026-10-10T04:00:00.000Z,6,UCLA,Oregon,Autzen Stadium,no,54000,,,,,774.45,984.33,,,24.076005923107246,57.199999999999996,,,,,,,"blend of 5 margin source(s) (fitted weights): espn_fpi, sagarin_predictor, sagarin_rating, fei, team_rankings; total from fei"
2026-10-10T04:00:00.000Z,6,South Carolina,Florida,Ben Hill Griffin Stadium,no,88548,,,,,862.87,891.07,,,3.6213384632095784,46.760000000000005,,,,,,,"blend of 5 margin source(s) (fitted weights): espn_fpi, sagarin_predictor, sagarin_rating, fei, team_rankings; total from fei"
2026-10-10T04:00:00.000Z,6,Duke,Georgia Tech,Bobby Dodd Stadium,no,55000,,,,,668.47,751.65,,,3.714548395200118,60.32,,,,,,,"blend of 5 margin source(s) (fitted weights): espn_fpi, sagarin_predictor, sagarin_rating, fei, team_rankings; total from fei"
2026-10-10T16:00:00.000Z,6,Tulane,Army,Michie Stadium,no,38000,,,,,665.11,303.83,,,-1.947950439438527,52.040000000000006,,,,,,,"blend of 5 margin source(s) (fitted weights): espn_fpi, sagarin_predictor, sagarin_rating, fei, team_rankings; total from fei"
2026-10-10T19:30:00.000Z,6,Texas,Oklahoma,Cotton Bowl,no,92100,,,,,985.17,851.14,6,48.5,-3.2480559260951964,45.8,home,medium,under,medium,home,0.07704140333370335,"blend of 5 margin source(s) (fitted weights): espn_fpi, sagarin_predictor, sagarin_rating, fei, team_rankings; total from fei"
2026-10-10T19:30:00.000Z,6,Stanford,Notre Dame,Notre Dame Stadium,no,80795,,,,,705.81,953.03,,,27.85265411981082,50.480000000000004,,,,,,,"blend of 5 margin source(s) (fitted weights): espn_fpi, sagarin_predictor, sagarin_rating, fei, team_rankings; total from fei"
2026-10-10T19:30:00.000Z,6,Tulsa,Navy,Navy-Marine Corps Memorial Stadium,no,34000,,,,,622.84,195.68,,,10.653344781159934,52.879999999999995,,,,,,,"blend of 5 margin source(s) (fitted weights): espn_fpi, sagarin_predictor, sagarin_rating, fei, team_rankings; total from fei"
2026-10-10T19:30:00.000Z,6,Eastern Michigan,Akron,InfoCision Stadium,no,30000,,,,,580.64,546.84,,,0.23364778829688007,52.04,,,,,,,"blend of 5 margin source(s) (fitted weights): espn_fpi, sagarin_predictor, sagarin_rating, fei, team_rankings; total from fei"
2026-10-10T22:00:00.000Z,6,San Diego State,Oregon State,Reser Stadium,no,43363,,,,,609.22,635.79,,,-4.166880531719049,46.519999999999996,,,,,,,"blend of 5 margin source(s) (fitted weights): espn_fpi, sagarin_predictor, sagarin_rating, fei, team_rankings; total from fei"
2026-10-10T23:00:00.000Z,6,North Dakota State,UNLV,Allegiant Stadium,yes,65000,,,,,515.59,696.03,,,5.569672971039973,55.64,,,,,,,"blend of 5 margin source(s) (fitted weights): espn_fpi, sagarin_predictor, sagarin_rating, fei, team_rankings; total from fei"
2026-10-10T23:30:00.000Z,6,Air Force,Northern Illinois,Huskie Stadium,no,23595,,,,,272.35,536.58,,,-4.985344668441111,58.760000000000005,,,,,,,"blend of 5 margin source(s) (fitted weights): espn_fpi, sagarin_predictor, sagarin_rating, fei, team_rankings; total from fei"
2026-10-11T02:30:00.000Z,6,Boise State,Fresno State,Valley Children's Stadium,no,41031,,,,,641.17,609.75,,,-3.8244504761341753,46.16,,,,,,,"blend of 5 margin source(s) (fitted weights): espn_fpi, sagarin_predictor, sagarin_rating, fei, team_rankings; total from fei"
2026-10-13T23:00:00.000Z,7,Delaware,Middle Tennessee,"Johnny ""Red"" Floyd Stadium",no,30788,,,,,483.48,571.5,,,-3.8107306505776712,54.92,,,,,,,"blend of 5 margin source(s) (fitted weights): espn_fpi, sagarin_predictor, sagarin_rating, fei, team_rankings; total from fei"
2026-10-14T00:00:00.000Z,7,Florida International,Jacksonville State,AmFirst Stadium,no,24000,,,,,607.56,602.83,,,2.2544735323659566,48.44,,,,,,,"blend of 2 margin source(s) (fitted weights): espn_fpi, fei; total from fei"
2026-10-14T23:30:00.000Z,7,Kennesaw State,Missouri State,Plaster Sports Complex,no,17337,,,,,502.86,549.92,,,0.8588267055479759,57.68000000000001,,,,,,,"blend of 5 margin source(s) (fitted weights): espn_fpi, sagarin_predictor, sagarin_rating, fei, team_rankings; total from fei"
2026-10-15T00:00:00.000Z,7,Western Kentucky,Sam Houston,Elliott T. Bowers Stadium,no,14000,,,,,611.52,554.47,,,-9.456472199892442,50.480000000000004,,,,,,,"blend of 5 margin source(s) (fitted weights): espn_fpi, sagarin_predictor, sagarin_rating, fei, team_rankings; total from fei"
2026-10-15T23:30:00.000Z,7,East Carolina,UAB,Protective Stadium,no,45000,,,,,623.79,606.18,,,-9.772426791004428,54.68,,,,,,,"blend of 5 margin source(s) (fitted weights): espn_fpi, sagarin_predictor, sagarin_rating, fei, team_rankings; total from fei"
2026-10-15T23:30:00.000Z,7,Georgia Southern,Old Dominion,S.B. Ballard Stadium,no,20118,,,,,634.19,544.25,,,8.297377931574204,54.68,,,,,,,"blend of 4 margin source(s) (fitted weights): espn_fpi, sagarin_predictor, sagarin_rating, fei; total from fei"
2026-10-16T00:00:00.000Z,7,Colorado State,Texas State,Bobcat Stadium (TX),no,30000,,,,,640.31,624.81,,,9.478387520178401,57.2,,,,,,,"blend of 5 margin source(s) (fitted weights): espn_fpi, sagarin_predictor, sagarin_rating, fei, team_rankings; total from fei"
2026-10-16T23:30:00.000Z,7,Memphis,Tulane,Yulman Stadium,no,30000,,,,,670.31,665.11,,,4.007792357070893,53.12,,,,,,,"blend of 5 margin source(s) (fitted weights): espn_fpi, sagarin_predictor, sagarin_rating, fei, team_rankings; total from fei"
2026-10-17T00:00:00.000Z,7,App State,Coastal Carolina,Brooks Stadium (SC),no,21000,,,,,621.61,573.96,,,1.088775953514194,55.16,,,,,,,"blend of 5 margin source(s) (fitted weights): espn_fpi, sagarin_predictor, sagarin_rating, fei, team_rankings; total from fei"
2026-10-17T00:00:00.000Z,7,Washington,Purdue,Ross-Ade Stadium,no,57282,,,,,777.63,698.33,,,-9.140176462685336,53.96,,,,,,,"blend of 5 margin source(s) (fitted weights): espn_fpi, sagarin_predictor, sagarin_rating, fei, team_rankings; total from fei"
2026-10-17T04:00:00.000Z,7,Cincinnati,West Virginia,Milan Puskar Stadium,no,60000,,,,,634.28,707.6,,,0.03517050750427192,55.760000000000005,,,,,,,"blend of 5 margin source(s) (fitted weights): espn_fpi, sagarin_predictor, sagarin_rating, fei, team_rankings; total from fei"
2026-10-17T04:00:00.000Z,7,Louisiana Tech,UL Monroe,Malone Stadium,no,27617,,,,,543.02,505.49,,,-5.0254143507316105,50,,,,,,,"blend of 5 margin source(s) (fitted weights): espn_fpi, sagarin_predictor, sagarin_rating, fei, team_rankings; total from fei"
2026-10-17T04:00:00.000Z,7,Mississippi State,LSU,Tiger Stadium (LA),no,102321,,,,,804.53,931.76,,,14.281199324781223,51.44,,,,,,,"blend of 5 margin source(s) (fitted weights): espn_fpi, sagarin_predictor, sagarin_rating, fei, team_rankings; total from fei"
2026-10-17T04:00:00.000Z,7,Arizona State,Texas Tech,Jones AT&T Stadium,no,60454,,,,,722,767.89,,,14.808060176024082,45.44,,,,,,,"blend of 5 margin source(s) (fitted weights): espn_fpi, sagarin_predictor, sagarin_rating, fei, team_rankings; total from fei"
2026-10-17T04:00:00.000Z,7,Oklahoma State,Houston,TDECU Stadium,no,40000,,,,,672.69,695.93,,,6.775736776007283,52.16,,,,,,,"blend of 5 margin source(s) (fitted weights): espn_fpi, sagarin_predictor, sagarin_rating, fei, team_rankings; total from fei"
2026-10-17T04:00:00.000Z,7,Kansas,Kansas State,Bill Snyder Family Stadium,no,50000,,,,,684.51,718.67,-7.5,54.5,5.930944017644275,59.120000000000005,away,medium,over,medium,away,-0.08118902223893332,"blend of 5 margin source(s) (fitted weights): espn_fpi, sagarin_predictor, sagarin_rating, fei, team_rankings; total from fei"
2026-10-17T04:00:00.000Z,7,Florida,Texas,DKR-Texas Memorial Stadium,no,100119,,,,,891.07,985.17,,,13.408797690102173,48.92,,,,,,,"blend of 5 margin source(s) (fitted weights): espn_fpi, sagarin_predictor, sagarin_rating, fei, team_rankings; total from fei"
2026-10-17T04:00:00.000Z,7,Georgia Tech,Virginia Tech,Lane Stadium,no,65632,,,,,751.65,769.12,,,3.3900192620695346,56.96,,,,,,,"blend of 5 margin source(s) (fitted weights): espn_fpi, sagarin_predictor, sagarin_rating, fei, team_rankings; total from fei"
2026-10-17T04:00:00.000Z,7,Georgia State,James Madison,Bridgeforth Stadium,no,24877,,,,,573.83,588.31,,,15.770631417850083,53,,,,,,,"blend of 5 margin source(s) (fitted weights): espn_fpi, sagarin_predictor, sagarin_rating, fei, team_rankings; total from fei"
2026-10-17T04:00:00.000Z,7,TCU,Baylor,McLane Stadium,no,45140,,,,,730.79,723.28,,,2.61790553737393,54.44,,,,,,,"blend of 5 margin source(s) (fitted weights): espn_fpi, sagarin_predictor, sagarin_rating, fei, team_rankings; total from fei"
2026-10-17T04:00:00.000Z,7,Akron,Miami (OH),Yager Stadium,no,24286,,,,,546.84,621.37,,,11.305269326182604,47.959999999999994,,,,,,,"blend of 5 margin source(s) (fitted weights): espn_fpi, sagarin_predictor, sagarin_rating, fei, team_rankings; total from fei"
2026-10-17T04:00:00.000Z,7,Ball State,Bowling Green,Doyt L. Perry Stadium,no,24000,,,,,563.88,568.33,,,6.380854694704717,44.72,,,,,,,"blend of 5 margin source(s) (fitted weights): espn_fpi, sagarin_predictor, sagarin_rating, fei, team_rankings; total from fei"
2026-10-17T04:00:00.000Z,7,Alabama,Tennessee,Neyland Stadium,no,102455,,,,,973.53,885.9,1.5,56.5,-1.6247010349092412,56.72,away,low,over,low,,-0.01435408179096137,"blend of 5 margin source(s) (fitted weights): espn_fpi, sagarin_predictor, sagarin_rating, fei, team_rankings; total from fei"
2026-10-17T04:00:00.000Z,7,Arkansas,Vanderbilt,FirstBank Stadium,no,40351,,,,,745.48,727.39,,,6.782373062543709,64.75999999999999,,,,,,,"blend of 5 margin source(s) (fitted weights): espn_fpi, sagarin_predictor, sagarin_rating, fei, team_rankings; total from fei"
2026-10-17T04:00:00.000Z,7,Navy,UTSA,Alamodome,yes,36582,,,,,195.68,655.82,,,0.15457635321331384,56.6,,,,,,,"blend of 5 margin source(s) (fitted weights): espn_fpi, sagarin_predictor, sagarin_rating, fei, team_rankings; total from fei"
2026-10-17T04:00:00.000Z,7,Missouri,Ole Miss,Vaught-Hemingway Stadium,no,64038,,,,,808.36,885.72,,,6.958019949757896,55.519999999999996,,,,,,,"blend of 5 margin source(s) (fitted weights): espn_fpi, sagarin_predictor, sagarin_rating, fei, team_rankings; total from fei"
2026-10-17T04:00:00.000Z,7,Rutgers,Maryland,SECU Stadium,no,51802,,,,,709.04,719.64,,,3.763582526609182,55.88,,,,,,,"blend of 5 margin source(s) (fitted weights): espn_fpi, sagarin_predictor, sagarin_rating, fei, team_rankings; total from fei"
2026-10-17T04:00:00.000Z,7,Auburn,Georgia,Sanford Stadium,no,92746,,,,,828.19,1003.67,-16.5,54.5,14.048907172954511,50.480000000000004,away,medium,under,medium,away,-0.0699564380083475,"blend of 5 margin source(s) (fitted weights): espn_fpi, sagarin_predictor, sagarin_rating, fei, team_rankings; total from fei"
2026-10-17T04:00:00.000Z,7,Kent State,South Florida,Raymond James Stadium,no,65828,,,,,522.83,703.81,,,18.720266383275323,56.839999999999996,,,,,,,"blend of 5 margin source(s) (fitted weights): espn_fpi, sagarin_predictor, sagarin_rating, fei, team_rankings; total from fei"
2026-10-17T04:00:00.000Z,7,North Carolina,Duke,Wallace Wade Stadium,no,40004,,,,,767.89,668.47,-4.5,54.5,2.514079008406694,56.599999999999994,away,medium,over,medium,away,-0.10121933502043268,"blend of 5 margin source(s) (fitted weights): espn_fpi, sagarin_predictor, sagarin_rating, fei, team_rankings; total from fei"
2026-10-17T04:00:00.000Z,7,Wisconsin,UCLA,Rose Bowl,no,88565,,,,,767.68,774.45,,,-0.8599673013592881,48.2,,,,,,,"blend of 5 margin source(s) (fitted weights): espn_fpi, sagarin_predictor, sagarin_rating, fei, team_rankings; total from fei"
2026-10-17T04:00:00.000Z,7,Western Michigan,Central Michigan,Kelly/Shorts Stadium,no,30255,,,,,572.2,540.01,,,-4.045851533470327,47.480000000000004,,,,,,,"blend of 5 margin source(s) (fitted weights): espn_fpi, sagarin_predictor, sagarin_rating, fei, team_rankings; total from fei"
2026-10-17T04:00:00.000Z,7,Nebraska,Oregon,Autzen Stadium,no,54000,,,,,787.45,984.33,-21.5,51.5,19.09003502436655,55.760000000000005,away,medium,over,medium,,-0.04752623584704552,"blend of 5 margin source(s) (fitted weights): espn_fpi, sagarin_predictor, sagarin_rating, fei, team_rankings; total from fei"
2026-10-17T04:00:00.000Z,7,Arkansas State,Southern Miss,M. M. Roberts Stadium,no,36000,,,,,606.22,602.63,,,3.540151062257812,48.68,,,,,,,"blend of 5 margin source(s) (fitted weights): espn_fpi, sagarin_predictor, sagarin_rating, fei, team_rankings; total from fei"
2026-10-17T04:00:00.000Z,7,Florida State,Miami,Hard Rock Stadium,no,64767,,,,,800.2,885.94,-16.5,53.5,14.617072834601814,56,away,medium,over,medium,away,-0.06742869047068001,"blend of 5 margin source(s) (fitted weights): espn_fpi, sagarin_predictor, sagarin_rating, fei, team_rankings; total from fei"
2026-10-17T04:00:00.000Z,7,Ohio,Sacramento State,Hornet Stadium,no,21195,,,,,522.84,561.42,,,-8.485886865587815,52.760000000000005,,,,,,,"blend of 5 margin source(s) (fitted weights): espn_fpi, sagarin_predictor, sagarin_rating, fei, team_rankings; total from fei"
2026-10-17T04:00:00.000Z,7,Tulsa,Rice,Rice Stadium,no,47000,,,,,622.84,589.89,,,-1.198662682556043,48.44,,,,,,,"blend of 5 margin source(s) (fitted weights): espn_fpi, sagarin_predictor, sagarin_rating, fei, team_rankings; total from fei"
2026-10-17T04:00:00.000Z,7,Louisville,Syracuse,JMA Wireless Dome,yes,49057,,,,,739.97,745.61,,,-7.279732137086045,47,,,,,,,"blend of 5 margin source(s) (fitted weights): espn_fpi, sagarin_predictor, sagarin_rating, fei, team_rankings; total from fei"
2026-10-17T04:00:00.000Z,7,Troy,Louisiana,Cajun Field,no,41426,,,,,596.19,590.94,,,1.3601375645615588,47.96,,,,,,,"blend of 4 margin source(s) (fitted weights): sagarin_predictor, sagarin_rating, fei, team_rankings; total from fei"
2026-10-17T04:00:00.000Z,7,New Mexico,Hawai'i,Clarence T.C. Ching Athletics Complex,no,15194,,,,,568.19,556.82,,,1.5241443855996266,52.879999999999995,,,,,,,"blend of 5 margin source(s) (fitted weights): espn_fpi, sagarin_predictor, sagarin_rating, fei, team_rankings; total from fei"
2026-10-17T04:00:00.000Z,7,Penn State,Michigan,Michigan Stadium,no,107601,,,,,774.04,890.02,-6.5,51.5,4.606462429716801,54.2,away,medium,over,medium,away,-0.08248016875971387,"blend of 5 margin source(s) (fitted weights): espn_fpi, sagarin_predictor, sagarin_rating, fei, team_rankings; total from fei"
2026-10-17T04:00:00.000Z,7,Toledo,Eastern Michigan,Rynearson Stadium,no,30200,,,,,556.26,580.64,,,-7.158639516379346,51.2,,,,,,,"blend of 5 margin source(s) (fitted weights): espn_fpi, sagarin_predictor, sagarin_rating, fei, team_rankings; total from fei"
2026-10-17T04:00:00.000Z,7,Massachusetts,Buffalo,UB Stadium,no,30270,,,,,525.94,549.31,,,12.068631128329407,48.8,,,,,,,"blend of 5 margin source(s) (fitted weights): espn_fpi, sagarin_predictor, sagarin_rating, fei, team_rankings; total from fei"
2026-10-17T04:00:00.000Z,7,Northwestern,Michigan State,Spartan Stadium,no,75005,,,,,688.32,685.02,,,0.6725117752888128,50.239999999999995,,,,,,,"blend of 5 margin source(s) (fitted weights): espn_fpi, sagarin_predictor, sagarin_rating, fei, team_rankings; total from fei"
2026-10-17T04:00:00.000Z,7,Virginia,SMU,Gerald J. Ford Stadium,no,32000,,,,,700.18,764.5,,,4.140494264822202,51.32,,,,,,,"blend of 5 margin source(s) (fitted weights): espn_fpi, sagarin_predictor, sagarin_rating, fei, team_rankings; total from fei"
2026-10-17T04:00:00.000Z,7,Notre Dame,BYU,LaVell Edwards Stadium,no,63470,,,,,953.03,689.42,10,54.5,-9.332192969396484,53.84,home,low,under,low,home,0.06660192350225483,"blend of 5 margin source(s) (fitted weights): espn_fpi, sagarin_predictor, sagarin_rating, fei, team_rankings; total from fei"
2026-10-17T04:00:00.000Z,7,Pittsburgh,Boston College,"Alumni Stadium (Chestnut Hill, MA)",no,44500,,,,,675.02,660,,,-6.72741010142271,50,,,,,,,"blend of 5 margin source(s) (fitted weights): espn_fpi, sagarin_predictor, sagarin_rating, fei, team_rankings; total from fei"
2026-10-17T04:00:00.000Z,7,Utah,Colorado,Folsom Field,no,50183,,,,,695.72,731.62,,,-5.397873566620884,53.36,,,,,,,"blend of 5 margin source(s) (fitted weights): espn_fpi, sagarin_predictor, sagarin_rating, fei, team_rankings; total from fei"
2026-10-17T04:00:00.000Z,7,Kentucky,Oklahoma,"Memorial Stadium (Norman, OK)",no,86112,,,,,786.65,851.14,,,13.12468532417014,44.120000000000005,,,,,,,"blend of 5 margin source(s) (fitted weights): espn_fpi, sagarin_predictor, sagarin_rating, fei, team_rankings; total from fei"
2026-10-17T04:00:00.000Z,7,Ohio State,Indiana,"Memorial Stadium (Bloomington, IN)",no,52656,,,,,964.27,735.26,1.5,48.5,-2.292727897743309,51.32,away,low,over,medium,away,-0.05264186174528629,"blend of 5 margin source(s) (fitted weights): espn_fpi, sagarin_predictor, sagarin_rating, fei, team_rankings; total from fei"
2026-10-17T04:00:00.000Z,7,Wake Forest,California,California Memorial Stadium,no,62467,,,,,680.87,751.92,,,0.6451399154226066,47.72,,,,,,,"blend of 5 margin source(s) (fitted weights): espn_fpi, sagarin_predictor, sagarin_rating, fei, team_rankings; total from fei"
2026-10-17T04:00:00.000Z,7,Charlotte,Temple,Lincoln Financial Field,no,69879,,,,,576.77,631.07,,,10.236497761267568,53.48,,,,,,,"blend of 4 margin source(s) (fitted weights): sagarin_predictor, sagarin_rating, fei, team_rankings; total from fei"
2026-10-17T16:00:00.000Z,7,Florida Atlantic,Army,Michie Stadium,no,38000,,,,,593.36,303.83,,,8.578730963919423,54.92,,,,,,,"blend of 5 margin source(s) (fitted weights): espn_fpi, sagarin_predictor, sagarin_rating, fei, team_rankings; total from fei"
2026-10-17T19:30:00.000Z,7,Northern Illinois,Wyoming,War Memorial Stadium,no,29181,,,,,536.58,528.29,,,5.063152767151039,46.16,,,,,,,"blend of 5 margin source(s) (fitted weights): espn_fpi, sagarin_predictor, sagarin_rating, fei, team_rankings; total from fei"
2026-10-17T19:30:00.000Z,7,UNLV,Air Force,Falcon Stadium,no,46692,,,,,696.03,272.35,,,-1.7584272504604441,62.36,,,,,,,"blend of 5 margin source(s) (fitted weights): espn_fpi, sagarin_predictor, sagarin_rating, fei, team_rankings; total from fei"
2026-10-17T22:00:00.000Z,7,Washington State,Oregon State,Reser Stadium,no,43363,,,,,630.29,635.79,,,-2.3643140590167953,48.92,,,,,,,"blend of 5 margin source(s) (fitted weights): espn_fpi, sagarin_predictor, sagarin_rating, fei, team_rankings; total from fei"
2026-10-17T23:00:00.000Z,7,Nevada,North Dakota State,Fargodome,yes,18700,,,,,549.99,515.59,,,9.918064844868418,50.480000000000004,,,,,,,"blend of 5 margin source(s) (fitted weights): espn_fpi, sagarin_predictor, sagarin_rating, fei, team_rankings; total from fei"
2026-10-18T01:00:00.000Z,7,San José State,UTEP,Sun Bowl,no,51500,,,,,569.25,585.76,,,-1.788511918144288,50.239999999999995,,,,,,,"blend of 5 margin source(s) (fitted weights): espn_fpi, sagarin_predictor, sagarin_rating, fei, team_rankings; total from fei"
2026-10-18T02:30:00.000Z,7,Fresno State,San Diego State,Snapdragon Stadium,no,35000,,,,,609.75,609.22,,,5.537360131050591,41.84,,,,,,,"blend of 5 margin source(s) (fitted weights): espn_fpi, sagarin_predictor, sagarin_rating, fei, team_rankings; total from fei"
2026-10-20T23:00:00.000Z,8,Missouri State,Delaware,Delaware Stadium,no,22000,,,,,549.92,483.48,,,4.724734223818707,58.4,,,,,,,"blend of 5 margin source(s) (fitted weights): espn_fpi, sagarin_predictor, sagarin_rating, fei, team_rankings; total from fei"
2026-10-20T23:00:00.000Z,8,Middle Tennessee,Florida International,Pitbull Stadium,no,20000,,,,,571.5,607.56,,,5.128371279292635,50.72,,,,,,,"blend of 2 margin source(s) (fitted weights): espn_fpi, fei; total from fei"
2026-10-20T23:30:00.000Z,8,South Alabama,Marshall,Joan C. Edwards Stadium,no,38016,,,,,573.38,594.71,,,4.781356880195263,53.120000000000005,,,,,,,"blend of 5 margin source(s) (fitted weights): espn_fpi, sagarin_predictor, sagarin_rating, fei, team_rankings; total from fei"
2026-10-22T00:00:00.000Z,8,New Mexico State,Sam Houston,Elliott T. Bowers Stadium,no,14000,,,,,460.38,554.47,,,-1.3060949654813065,50.120000000000005,,,,,,,"blend of 5 margin source(s) (fitted weights): espn_fpi, sagarin_predictor, sagarin_rating, fei, team_rankings; total from fei"
2026-10-22T23:00:00.000Z,8,Liberty,Kennesaw State,Fifth Third Stadium,no,11040,,,,,633.35,502.86,,,0.5327887650321392,56.48,,,,,,,"blend of 5 margin source(s) (fitted weights): espn_fpi, sagarin_predictor, sagarin_rating, fei, team_rankings; total from fei"
2026-10-22T23:00:00.000Z,8,James Madison,App State,Kidd Brewer Stadium,no,30000,,,,,588.31,621.61,,,-6.083949567379069,53.72,,,,,,,"blend of 5 margin source(s) (fitted weights): espn_fpi, sagarin_predictor, sagarin_rating, fei, team_rankings; total from fei"
2026-10-22T23:30:00.000Z,8,East Carolina,Memphis,Simmons Bank Liberty Stadium,no,58325,,,,,623.79,670.31,,,3.3599994085920235,52.519999999999996,,,,,,,"blend of 5 margin source(s) (fitted weights): espn_fpi, sagarin_predictor, sagarin_rating, fei, team_rankings; total from fei"
2026-10-23T23:00:00.000Z,8,Duke,Virginia,Scott Stadium,no,61500,,,,,668.47,700.18,-6.5,53.5,8.116251398236983,55.04,home,medium,over,low,,-0.011017355501344861,"blend of 5 margin source(s) (fitted weights): espn_fpi, sagarin_predictor, sagarin_rating, fei, team_rankings; total from fei"
2026-10-23T23:00:00.000Z,8,Massachusetts,UConn,Pratt & Whitney Stadium,no,40000,,,,,525.94,652.56,,,13.972166227892352,57.080000000000005,,,,,,,"blend of 5 margin source(s) (fitted weights): espn_fpi, sagarin_predictor, sagarin_rating, fei, team_rankings; total from fei"
2026-10-24T00:30:00.000Z,8,Army,Tulsa,Chapman Stadium,no,30000,,,,,303.83,622.84,,,-2.559363030942456,50.959999999999994,,,,,,,"blend of 5 margin source(s) (fitted weights): espn_fpi, sagarin_predictor, sagarin_rating, fei, team_rankings; total from fei"
2026-10-24T01:00:00.000Z,8,Air Force,Wyoming,War Memorial Stadium,no,29181,,,,,272.35,528.29,,,-2.516538118580235,54.68,,,,,,,"blend of 5 margin source(s) (fitted weights): espn_fpi, sagarin_predictor, sagarin_rating, fei, team_rankings; total from fei"
2026-10-24T02:30:00.000Z,8,NC State,Stanford,Stanford Stadium,no,50424,,,,,757.14,705.81,,,-0.2471443185801958,51.08,,,,,,,"blend of 5 margin source(s) (fitted weights): espn_fpi, sagarin_predictor, sagarin_rating, fei, team_rankings; total from fei"
2026-10-24T04:00:00.000Z,8,Sacramento State,Ball State,Scheumann Stadium,no,22500,,,,,561.42,563.88,,,4.46288909162349,49.64,,,,,,,"blend of 5 margin source(s) (fitted weights): espn_fpi, sagarin_predictor, sagarin_rating, fei, team_rankings; total from fei"
2026-10-24T04:00:00.000Z,8,Oklahoma,Mississippi State,Davis Wade Stadium,no,61337,,,,,851.14,804.53,,,-8.82484006659094,48.8,,,,,,,"blend of 5 margin source(s) (fitted weights): espn_fpi, sagarin_predictor, sagarin_rating, fei, team_rankings; total from fei"
2026-10-24T04:00:00.000Z,8,Western Michigan,Toledo,Glass Bowl,no,26038,,,,,572.2,556.26,,,3.7598169104278516,47,,,,,,,"blend of 5 margin source(s) (fitted weights): espn_fpi, sagarin_predictor, sagarin_rating, fei, team_rankings; total from fei"
2026-10-24T04:00:00.000Z,8,Bowling Green,Buffalo,UB Stadium,no,30270,,,,,568.33,549.31,,,3.9992516484024603,41.72,,,,,,,"blend of 5 margin source(s) (fitted weights): espn_fpi, sagarin_predictor, sagarin_rating, fei, team_rankings; total from fei"
2026-10-24T04:00:00.000Z,8,California,SMU,Gerald J. Ford Stadium,no,32000,,,,,751.92,764.5,,,11.429274237324975,52.28,,,,,,,"blend of 5 margin source(s) (fitted weights): espn_fpi, sagarin_predictor, sagarin_rating, fei, team_rankings; total from fei"
2026-10-24T04:00:00.000Z,8,Pittsburgh,Miami,Hard Rock Stadium,no,64767,,,,,675.02,885.94,,,15.291402612587941,47.84,,,,,,,"blend of 5 margin source(s) (fitted weights): espn_fpi, sagarin_predictor, sagarin_rating, fei, team_rankings; total from fei"
2026-10-24T04:00:00.000Z,8,UTSA,Tulane,Yulman Stadium,no,30000,,,,,655.82,665.11,,,6.671123422458563,54.08,,,,,,,"blend of 5 margin source(s) (fitted weights): espn_fpi, sagarin_predictor, sagarin_rating, fei, team_rankings; total from fei"
2026-10-24T04:00:00.000Z,8,West Virginia,TCU,Amon G. Carter Stadium,no,46000,,,,,707.6,730.79,,,6.738522431303186,50.599999999999994,,,,,,,"blend of 5 margin source(s) (fitted weights): espn_fpi, sagarin_predictor, sagarin_rating, fei, team_rankings; total from fei"
2026-10-24T04:00:00.000Z,8,Vanderbilt,Kentucky,Kroger Field,no,61000,,,,,727.39,786.65,,,-0.591791451133705,55.64,,,,,,,"blend of 5 margin source(s) (fitted weights): espn_fpi, sagarin_predictor, sagarin_rating, fei, team_rankings; total from fei"
2026-10-24T04:00:00.000Z,8,Texas Tech,Cincinnati,Nippert Stadium,no,40000,,,,,767.89,634.28,,,-11.441161293426727,50.239999999999995,,,,,,,"blend of 5 margin source(s) (fitted weights): espn_fpi, sagarin_predictor, sagarin_rating, fei, team_rankings; total from fei"
2026-10-24T04:00:00.000Z,8,UL Monroe,Troy,Veterans Memorial Stadium (AL),no,30000,,,,,505.49,596.19,,,10.147510521144131,46.760000000000005,,,,,,,"blend of 4 margin source(s) (fitted weights): sagarin_predictor, sagarin_rating, fei, team_rankings; total from fei"
2026-10-24T04:00:00.000Z,8,Colorado,Oklahoma State,Boone Pickens Stadium,no,55509,,,,,731.62,672.69,,,2.38678015969736,49.879999999999995,,,,,,,"blend of 5 margin source(s) (fitted weights): espn_fpi, sagarin_predictor, sagarin_rating, fei, team_rankings; total from fei"
2026-10-24T04:00:00.000Z,8,Syracuse,North Carolina,Kenan Stadium,no,50500,,,,,745.61,767.89,,,6.674091262151249,49.28,,,,,,,"blend of 5 margin source(s) (fitted weights): espn_fpi, sagarin_predictor, sagarin_rating, fei, team_rankings; total from fei"
2026-10-24T04:00:00.000Z,8,Tennessee,South Carolina,Williams-Brice Stadium,no,80250,,,,,885.9,862.87,,,-1.4187059368689674,51.8,,,,,,,"blend of 5 margin source(s) (fitted weights): espn_fpi, sagarin_predictor, sagarin_rating, fei, team_rankings; total from fei"
2026-10-24T04:00:00.000Z,8,Virginia Tech,Clemson,"Memorial Stadium (Clemson, SC)",no,81500,,,,,769.12,862.85,,,8.578367821310188,50.48,,,,,,,"blend of 5 margin source(s) (fitted weights): espn_fpi, sagarin_predictor, sagarin_rating, fei, team_rankings; total from fei"
2026-10-24T04:00:00.000Z,8,Miami (OH),Central Michigan,Kelly/Shorts Stadium,no,30255,,,,,621.37,540.01,,,-1.808561172837654,47.6,,,,,,,"blend of 5 margin source(s) (fitted weights): espn_fpi, sagarin_predictor, sagarin_rating, fei, team_rankings; total from fei"
2026-10-24T04:00:00.000Z,8,Iowa State,Arizona,Arizona Stadium,no,50782,,,,,669.55,699.59,,,8.200103495807019,51.08,,,,,,,"blend of 5 margin source(s) (fitted weights): espn_fpi, sagarin_predictor, sagarin_rating, fei, team_rankings; total from fei"
2026-10-24T04:00:00.000Z,8,Old Dominion,Louisiana Tech,Joe Aillet Stadium,no,28019,,,,,544.25,543.02,,,-3.0753471980166887,46.760000000000005,,,,,,,"blend of 5 margin source(s) (fitted weights): espn_fpi, sagarin_predictor, sagarin_rating, fei, team_rankings; total from fei"
2026-10-24T04:00:00.000Z,8,Houston,Utah,Rice-Eccles Stadium,no,51444,,,,,695.93,695.72,-6.5,50.5,6.612741500076906,55.64,home,low,over,medium,,-0.03546474971622371,"blend of 5 margin source(s) (fitted weights): espn_fpi, sagarin_predictor, sagarin_rating, fei, team_rankings; total from fei"
2026-10-24T04:00:00.000Z,8,Baylor,Kansas,Memorial Stadium,no,47000,,,,,723.28,684.51,,,0.9877638918525098,62.120000000000005,,,,,,,"blend of 5 margin source(s) (fitted weights): espn_fpi, sagarin_predictor, sagarin_rating, fei, team_rankings; total from fei"
2026-10-24T04:00:00.000Z,8,Texas A&M,Alabama,Bryant-Denny Stadium,no,101821,,,,,933,973.53,-2.5,54.5,3.3895379912103296,52.16,home,low,under,medium,,0.03244531044936183,"blend of 5 margin source(s) (fitted weights): espn_fpi, sagarin_predictor, sagarin_rating, fei, team_rankings; total from fei"
2026-10-24T04:00:00.000Z,8,Rice,Florida Atlantic,FAU Stadium,no,29419,,,,,589.89,593.36,,,5.556679618739738,52.4,,,,,,,"blend of 5 margin source(s) (fitted weights): espn_fpi, sagarin_predictor, sagarin_rating, fei, team_rankings; total from fei"
2026-10-24T04:00:00.000Z,8,Indiana,Michigan,Michigan Stadium,no,107601,,,,,735.26,890.02,6,52.5,-3.5780683868905028,53.36,home,medium,over,low,home,0.09691619095305454,"blend of 5 margin source(s) (fitted weights): espn_fpi, sagarin_predictor, sagarin_rating, fei, team_rankings; total from fei"
2026-10-24T04:00:00.000Z,8,Louisiana,Southern Miss,M. M. Roberts Stadium,no,36000,,,,,590.94,602.63,,,2.0591547836578514,50.239999999999995,,,,,,,"blend of 5 margin source(s) (fitted weights): espn_fpi, sagarin_predictor, sagarin_rating, fei, team_rankings; total from fei"
2026-10-24T04:00:00.000Z,8,Eastern Michigan,Ohio,Peden Stadium,no,24000,,,,,580.64,522.84,,,8.385632316794416,54.32,,,,,,,"blend of 5 margin source(s) (fitted weights): espn_fpi, sagarin_predictor, sagarin_rating, fei, team_rankings; total from fei"
2026-10-24T04:00:00.000Z,8,Akron,Kent State,Dix Stadium,no,25319,,,,,546.84,522.83,,,1.2546424013244308,54.08,,,,,,,"blend of 5 margin source(s) (fitted weights): espn_fpi, sagarin_predictor, sagarin_rating, fei, team_rankings; total from fei"
2026-10-24T04:00:00.000Z,8,Iowa,Minnesota,Huntington Bank Stadium,no,50850,,,,,722.73,728.79,,,-4.855218499090123,43.879999999999995,,,,,,,"blend of 5 margin source(s) (fitted weights): espn_fpi, sagarin_predictor, sagarin_rating, fei, team_rankings; total from fei"
2026-10-24T04:00:00.000Z,8,USC,Wisconsin,Camp Randall Stadium,no,80321,,,,,899,767.68,,,-5.871884485986039,55.760000000000005,,,,,,,"blend of 5 margin source(s) (fitted weights): espn_fpi, sagarin_predictor, sagarin_rating, fei, team_rankings; total from fei"
2026-10-24T04:00:00.000Z,8,Kansas State,Arizona State,Mountain America Stadium,no,65870,,,,,718.67,722,,,1.0775644700458,51.8,,,,,,,"blend of 5 margin source(s) (fitted weights): espn_fpi, sagarin_predictor, sagarin_rating, fei, team_rankings; total from fei"
2026-10-24T04:00:00.000Z,8,Ole Miss,Texas,DKR-Texas Memorial Stadium,no,100119,,,,,885.72,985.17,-8.5,54.5,9.138690920273877,55.28,home,low,over,low,,-0.017485105052683636,"blend of 5 margin source(s) (fitted weights): espn_fpi, sagarin_predictor, sagarin_rating, fei, team_rankings; total from fei"
2026-10-24T04:00:00.000Z,8,Hawai'i,Northern Illinois,Huskie Stadium,no,23595,,,,,556.82,536.58,,,-5.516422065651893,52.519999999999996,,,,,,,"blend of 5 margin source(s) (fitted weights): espn_fpi, sagarin_predictor, sagarin_rating, fei, team_rankings; total from fei"
2026-10-24T04:00:00.000Z,8,Oregon,Illinois,"Memorial Stadium (Champaign, IL)",no,60670,,,,,984.33,704.01,,,-13.840643606543107,57.8,,,,,,,"blend of 5 margin source(s) (fitted weights): espn_fpi, sagarin_predictor, sagarin_rating, fei, team_rankings; total from fei"
2026-10-24T04:00:00.000Z,8,Michigan State,UCLA,Rose Bowl,no,88565,,,,,685.02,774.45,,,4.1870290308693825,54.44,,,,,,,"blend of 5 margin source(s) (fitted weights): espn_fpi, sagarin_predictor, sagarin_rating, fei, team_rankings; total from fei"
2026-10-24T04:00:00.000Z,8,Boston College,Georgia Tech,Bobby Dodd Stadium,no,55000,,,,,660,751.65,,,9.399464967100215,57.2,,,,,,,"blend of 5 margin source(s) (fitted weights): espn_fpi, sagarin_predictor, sagarin_rating, fei, team_rankings; total from fei"
2026-10-24T04:00:00.000Z,8,Rutgers,Northwestern,Ryan Field,no,35000,,,,,709.04,688.32,,,4.522166352776656,56.239999999999995,,,,,,,"blend of 5 margin source(s) (fitted weights): espn_fpi, sagarin_predictor, sagarin_rating, fei, team_rankings; total from fei"
2026-10-24T04:00:00.000Z,8,BYU,UCF,FBC Mortgage Stadium,no,44206,,,,,689.42,672.14,,,-6.69837852988039,51.68,,,,,,,"blend of 3 margin source(s) (fitted weights): espn_fpi, fei, team_rankings; total from fei"
2026-10-24T16:00:00.000Z,8,LSU,Auburn,Jordan-Hare Stadium,no,87451,,,,,931.76,828.19,,,-3.053092316772411,46.879999999999995,,,,,,,"blend of 5 margin source(s) (fitted weights): espn_fpi, sagarin_predictor, sagarin_rating, fei, team_rankings; total from fei"
2026-10-24T19:30:00.000Z,8,North Texas,Navy,Navy-Marine Corps Memorial Stadium,no,34000,,,,,602.08,195.68,,,6.429154088598757,61.16,,,,,,,"blend of 5 margin source(s) (fitted weights): espn_fpi, sagarin_predictor, sagarin_rating, fei, team_rankings; total from fei"
2026-10-24T21:00:00.000Z,8,San José State,Nevada,Mackay Stadium,no,27000,,,,,569.25,549.99,,,1.8289548742445059,50.84,,,,,,,"blend of 5 margin source(s) (fitted weights): espn_fpi, sagarin_predictor, sagarin_rating, fei, team_rankings; total from fei"
2026-10-24T22:00:00.000Z,8,Boise State,Washington State,Gesa Field,no,32952,,,,,641.17,630.29,,,-2.6840030350760045,48.32,,,,,,,"blend of 5 margin source(s) (fitted weights): espn_fpi, sagarin_predictor, sagarin_rating, fei, team_rankings; total from fei"
2026-10-24T22:30:00.000Z,8,San Diego State,Colorado State,Canvas Stadium,no,36500,,,,,609.22,640.31,,,-7.944849245493304,47.36,,,,,,,"blend of 5 margin source(s) (fitted weights): espn_fpi, sagarin_predictor, sagarin_rating, fei, team_rankings; total from fei"
2026-10-24T23:00:00.000Z,8,Georgia State,Arkansas State,Centennial Bank Stadium,no,30382,,,,,573.83,606.22,,,6.850890799459651,53.36,,,,,,,"blend of 5 margin source(s) (fitted weights): espn_fpi, sagarin_predictor, sagarin_rating, fei, team_rankings; total from fei"
2026-10-24T23:30:00.000Z,8,Utah State,Texas State,Bobcat Stadium (TX),no,30000,,,,,543.98,624.81,,,5.101269181808379,58.879999999999995,,,,,,,"blend of 5 margin source(s) (fitted weights): espn_fpi, sagarin_predictor, sagarin_rating, fei, team_rankings; total from fei"
2026-10-25T02:00:00.000Z,8,North Dakota State,New Mexico,University Stadium (NM),no,39224,,,,,515.59,568.19,,,2.818178732190687,52.400000000000006,,,,,,,"blend of 5 margin source(s) (fitted weights): espn_fpi, sagarin_predictor, sagarin_rating, fei, team_rankings; total from fei"
2026-10-27T23:00:00.000Z,9,Delaware,Western Kentucky,Houchens Industries-L.T. Smith Stadium,no,22113,,,,,483.48,611.52,,,6.181667801004833,54.32,,,,,,,"blend of 5 margin source(s) (fitted weights): espn_fpi, sagarin_predictor, sagarin_rating, fei, team_rankings; total from fei"
2026-10-28T00:00:00.000Z,9,Sam Houston,Missouri State,Plaster Sports Complex,no,17337,,,,,554.47,549.92,,,8.927455044229564,54.56,,,,,,,"blend of 5 margin source(s) (fitted weights): espn_fpi, sagarin_predictor, sagarin_rating, fei, team_rankings; total from fei"
2026-10-28T23:00:00.000Z,9,Kennesaw State,Middle Tennessee,"Johnny ""Red"" Floyd Stadium",no,30788,,,,,502.86,571.5,,,-3.415862155791319,54.2,,,,,,,"blend of 5 margin source(s) (fitted weights): espn_fpi, sagarin_predictor, sagarin_rating, fei, team_rankings; total from fei"
2026-10-29T00:00:00.000Z,9,Jacksonville State,New Mexico State,Aggie Memorial Stadium,no,28853,,,,,602.83,460.38,,,0.7976025929983748,50.6,,,,,,,"blend of 5 margin source(s) (fitted weights): espn_fpi, sagarin_predictor, sagarin_rating, fei, team_rankings; total from fei"
2026-10-29T23:30:00.000Z,9,Troy,James Madison,Bridgeforth Stadium,no,24877,,,,,596.19,588.31,,,9.951714781456769,46.040000000000006,,,,,,,"blend of 4 margin source(s) (fitted weights): sagarin_predictor, sagarin_rating, fei, team_rankings; total from fei"
2026-10-29T23:30:00.000Z,9,Florida Atlantic,North Texas,DATCU Stadium,no,30850,,,,,593.36,602.08,,,7.64921240824798,61.519999999999996,,,,,,,"blend of 5 margin source(s) (fitted weights): espn_fpi, sagarin_predictor, sagarin_rating, fei, team_rankings; total from fei"
2026-10-30T23:00:00.000Z,9,Tulane,Charlotte,Jerry Richardson Stadium,no,15300,,,,,665.11,576.77,,,-13.286234477883678,50.36,,,,,,,"blend of 4 margin source(s) (fitted weights): sagarin_predictor, sagarin_rating, fei, team_rankings; total from fei"
2026-10-30T23:30:00.000Z,9,Baylor,UCF,FBC Mortgage Stadium,no,44206,,,,,723.28,672.14,,,-0.5233052362509086,53.239999999999995,,,,,,,"blend of 3 margin source(s) (fitted weights): espn_fpi, fei, team_rankings; total from fei"
2026-10-31T02:30:00.000Z,9,Kent State,Sacramento State,Hornet Stadium,no,21195,,,,,522.83,561.42,,,1.0058014788754546,55.28,,,,,,,"blend of 5 margin source(s) (fitted weights): espn_fpi, sagarin_predictor, sagarin_rating, fei, team_rankings; total from fei"
2026-10-31T04:00:00.000Z,9,Oklahoma State,Iowa State,Jack Trice Stadium,no,61500,,,,,672.69,669.55,,,2.045060305378703,49.76,,,,,,,"blend of 5 margin source(s) (fitted weights): espn_fpi, sagarin_predictor, sagarin_rating, fei, team_rankings; total from fei"
2026-10-31T04:00:00.000Z,9,Utah,Cincinnati,Nippert Stadium,no,40000,,,,,695.72,634.28,,,-4.127530793138049,58.400000000000006,,,,,,,"blend of 5 margin source(s) (fitted weights): espn_fpi, sagarin_predictor, sagarin_rating, fei, team_rankings; total from fei"
2026-10-31T04:00:00.000Z,9,Army,Memphis,Simmons Bank Liberty Stadium,no,58325,,,,,303.83,670.31,,,5.723196734238131,53.72,,,,,,,"blend of 5 margin source(s) (fitted weights): espn_fpi, sagarin_predictor, sagarin_rating, fei, team_rankings; total from fei"
2026-10-31T04:00:00.000Z,9,Arizona,Texas Tech,Jones AT&T Stadium,no,60454,,,,,699.59,767.89,,,13.051291192477315,45.92,,,,,,,"blend of 5 margin source(s) (fitted weights): espn_fpi, sagarin_predictor, sagarin_rating, fei, team_rankings; total from fei"
2026-10-31T04:00:00.000Z,9,Auburn,Ole Miss,Vaught-Hemingway Stadium,no,64038,,,,,828.19,885.72,,,7.272175368144439,53.72,,,,,,,"blend of 5 margin source(s) (fitted weights): espn_fpi, sagarin_predictor, sagarin_rating, fei, team_rankings; total from fei"
2026-10-31T04:00:00.000Z,9,Illinois,Maryland,SECU Stadium,no,51802,,,,,704.01,719.64,,,-2.8817558624389825,51.8,,,,,,,"blend of 5 margin source(s) (fitted weights): espn_fpi, sagarin_predictor, sagarin_rating, fei, team_rankings; total from fei"
2026-10-31T04:00:00.000Z,9,App State,Georgia Southern,Allen E. Paulson Stadium,no,25000,,,,,621.61,634.19,,,2.8501522793500462,61.4,,,,,,,"blend of 4 margin source(s) (fitted weights): espn_fpi, sagarin_predictor, sagarin_rating, fei; total from fei"
2026-10-31T04:00:00.000Z,9,Wisconsin,Iowa,Kinnick Stadium,no,69250,,,,,767.68,722.73,,,7.458857047625317,38.959999999999994,,,,,,,"blend of 5 margin source(s) (fitted weights): espn_fpi, sagarin_predictor, sagarin_rating, fei, team_rankings; total from fei"
2026-10-31T04:00:00.000Z,9,Marshall,Old Dominion,S.B. Ballard Stadium,no,20118,,,,,594.71,544.25,,,6.448015771565721,46.64,,,,,,,"blend of 5 margin source(s) (fitted weights): espn_fpi, sagarin_predictor, sagarin_rating, fei, team_rankings; total from fei"
2026-10-31T04:00:00.000Z,9,Miami,North Carolina,Kenan Stadium,no,50500,,,,,885.94,767.89,,,-13.659282715936914,51.32,,,,,,,"blend of 5 margin source(s) (fitted weights): espn_fpi, sagarin_predictor, sagarin_rating, fei, team_rankings; total from fei"
2026-10-31T04:00:00.000Z,9,Oregon State,Fresno State,Valley Children's Stadium,no,41031,,,,,635.79,609.75,,,6.412559052538957,46.760000000000005,,,,,,,"blend of 5 margin source(s) (fitted weights): espn_fpi, sagarin_predictor, sagarin_rating, fei, team_rankings; total from fei"
2026-10-31T04:00:00.000Z,9,Purdue,Penn State,Beaver Stadium,no,106572,,,,,698.33,774.04,,,16.2588236589522,52.879999999999995,,,,,,,"blend of 5 margin source(s) (fitted weights): espn_fpi, sagarin_predictor, sagarin_rating, fei, team_rankings; total from fei"
2026-10-31T04:00:00.000Z,9,Northwestern,Oregon,Autzen Stadium,no,54000,,,,,688.32,984.33,,,23.74685429468511,53,,,,,,,"blend of 5 margin source(s) (fitted weights): espn_fpi, sagarin_predictor, sagarin_rating, fei, team_rankings; total from fei"
2026-10-31T04:00:00.000Z,9,Arizona State,BYU,LaVell Edwards Stadium,no,63470,,,,,722,689.42,,,9.115751700628678,53.239999999999995,,,,,,,"blend of 5 margin source(s) (fitted weights): espn_fpi, sagarin_predictor, sagarin_rating, fei, team_rankings; total from fei"
2026-10-31T04:00:00.000Z,9,Clemson,Florida State,Doak Campbell Stadium,no,67277,,,,,862.85,800.2,1.5,51.5,-0.9943810846202759,53.36,home,low,over,low,,-0.020448155017441627,"blend of 5 margin source(s) (fitted weights): espn_fpi, sagarin_predictor, sagarin_rating, fei, team_rankings; total from fei"
2026-10-31T04:00:00.000Z,9,Washington,Nebraska,"Memorial Stadium (Lincoln, NE)",no,85458,,,,,777.63,787.45,,,-1.4844959458913056,54.08,,,,,,,"blend of 5 margin source(s) (fitted weights): espn_fpi, sagarin_predictor, sagarin_rating, fei, team_rankings; total from fei"
2026-10-31T04:00:00.000Z,9,Kansas State,Colorado,Folsom Field,no,50183,,,,,718.67,731.62,,,-2.0145718554200123,51.56,,,,,,,"blend of 5 margin source(s) (fitted weights): espn_fpi, sagarin_predictor, sagarin_rating, fei, team_rankings; total from fei"
2026-10-31T04:00:00.000Z,9,Nevada,UCLA,Rose Bowl,no,88565,,,,,549.99,774.45,,,16.632250460227965,51.44,,,,,,,"blend of 5 margin source(s) (fitted weights): espn_fpi, sagarin_predictor, sagarin_rating, fei, team_rankings; total from fei"
2026-10-31T04:00:00.000Z,9,Stanford,Louisville,L&N Federal Credit Union Stadium,no,60000,,,,,705.81,739.97,,,13.055877864732853,47.84,,,,,,,"blend of 5 margin source(s) (fitted weights): espn_fpi, sagarin_predictor, sagarin_rating, fei, team_rankings; total from fei"
2026-10-31T04:00:00.000Z,9,California,NC State,Carter-Finley Stadium,no,58000,,,,,751.92,757.14,,,2.6157804156723974,51.8,,,,,,,"blend of 5 margin source(s) (fitted weights): espn_fpi, sagarin_predictor, sagarin_rating, fei, team_rankings; total from fei"
2026-10-31T04:00:00.000Z,9,South Carolina,Oklahoma,"Memorial Stadium (Norman, OK)",no,86112,,,,,862.87,851.14,,,8.593387792636225,43.64,,,,,,,"blend of 5 margin source(s) (fitted weights): espn_fpi, sagarin_predictor, sagarin_rating, fei, team_rankings; total from fei"
2026-10-31T04:00:00.000Z,9,Missouri,Arkansas,Razorback Stadium,no,80000,,,,,808.36,745.48,,,-3.872265774353407,56,,,,,,,"blend of 5 margin source(s) (fitted weights): espn_fpi, sagarin_predictor, sagarin_rating, fei, team_rankings; total from fei"
2026-10-31T04:00:00.000Z,9,Georgia Tech,Pittsburgh,Acrisure Stadium,no,68400,,,,,751.65,675.02,,,5.110983786192992,51.68,,,,,,,"blend of 5 margin source(s) (fitted weights): espn_fpi, sagarin_predictor, sagarin_rating, fei, team_rankings; total from fei"
2026-10-31T04:00:00.000Z,9,Boston College,Duke,Wallace Wade Stadium,no,40004,,,,,660,668.47,,,8.279262789190266,58.64,,,,,,,"blend of 5 margin source(s) (fitted weights): espn_fpi, sagarin_predictor, sagarin_rating, fei, team_rankings; total from fei"
2026-10-31T04:00:00.000Z,9,Minnesota,Indiana,"Memorial Stadium (Bloomington, IN)",no,52656,,,,,728.79,735.26,,,20.904385224901855,50.96,,,,,,,"blend of 5 margin source(s) (fitted weights): espn_fpi, sagarin_predictor, sagarin_rating, fei, team_rankings; total from fei"
2026-10-31T04:00:00.000Z,9,UAB,South Florida,Raymond James Stadium,no,65828,,,,,606.18,703.81,,,15.524816098853506,56.959999999999994,,,,,,,"blend of 5 margin source(s) (fitted weights): espn_fpi, sagarin_predictor, sagarin_rating, fei, team_rankings; total from fei"
2026-10-31T04:00:00.000Z,9,Southern Miss,UL Monroe,Malone Stadium,no,27617,,,,,602.63,505.49,,,-5.439522127261431,49.04,,,,,,,"blend of 5 margin source(s) (fitted weights): espn_fpi, sagarin_predictor, sagarin_rating, fei, team_rankings; total from fei"
2026-10-31T04:00:00.000Z,9,New Mexico,San José State,CEFCU Stadium,no,30456,,,,,568.19,569.25,,,-4.187813582142946,52.760000000000005,,,,,,,"blend of 5 margin source(s) (fitted weights): espn_fpi, sagarin_predictor, sagarin_rating, fei, team_rankings; total from fei"
2026-10-31T04:00:00.000Z,9,Michigan,Rutgers,SHI Stadium,no,52454,,,,,890.02,709.04,,,-12.011206325809525,60.2,,,,,,,"blend of 5 margin source(s) (fitted weights): espn_fpi, sagarin_predictor, sagarin_rating, fei, team_rankings; total from fei"
2026-10-31T04:00:00.000Z,9,Virginia,Wake Forest,Allegacy Federal Credit Union Stadium,no,31500,,,,,700.18,680.87,,,-2.74522745334505,46.76,,,,,,,"blend of 5 margin source(s) (fitted weights): espn_fpi, sagarin_predictor, sagarin_rating, fei, team_rankings; total from fei"
2026-10-31T04:00:00.000Z,9,SMU,Syracuse,JMA Wireless Dome,yes,49057,,,,,764.5,745.61,,,-8.473184847166298,50.72,,,,,,,"blend of 5 margin source(s) (fitted weights): espn_fpi, sagarin_predictor, sagarin_rating, fei, team_rankings; total from fei"
2026-10-31T04:00:00.000Z,9,Ohio State,USC,Los Angeles Memorial Coliseum,no,77500,,,,,964.27,899,7.5,54.5,-9.551482316033656,61.040000000000006,away,medium,over,high,,0.00880676419665627,"blend of 5 margin source(s) (fitted weights): espn_fpi, sagarin_predictor, sagarin_rating, fei, team_rankings; total from fei"
2026-10-31T04:00:00.000Z,9,Coastal Carolina,Georgia State,Center Parc Stadium,no,25000,,,,,573.96,573.83,,,-0.3980729348245464,54.44,,,,,,,"blend of 5 margin source(s) (fitted weights): espn_fpi, sagarin_predictor, sagarin_rating, fei, team_rankings; total from fei"
2026-10-31T04:00:00.000Z,9,Louisiana Tech,South Alabama,Hancock Whitney Stadium,no,25450,,,,,543.02,573.38,,,2.223359415416367,53.24,,,,,,,"blend of 5 margin source(s) (fitted weights): espn_fpi, sagarin_predictor, sagarin_rating, fei, team_rankings; total from fei"
2026-10-31T04:00:00.000Z,9,Kansas,TCU,Amon G. Carter Stadium,no,46000,,,,,684.51,730.79,,,4.177369222644057,57.92,,,,,,,"blend of 5 margin source(s) (fitted weights): espn_fpi, sagarin_predictor, sagarin_rating, fei, team_rankings; total from fei"
2026-10-31T04:00:00.000Z,9,Mississippi State,Texas,DKR-Texas Memorial Stadium,no,100119,,,,,804.53,985.17,,,19.855934644556633,51.31999999999999,,,,,,,"blend of 5 margin source(s) (fitted weights): espn_fpi, sagarin_predictor, sagarin_rating, fei, team_rankings; total from fei"
2026-10-31T04:00:00.000Z,9,Temple,East Carolina,Dowdy-Ficklen Stadium,no,50000,,,,,631.07,623.79,,,9.986186827319255,53.959999999999994,,,,,,,"blend of 5 margin source(s) (fitted weights): espn_fpi, sagarin_predictor, sagarin_rating, fei, team_rankings; total from fei"
2026-10-31T16:00:00.000Z,9,Notre Dame,Navy,Gillette Stadium,no,68756,,,,,953.03,195.68,,,-21.928438710749234,54.32000000000001,,,,,,,"blend of 5 margin source(s) (fitted weights): espn_fpi, sagarin_predictor, sagarin_rating, fei, team_rankings; total from fei"
2026-10-31T16:00:00.000Z,9,Bowling Green,Western Michigan,Waldo Stadium,no,30200,,,,,568.33,572.2,,,10.815756889447847,44.120000000000005,,,,,,,"blend of 5 margin source(s) (fitted weights): espn_fpi, sagarin_predictor, sagarin_rating, fei, team_rankings; total from fei"
2026-10-31T19:00:00.000Z,9,UConn,Air Force,Falcon Stadium,no,46692,,,,,652.56,272.35,,,6.397800501262319,62.72,,,,,,,"blend of 5 margin source(s) (fitted weights): espn_fpi, sagarin_predictor, sagarin_rating, fei, team_rankings; total from fei"
2026-10-31T19:30:00.000Z,9,Florida International,Liberty,Williams Stadium (VA),no,25000,,,,,607.56,633.35,,,7.130002958039263,53,,,,,,,"blend of 2 margin source(s) (fitted weights): espn_fpi, fei; total from fei"
2026-10-31T19:30:00.000Z,9,UTEP,North Dakota State,Fargodome,yes,18700,,,,,585.76,515.59,,,13.535531637257211,49.879999999999995,,,,,,,"blend of 5 margin source(s) (fitted weights): espn_fpi, sagarin_predictor, sagarin_rating, fei, team_rankings; total from fei"
2026-10-31T19:30:00.000Z,9,Florida,Georgia,Mercedes-Benz Stadium,yes,75000,,,,,891.07,1003.67,-12.5,53.5,13.641184791928538,52.64,home,medium,under,low,,-0.008814593168070428,"blend of 5 margin source(s) (fitted weights): espn_fpi, sagarin_predictor, sagarin_rating, fei, team_rankings; total from fei"
2026-10-31T19:30:00.000Z,9,Colorado State,Utah State,Maverik Stadium,no,25513,,,,,640.31,543.98,,,6.971464555660187,54.8,,,,,,,"blend of 5 margin source(s) (fitted weights): espn_fpi, sagarin_predictor, sagarin_rating, fei, team_rankings; total from fei"
2026-10-31T23:00:00.000Z,9,Washington State,San Diego State,Snapdragon Stadium,no,35000,,,,,630.29,609.22,,,4.396912689992419,44,,,,,,,"blend of 5 margin source(s) (fitted weights): espn_fpi, sagarin_predictor, sagarin_rating, fei, team_rankings; total from fei"
2026-11-01T02:00:00.000Z,9,Texas State,Boise State,Albertsons Stadium,no,36387,,,,,624.81,641.17,,,9.725283156849315,55.760000000000005,,,,,,,"blend of 5 margin source(s) (fitted weights): espn_fpi, sagarin_predictor, sagarin_rating, fei, team_rankings; total from fei"
2026-11-01T02:30:00.000Z,9,Northern Illinois,UNLV,Allegiant Stadium,yes,65000,,,,,536.58,696.03,,,14.52681057077205,53.84,,,,,,,"blend of 5 margin source(s) (fitted weights): espn_fpi, sagarin_predictor, sagarin_rating, fei, team_rankings; total from fei"
2026-11-04T00:00:00.000Z,10,Buffalo,Miami (OH),Yager Stadium,no,24286,,,,,549.31,621.37,,,7.173561097702878,44.120000000000005,,,,,,,"blend of 5 margin source(s) (fitted weights): espn_fpi, sagarin_predictor, sagarin_rating, fei, team_rankings; total from fei"
2026-11-04T00:00:00.000Z,10,Ohio,Akron,InfoCision Stadium,no,30000,,,,,522.84,546.84,,,-5.557638311207371,51.56,,,,,,,"blend of 5 margin source(s) (fitted weights): espn_fpi, sagarin_predictor, sagarin_rating, fei, team_rankings; total from fei"
2026-11-04T05:00:00.000Z,10,Toledo,Sacramento State,Hornet Stadium,no,21195,,,,,556.26,561.42,,,-12.44758649975308,49.64,,,,,,,"blend of 5 margin source(s) (fitted weights): espn_fpi, sagarin_predictor, sagarin_rating, fei, team_rankings; total from fei"
2026-11-04T05:00:00.000Z,10,Ball State,Massachusetts,Warren McGuirk Alumni Stadium,no,17000,,,,,563.88,525.94,,,-1.6885247852222296,51.8,,,,,,,"blend of 5 margin source(s) (fitted weights): espn_fpi, sagarin_predictor, sagarin_rating, fei, team_rankings; total from fei"
2026-11-04T05:00:00.000Z,10,Central Michigan,Eastern Michigan,Ford Field,yes,64500,,,,,540.01,580.64,,,0.6470289275188343,51.68,,,,,,,"blend of 5 margin source(s) (fitted weights): espn_fpi, sagarin_predictor, sagarin_rating, fei, team_rankings; total from fei"
2026-11-06T01:00:00.000Z,10,UTSA,Florida Atlantic,FAU Stadium,no,29419,,,,,655.82,593.36,,,-3.8555579808993885,56.959999999999994,,,,,,,"blend of 5 margin source(s) (fitted weights): espn_fpi, sagarin_predictor, sagarin_rating, fei, team_rankings; total from fei"
2026-11-06T01:00:00.000Z,10,James Madison,Southern Miss,M. M. Roberts Stadium,no,36000,,,,,588.31,602.63,,,-5.379589556132621,48.32,,,,,,,"blend of 5 margin source(s) (fitted weights): espn_fpi, sagarin_predictor, sagarin_rating, fei, team_rankings; total from fei"
2026-11-07T00:00:00.000Z,10,Virginia Tech,SMU,Gerald J. Ford Stadium,no,32000,,,,,769.12,764.5,,,7.746524223079698,54.68,,,,,,,"blend of 5 margin source(s) (fitted weights): espn_fpi, sagarin_predictor, sagarin_rating, fei, team_rankings; total from fei"
2026-11-07T00:30:00.000Z,10,South Florida,East Carolina,Dowdy-Ficklen Stadium,no,50000,,,,,703.81,623.79,,,2.0306493440214144,52.519999999999996,,,,,,,"blend of 5 margin source(s) (fitted weights): espn_fpi, sagarin_predictor, sagarin_rating, fei, team_rankings; total from fei"
2026-11-07T01:00:00.000Z,10,Nebraska,Illinois,"Memorial Stadium (Champaign, IL)",no,60670,,,,,787.45,704.01,,,2.6550452005332774,54.92,,,,,,,"blend of 5 margin source(s) (fitted weights): espn_fpi, sagarin_predictor, sagarin_rating, fei, team_rankings; total from fei"
2026-11-07T02:00:00.000Z,10,New Mexico,Nevada,Mackay Stadium,no,27000,,,,,568.19,549.99,,,-4.953204925188605,49.04,,,,,,,"blend of 5 margin source(s) (fitted weights): espn_fpi, sagarin_predictor, sagarin_rating, fei, team_rankings; total from fei"
2026-11-07T03:15:00.000Z,10,TCU,Arizona,Arizona Stadium,no,50782,,,,,730.79,699.59,,,4.587908248592787,51.08,,,,,,,"blend of 5 margin source(s) (fitted weights): espn_fpi, sagarin_predictor, sagarin_rating, fei, team_rankings; total from fei"
2026-11-07T05:00:00.000Z,10,Texas,Missouri,Memorial Stadium,no,71168,,,,,985.17,808.36,,,-8.313672218161276,48.559999999999995,,,,,,,"blend of 5 margin source(s) (fitted weights): espn_fpi, sagarin_predictor, sagarin_rating, fei, team_rankings; total from fei"
2026-11-07T05:00:00.000Z,10,Oklahoma State,Kansas State,Bill Snyder Family Stadium,no,50000,,,,,672.69,718.67,,,7.41083034759315,50.96,,,,,,,"blend of 5 margin source(s) (fitted weights): espn_fpi, sagarin_predictor, sagarin_rating, fei, team_rankings; total from fei"
2026-11-07T05:00:00.000Z,10,Old Dominion,Coastal Carolina,Brooks Stadium (SC),no,21000,,,,,544.25,573.96,,,-4.871169696509286,48.44,,,,,,,"blend of 5 margin source(s) (fitted weights): espn_fpi, sagarin_predictor, sagarin_rating, fei, team_rankings; total from fei"
2026-11-07T05:00:00.000Z,10,Penn State,Washington,Husky Stadium,no,70138,,,,,774.04,777.63,,,0.6643914556036339,54.2,,,,,,,"blend of 5 margin source(s) (fitted weights): espn_fpi, sagarin_predictor, sagarin_rating, fei, team_rankings; total from fei"
2026-11-07T05:00:00.000Z,10,Duke,NC State,Carter-Finley Stadium,no,58000,,,,,668.47,757.14,,,0.8489056241164381,57.56,,,,,,,"blend of 5 margin source(s) (fitted weights): espn_fpi, sagarin_predictor, sagarin_rating, fei, team_rankings; total from fei"
2026-11-07T05:00:00.000Z,10,Georgia State,App State,Kidd Brewer Stadium,no,30000,,,,,573.83,621.61,,,7.092335633180849,57.2,,,,,,,"blend of 5 margin source(s) (fitted weights): espn_fpi, sagarin_predictor, sagarin_rating, fei, team_rankings; total from fei"
2026-11-07T05:00:00.000Z,10,Rice,North Texas,DATCU Stadium,no,30850,,,,,589.89,602.08,,,10.611545809697553,56.72,,,,,,,"blend of 5 margin source(s) (fitted weights): espn_fpi, sagarin_predictor, sagarin_rating, fei, team_rankings; total from fei"
2026-11-07T05:00:00.000Z,10,Iowa State,Baylor,McLane Stadium,no,45140,,,,,669.55,723.28,,,6.230100784588161,54.44,,,,,,,"blend of 5 margin source(s) (fitted weights): espn_fpi, sagarin_predictor, sagarin_rating, fei, team_rankings; total from fei"
2026-11-07T05:00:00.000Z,10,Louisville,Georgia Tech,Bobby Dodd Stadium,no,55000,,,,,739.97,751.65,,,-2.160052123198483,52.879999999999995,,,,,,,"blend of 5 margin source(s) (fitted weights): espn_fpi, sagarin_predictor, sagarin_rating, fei, team_rankings; total from fei"
2026-11-07T05:00:00.000Z,10,Kentucky,Tennessee,Neyland Stadium,no,102455,,,,,786.65,885.9,,,11.138695902983216,52.28,,,,,,,"blend of 5 margin source(s) (fitted weights): espn_fpi, sagarin_predictor, sagarin_rating, fei, team_rankings; total from fei"
2026-11-07T05:00:00.000Z,10,Texas A&M,South Carolina,Williams-Brice Stadium,no,80250,,,,,933,862.87,,,-4.842561415148213,47.239999999999995,,,,,,,"blend of 5 margin source(s) (fitted weights): espn_fpi, sagarin_predictor, sagarin_rating, fei, team_rankings; total from fei"
2026-11-07T05:00:00.000Z,10,Tulsa,Tulane,Yulman Stadium,no,30000,,,,,622.84,665.11,,,12.29035212225148,50.36,,,,,,,"blend of 5 margin source(s) (fitted weights): espn_fpi, sagarin_predictor, sagarin_rating, fei, team_rankings; total from fei"
2026-11-07T05:00:00.000Z,10,Louisiana Tech,Troy,Veterans Memorial Stadium (AL),no,30000,,,,,543.02,596.19,,,4.5475746922740825,45.8,,,,,,,"blend of 4 margin source(s) (fitted weights): sagarin_predictor, sagarin_rating, fei, team_rankings; total from fei"
2026-11-07T05:00:00.000Z,10,Florida State,Boston College,"Alumni Stadium (Chestnut Hill, MA)",no,44500,,,,,800.2,660,,,-7.401739879408832,58.16,,,,,,,"blend of 5 margin source(s) (fitted weights): espn_fpi, sagarin_predictor, sagarin_rating, fei, team_rankings; total from fei"
2026-11-07T05:00:00.000Z,10,South Alabama,Louisiana,Cajun Field,no,41426,,,,,573.38,590.94,,,3.9146322293261004,55.400000000000006,,,,,,,"blend of 5 margin source(s) (fitted weights): espn_fpi, sagarin_predictor, sagarin_rating, fei, team_rankings; total from fei"
2026-11-07T05:00:00.000Z,10,Oregon,Ohio State,Ohio Stadium,no,102780,,,,,984.33,964.27,-6,52.5,5.179059266722561,54.92,away,low,over,medium,away,-0.06387886707955592,"blend of 5 margin source(s) (fitted weights): espn_fpi, sagarin_predictor, sagarin_rating, fei, team_rankings; total from fei"
2026-11-07T05:00:00.000Z,10,Northern Illinois,San José State,CEFCU Stadium,no,30456,,,,,536.58,569.25,,,4.993156532489651,52.4,,,,,,,"blend of 5 margin source(s) (fitted weights): espn_fpi, sagarin_predictor, sagarin_rating, fei, team_rankings; total from fei"
2026-11-07T05:00:00.000Z,10,Vanderbilt,Mississippi State,Davis Wade Stadium,no,61337,,,,,727.39,804.53,,,-1.4806386281348372,60.32000000000001,,,,,,,"blend of 5 margin source(s) (fitted weights): espn_fpi, sagarin_predictor, sagarin_rating, fei, team_rankings; total from fei"
2026-11-07T05:00:00.000Z,10,Iowa,Northwestern,Ryan Field,no,35000,,,,,722.73,688.32,,,-5.395326503272306,42.32,,,,,,,"blend of 5 margin source(s) (fitted weights): espn_fpi, sagarin_predictor, sagarin_rating, fei, team_rankings; total from fei"
2026-11-07T05:00:00.000Z,10,Oklahoma,Florida,Ben Hill Griffin Stadium,no,88548,,,,,851.14,891.07,,,-2.3777031121364818,46.4,,,,,,,"blend of 5 margin source(s) (fitted weights): espn_fpi, sagarin_predictor, sagarin_rating, fei, team_rankings; total from fei"
2026-11-07T05:00:00.000Z,10,Michigan State,Michigan,Michigan Stadium,no,107601,,,,,685.02,890.02,-16.5,50.5,17.19391306690472,54.2,home,low,over,medium,,-0.008989115984681328,"blend of 5 margin source(s) (fitted weights): espn_fpi, sagarin_predictor, sagarin_rating, fei, team_rankings; total from fei"
2026-11-07T05:00:00.000Z,10,UCF,Kansas,Memorial Stadium,no,47000,,,,,672.14,684.51,,,3.8005453885851317,56.72,,,,,,,"blend of 3 margin source(s) (fitted weights): espn_fpi, fei, team_rankings; total from fei"
2026-11-07T05:00:00.000Z,10,Arkansas,Auburn,Jordan-Hare Stadium,no,87451,,,,,745.48,828.19,,,8.746802790547193,54.2,,,,,,,"blend of 5 margin source(s) (fitted weights): espn_fpi, sagarin_predictor, sagarin_rating, fei, team_rankings; total from fei"
2026-11-07T05:00:00.000Z,10,Charlotte,UAB,Protective Stadium,no,45000,,,,,576.77,606.18,,,7.084023948591293,54.2,,,,,,,"blend of 4 margin source(s) (fitted weights): sagarin_predictor, sagarin_rating, fei, team_rankings; total from fei"
2026-11-07T05:00:00.000Z,10,Marshall,Georgia Southern,Allen E. Paulson Stadium,no,25000,,,,,594.71,634.19,,,0.7512944461892539,56.84,,,,,,,"blend of 4 margin source(s) (fitted weights): espn_fpi, sagarin_predictor, sagarin_rating, fei; total from fei"
2026-11-07T05:00:00.000Z,10,Colorado,Arizona State,Mountain America Stadium,no,65870,,,,,731.62,722,,,5.686482542755977,50.72,,,,,,,"blend of 5 margin source(s) (fitted weights): espn_fpi, sagarin_predictor, sagarin_rating, fei, team_rankings; total from fei"
2026-11-07T05:00:00.000Z,10,Rutgers,Wisconsin,Camp Randall Stadium,no,80321,,,,,709.04,767.68,,,7.647328243003974,52.879999999999995,,,,,,,"blend of 5 margin source(s) (fitted weights): espn_fpi, sagarin_predictor, sagarin_rating, fei, team_rankings; total from fei"
2026-11-07T05:00:00.000Z,10,UCLA,Minnesota,Huntington Bank Stadium,no,50850,,,,,774.45,728.79,,,3.4636058498944844,53.120000000000005,,,,,,,"blend of 5 margin source(s) (fitted weights): espn_fpi, sagarin_predictor, sagarin_rating, fei, team_rankings; total from fei"
2026-11-07T05:00:00.000Z,10,Cincinnati,Houston,TDECU Stadium,no,40000,,,,,634.28,695.93,,,5.297827944931642,57.8,,,,,,,"blend of 5 margin source(s) (fitted weights): espn_fpi, sagarin_predictor, sagarin_rating, fei, team_rankings; total from fei"
2026-11-07T05:00:00.000Z,10,Georgia,Ole Miss,Vaught-Hemingway Stadium,no,64038,,,,,1003.67,885.72,4.5,55.5,-4.182385587519908,59,home,low,over,medium,home,0.05436766156512757,"blend of 5 margin source(s) (fitted weights): espn_fpi, sagarin_predictor, sagarin_rating, fei, team_rankings; total from fei"
2026-11-07T05:00:00.000Z,10,Maryland,Purdue,Ross-Ade Stadium,no,57282,,,,,719.64,698.33,,,0.35406879698217386,49.64,,,,,,,"blend of 5 margin source(s) (fitted weights): espn_fpi, sagarin_predictor, sagarin_rating, fei, team_rankings; total from fei"
2026-11-07T05:00:00.000Z,10,BYU,Utah,Rice-Eccles Stadium,no,51444,,,,,689.42,695.72,-3,51.5,0.9730241923968909,55.879999999999995,away,medium,over,medium,away,-0.05874623696681358,"blend of 5 margin source(s) (fitted weights): espn_fpi, sagarin_predictor, sagarin_rating, fei, team_rankings; total from fei"
2026-11-07T05:00:00.000Z,10,Clemson,Syracuse,JMA Wireless Dome,yes,49057,,,,,862.85,745.61,,,-9.305028445396786,46.52,,,,,,,"blend of 5 margin source(s) (fitted weights): espn_fpi, sagarin_predictor, sagarin_rating, fei, team_rankings; total from fei"
2026-11-07T05:00:00.000Z,10,Alabama,LSU,Tiger Stadium (LA),no,102321,,,,,973.53,931.76,-3.5,54.5,0.6289552098876379,51.2,away,medium,under,medium,away,-0.10678822670612231,"blend of 5 margin source(s) (fitted weights): espn_fpi, sagarin_predictor, sagarin_rating, fei, team_rankings; total from fei"
2026-11-07T05:00:00.000Z,10,West Virginia,Texas Tech,Jones AT&T Stadium,no,60454,,,,,707.6,767.89,,,19.189029437792954,45.44,,,,,,,"blend of 5 margin source(s) (fitted weights): espn_fpi, sagarin_predictor, sagarin_rating, fei, team_rankings; total from fei"
2026-11-07T05:00:00.000Z,10,Hawai'i,UTEP,Sun Bowl,no,51500,,,,,556.82,585.76,,,-7.500469885886859,50.36,,,,,,,"blend of 5 margin source(s) (fitted weights): espn_fpi, sagarin_predictor, sagarin_rating, fei, team_rankings; total from fei"
2026-11-07T17:00:00.000Z,10,North Carolina,UConn,Pratt & Whitney Stadium,no,40000,,,,,767.89,652.56,,,-10.06669728485518,54.8,,,,,,,"blend of 5 margin source(s) (fitted weights): espn_fpi, sagarin_predictor, sagarin_rating, fei, team_rankings; total from fei"
2026-11-07T20:00:00.000Z,10,Delaware,Kennesaw State,Fifth Third Stadium,no,11040,,,,,483.48,502.86,,,2.199477722503815,55.28,,,,,,,"blend of 5 margin source(s) (fitted weights): espn_fpi, sagarin_predictor, sagarin_rating, fei, team_rankings; total from fei"
2026-11-07T20:00:00.000Z,10,UL Monroe,Arkansas State,Centennial Bank Stadium,no,30382,,,,,505.49,606.22,,,9.682409716874119,50.6,,,,,,,"blend of 5 margin source(s) (fitted weights): espn_fpi, sagarin_predictor, sagarin_rating, fei, team_rankings; total from fei"
2026-11-07T20:30:00.000Z,10,Temple,Navy,Navy-Marine Corps Memorial Stadium,no,34000,,,,,631.07,195.68,,,10.528278817310294,57.08,,,,,,,"blend of 5 margin source(s) (fitted weights): espn_fpi, sagarin_predictor, sagarin_rating, fei, team_rankings; total from fei"
2026-11-07T20:30:00.000Z,10,Western Kentucky,Middle Tennessee,"Johnny ""Red"" Floyd Stadium",no,30788,,,,,611.52,571.5,,,-7.398052234292339,53.239999999999995,,,,,,,"blend of 5 margin source(s) (fitted weights): espn_fpi, sagarin_predictor, sagarin_rating, fei, team_rankings; total from fei"
2026-11-07T21:00:00.000Z,10,Missouri State,Florida International,Pitbull Stadium,no,20000,,,,,549.92,607.56,,,0.33649403990785737,54.2,,,,,,,"blend of 2 margin source(s) (fitted weights): espn_fpi, fei; total from fei"
2026-11-07T22:00:00.000Z,10,Liberty,New Mexico State,Aggie Memorial Stadium,no,28853,,,,,633.35,460.38,,,-3.6353983908779774,55.16,,,,,,,"blend of 5 margin source(s) (fitted weights): espn_fpi, sagarin_predictor, sagarin_rating, fei, team_rankings; total from fei"
2026-11-07T23:00:00.000Z,10,Boise State,Colorado State,Canvas Stadium,no,36500,,,,,641.17,640.31,,,-11.420632025157218,51.68000000000001,,,,,,,"blend of 5 margin source(s) (fitted weights): espn_fpi, sagarin_predictor, sagarin_rating, fei, team_rankings; total from fei"
2026-11-08T00:00:00.000Z,10,Sam Houston,Jacksonville State,AmFirst Stadium,no,24000,,,,,554.47,602.83,,,8.291531024353429,48.8,,,,,,,"blend of 5 margin source(s) (fitted weights): espn_fpi, sagarin_predictor, sagarin_rating, fei, team_rankings; total from fei"
2026-11-08T00:30:00.000Z,10,Miami,Notre Dame,Notre Dame Stadium,no,80795,,,,,885.94,953.03,-6.5,54.5,6.93182684865618,51.68,home,low,under,medium,,-0.007451790616665233,"blend of 5 margin source(s) (fitted weights): espn_fpi, sagarin_predictor, sagarin_rating, fei, team_rankings; total from fei"
2026-11-08T00:30:00.000Z,10,Air Force,Army,Michie Stadium,no,38000,,,,,272.35,303.83,,,4.614970756379904,59.96,,,,,,,"blend of 5 margin source(s) (fitted weights): espn_fpi, sagarin_predictor, sagarin_rating, fei, team_rankings; total from fei"
2026-11-08T02:30:00.000Z,10,Fresno State,Utah State,Maverik Stadium,no,25513,,,,,609.75,543.98,,,-0.6247169933628571,49.28,,,,,,,"blend of 5 margin source(s) (fitted weights): espn_fpi, sagarin_predictor, sagarin_rating, fei, team_rankings; total from fei"
2026-11-08T03:30:00.000Z,10,Wyoming,UNLV,Allegiant Stadium,yes,65000,,,,,528.29,696.03,,,12.058004020911177,49.760000000000005,,,,,,,"blend of 5 margin source(s) (fitted weights): espn_fpi, sagarin_predictor, sagarin_rating, fei, team_rankings; total from fei"
2026-11-08T03:30:00.000Z,10,Texas State,Oregon State,Reser Stadium,no,43363,,,,,624.81,635.79,,,-0.5117263718238155,56.36,,,,,,,"blend of 5 margin source(s) (fitted weights): espn_fpi, sagarin_predictor, sagarin_rating, fei, team_rankings; total from fei"
2026-11-11T00:00:00.000Z,11,Kent State,Bowling Green,Doyt L. Perry Stadium,no,24000,,,,,522.83,568.33,,,6.660852830623331,50.36,,,,,,,"blend of 5 margin source(s) (fitted weights): espn_fpi, sagarin_predictor, sagarin_rating, fei, team_rankings; total from fei"
2026-11-11T00:00:00.000Z,11,Ohio,Miami (OH),Yager Stadium,no,24286,,,,,522.84,621.37,,,3.1532847976850666,50.24,,,,,,,"blend of 5 margin source(s) (fitted weights): espn_fpi, sagarin_predictor, sagarin_rating, fei, team_rankings; total from fei"
2026-11-11T00:00:00.000Z,11,Western Michigan,Akron,InfoCision Stadium,no,30000,,,,,572.2,546.84,,,-8.353867252234945,47.84,,,,,,,"blend of 5 margin source(s) (fitted weights): espn_fpi, sagarin_predictor, sagarin_rating, fei, team_rankings; total from fei"
2026-11-11T05:00:00.000Z,11,Massachusetts,Toledo,Glass Bowl,no,26038,,,,,525.94,556.26,,,20.05060706251248,51.8,,,,,,,"blend of 5 margin source(s) (fitted weights): espn_fpi, sagarin_predictor, sagarin_rating, fei, team_rankings; total from fei"
2026-11-11T05:00:00.000Z,11,Buffalo,Ball State,Scheumann Stadium,no,22500,,,,,549.31,563.88,,,-2.597067691236681,44.6,,,,,,,"blend of 5 margin source(s) (fitted weights): espn_fpi, sagarin_predictor, sagarin_rating, fei, team_rankings; total from fei"
2026-11-11T05:00:00.000Z,11,Sacramento State,Central Michigan,Kelly/Shorts Stadium,no,30255,,,,,561.42,540.01,,,9.83061049043523,50.120000000000005,,,,,,,"blend of 5 margin source(s) (fitted weights): espn_fpi, sagarin_predictor, sagarin_rating, fei, team_rankings; total from fei"
2026-11-13T01:00:00.000Z,11,Memphis,South Florida,Raymond James Stadium,no,65828,,,,,670.31,703.81,,,2.3923898992570583,54.8,,,,,,,"blend of 5 margin source(s) (fitted weights): espn_fpi, sagarin_predictor, sagarin_rating, fei, team_rankings; total from fei"
2026-11-13T02:00:00.000Z,11,Louisiana,UL Monroe,Malone Stadium,no,27617,,,,,590.94,505.49,,,-5.974713560893747,52.16,,,,,,,"blend of 5 margin source(s) (fitted weights): espn_fpi, sagarin_predictor, sagarin_rating, fei, team_rankings; total from fei"
2026-11-14T00:00:00.000Z,11,Florida State,Pittsburgh,Acrisure Stadium,no,68400,,,,,800.2,675.02,,,1.920016439304043,52.64,,,,,,,"blend of 5 margin source(s) (fitted weights): espn_fpi, sagarin_predictor, sagarin_rating, fei, team_rankings; total from fei"
2026-11-14T02:00:00.000Z,11,Illinois,UCLA,Rose Bowl,no,88565,,,,,704.01,774.45,,,-2.4523236646936426,56.36,,,,,,,"blend of 5 margin source(s) (fitted weights): espn_fpi, sagarin_predictor, sagarin_rating, fei, team_rankings; total from fei"
2026-11-14T03:15:00.000Z,11,Houston,Colorado,Folsom Field,no,50183,,,,,695.93,731.62,,,-1.3794782838341453,52.76,,,,,,,"blend of 5 margin source(s) (fitted weights): espn_fpi, sagarin_predictor, sagarin_rating, fei, team_rankings; total from fei"
2026-11-14T05:00:00.000Z,11,Minnesota,Penn State,Beaver Stadium,no,106572,,,,,728.79,774.04,,,12.719854408294548,51.8,,,,,,,"blend of 5 margin source(s) (fitted weights): espn_fpi, sagarin_predictor, sagarin_rating, fei, team_rankings; total from fei"
2026-11-14T05:00:00.000Z,11,Utah,Arizona,Arizona Stadium,no,50782,,,,,695.72,699.59,,,-0.5489682576083015,54.08,,,,,,,"blend of 5 margin source(s) (fitted weights): espn_fpi, sagarin_predictor, sagarin_rating, fei, team_rankings; total from fei"
2026-11-14T05:00:00.000Z,11,Michigan,Oregon,Autzen Stadium,no,54000,,,,,890.02,984.33,-13.5,53.5,11.069121887071915,56.96,away,medium,over,medium,away,-0.05268218182343809,"blend of 5 margin source(s) (fitted weights): espn_fpi, sagarin_predictor, sagarin_rating, fei, team_rankings; total from fei"
2026-11-14T05:00:00.000Z,11,Missouri,Georgia,Sanford Stadium,no,92746,,,,,808.36,1003.67,,,13.734751754567966,52.28,,,,,,,"blend of 5 margin source(s) (fitted weights): espn_fpi, sagarin_predictor, sagarin_rating, fei, team_rankings; total from fei"
2026-11-14T05:00:00.000Z,11,Georgia Tech,Clemson,"Memorial Stadium (Clemson, SC)",no,81500,,,,,751.65,862.85,,,9.374040866089555,52.400000000000006,,,,,,,"blend of 5 margin source(s) (fitted weights): espn_fpi, sagarin_predictor, sagarin_rating, fei, team_rankings; total from fei"
2026-11-14T05:00:00.000Z,11,Arizona State,UCF,FBC Mortgage Stadium,no,44206,,,,,722,672.14,,,-0.2601142514266469,49.4,,,,,,,"blend of 3 margin source(s) (fitted weights): espn_fpi, fei, team_rankings; total from fei"
2026-11-14T05:00:00.000Z,11,UAB,Temple,Lincoln Financial Field,no,69879,,,,,606.18,631.07,,,7.569278615555668,58.4,,,,,,,"blend of 5 margin source(s) (fitted weights): espn_fpi, sagarin_predictor, sagarin_rating, fei, team_rankings; total from fei"
2026-11-14T05:00:00.000Z,11,Cincinnati,Iowa State,Jack Trice Stadium,no,61500,,,,,634.28,669.55,,,0.5671514743030608,55.4,,,,,,,"blend of 5 margin source(s) (fitted weights): espn_fpi, sagarin_predictor, sagarin_rating, fei, team_rankings; total from fei"
2026-11-14T05:00:00.000Z,11,Duke,Miami,Hard Rock Stadium,no,64767,,,,,668.47,885.94,-21,55.5,18.92824235940072,56.480000000000004,away,medium,over,low,,-0.02665851537923003,"blend of 5 margin source(s) (fitted weights): espn_fpi, sagarin_predictor, sagarin_rating, fei, team_rankings; total from fei"
2026-11-14T05:00:00.000Z,11,Nevada,Northern Illinois,Huskie Stadium,no,23595,,,,,549.99,536.58,,,0.9609272451363396,48.67999999999999,,,,,,,"blend of 5 margin source(s) (fitted weights): espn_fpi, sagarin_predictor, sagarin_rating, fei, team_rankings; total from fei"
2026-11-14T05:00:00.000Z,11,Southern Miss,Louisiana Tech,Joe Aillet Stadium,no,28019,,,,,602.63,543.02,,,2.180238440760344,48.08,,,,,,,"blend of 5 margin source(s) (fitted weights): espn_fpi, sagarin_predictor, sagarin_rating, fei, team_rankings; total from fei"
2026-11-14T05:00:00.000Z,11,North Texas,UTSA,Alamodome,yes,36582,,,,,602.08,655.82,,,3.989384224521906,61.28,,,,,,,"blend of 5 margin source(s) (fitted weights): espn_fpi, sagarin_predictor, sagarin_rating, fei, team_rankings; total from fei"
2026-11-14T05:00:00.000Z,11,California,Virginia,Scott Stadium,no,61500,,,,,751.92,700.18,,,9.88312618979294,49.28,,,,,,,"blend of 5 margin source(s) (fitted weights): espn_fpi, sagarin_predictor, sagarin_rating, fei, team_rankings; total from fei"
2026-11-14T05:00:00.000Z,11,Florida Atlantic,Tulsa,Chapman Stadium,no,30000,,,,,593.36,622.84,,,3.425021715686803,53.24,,,,,,,"blend of 5 margin source(s) (fitted weights): espn_fpi, sagarin_predictor, sagarin_rating, fei, team_rankings; total from fei"
2026-11-14T05:00:00.000Z,11,USC,Indiana,"Memorial Stadium (Bloomington, IN)",no,52656,,,,,899,735.26,-10,58.5,9.853100635580514,61.16,away,low,over,medium,away,-0.05575052492712396,"blend of 5 margin source(s) (fitted weights): espn_fpi, sagarin_predictor, sagarin_rating, fei, team_rankings; total from fei"
2026-11-14T05:00:00.000Z,11,Arkansas State,Coastal Carolina,Brooks Stadium (SC),no,21000,,,,,606.22,573.96,,,1.3302207872353924,51.32,,,,,,,"blend of 5 margin source(s) (fitted weights): espn_fpi, sagarin_predictor, sagarin_rating, fei, team_rankings; total from fei"
2026-11-14T05:00:00.000Z,11,Ole Miss,Oklahoma,"Memorial Stadium (Norman, OK)",no,86112,,,,,885.72,851.14,-4,53.5,3.296288776888516,52.76,away,low,under,low,away,-0.05529261743896752,"blend of 5 margin source(s) (fitted weights): espn_fpi, sagarin_predictor, sagarin_rating, fei, team_rankings; total from fei"
2026-11-14T05:00:00.000Z,11,Louisville,North Carolina,Kenan Stadium,no,50500,,,,,739.97,767.89,,,-3.199987092224962,49.16,,,,,,,"blend of 5 margin source(s) (fitted weights): espn_fpi, sagarin_predictor, sagarin_rating, fei, team_rankings; total from fei"
2026-11-14T05:00:00.000Z,11,Texas Tech,Oklahoma State,Boone Pickens Stadium,no,55509,,,,,767.89,672.69,15.5,61.5,-12.919070124502369,44.6,home,medium,under,high,,0.04680523109755519,"blend of 5 margin source(s) (fitted weights): espn_fpi, sagarin_predictor, sagarin_rating, fei, team_rankings; total from fei"
2026-11-14T05:00:00.000Z,11,South Carolina,Arkansas,Razorback Stadium,no,80000,,,,,862.87,745.48,,,-2.9388404910734245,53.599999999999994,,,,,,,"blend of 5 margin source(s) (fitted weights): espn_fpi, sagarin_predictor, sagarin_rating, fei, team_rankings; total from fei"
2026-11-14T05:00:00.000Z,11,Wake Forest,SMU,Gerald J. Ford Stadium,no,32000,,,,,680.87,764.5,,,9.480067935457416,49.76,,,,,,,"blend of 5 margin source(s) (fitted weights): espn_fpi, sagarin_predictor, sagarin_rating, fei, team_rankings; total from fei"
2026-11-14T05:00:00.000Z,11,Auburn,Mississippi State,Davis Wade Stadium,no,61337,,,,,828.19,804.53,,,-3.4450683561383193,49.760000000000005,,,,,,,"blend of 5 margin source(s) (fitted weights): espn_fpi, sagarin_predictor, sagarin_rating, fei, team_rankings; total from fei"
2026-11-14T05:00:00.000Z,11,Alabama,Vanderbilt,FirstBank Stadium,no,40351,,,,,973.53,727.39,,,-6.9829130521784215,60.08,,,,,,,"blend of 5 margin source(s) (fitted weights): espn_fpi, sagarin_predictor, sagarin_rating, fei, team_rankings; total from fei"
2026-11-14T05:00:00.000Z,11,Tennessee,Texas A&M,Kyle Field,no,102733,,,,,885.9,933,-8.5,55.5,6.01820169556941,55.04,away,medium,under,low,away,-0.11340735721767803,"blend of 5 margin source(s) (fitted weights): espn_fpi, sagarin_predictor, sagarin_rating, fei, team_rankings; total from fei"
2026-11-14T05:00:00.000Z,11,Tulane,Rice,Rice Stadium,no,47000,,,,,665.11,589.89,,,-10.894668587517359,49.519999999999996,,,,,,,"blend of 5 margin source(s) (fitted weights): espn_fpi, sagarin_predictor, sagarin_rating, fei, team_rankings; total from fei"
2026-11-14T05:00:00.000Z,11,Wisconsin,Maryland,SECU Stadium,no,51802,,,,,767.68,719.64,,,-1.2893994991046287,43.64,,,,,,,"blend of 5 margin source(s) (fitted weights): espn_fpi, sagarin_predictor, sagarin_rating, fei, team_rankings; total from fei"
2026-11-14T05:00:00.000Z,11,Kansas,West Virginia,Milan Puskar Stadium,no,60000,,,,,684.51,707.6,,,0.03319300863103758,58.28,,,,,,,"blend of 5 margin source(s) (fitted weights): espn_fpi, sagarin_predictor, sagarin_rating, fei, team_rankings; total from fei"
2026-11-14T05:00:00.000Z,11,East Carolina,Charlotte,Jerry Richardson Stadium,no,15300,,,,,623.79,576.77,,,-11.724864823801553,49.760000000000005,,,,,,,"blend of 4 margin source(s) (fitted weights): sagarin_predictor, sagarin_rating, fei, team_rankings; total from fei"
2026-11-14T05:00:00.000Z,11,Purdue,Iowa,Kinnick Stadium,no,69250,,,,,698.33,722.73,,,13.582880184328104,44.96,,,,,,,"blend of 5 margin source(s) (fitted weights): espn_fpi, sagarin_predictor, sagarin_rating, fei, team_rankings; total from fei"
2026-11-14T05:00:00.000Z,11,Stanford,Virginia Tech,Lane Stadium,no,65632,,,,,705.81,769.12,,,9.09715256902357,51.92,,,,,,,"blend of 5 margin source(s) (fitted weights): espn_fpi, sagarin_predictor, sagarin_rating, fei, team_rankings; total from fei"
2026-11-14T05:00:00.000Z,11,Baylor,BYU,LaVell Edwards Stadium,no,63470,,,,,723.28,689.42,,,9.328985428300765,57.08,,,,,,,"blend of 5 margin source(s) (fitted weights): espn_fpi, sagarin_predictor, sagarin_rating, fei, team_rankings; total from fei"
2026-11-14T05:00:00.000Z,11,Northwestern,Ohio State,Ohio Stadium,no,102780,,,,,688.32,964.27,,,26.331567344117506,49.28,,,,,,,"blend of 5 margin source(s) (fitted weights): espn_fpi, sagarin_predictor, sagarin_rating, fei, team_rankings; total from fei"
2026-11-14T05:00:00.000Z,11,App State,Marshall,Joan C. Edwards Stadium,no,38016,,,,,621.61,594.71,,,4.700622313038091,53.36,,,,,,,"blend of 5 margin source(s) (fitted weights): espn_fpi, sagarin_predictor, sagarin_rating, fei, team_rankings; total from fei"
2026-11-14T05:00:00.000Z,11,Washington,Michigan State,Spartan Stadium,no,75005,,,,,777.63,685.02,,,-8.06314965821122,54.2,,,,,,,"blend of 5 margin source(s) (fitted weights): espn_fpi, sagarin_predictor, sagarin_rating, fei, team_rankings; total from fei"
2026-11-14T05:00:00.000Z,11,Kansas State,TCU,Amon G. Carter Stadium,no,46000,,,,,718.67,730.79,,,0.8407714222899493,51.44,,,,,,,"blend of 5 margin source(s) (fitted weights): espn_fpi, sagarin_predictor, sagarin_rating, fei, team_rankings; total from fei"
2026-11-14T05:00:00.000Z,11,Florida,Kentucky,Kroger Field,no,61000,,,,,891.07,786.65,,,-2.9639435601631647,47.24,,,,,,,"blend of 5 margin source(s) (fitted weights): espn_fpi, sagarin_predictor, sagarin_rating, fei, team_rankings; total from fei"
2026-11-14T05:00:00.000Z,11,Troy,South Alabama,Hancock Whitney Stadium,no,25450,,,,,596.19,573.38,,,0.9459130471608461,50,,,,,,,"blend of 4 margin source(s) (fitted weights): sagarin_predictor, sagarin_rating, fei, team_rankings; total from fei"
2026-11-14T05:00:00.000Z,11,Wyoming,UTEP,Sun Bowl,no,51500,,,,,528.29,585.76,,,-1.8585081528056748,44,,,,,,,"blend of 5 margin source(s) (fitted weights): espn_fpi, sagarin_predictor, sagarin_rating, fei, team_rankings; total from fei"
2026-11-14T05:00:00.000Z,11,Syracuse,NC State,Carter-Finley Stadium,no,58000,,,,,745.61,757.14,,,4.848383460094049,50.239999999999995,,,,,,,"blend of 5 margin source(s) (fitted weights): espn_fpi, sagarin_predictor, sagarin_rating, fei, team_rankings; total from fei"
2026-11-14T05:00:00.000Z,11,Texas,LSU,Tiger Stadium (LA),no,102321,,,,,985.17,931.76,2.5,54.5,-2.9803891024852414,48.44,away,low,under,high,,-0.010393099683052187,"blend of 5 margin source(s) (fitted weights): espn_fpi, sagarin_predictor, sagarin_rating, fei, team_rankings; total from fei"
2026-11-14T05:00:00.000Z,11,Nebraska,Rutgers,SHI Stadium,no,52454,,,,,787.45,709.04,,,-3.990293188514886,59,,,,,,,"blend of 5 margin source(s) (fitted weights): espn_fpi, sagarin_predictor, sagarin_rating, fei, team_rankings; total from fei"
2026-11-14T05:00:00.000Z,11,Georgia Southern,Georgia State,Center Parc Stadium,no,25000,,,,,634.19,573.83,,,-2.132622191665877,60.68,,,,,,,"blend of 4 margin source(s) (fitted weights): espn_fpi, sagarin_predictor, sagarin_rating, fei; total from fei"
2026-11-14T17:00:00.000Z,11,James Madison,UConn,Pratt & Whitney Stadium,no,40000,,,,,588.31,652.56,,,-6.250667425873422,53.84,,,,,,,"blend of 5 margin source(s) (fitted weights): espn_fpi, sagarin_predictor, sagarin_rating, fei, team_rankings; total from fei"
2026-11-14T19:00:00.000Z,11,Kennesaw State,Sam Houston,Elliott T. Bowers Stadium,no,14000,,,,,502.86,554.47,,,-5.474282121391424,51.44,,,,,,,"blend of 5 margin source(s) (fitted weights): espn_fpi, sagarin_predictor, sagarin_rating, fei, team_rankings; total from fei"
2026-11-14T20:00:00.000Z,11,Florida International,Delaware,Delaware Stadium,no,22000,,,,,607.56,483.48,,,6.042562179424179,51.8,,,,,,,"blend of 2 margin source(s) (fitted weights): espn_fpi, fei; total from fei"
2026-11-14T20:00:00.000Z,11,New Mexico State,Missouri State,Plaster Sports Complex,no,17337,,,,,460.38,549.92,,,5.027013861458093,56.36,,,,,,,"blend of 5 margin source(s) (fitted weights): espn_fpi, sagarin_predictor, sagarin_rating, fei, team_rankings; total from fei"
2026-11-14T20:30:00.000Z,11,Jacksonville State,Western Kentucky,Houchens Industries-L.T. Smith Stadium,no,22113,,,,,602.83,611.52,,,8.947979827409512,50.96,,,,,,,"blend of 5 margin source(s) (fitted weights): espn_fpi, sagarin_predictor, sagarin_rating, fei, team_rankings; total from fei"
2026-11-14T20:30:00.000Z,11,Middle Tennessee,Liberty,Williams Stadium (VA),no,25000,,,,,571.5,633.35,,,10.666112042629678,56.120000000000005,,,,,,,"blend of 5 margin source(s) (fitted weights): espn_fpi, sagarin_predictor, sagarin_rating, fei, team_rankings; total from fei"
2026-11-14T20:30:00.000Z,11,Boston College,Notre Dame,Notre Dame Stadium,no,80795,,,,,660,953.03,,,28.950639562666826,53.84,,,,,,,"blend of 5 margin source(s) (fitted weights): espn_fpi, sagarin_predictor, sagarin_rating, fei, team_rankings; total from fei"
2026-11-14T21:00:00.000Z,11,Fresno State,Texas State,Bobcat Stadium (TX),no,30000,,,,,609.75,624.81,,,1.8822059711553576,51.68,,,,,,,"blend of 5 margin source(s) (fitted weights): espn_fpi, sagarin_predictor, sagarin_rating, fei, team_rankings; total from fei"
2026-11-14T23:00:00.000Z,11,Oregon State,Boise State,Albertsons Stadium,no,36387,,,,,635.79,641.17,,,12.8313557459633,50.84,,,,,,,"blend of 5 margin source(s) (fitted weights): espn_fpi, sagarin_predictor, sagarin_rating, fei, team_rankings; total from fei"
2026-11-15T00:00:00.000Z,11,San José State,Air Force,Falcon Stadium,no,46692,,,,,569.25,272.35,,,7.775226787821953,60.92,,,,,,,"blend of 5 margin source(s) (fitted weights): espn_fpi, sagarin_predictor, sagarin_rating, fei, team_rankings; total from fei"
2026-11-15T00:30:00.000Z,11,UNLV,New Mexico,University Stadium (NM),no,39224,,,,,696.03,568.19,,,-0.15714802155912122,54.2,,,,,,,"blend of 5 margin source(s) (fitted weights): espn_fpi, sagarin_predictor, sagarin_rating, fei, team_rankings; total from fei"
2026-11-15T02:30:00.000Z,11,Utah State,San Diego State,Snapdragon Stadium,no,35000,,,,,543.98,609.22,,,8.756423341703613,49.040000000000006,,,,,,,"blend of 5 margin source(s) (fitted weights): espn_fpi, sagarin_predictor, sagarin_rating, fei, team_rankings; total from fei"
2026-11-15T03:30:00.000Z,11,Colorado State,Washington State,Gesa Field,no,32952,,,,,640.31,630.29,,,11.330975207371381,49.760000000000005,,,,,,,"blend of 5 margin source(s) (fitted weights): espn_fpi, sagarin_predictor, sagarin_rating, fei, team_rankings; total from fei"
2026-11-15T04:59:00.000Z,11,North Dakota State,Hawai'i,Clarence T.C. Ching Athletics Complex,no,15194,,,,,515.59,556.82,,,1.7479769005001478,54.32,,,,,,,"blend of 5 margin source(s) (fitted weights): espn_fpi, sagarin_predictor, sagarin_rating, fei, team_rankings; total from fei"
2026-11-18T00:00:00.000Z,12,Eastern Michigan,Western Michigan,Waldo Stadium,no,30200,,,,,580.64,572.2,,,11.18186125782199,50.6,,,,,,,"blend of 5 margin source(s) (fitted weights): espn_fpi, sagarin_predictor, sagarin_rating, fei, team_rankings; total from fei"
2026-11-18T00:00:00.000Z,12,Miami (OH),Kent State,Dix Stadium,no,25319,,,,,621.37,522.83,,,-7.4562807075680055,52.760000000000005,,,,,,,"blend of 5 margin source(s) (fitted weights): espn_fpi, sagarin_predictor, sagarin_rating, fei, team_rankings; total from fei"
2026-11-18T00:00:00.000Z,12,Ball State,Ohio,Peden Stadium,no,24000,,,,,563.88,522.84,,,11.806036425834822,50.72,,,,,,,"blend of 5 margin source(s) (fitted weights): espn_fpi, sagarin_predictor, sagarin_rating, fei, team_rankings; total from fei"
2026-11-18T05:00:00.000Z,12,Akron,Massachusetts,Warren McGuirk Alumni Stadium,no,17000,,,,,546.84,525.94,,,-2.748230465269349,52.64,,,,,,,"blend of 5 margin source(s) (fitted weights): espn_fpi, sagarin_predictor, sagarin_rating, fei, team_rankings; total from fei"
2026-11-18T05:00:00.000Z,12,Central Michigan,Buffalo,UB Stadium,no,30270,,,,,540.01,549.31,,,2.4180387270052726,45.08,,,,,,,"blend of 5 margin source(s) (fitted weights): espn_fpi, sagarin_predictor, sagarin_rating, fei, team_rankings; total from fei"
2026-11-20T00:30:00.000Z,12,Rice,Temple,Lincoln Financial Field,no,69879,,,,,589.89,631.07,,,6.512421080986017,52.64,,,,,,,"blend of 5 margin source(s) (fitted weights): espn_fpi, sagarin_predictor, sagarin_rating, fei, team_rankings; total from fei"
2026-11-20T23:00:00.000Z,12,Iowa State,UCF,FBC Mortgage Stadium,no,44206,,,,,669.55,672.14,,,2.619447671448385,49.04,,,,,,,"blend of 3 margin source(s) (fitted weights): espn_fpi, fei, team_rankings; total from fei"
2026-11-21T00:30:00.000Z,12,Clemson,Duke,Wallace Wade Stadium,no,40004,,,,,862.85,668.47,,,-5.305550609419176,53.84,,,,,,,"blend of 5 margin source(s) (fitted weights): espn_fpi, sagarin_predictor, sagarin_rating, fei, team_rankings; total from fei"
2026-11-21T00:30:00.000Z,12,Bowling Green,Toledo,Glass Bowl,no,26038,,,,,568.33,556.26,,,11.981227582585532,44.72,,,,,,,"blend of 5 margin source(s) (fitted weights): espn_fpi, sagarin_predictor, sagarin_rating, fei, team_rankings; total from fei"
2026-11-21T01:00:00.000Z,12,Oregon,Michigan State,Spartan Stadium,no,75005,,,,,984.33,685.02,,,-20.479996302106137,55.879999999999995,,,,,,,"blend of 5 margin source(s) (fitted weights): espn_fpi, sagarin_predictor, sagarin_rating, fei, team_rankings; total from fei"
2026-11-21T01:00:00.000Z,12,UTEP,Air Force,Falcon Stadium,no,46692,,,,,585.76,272.35,,,12.15808492325641,56.6,,,,,,,"blend of 5 margin source(s) (fitted weights): espn_fpi, sagarin_predictor, sagarin_rating, fei, team_rankings; total from fei"
2026-11-21T05:00:00.000Z,12,Hawai'i,Nevada,Mackay Stadium,no,27000,,,,,556.82,549.99,,,-3.8830030934980666,50.959999999999994,,,,,,,"blend of 5 margin source(s) (fitted weights): espn_fpi, sagarin_predictor, sagarin_rating, fei, team_rankings; total from fei"
2026-11-21T05:00:00.000Z,12,Virginia Tech,Miami,Hard Rock Stadium,no,64767,,,,,769.12,885.94,-16.5,56.5,17.012367136711397,53.12,home,low,under,medium,,-0.015922151249944894,"blend of 5 margin source(s) (fitted weights): espn_fpi, sagarin_predictor, sagarin_rating, fei, team_rankings; total from fei"
2026-11-21T05:00:00.000Z,12,Charlotte,Tulsa,Chapman Stadium,no,30000,,,,,576.77,622.84,,,10.342566819730134,49.28,,,,,,,"blend of 4 margin source(s) (fitted weights): sagarin_predictor, sagarin_rating, fei, team_rankings; total from fei"
2026-11-21T05:00:00.000Z,12,Pittsburgh,Louisville,L&N Federal Credit Union Stadium,no,60000,,,,,675.02,739.97,,,4.832106988875988,45.68,,,,,,,"blend of 5 margin source(s) (fitted weights): espn_fpi, sagarin_predictor, sagarin_rating, fei, team_rankings; total from fei"
2026-11-21T05:00:00.000Z,12,NC State,Florida State,Doak Campbell Stadium,no,67277,,,,,757.14,800.2,,,8.650956335262794,57.08,,,,,,,"blend of 5 margin source(s) (fitted weights): espn_fpi, sagarin_predictor, sagarin_rating, fei, team_rankings; total from fei"
2026-11-21T05:00:00.000Z,12,Texas A&M,Oklahoma,"Memorial Stadium (Norman, OK)",no,86112,,,,,933,851.14,-2.5,51.5,1.1564801601978474,46.88,away,medium,under,medium,,-0.043249103069124106,"blend of 5 margin source(s) (fitted weights): espn_fpi, sagarin_predictor, sagarin_rating, fei, team_rankings; total from fei"
2026-11-21T05:00:00.000Z,12,Colorado,Cincinnati,Nippert Stadium,no,40000,,,,,731.62,634.28,,,3.864688990773,55.519999999999996,,,,,,,"blend of 5 margin source(s) (fitted weights): espn_fpi, sagarin_predictor, sagarin_rating, fei, team_rankings; total from fei"
2026-11-21T05:00:00.000Z,12,Kentucky,Missouri,Memorial Stadium,no,71168,,,,,786.65,808.36,,,8.059069032104064,46.879999999999995,,,,,,,"blend of 5 margin source(s) (fitted weights): espn_fpi, sagarin_predictor, sagarin_rating, fei, team_rankings; total from fei"
2026-11-21T05:00:00.000Z,12,Ohio State,Nebraska,"Memorial Stadium (Lincoln, NE)",no,85458,,,,,964.27,787.45,,,-16.486055639218616,52.04,,,,,,,"blend of 5 margin source(s) (fitted weights): espn_fpi, sagarin_predictor, sagarin_rating, fei, team_rankings; total from fei"
2026-11-21T05:00:00.000Z,12,Rutgers,Penn State,Beaver Stadium,no,106572,,,,,709.04,774.04,,,15.187782547963224,59.12,,,,,,,"blend of 5 margin source(s) (fitted weights): espn_fpi, sagarin_predictor, sagarin_rating, fei, team_rankings; total from fei"
2026-11-21T05:00:00.000Z,12,Arkansas State,Louisiana Tech,Joe Aillet Stadium,no,28019,,,,,606.22,543.02,,,3.1260432857279907,49.64,,,,,,,"blend of 5 margin source(s) (fitted weights): espn_fpi, sagarin_predictor, sagarin_rating, fei, team_rankings; total from fei"
2026-11-21T05:00:00.000Z,12,Wake Forest,Georgia Tech,Bobby Dodd Stadium,no,55000,,,,,680.87,751.65,,,3.532216884888517,52.04,,,,,,,"blend of 5 margin source(s) (fitted weights): espn_fpi, sagarin_predictor, sagarin_rating, fei, team_rankings; total from fei"
2026-11-21T05:00:00.000Z,12,Utah,TCU,Amon G. Carter Stadium,no,46000,,,,,695.72,730.79,,,-2.5425302889109225,53.239999999999995,,,,,,,"blend of 5 margin source(s) (fitted weights): espn_fpi, sagarin_predictor, sagarin_rating, fei, team_rankings; total from fei"
2026-11-21T05:00:00.000Z,12,Texas Tech,Baylor,McLane Stadium,no,45140,,,,,767.89,723.28,,,-9.832601469115836,49.28,,,,,,,"blend of 5 margin source(s) (fitted weights): espn_fpi, sagarin_predictor, sagarin_rating, fei, team_rankings; total from fei"
2026-11-21T05:00:00.000Z,12,UL Monroe,App State,Kidd Brewer Stadium,no,30000,,,,,505.49,621.61,,,9.923854550595316,54.44,,,,,,,"blend of 5 margin source(s) (fitted weights): espn_fpi, sagarin_predictor, sagarin_rating, fei, team_rankings; total from fei"
2026-11-21T05:00:00.000Z,12,Houston,West Virginia,Milan Puskar Stadium,no,60000,,,,,695.93,707.6,,,-2.6683112201372046,53,,,,,,,"blend of 5 margin source(s) (fitted weights): espn_fpi, sagarin_predictor, sagarin_rating, fei, team_rankings; total from fei"
2026-11-21T05:00:00.000Z,12,Iowa,Illinois,"Memorial Stadium (Champaign, IL)",no,60670,,,,,722.73,704.01,,,-0.6778082497106321,47.120000000000005,,,,,,,"blend of 5 margin source(s) (fitted weights): espn_fpi, sagarin_predictor, sagarin_rating, fei, team_rankings; total from fei"
2026-11-21T05:00:00.000Z,12,Indiana,Washington,Husky Stadium,no,70138,,,,,735.26,777.63,,,-7.520139361003671,53.36,,,,,,,"blend of 5 margin source(s) (fitted weights): espn_fpi, sagarin_predictor, sagarin_rating, fei, team_rankings; total from fei"
2026-11-21T05:00:00.000Z,12,BYU,Kansas,Memorial Stadium,no,47000,,,,,689.42,684.51,,,-5.746875319158089,60.56,,,,,,,"blend of 5 margin source(s) (fitted weights): espn_fpi, sagarin_predictor, sagarin_rating, fei, team_rankings; total from fei"
2026-11-21T05:00:00.000Z,12,Vanderbilt,Florida,Ben Hill Griffin Stadium,no,88548,,,,,727.39,891.07,,,4.966498326319626,57.92,,,,,,,"blend of 5 margin source(s) (fitted weights): espn_fpi, sagarin_predictor, sagarin_rating, fei, team_rankings; total from fei"
2026-11-21T05:00:00.000Z,12,Coastal Carolina,Louisiana,Cajun Field,no,41426,,,,,573.96,590.94,,,5.339467925944899,52.879999999999995,,,,,,,"blend of 5 margin source(s) (fitted weights): espn_fpi, sagarin_predictor, sagarin_rating, fei, team_rankings; total from fei"
2026-11-21T05:00:00.000Z,12,Wisconsin,Purdue,Ross-Ade Stadium,no,57282,,,,,767.68,698.33,,,-3.5296769194126205,46.64,,,,,,,"blend of 5 margin source(s) (fitted weights): espn_fpi, sagarin_predictor, sagarin_rating, fei, team_rankings; total from fei"
2026-11-21T05:00:00.000Z,12,Oklahoma State,Arizona State,Mountain America Stadium,no,65870,,,,,672.69,722,,,5.894048600348783,50.12,,,,,,,"blend of 5 margin source(s) (fitted weights): espn_fpi, sagarin_predictor, sagarin_rating, fei, team_rankings; total from fei"
2026-11-21T05:00:00.000Z,12,Georgia Southern,Troy,Veterans Memorial Stadium (AL),no,30000,,,,,634.19,596.19,,,5.446038453725375,53.72,,,,,,,"blend of 3 margin source(s) (fitted weights): sagarin_predictor, sagarin_rating, fei; total from fei"
2026-11-21T05:00:00.000Z,12,South Florida,Florida Atlantic,FAU Stadium,no,29419,,,,,703.81,593.36,,,-6.316932728253953,56,,,,,,,"blend of 5 margin source(s) (fitted weights): espn_fpi, sagarin_predictor, sagarin_rating, fei, team_rankings; total from fei"
2026-11-21T05:00:00.000Z,12,North Texas,Tulane,Yulman Stadium,no,30000,,,,,602.08,665.11,,,8.066161429690304,58.64,,,,,,,"blend of 5 margin source(s) (fitted weights): espn_fpi, sagarin_predictor, sagarin_rating, fei, team_rankings; total from fei"
2026-11-21T05:00:00.000Z,12,Arizona,Kansas State,Bill Snyder Family Stadium,no,50000,,,,,699.59,718.67,,,2.3543589809877625,52.28,,,,,,,"blend of 5 margin source(s) (fitted weights): espn_fpi, sagarin_predictor, sagarin_rating, fei, team_rankings; total from fei"
2026-11-21T05:00:00.000Z,12,Northwestern,Minnesota,Huntington Bank Stadium,no,50850,,,,,688.32,728.79,,,3.134454221472347,48.92,,,,,,,"blend of 5 margin source(s) (fitted weights): espn_fpi, sagarin_predictor, sagarin_rating, fei, team_rankings; total from fei"
2026-11-21T05:00:00.000Z,12,Maryland,USC,Los Angeles Memorial Coliseum,no,77500,,,,,719.64,899,,,14.944322636961164,58.760000000000005,,,,,,,"blend of 5 margin source(s) (fitted weights): espn_fpi, sagarin_predictor, sagarin_rating, fei, team_rankings; total from fei"
2026-11-21T05:00:00.000Z,12,Arkansas,Texas,DKR-Texas Memorial Stadium,no,100119,,,,,745.48,985.17,,,19.968976644385176,55.760000000000005,,,,,,,"blend of 5 margin source(s) (fitted weights): espn_fpi, sagarin_predictor, sagarin_rating, fei, team_rankings; total from fei"
2026-11-21T05:00:00.000Z,12,UTSA,UAB,Protective Stadium,no,45000,,,,,655.82,606.18,,,-7.874748916918613,57.92,,,,,,,"blend of 5 margin source(s) (fitted weights): espn_fpi, sagarin_predictor, sagarin_rating, fei, team_rankings; total from fei"
2026-11-21T05:00:00.000Z,12,North Carolina,Virginia,Scott Stadium,no,61500,,,,,767.89,700.18,,,8.03598418935351,49.879999999999995,,,,,,,"blend of 5 margin source(s) (fitted weights): espn_fpi, sagarin_predictor, sagarin_rating, fei, team_rankings; total from fei"
2026-11-21T05:00:00.000Z,12,Georgia,South Carolina,Williams-Brice Stadium,no,80250,,,,,1003.67,862.87,,,-9.479484603267615,49.88,,,,,,,"blend of 5 margin source(s) (fitted weights): espn_fpi, sagarin_predictor, sagarin_rating, fei, team_rankings; total from fei"
2026-11-21T05:00:00.000Z,12,Georgia State,Marshall,Joan C. Edwards Stadium,no,38016,,,,,573.83,594.71,,,9.198611728928771,52.64,,,,,,,"blend of 5 margin source(s) (fitted weights): espn_fpi, sagarin_predictor, sagarin_rating, fei, team_rankings; total from fei"
2026-11-21T05:00:00.000Z,12,UCLA,Michigan,Michigan Stadium,no,107601,,,,,774.45,890.02,,,15.601230253325504,55.52,,,,,,,"blend of 5 margin source(s) (fitted weights): espn_fpi, sagarin_predictor, sagarin_rating, fei, team_rankings; total from fei"
2026-11-21T05:00:00.000Z,12,Stanford,California,California Memorial Stadium,no,62467,,,,,705.81,751.92,,,5.414402554778296,49.519999999999996,,,,,,,"blend of 5 margin source(s) (fitted weights): espn_fpi, sagarin_predictor, sagarin_rating, fei, team_rankings; total from fei"
2026-11-21T05:00:00.000Z,12,South Alabama,Southern Miss,M. M. Roberts Stadium,no,36000,,,,,573.38,602.63,,,3.3794407956937857,52.28,,,,,,,"blend of 5 margin source(s) (fitted weights): espn_fpi, sagarin_predictor, sagarin_rating, fei, team_rankings; total from fei"
2026-11-21T05:00:00.000Z,12,Syracuse,Boston College,"Alumni Stadium (Chestnut Hill, MA)",no,44500,,,,,745.61,660,,,0.9089074813676786,51.32,,,,,,,"blend of 5 margin source(s) (fitted weights): espn_fpi, sagarin_predictor, sagarin_rating, fei, team_rankings; total from fei"
2026-11-21T05:00:00.000Z,12,LSU,Tennessee,Neyland Stadium,no,102455,,,,,931.76,885.9,1.5,57.5,0.3406899724932871,54.08,home,medium,under,medium,,0.0345807128867619,"blend of 5 margin source(s) (fitted weights): espn_fpi, sagarin_predictor, sagarin_rating, fei, team_rankings; total from fei"
2026-11-21T17:00:00.000Z,12,East Carolina,Army,Michie Stadium,no,38000,,,,,623.79,303.83,,,0.23114889164405883,51.44,,,,,,,"blend of 5 margin source(s) (fitted weights): espn_fpi, sagarin_predictor, sagarin_rating, fei, team_rankings; total from fei"
2026-11-21T17:00:00.000Z,12,Memphis,Navy,Navy-Marine Corps Memorial Stadium,no,34000,,,,,670.31,195.68,,,2.3707850159793487,55.64,,,,,,,"blend of 5 margin source(s) (fitted weights): espn_fpi, sagarin_predictor, sagarin_rating, fei, team_rankings; total from fei"
2026-11-21T18:00:00.000Z,12,Western Kentucky,Liberty,Williams Stadium (VA),no,25000,,,,,611.52,633.35,,,0.6737135910471742,55.52,,,,,,,"blend of 5 margin source(s) (fitted weights): espn_fpi, sagarin_predictor, sagarin_rating, fei, team_rankings; total from fei"
2026-11-21T19:00:00.000Z,12,Missouri State,Jacksonville State,AmFirst Stadium,no,24000,,,,,549.92,602.83,,,1.9584221974140301,55.04,,,,,,,"blend of 5 margin source(s) (fitted weights): espn_fpi, sagarin_predictor, sagarin_rating, fei, team_rankings; total from fei"
2026-11-21T19:00:00.000Z,12,Middle Tennessee,Sam Houston,Elliott T. Bowers Stadium,no,14000,,,,,571.5,554.47,,,0.5359262516900625,51.08,,,,,,,"blend of 5 margin source(s) (fitted weights): espn_fpi, sagarin_predictor, sagarin_rating, fei, team_rankings; total from fei"
2026-11-21T20:00:00.000Z,12,Delaware,New Mexico State,Aggie Memorial Stadium,no,28853,,,,,483.48,460.38,,,-1.968709433406302,53.96,,,,,,,"blend of 5 margin source(s) (fitted weights): espn_fpi, sagarin_predictor, sagarin_rating, fei, team_rankings; total from fei"
2026-11-21T20:00:00.000Z,12,Florida International,Kennesaw State,Fifth Third Stadium,no,11040,,,,,607.56,502.86,,,5.701104059394403,51.08,,,,,,,"blend of 2 margin source(s) (fitted weights): espn_fpi, fei; total from fei"
2026-11-21T20:30:00.000Z,12,Old Dominion,UConn,Pratt & Whitney Stadium,no,40000,,,,,544.25,652.56,,,-3.532317291227668,51.32,,,,,,,"blend of 5 margin source(s) (fitted weights): espn_fpi, sagarin_predictor, sagarin_rating, fei, team_rankings; total from fei"
2026-11-21T21:00:00.000Z,12,Northern Illinois,North Dakota State,Fargodome,yes,18700,,,,,536.58,515.59,,,11.551483817022241,52.04,,,,,,,"blend of 5 margin source(s) (fitted weights): espn_fpi, sagarin_predictor, sagarin_rating, fei, team_rankings; total from fei"
2026-11-21T23:00:00.000Z,12,Washington State,Texas State,Bobcat Stadium (TX),no,30000,,,,,630.29,624.81,,,0.7417585300971862,53.84,,,,,,,"blend of 5 margin source(s) (fitted weights): espn_fpi, sagarin_predictor, sagarin_rating, fei, team_rankings; total from fei"
2026-11-22T00:00:00.000Z,12,UNLV,San José State,CEFCU Stadium,no,30456,,,,,696.03,569.25,,,-6.939307820992234,56,,,,,,,"blend of 5 margin source(s) (fitted weights): espn_fpi, sagarin_predictor, sagarin_rating, fei, team_rankings; total from fei"
2026-11-22T00:30:00.000Z,12,SMU,Notre Dame,Notre Dame Stadium,no,80795,,,,,764.5,953.03,-17.5,56.5,16.19766976228788,53.239999999999995,away,medium,under,medium,,-0.023400876078517596,"blend of 5 margin source(s) (fitted weights): espn_fpi, sagarin_predictor, sagarin_rating, fei, team_rankings; total from fei"
2026-11-22T00:30:00.000Z,12,Colorado State,Fresno State,Valley Children's Stadium,no,41031,,,,,640.31,609.75,,,10.19052776631321,47.599999999999994,,,,,,,"blend of 5 margin source(s) (fitted weights): espn_fpi, sagarin_predictor, sagarin_rating, fei, team_rankings; total from fei"
2026-11-22T02:00:00.000Z,12,New Mexico,Wyoming,War Memorial Stadium,no,29181,,,,,568.19,528.29,,,-4.117817347481558,46.519999999999996,,,,,,,"blend of 5 margin source(s) (fitted weights): espn_fpi, sagarin_predictor, sagarin_rating, fei, team_rankings; total from fei"
2026-11-22T02:30:00.000Z,12,San Diego State,Boise State,Albertsons Stadium,no,36387,,,,,609.22,641.17,,,6.070128996954081,45.92,,,,,,,"blend of 5 margin source(s) (fitted weights): espn_fpi, sagarin_predictor, sagarin_rating, fei, team_rankings; total from fei"
2026-11-22T03:30:00.000Z,12,Utah State,Oregon State,Reser Stadium,no,43363,,,,,543.98,635.79,,,1.995196592694399,53.96,,,,,,,"blend of 5 margin source(s) (fitted weights): espn_fpi, sagarin_predictor, sagarin_rating, fei, team_rankings; total from fei"
2026-11-24T05:00:00.000Z,13,Miami (OH),Western Michigan,Waldo Stadium,no,30200,,,,,621.37,572.2,,,4.831636577922839,46.519999999999996,,,,,,,"blend of 5 margin source(s) (fitted weights): espn_fpi, sagarin_predictor, sagarin_rating, fei, team_rankings; total from fei"
2026-11-25T00:00:00.000Z,13,Kent State,Eastern Michigan,Rynearson Stadium,no,30200,,,,,522.83,580.64,,,6.294748462249187,56.84,,,,,,,"blend of 5 margin source(s) (fitted weights): espn_fpi, sagarin_predictor, sagarin_rating, fei, team_rankings; total from fei"
2026-11-27T01:00:00.000Z,13,TCU,Texas Tech,Jones AT&T Stadium,no,60454,,,,,730.79,767.89,-16.5,55.5,15.044853223779931,45.08,away,medium,under,high,,-0.04124751866752563,"blend of 5 margin source(s) (fitted weights): espn_fpi, sagarin_predictor, sagarin_rating, fei, team_rankings; total from fei"
2026-11-27T05:00:00.000Z,13,Florida Atlantic,East Carolina,Dowdy-Ficklen Stadium,no,50000,,,,,593.36,623.79,,,10.941928289565531,53.72,,,,,,,"blend of 5 margin source(s) (fitted weights): espn_fpi, sagarin_predictor, sagarin_rating, fei, team_rankings; total from fei"
2026-11-27T05:00:00.000Z,13,Tulane,South Florida,Raymond James Stadium,no,65828,,,,,665.11,703.81,,,0.9789437594763323,53.12,,,,,,,"blend of 5 margin source(s) (fitted weights): espn_fpi, sagarin_predictor, sagarin_rating, fei, team_rankings; total from fei"
2026-11-27T05:00:00.000Z,13,Temple,Memphis,Simmons Bank Liberty Stadium,no,58325,,,,,631.07,670.31,,,10.751840018621113,56.24,,,,,,,"blend of 5 margin source(s) (fitted weights): espn_fpi, sagarin_predictor, sagarin_rating, fei, team_rankings; total from fei"
2026-11-27T17:00:00.000Z,13,Toledo,Ohio,Peden Stadium,no,24000,,,,,556.26,522.84,,,-1.367353416875096,50.72,,,,,,,"blend of 5 margin source(s) (fitted weights): espn_fpi, sagarin_predictor, sagarin_rating, fei, team_rankings; total from fei"
2026-11-27T17:00:00.000Z,13,Nebraska,Iowa,Kinnick Stadium,no,69250,,,,,787.45,722.73,,,5.927199667534076,45.08,,,,,,,"blend of 5 margin source(s) (fitted weights): espn_fpi, sagarin_predictor, sagarin_rating, fei, team_rankings; total from fei"
2026-11-27T17:00:00.000Z,13,Mississippi State,Ole Miss,Vaught-Hemingway Stadium,no,64038,,,,,804.53,885.72,-14.5,56.5,13.311589941572922,58.28,away,medium,over,low,,-0.042711653449122866,"blend of 5 margin source(s) (fitted weights): espn_fpi, sagarin_predictor, sagarin_rating, fei, team_rankings; total from fei"
2026-11-27T17:00:00.000Z,13,Buffalo,Akron,InfoCision Stadium,no,30000,,,,,549.31,546.84,,,-1.5373620111895598,45.44,,,,,,,"blend of 5 margin source(s) (fitted weights): espn_fpi, sagarin_predictor, sagarin_rating, fei, team_rankings; total from fei"
2026-11-27T20:00:00.000Z,13,App State,South Alabama,Hancock Whitney Stadium,no,25450,,,,,621.61,573.38,,,2.5136116501329933,57.68,,,,,,,"blend of 5 margin source(s) (fitted weights): espn_fpi, sagarin_predictor, sagarin_rating, fei, team_rankings; total from fei"
2026-11-27T20:30:00.000Z,13,Florida,Florida State,Doak Campbell Stadium,no,67277,,,,,891.07,800.2,4.5,52.5,-1.2392305866115598,55.16,home,high,over,medium,home,0.11386113376477164,"blend of 5 margin source(s) (fitted weights): espn_fpi, sagarin_predictor, sagarin_rating, fei, team_rankings; total from fei"
2026-11-27T20:30:00.000Z,13,North Dakota State,San José State,CEFCU Stadium,no,30456,,,,,515.59,569.25,,,-3.9639810672424245,54.2,,,,,,,"blend of 5 margin source(s) (fitted weights): espn_fpi, sagarin_predictor, sagarin_rating, fei, team_rankings; total from fei"
2026-11-28T00:30:00.000Z,13,Minnesota,Wisconsin,Camp Randall Stadium,no,80321,,,,,728.79,767.68,,,5.179400103335302,45.56,,,,,,,"blend of 5 margin source(s) (fitted weights): espn_fpi, sagarin_predictor, sagarin_rating, fei, team_rankings; total from fei"
2026-11-28T00:30:00.000Z,13,Texas,Texas A&M,Kyle Field,no,102733,,,,,985.17,933,2.5,53.5,-1.810189869002878,49.4,home,low,under,medium,,0.031513615774216686,"blend of 5 margin source(s) (fitted weights): espn_fpi, sagarin_predictor, sagarin_rating, fei, team_rankings; total from fei"
2026-11-28T02:00:00.000Z,13,West Virginia,Utah,Rice-Eccles Stadium,no,51444,,,,,707.6,695.72,,,11.875398937504276,53.599999999999994,,,,,,,"blend of 5 margin source(s) (fitted weights): espn_fpi, sagarin_predictor, sagarin_rating, fei, team_rankings; total from fei"
2026-11-28T05:00:00.000Z,13,Penn State,Maryland,SECU Stadium,no,51802,,,,,774.04,719.64,,,-8.829853804063873,49.879999999999995,,,,,,,"blend of 5 margin source(s) (fitted weights): espn_fpi, sagarin_predictor, sagarin_rating, fei, team_rankings; total from fei"
2026-11-28T05:00:00.000Z,13,Michigan State,Rutgers,SHI Stadium,no,52454,,,,,685.02,709.04,,,2.5883605238050276,59.12,,,,,,,"blend of 5 margin source(s) (fitted weights): espn_fpi, sagarin_predictor, sagarin_rating, fei, team_rankings; total from fei"
2026-11-28T05:00:00.000Z,13,Marshall,UL Monroe,Malone Stadium,no,27617,,,,,594.71,505.49,,,-6.841438211762909,49.879999999999995,,,,,,,"blend of 5 margin source(s) (fitted weights): espn_fpi, sagarin_predictor, sagarin_rating, fei, team_rankings; total from fei"
2026-11-28T05:00:00.000Z,13,Pittsburgh,California,California Memorial Stadium,no,62467,,,,,675.02,751.92,,,-2.80936832107857,47.36,,,,,,,"blend of 5 margin source(s) (fitted weights): espn_fpi, sagarin_predictor, sagarin_rating, fei, team_rankings; total from fei"
2026-11-28T05:00:00.000Z,13,Georgia Tech,Georgia,Sanford Stadium,no,92746,,,,,751.65,1003.67,,,20.66572894271921,57.32,,,,,,,"blend of 5 margin source(s) (fitted weights): espn_fpi, sagarin_predictor, sagarin_rating, fei, team_rankings; total from fei"
2026-11-28T05:00:00.000Z,13,SMU,Stanford,Stanford Stadium,no,50424,,,,,764.5,705.81,,,-9.060638140232772,51.56,,,,,,,"blend of 5 margin source(s) (fitted weights): espn_fpi, sagarin_predictor, sagarin_rating, fei, team_rankings; total from fei"
2026-11-28T05:00:00.000Z,13,Army,Rice,Rice Stadium,no,47000,,,,,303.83,589.89,,,-6.3523719307886655,50.120000000000005,,,,,,,"blend of 5 margin source(s) (fitted weights): espn_fpi, sagarin_predictor, sagarin_rating, fei, team_rankings; total from fei"
2026-11-28T05:00:00.000Z,13,Duke,Wake Forest,Allegacy Federal Credit Union Stadium,no,31500,,,,,668.47,680.87,,,2.7766777276017653,53.480000000000004,,,,,,,"blend of 5 margin source(s) (fitted weights): espn_fpi, sagarin_predictor, sagarin_rating, fei, team_rankings; total from fei"
2026-11-28T05:00:00.000Z,13,NC State,North Carolina,Kenan Stadium,no,50500,,,,,757.14,767.89,1.5,55.5,4.420054019347364,52.400000000000006,home,high,under,medium,home,0.12618732990711123,"blend of 5 margin source(s) (fitted weights): espn_fpi, sagarin_predictor, sagarin_rating, fei, team_rankings; total from fei"
2026-11-28T05:00:00.000Z,13,Coastal Carolina,James Madison,Bridgeforth Stadium,no,24877,,,,,573.96,588.31,,,12.778212265735373,50.96,,,,,,,"blend of 5 margin source(s) (fitted weights): espn_fpi, sagarin_predictor, sagarin_rating, fei, team_rankings; total from fei"
2026-11-28T05:00:00.000Z,13,South Carolina,Clemson,"Memorial Stadium (Clemson, SC)",no,81500,,,,,862.87,862.85,-3,53.5,3.3764889612182944,44.959999999999994,home,low,under,high,,0.011508619251468954,"blend of 5 margin source(s) (fitted weights): espn_fpi, sagarin_predictor, sagarin_rating, fei, team_rankings; total from fei"
2026-11-28T05:00:00.000Z,13,Cincinnati,BYU,LaVell Edwards Stadium,no,63470,,,,,634.28,689.42,,,10.937545252611656,58.04,,,,,,,"blend of 5 margin source(s) (fitted weights): espn_fpi, sagarin_predictor, sagarin_rating, fei, team_rankings; total from fei"
2026-11-28T05:00:00.000Z,13,UTEP,Northern Illinois,Huskie Stadium,no,23595,,,,,585.76,536.58,,,4.5783940375251335,48.08,,,,,,,"blend of 5 margin source(s) (fitted weights): espn_fpi, sagarin_predictor, sagarin_rating, fei, team_rankings; total from fei"
2026-11-28T05:00:00.000Z,13,Auburn,Alabama,Bryant-Denny Stadium,no,101821,,,,,828.19,973.53,-10,53.5,10.20717575875527,49.519999999999996,home,low,under,medium,,-0.03858670402311115,"blend of 5 margin source(s) (fitted weights): espn_fpi, sagarin_predictor, sagarin_rating, fei, team_rankings; total from fei"
2026-11-28T05:00:00.000Z,13,Virginia,Virginia Tech,Lane Stadium,no,65632,,,,,700.18,769.12,-1.5,53.5,-1.0116837409673296,51.68,away,medium,under,low,away,-0.05767601722968574,"blend of 5 margin source(s) (fitted weights): espn_fpi, sagarin_predictor, sagarin_rating, fei, team_rankings; total from fei"
2026-11-28T05:00:00.000Z,13,Kansas State,Iowa State,Jack Trice Stadium,no,61500,,,,,718.67,669.55,,,-2.7714238249242826,51.44,,,,,,,"blend of 5 margin source(s) (fitted weights): espn_fpi, sagarin_predictor, sagarin_rating, fei, team_rankings; total from fei"
2026-11-28T05:00:00.000Z,13,Kansas,Oklahoma State,Boone Pickens Stadium,no,55509,,,,,684.51,672.69,,,1.1144598873412903,57.44,,,,,,,"blend of 5 margin source(s) (fitted weights): espn_fpi, sagarin_predictor, sagarin_rating, fei, team_rankings; total from fei"
2026-11-28T05:00:00.000Z,13,Washington,Oregon,Autzen Stadium,no,54000,,,,,777.63,984.33,-15.5,54.5,15.01119286118508,56.96,away,low,over,medium,,-0.005720750979850697,"blend of 5 margin source(s) (fitted weights): espn_fpi, sagarin_predictor, sagarin_rating, fei, team_rankings; total from fei"
2026-11-28T05:00:00.000Z,13,USC,UCLA,Rose Bowl,no,88565,,,,,899,774.45,10.5,55.5,-9.32619800463549,63.31999999999999,home,medium,over,high,home,0.07134615829854837,"blend of 5 margin source(s) (fitted weights): espn_fpi, sagarin_predictor, sagarin_rating, fei, team_rankings; total from fei"
2026-11-28T05:00:00.000Z,13,Southern Miss,Old Dominion,S.B. Ballard Stadium,no,20118,,,,,602.63,544.25,,,7.849931856067198,45.8,,,,,,,"blend of 5 margin source(s) (fitted weights): espn_fpi, sagarin_predictor, sagarin_rating, fei, team_rankings; total from fei"
2026-11-28T05:00:00.000Z,13,Boston College,Miami,Hard Rock Stadium,no,64767,,,,,660,885.94,,,24.613158931300813,53.36,,,,,,,"blend of 5 margin source(s) (fitted weights): espn_fpi, sagarin_predictor, sagarin_rating, fei, team_rankings; total from fei"
2026-11-28T05:00:00.000Z,13,Arizona State,Arizona,Arizona Stadium,no,50782,,,,,722,699.59,-4.5,52.5,4.3511152008369365,51.44,away,low,under,low,,-0.03756151190346002,"blend of 5 margin source(s) (fitted weights): espn_fpi, sagarin_predictor, sagarin_rating, fei, team_rankings; total from fei"
2026-11-28T05:00:00.000Z,13,Louisiana,Georgia State,Center Parc Stadium,no,25000,,,,,590.94,573.83,,,-3.1431946434792803,54.92,,,,,,,"blend of 5 margin source(s) (fitted weights): espn_fpi, sagarin_predictor, sagarin_rating, fei, team_rankings; total from fei"
2026-11-28T05:00:00.000Z,13,Navy,Charlotte,Jerry Richardson Stadium,no,15300,,,,,195.68,576.77,,,-12.937329283762637,52.88,,,,,,,"blend of 4 margin source(s) (fitted weights): sagarin_predictor, sagarin_rating, fei, team_rankings; total from fei"
2026-11-28T05:00:00.000Z,13,UAB,North Texas,DATCU Stadium,no,30850,,,,,606.18,602.08,,,11.668403344267205,62.480000000000004,,,,,,,"blend of 5 margin source(s) (fitted weights): espn_fpi, sagarin_predictor, sagarin_rating, fei, team_rankings; total from fei"
2026-11-28T05:00:00.000Z,13,Purdue,Indiana,"Memorial Stadium (Bloomington, IN)",no,52656,,,,,698.33,735.26,,,24.443354475559502,52.040000000000006,,,,,,,"blend of 5 margin source(s) (fitted weights): espn_fpi, sagarin_predictor, sagarin_rating, fei, team_rankings; total from fei"
2026-11-28T05:00:00.000Z,13,UCF,Colorado,Folsom Field,no,50183,,,,,672.14,731.62,,,3.167450019606942,49.160000000000004,,,,,,,"blend of 3 margin source(s) (fitted weights): espn_fpi, fei, team_rankings; total from fei"
2026-11-28T05:00:00.000Z,13,Oklahoma,Missouri,Memorial Stadium,no,71168,,,,,851.14,808.36,,,-2.471270074775912,46.04,,,,,,,"blend of 5 margin source(s) (fitted weights): espn_fpi, sagarin_predictor, sagarin_rating, fei, team_rankings; total from fei"
2026-11-28T05:00:00.000Z,13,Baylor,Houston,TDECU Stadium,no,40000,,,,,723.28,695.93,,,3.6892681206207514,56.84,,,,,,,"blend of 5 margin source(s) (fitted weights): espn_fpi, sagarin_predictor, sagarin_rating, fei, team_rankings; total from fei"
2026-11-28T05:00:00.000Z,13,Illinois,Northwestern,Ryan Field,no,35000,,,,,704.01,688.32,3.5,52.5,-2.123172036271507,52.160000000000004,home,medium,under,low,home,0.05097295115691852,"blend of 5 margin source(s) (fitted weights): espn_fpi, sagarin_predictor, sagarin_rating, fei, team_rankings; total from fei"
2026-11-28T05:00:00.000Z,13,Tennessee,Vanderbilt,FirstBank Stadium,no,40351,,,,,885.9,727.39,3,57.5,-2.763865799979015,62.96,home,low,over,medium,,0.02479702357662522,"blend of 5 margin source(s) (fitted weights): espn_fpi, sagarin_predictor, sagarin_rating, fei, team_rankings; total from fei"
2026-11-28T05:00:00.000Z,13,UConn,Wyoming,War Memorial Stadium,no,29181,,,,,652.56,528.29,,,1.2869161653919172,50.120000000000005,,,,,,,"blend of 5 margin source(s) (fitted weights): espn_fpi, sagarin_predictor, sagarin_rating, fei, team_rankings; total from fei"
2026-11-28T05:00:00.000Z,13,Louisville,Kentucky,Kroger Field,no,61000,,,,,739.97,786.65,,,-0.6937977498611385,45.92,,,,,,,"blend of 5 margin source(s) (fitted weights): espn_fpi, sagarin_predictor, sagarin_rating, fei, team_rankings; total from fei"
2026-11-28T05:00:00.000Z,13,LSU,Arkansas,Razorback Stadium,no,80000,,,,,931.76,745.48,,,-9.205548890029434,55.879999999999995,,,,,,,"blend of 5 margin source(s) (fitted weights): espn_fpi, sagarin_predictor, sagarin_rating, fei, team_rankings; total from fei"
2026-11-28T05:00:00.000Z,13,Louisiana Tech,Georgia Southern,Allen E. Paulson Stadium,no,25000,,,,,543.02,634.19,,,2.569677461483521,56.959999999999994,,,,,,,"blend of 4 margin source(s) (fitted weights): espn_fpi, sagarin_predictor, sagarin_rating, fei; total from fei"
2026-11-28T05:00:00.000Z,13,Tulsa,UTSA,Alamodome,yes,36582,,,,,622.84,655.82,,,8.213574917083083,53,,,,,,,"blend of 5 margin source(s) (fitted weights): espn_fpi, sagarin_predictor, sagarin_rating, fei, team_rankings; total from fei"
2026-11-28T05:00:00.000Z,13,Notre Dame,Syracuse,JMA Wireless Dome,yes,49057,,,,,953.03,745.61,,,-22.076508392164012,49.64,,,,,,,"blend of 5 margin source(s) (fitted weights): espn_fpi, sagarin_predictor, sagarin_rating, fei, team_rankings; total from fei"
2026-11-28T17:00:00.000Z,13,Michigan,Ohio State,Ohio Stadium,no,102780,,,,,890.02,964.27,-13.5,46.5,13.65383493650431,53.24,home,low,over,high,,-0.01398738772792485,"blend of 5 margin source(s) (fitted weights): espn_fpi, sagarin_predictor, sagarin_rating, fei, team_rankings; total from fei"
2026-11-28T17:00:00.000Z,13,Massachusetts,Bowling Green,Doyt L. Perry Stadium,no,24000,,,,,525.94,568.33,,,10.663725697217114,48.92,,,,,,,"blend of 5 margin source(s) (fitted weights): espn_fpi, sagarin_predictor, sagarin_rating, fei, team_rankings; total from fei"
2026-11-28T17:00:00.000Z,13,Central Michigan,Ball State,Scheumann Stadium,no,22500,,,,,540.01,563.88,,,-2.773375181521573,48.08,,,,,,,"blend of 5 margin source(s) (fitted weights): espn_fpi, sagarin_predictor, sagarin_rating, fei, team_rankings; total from fei"
2026-11-28T18:00:00.000Z,13,Kennesaw State,Western Kentucky,Houchens Industries-L.T. Smith Stadium,no,22113,,,,,502.86,611.52,,,6.576536295791184,53.6,,,,,,,"blend of 5 margin source(s) (fitted weights): espn_fpi, sagarin_predictor, sagarin_rating, fei, team_rankings; total from fei"
2026-11-28T19:00:00.000Z,13,Liberty,Missouri State,Plaster Sports Complex,no,17337,,,,,633.35,549.92,,,-1.2027307467100505,59.599999999999994,,,,,,,"blend of 5 margin source(s) (fitted weights): espn_fpi, sagarin_predictor, sagarin_rating, fei, team_rankings; total from fei"
2026-11-28T19:00:00.000Z,13,Sam Houston,Florida International,Pitbull Stadium,no,20000,,,,,554.47,607.56,,,7.07370959901361,47.959999999999994,,,,,,,"blend of 2 margin source(s) (fitted weights): espn_fpi, fei; total from fei"
2026-11-28T19:00:00.000Z,13,New Mexico State,Middle Tennessee,"Johnny ""Red"" Floyd Stadium",no,30788,,,,,460.38,571.5,,,0.7523250001187967,52.879999999999995,,,,,,,"blend of 5 margin source(s) (fitted weights): espn_fpi, sagarin_predictor, sagarin_rating, fei, team_rankings; total from fei"
2026-11-28T20:00:00.000Z,13,Troy,Arkansas State,Centennial Bank Stadium,no,30382,,,,,596.19,606.22,,,-0.7095385248024471,46.400000000000006,,,,,,,"blend of 4 margin source(s) (fitted weights): sagarin_predictor, sagarin_rating, fei, team_rankings; total from fei"
2026-11-28T20:30:00.000Z,13,Jacksonville State,Delaware,Delaware Stadium,no,22000,,,,,602.83,483.48,,,5.360658243694844,52.64,,,,,,,"blend of 5 margin source(s) (fitted weights): espn_fpi, sagarin_predictor, sagarin_rating, fei, team_rankings; total from fei"
2026-11-28T21:30:00.000Z,13,Air Force,New Mexico,University Stadium (NM),no,39224,,,,,272.35,568.19,,,4.195625446191487,59.120000000000005,,,,,,,"blend of 5 margin source(s) (fitted weights): espn_fpi, sagarin_predictor, sagarin_rating, fei, team_rankings; total from fei"
2026-11-29T02:00:00.000Z,13,Nevada,UNLV,Allegiant Stadium,yes,65000,,,,,549.99,696.03,,,12.893391598618226,52.28,,,,,,,"blend of 5 margin source(s) (fitted weights): espn_fpi, sagarin_predictor, sagarin_rating, fei, team_rankings; total from fei"
2026-11-29T04:00:00.000Z,13,Sacramento State,Hawai'i,Clarence T.C. Ching Athletics Complex,no,15194,,,,,561.42,556.82,,,15.892369780896217,53.239999999999995,,,,,,,"blend of 5 margin source(s) (fitted weights): espn_fpi, sagarin_predictor, sagarin_rating, fei, team_rankings; total from fei"
2026-12-12T20:00:00.000Z,15,Navy,Army,MetLife Stadium,no,82500,,,,,195.68,303.83,2.5,37.5,-0.31094309834698186,54.56,home,medium,over,high,home,0.06430706217481719,"blend of 5 margin source(s) (fitted weights): espn_fpi, sagarin_predictor, sagarin_rating, fei, team_rankings; total from fei"
