kickoff_utc,week,away_team,home_team,venue,dome,capacity,wind_mph,wind_dir,temp_f,precip_pct,away_talent,home_talent,market_spread_home,market_total,model_margin_adjusted,model_total,ats_pick,ats_confidence,total_pick,total_confidence,ml_pick,ml_edge,adjustment_notes
2026-08-29T16:00:00.000Z,1,North Carolina,TCU,Aviva Stadium,no,51700,1.8,ESE,62.8,84,767.89,730.79,-8.5,46.5,5.743312291532975,55.160000000000004,away,medium,over,high,away,-0.09335600476065542,"blend of 5 margin source(s) (fitted weights): espn_fpi, sagarin_predictor, sagarin_rating, fei, team_rankings; total from fei"
2026-08-29T19:00:00.000Z,1,San José State,USC,Los Angeles Memorial Coliseum,no,77500,4.9,SW,94.9,0,569.25,899,-38.5,60.5,27.243768364607018,60.08,away,high,under,low,,-0.025059127000899184,"blend of 5 margin source(s) (fitted weights): espn_fpi, sagarin_predictor, sagarin_rating, fei, team_rankings; total from fei"
2026-08-29T19:30:00.000Z,1,NC State,Virginia,Scott Stadium,no,61500,3.6,ENE,81.2,0,757.14,700.18,-4,51,8.308449207122294,51.08,home,high,over,low,home,0.12710061786566507,"blend of 5 margin source(s) (fitted weights): espn_fpi, sagarin_predictor, sagarin_rating, fei, team_rankings; total from fei"
2026-08-29T21:30:00.000Z,1,Jacksonville State,North Dakota State,Fargodome,yes,18700,,,,,602.83,515.59,-7,46.5,8.228436422846176,53.72,home,medium,over,high,,-0.040451670530661676,"blend of 5 margin source(s) (fitted weights): espn_fpi, sagarin_predictor, sagarin_rating, fei, team_rankings; total from fei"
2026-08-29T22:30:00.000Z,1,Sacramento State,Eastern Michigan,Rynearson Stadium,no,30200,8.3,SW,81,1,561.42,580.64,-8.5,52.5,7.417320365377375,57.56,away,medium,over,medium,away,-0.0692561624836594,"blend of 5 margin source(s) (fitted weights): espn_fpi, sagarin_predictor, sagarin_rating, fei, team_rankings; total from fei"
2026-08-29T23:00:00.000Z,1,Hawai'i,Stanford,Stanford Stadium,no,50424,9.1,NNW,81.1,0,556.82,705.81,-4.5,48.5,5.9041800738601244,50.480000000000004,home,medium,over,low,,0.007036089969451931,"blend of 5 margin source(s) (fitted weights): espn_fpi, sagarin_predictor, sagarin_rating, fei, team_rankings; total from fei"
2026-08-29T23:00:00.000Z,1,New Mexico State,Florida State,Doak Campbell Stadium,no,67277,5.1,SE,84.9,6,460.38,800.2,-30.5,53.5,23.988426904443987,53.480000000000004,away,high,under,low,,-0.02077937119305262,"blend of 5 margin source(s) (fitted weights): espn_fpi, sagarin_predictor, sagarin_rating, fei, team_rankings; total from fei"
2026-08-30T02:00:00.000Z,1,Memphis,UNLV,Allegiant Stadium,yes,65000,,,,,670.31,696.03,-4,55.5,1.6423203505742299,56.6,away,medium,over,low,away,-0.07556065532819489,"blend of 5 margin source(s) (fitted weights): espn_fpi, sagarin_predictor, sagarin_rating, fei, team_rankings; total from fei"
2026-09-03T22:00:00.000Z,1,Massachusetts,Rutgers,SHI Stadium,no,52454,7.7,W,85.7,37,525.94,709.04,-28.5,51.5,24.268584334160497,60.56,away,high,over,high,,-0.02249478170242214,"blend of 5 margin source(s) (fitted weights): espn_fpi, sagarin_predictor, sagarin_rating, fei, team_rankings; total from fei"
2026-09-03T23:00:00.000Z,1,Akron,Wake Forest,Allegacy Federal Credit Union Stadium,no,31500,11.2,SSW,95.2,3,546.84,680.87,-24.5,48.5,21.39269734890631,47.24,away,high,under,low,,-0.02627678451476323,"blend of 5 margin source(s) (fitted weights): espn_fpi, sagarin_predictor, sagarin_rating, fei, team_rankings; total from fei"
2026-09-04T00:00:00.000Z,1,Colorado,Georgia Tech,Bobby Dodd Stadium,no,55000,9,SSE,84.5,10,731.62,751.65,-6.5,50.5,4.583252617214527,54.68,away,medium,over,medium,away,-0.08742762363402912,"blend of 5 margin source(s) (fitted weights): espn_fpi, sagarin_predictor, sagarin_rating, fei, team_rankings; total from fei"
2026-09-04T01:00:00.000Z,1,UAB,Illinois,"Memorial Stadium (Champaign, IL)",no,60670,5.1,E,81.7,2,606.18,704.01,-28.5,57,23.715599572193067,58.04,away,high,over,low,,-0.023642324668992853,"blend of 5 margin source(s) (fitted weights): espn_fpi, sagarin_predictor, sagarin_rating, fei, team_rankings; total from fei"
2026-09-04T22:30:00.000Z,1,San José State,Eastern Michigan,Rynearson Stadium,no,30200,6.1,SSE,83.8,15,569.25,580.64,-3.5,54.5,0.29722760480041854,54.68,away,high,over,low,away,-0.11505589867207888,"blend of 5 margin source(s) (fitted weights): espn_fpi, sagarin_predictor, sagarin_rating, fei, team_rankings; total from fei"
2026-09-05T00:00:00.000Z,1,UTEP,Oklahoma,"Memorial Stadium (Norman, OK)",no,86112,11.2,SSE,89,3,585.76,851.14,-41.5,51,34.05220259067341,44.599999999999994,away,high,under,high,,,"blend of 5 margin source(s) (fitted weights): espn_fpi, sagarin_predictor, sagarin_rating, fei, team_rankings; total from fei"
2026-09-05T00:00:00.000Z,1,Toledo,Michigan State,Spartan Stadium,no,75005,9.5,NE,71.8,13,556.26,685.02,-10,47.5,6.81830918242332,50.36,away,high,over,medium,away,-0.11183453578744074,"blend of 5 margin source(s) (fitted weights): espn_fpi, sagarin_predictor, sagarin_rating, fei, team_rankings; total from fei"
2026-09-05T01:00:00.000Z,1,Miami,Stanford,Stanford Stadium,no,50424,10.4,WNW,69,0,885.94,705.81,24.5,47.5,-18.326481053864473,50,home,high,over,medium,home,0.07228243830517642,"blend of 5 margin source(s) (fitted weights): espn_fpi, sagarin_predictor, sagarin_rating, fei, team_rankings; total from fei"
2026-09-05T01:00:00.000Z,1,Fresno State,USC,Los Angeles Memorial Coliseum,no,77500,9.9,S,78.8,3,609.75,899,-22.5,51.5,20.18590263757455,56.480000000000004,away,medium,over,medium,,-0.034659431624828985,"blend of 5 margin source(s) (fitted weights): espn_fpi, sagarin_predictor, sagarin_rating, fei, team_rankings; total from fei"
2026-09-05T16:00:00.000Z,1,North Texas,Indiana,"Memorial Stadium (Bloomington, IN)",no,52656,7.4,WNW,92,10,602.08,735.26,-40.5,56.5,30.79659329892695,58.64,away,high,over,medium,,,"blend of 6 margin source(s) (fitted weights): espn_fpi, sagarin_predictor, sagarin_rating, fei, team_rankings, predictiontracker; total from fei"
2026-09-05T16:00:00.000Z,1,Liberty,James Madison,Bridgeforth Stadium,no,24877,3.8,NNW,78.8,33,633.35,588.31,-6,50.5,13.913113552903717,53.96,home,high,over,medium,home,0.14408408660270933,"blend of 6 margin source(s) (fitted weights): espn_fpi, sagarin_predictor, sagarin_rating, fei, team_rankings, predictiontracker; total from fei"
2026-09-05T16:00:00.000Z,1,Ohio,Nebraska,"Memorial Stadium (Lincoln, NE)",no,85458,4,SSW,91.8,1,522.84,787.45,-23.5,46.5,17.599978439545325,53.36,away,high,over,high,away,-0.07133891339461884,"blend of 6 margin source(s) (fitted weights): espn_fpi, sagarin_predictor, sagarin_rating, fei, team_rankings, predictiontracker; total from fei"
2026-09-05T16:00:00.000Z,1,East Carolina,Alabama,Bryant-Denny Stadium,no,101821,1.5,NNW,93.5,1,623.79,973.53,-28,52.5,21.868019506419035,52.040000000000006,away,high,under,low,,-0.02257110981338717,"blend of 6 margin source(s) (fitted weights): espn_fpi, sagarin_predictor, sagarin_rating, fei, team_rankings, predictiontracker; total from fei"
2026-09-05T16:00:00.000Z,1,Coastal Carolina,West Virginia,Milan Puskar Stadium,no,60000,5.9,WSW,77.2,15,573.96,707.6,-21,55,15.04261204704019,51.68,away,high,under,medium,home,0.3402679265944305,"blend of 6 margin source(s) (fitted weights): espn_fpi, sagarin_predictor, sagarin_rating, fei, team_rankings, predictiontracker; total from fei"
2026-09-05T16:00:00.000Z,1,Oregon State,Houston,TDECU Stadium,no,40000,1.6,NW,89.7,6,635.79,695.93,-20.5,50.5,20.204029925966783,53.239999999999995,away,low,over,medium,,0.012124665536224266,"blend of 6 margin source(s) (fitted weights): espn_fpi, sagarin_predictor, sagarin_rating, fei, team_rankings, predictiontracker; total from fei"
2026-09-05T16:30:00.000Z,1,Ball State,Ohio State,Ohio Stadium,no,102780,7.5,W,78.9,9,563.88,964.27,-51,56.5,48.55566001278264,49.4,away,medium,under,high,,,"blend of 6 margin source(s) (fitted weights): espn_fpi, sagarin_predictor, sagarin_rating, fei, team_rankings, predictiontracker; total from fei"
2026-09-05T16:30:00.000Z,1,Miami (OH),Pittsburgh,Acrisure Stadium,no,68400,0.9,NE,71.1,7,621.37,675.02,-16,47,17.486680785980077,45.56,home,medium,under,low,,0.015327329479746354,"blend of 6 margin source(s) (fitted weights): espn_fpi, sagarin_predictor, sagarin_rating, fei, team_rankings, predictiontracker; total from fei"
2026-09-05T16:45:00.000Z,1,Kent State,South Carolina,Williams-Brice Stadium,no,80250,3,SW,95.9,0,522.83,862.87,-36.5,53.5,31.37362534471016,51.44,away,high,under,medium,home,0.475051899768562,"blend of 6 margin source(s) (fitted weights): espn_fpi, sagarin_predictor, sagarin_rating, fei, team_rankings, predictiontracker; total from fei"
2026-09-05T19:30:00.000Z,1,Marshall,Penn State,Beaver Stadium,no,106572,6.7,N,76.2,0,594.71,774.04,-23.5,52,25.048571304422293,50.96,home,medium,under,low,,0.02021868232922852,"blend of 6 margin source(s) (fitted weights): espn_fpi, sagarin_predictor, sagarin_rating, fei, team_rankings, predictiontracker; total from fei"
2026-09-05T19:30:00.000Z,1,Tulane,Duke,Wallace Wade Stadium,no,40004,24.3,NW,80.1,11,665.11,668.47,-7.5,51.5,6.026224293249496,56.599999999999994,away,medium,over,low,away,-0.08676332129053788,"blend of 6 margin source(s) (fitted weights): espn_fpi, sagarin_predictor, sagarin_rating, fei, team_rankings, predictiontracker; total from fei; high wind (24.3mph) forced total confidence to low"
2026-09-05T19:30:00.000Z,1,Baylor,Auburn,Mercedes-Benz Stadium,yes,75000,,,,,723.28,828.19,-7.5,59.5,8.217387634520755,51.92,home,low,under,high,,-0.013314040400058458,"blend of 6 margin source(s) (fitted weights): espn_fpi, sagarin_predictor, sagarin_rating, fei, team_rankings, predictiontracker; total from fei"
2026-09-05T19:30:00.000Z,1,Boise State,Oregon,Autzen Stadium,no,54000,3.1,NNW,64,1,641.17,984.33,-24.5,51.5,24.243966907644346,54.44,away,low,over,medium,,-0.0005273543180354112,"blend of 6 margin source(s) (fitted weights): espn_fpi, sagarin_predictor, sagarin_rating, fei, team_rankings, predictiontracker; total from fei"
2026-09-05T19:30:00.000Z,1,Texas State,Texas,DKR-Texas Memorial Stadium,no,100119,6,SE,96,3,624.81,985.17,-29.5,59.5,27.69917345665309,54.8,away,medium,under,medium,,0.0004573786185895212,"blend of 6 margin source(s) (fitted weights): espn_fpi, sagarin_predictor, sagarin_rating, fei, team_rankings, predictiontracker; total from fei"
2026-09-05T19:30:00.000Z,1,Boston College,Cincinnati,Nippert Stadium,no,40000,7.6,NW,93.2,5,660,634.28,-7.5,50.5,10.2410136699493,58.04,home,medium,over,high,,0.016855095180767,"blend of 6 margin source(s) (fitted weights): espn_fpi, sagarin_predictor, sagarin_rating, fei, team_rankings, predictiontracker; total from fei"
2026-09-05T19:45:00.000Z,1,Oklahoma State,Tulsa,Chapman Stadium,no,30000,2.9,S,101,0,672.69,622.84,13.5,59.5,-4.984937154120729,49.28,home,high,under,high,home,0.19494696352015844,"blend of 6 margin source(s) (fitted weights): espn_fpi, sagarin_predictor, sagarin_rating, fei, team_rankings, predictiontracker; total from fei"
2026-09-05T20:15:00.000Z,1,Northern Illinois,Iowa,Kinnick Stadium,no,69250,8.2,NE,93.8,0,536.58,722.73,-32,44.5,30.64822412942806,43.76,away,medium,under,low,,0.00935927587353702,"blend of 6 margin source(s) (fitted weights): espn_fpi, sagarin_predictor, sagarin_rating, fei, team_rankings, predictiontracker; total from fei"
2026-09-05T22:00:00.000Z,1,Wyoming,Colorado State,Canvas Stadium,no,36500,9.5,ESE,93.3,4,528.29,640.31,-3,46.5,2.275743730480027,47.599999999999994,away,low,over,low,,-0.026440211946493153,"blend of 6 margin source(s) (fitted weights): espn_fpi, sagarin_predictor, sagarin_rating, fei, team_rankings, predictiontracker; total from fei"
2026-09-05T23:00:00.000Z,1,Sam Houston,Troy,Veterans Memorial Stadium (AL),no,30000,6.2,WSW,88.5,7,554.47,596.19,-16.5,54,16.0859267087618,45.44,away,low,under,high,,-0.04189535349806717,"blend of 5 margin source(s) (fitted weights): sagarin_predictor, sagarin_rating, fei, team_rankings, predictiontracker; total from fei"
2026-09-05T23:00:00.000Z,1,Florida International,South Florida,Raymond James Stadium,no,65828,6,WNW,83.7,4,607.56,703.81,-14.5,52,13.850121032966364,51.2,away,low,under,low,,0.02337246190673037,"blend of 2 margin source(s) (fitted weights): espn_fpi, fei; total from fei"
2026-09-05T23:00:00.000Z,1,Arkansas State,Memphis,Simmons Bank Liberty Stadium,no,58325,8.3,NW,99,2,606.22,670.31,-11,53.5,13.363924094054841,52.519999999999996,home,medium,under,low,home,0.057338620554896025,"blend of 6 margin source(s) (fitted weights): espn_fpi, sagarin_predictor, sagarin_rating, fei, team_rankings, predictiontracker; total from fei"
2026-09-05T23:00:00.000Z,1,Missouri State,Texas A&M,Kyle Field,no,102733,6.3,SE,90.7,10,549.92,933,-40.5,53.5,34.35301003788171,55.64,away,high,over,medium,,,"blend of 6 margin source(s) (fitted weights): espn_fpi, sagarin_predictor, sagarin_rating, fei, team_rankings, predictiontracker; total from fei"
2026-09-05T23:30:00.000Z,1,Western Michigan,Michigan,Michigan Stadium,no,107601,4.8,NE,74.2,0,572.2,890.02,-27.5,49.5,22.86021364830616,50.84,away,high,over,low,,-0.008981469506754491,"blend of 6 margin source(s) (fitted weights): espn_fpi, sagarin_predictor, sagarin_rating, fei, team_rankings, predictiontracker; total from fei"
2026-09-05T23:30:00.000Z,1,Clemson,LSU,Tiger Stadium (LA),no,102321,2.2,W,89.7,22,862.85,931.76,-9.5,50.5,7.412702969838907,47.239999999999995,away,medium,under,medium,away,-0.10989803228472583,"blend of 6 margin source(s) (fitted weights): espn_fpi, sagarin_predictor, sagarin_rating, fei, team_rankings, predictiontracker; total from fei"
2026-09-05T23:30:00.000Z,1,UL Monroe,Mississippi State,Davis Wade Stadium,no,61337,3,NW,97,2,505.49,804.53,-28.5,55,25.104085220867823,52.64,away,high,under,medium,,-0.021250657057023892,"blend of 6 margin source(s) (fitted weights): espn_fpi, sagarin_predictor, sagarin_rating, fei, team_rankings, predictiontracker; total from fei"
2026-09-05T23:45:00.000Z,1,Florida Atlantic,Florida,Ben Hill Griffin Stadium,no,88548,3.8,WSW,81.5,7,593.36,891.07,-26.5,59.5,23.514641018966483,53.36,away,medium,under,high,,-0.00320333187198496,"blend of 6 margin source(s) (fitted weights): espn_fpi, sagarin_predictor, sagarin_rating, fei, team_rankings, predictiontracker; total from fei"
2026-09-06T02:00:00.000Z,1,Central Michigan,New Mexico,University Stadium (NM),no,39224,3.2,SSW,83.3,3,540.01,568.19,-10.5,47,11.467366135923744,49.760000000000005,home,low,over,medium,,-0.04663549431165992,"blend of 6 margin source(s) (fitted weights): espn_fpi, sagarin_predictor, sagarin_rating, fei, team_rankings, predictiontracker; total from fei"
2026-09-06T02:00:00.000Z,1,UNLV,Hawai'i,Clarence T.C. Ching Athletics Complex,no,15194,12.2,NE,79.9,36,696.03,556.82,3,55.5,-0.5461777376763918,56.120000000000005,home,medium,over,low,home,0.06621618287276171,"blend of 6 margin source(s) (fitted weights): espn_fpi, sagarin_predictor, sagarin_rating, fei, team_rankings, predictiontracker; total from fei"
2026-09-06T02:30:00.000Z,1,Western Kentucky,Nevada,Mackay Stadium,no,27000,17.7,W,64.2,3,611.52,549.99,1.5,51.5,-3.770884135710973,49.879999999999995,away,medium,under,low,away,-0.09748931114346182,"blend of 6 margin source(s) (fitted weights): espn_fpi, sagarin_predictor, sagarin_rating, fei, team_rankings, predictiontracker; total from fei"
2026-09-06T02:30:00.000Z,1,UCLA,California,California Memorial Stadium,no,62467,5.7,NW,67.5,0,774.45,751.92,2.5,53.5,1.4872238170578878,53,home,high,under,low,home,0.07977254955479346,"blend of 6 margin source(s) (fitted weights): espn_fpi, sagarin_predictor, sagarin_rating, fei, team_rankings, predictiontracker; total from fei"
2026-09-06T20:00:00.000Z,1,Washington State,Washington,Husky Stadium,no,70138,6.5,NNW,70.2,0,630.29,777.63,-23.5,51.5,17.87278770727597,50.84,away,high,under,low,away,-0.06310307633525514,"blend of 6 margin source(s) (fitted weights): espn_fpi, sagarin_predictor, sagarin_rating, fei, team_rankings, predictiontracker; total from fei"
2026-09-06T23:30:00.000Z,1,Wisconsin,Notre Dame,Lambeau Field,no,80735,4.4,SE,73.2,0,767.68,953.03,-20.5,46.5,21.005088095866817,46.400000000000006,home,low,under,low,,-0.008243469997079145,"blend of 6 margin source(s) (fitted weights): espn_fpi, sagarin_predictor, sagarin_rating, fei, team_rankings, predictiontracker; total from fei"
2026-09-06T23:30:00.000Z,1,Louisville,Ole Miss,Nissan Stadium,no,69143,9.5,N,92,1,739.97,885.72,-6.5,55,9.23718996840628,54.56,home,medium,under,low,,0.017977788698421815,"blend of 6 margin source(s) (fitted weights): espn_fpi, sagarin_predictor, sagarin_rating, fei, team_rankings, predictiontracker; total from fei"
2026-09-07T23:30:00.000Z,1,SMU,Florida State,Doak Campbell Stadium,no,67277,4.1,ESE,84.7,31,764.5,800.2,3,52.5,-2.386323549933244,57.56,home,low,over,medium,,0.02371214456125942,"blend of 6 margin source(s) (fitted weights): espn_fpi, sagarin_predictor, sagarin_rating, fei, team_rankings, predictiontracker; total from fei"
2026-09-11T23:30:00.000Z,2,Rutgers,Boston College,"Alumni Stadium (Chestnut Hill, MA)",no,44500,7.7,E,65.3,0,709.04,660,-3.5,55.5,1.681935079116287,60.32,away,medium,over,medium,away,-0.06737610150534235,"blend of 5 margin source(s) (fitted weights): espn_fpi, sagarin_predictor, sagarin_rating, fei, team_rankings; total from fei"
2026-09-12T00:00:00.000Z,2,Missouri,Kansas,Memorial Stadium,no,47000,13,S,91.8,11,808.36,684.51,6.5,51.5,-3.3699383428948795,57.2,home,high,over,medium,home,0.09162273448735808,"blend of 5 margin source(s) (fitted weights): espn_fpi, sagarin_predictor, sagarin_rating, fei, team_rankings; total from fei"
2026-09-12T16:00:00.000Z,2,Old Dominion,Virginia Tech,Lane Stadium,no,65632,6,SSE,79.7,15,544.25,769.12,-14.5,51.5,12.709924532474709,49.760000000000005,away,medium,under,low,,-0.0406135841842431,"blend of 5 margin source(s) (fitted weights): espn_fpi, sagarin_predictor, sagarin_rating, fei, team_rankings; total from fei"
2026-09-12T16:00:00.000Z,2,Washington State,Kansas State,Bill Snyder Family Stadium,no,50000,13.5,SE,89.3,13,630.29,718.67,-16.5,51.5,13.345481574901456,49.519999999999996,away,high,under,low,away,-0.07420737476918582,"blend of 5 margin source(s) (fitted weights): espn_fpi, sagarin_predictor, sagarin_rating, fei, team_rankings; total from fei"
2026-09-12T16:00:00.000Z,2,Oregon,Oklahoma State,Boone Pickens Stadium,no,55509,19.2,SSW,89.7,7,984.33,672.69,22.5,59.5,-20.306164972011135,53.96,home,medium,under,low,,0.021904502100353787,"blend of 5 margin source(s) (fitted weights): espn_fpi, sagarin_predictor, sagarin_rating, fei, team_rankings; total from fei; wind (19.2mph) downgraded total confidence"
2026-09-12T16:00:00.000Z,2,Arizona State,Texas A&M,Kyle Field,no,102733,13.6,SSW,86.3,6,722,933,-14.5,50.5,14.06830015382539,50.72,away,low,over,low,,-0.021277580069873236,"blend of 5 margin source(s) (fitted weights): espn_fpi, sagarin_predictor, sagarin_rating, fei, team_rankings; total from fei"
2026-09-12T16:00:00.000Z,2,Oklahoma,Michigan,Michigan Stadium,no,107601,12,SSW,77.9,8,851.14,890.02,5.5,45.5,-0.9513763702602316,49.28,home,high,over,medium,home,0.13376761151549715,"blend of 5 margin source(s) (fitted weights): espn_fpi, sagarin_predictor, sagarin_rating, fei, team_rankings; total from fei"
2026-09-12T16:00:00.000Z,2,South Florida,Army,Michie Stadium,no,38000,2.7,S,76.2,4,703.81,303.83,-1.5,52.5,2.275516514413386,53.72,home,low,over,low,,0.039182695027550785,"blend of 5 margin source(s) (fitted weights): espn_fpi, sagarin_predictor, sagarin_rating, fei, team_rankings; total from fei"
2026-09-12T16:00:00.000Z,2,Penn State,Temple,Lincoln Financial Field,no,69879,3.6,SSE,82.7,8,774.04,631.07,21.5,50.5,-20.391933379652937,55.4,home,medium,over,medium,,0.020951971611907996,"blend of 5 margin source(s) (fitted weights): espn_fpi, sagarin_predictor, sagarin_rating, fei, team_rankings; total from fei"
2026-09-12T16:00:00.000Z,2,App State,East Carolina,Dowdy-Ficklen Stadium,no,50000,8.1,E,85.2,16,621.61,623.79,-10,56.5,6.9987272775838,54.08,away,high,under,medium,away,-0.08809175651325374,"blend of 5 margin source(s) (fitted weights): espn_fpi, sagarin_predictor, sagarin_rating, fei, team_rankings; total from fei"
2026-09-12T16:00:00.000Z,2,Wake Forest,Purdue,Ross-Ade Stadium,no,57282,13.7,SSW,78.4,10,680.87,698.33,4.5,49.5,-1.4994394543465561,48.92,home,high,under,low,home,0.0791060861498693,"blend of 5 margin source(s) (fitted weights): espn_fpi, sagarin_predictor, sagarin_rating, fei, team_rankings; total from fei"
2026-09-12T16:45:00.000Z,2,Western Kentucky,Georgia,Sanford Stadium,no,92746,6.6,SSW,93.5,13,611.52,1003.67,-35.5,52.5,33.35230993639804,54.2,away,medium,over,low,,,"blend of 5 margin source(s) (fitted weights): espn_fpi, sagarin_predictor, sagarin_rating, fei, team_rankings; total from fei"
2026-09-12T19:30:00.000Z,2,Utah State,Washington,Husky Stadium,no,70138,3.1,N,68.7,5,543.98,777.63,-24.5,56.5,22.284054302007455,55.879999999999995,away,medium,under,low,,-0.007663267898914916,"blend of 5 margin source(s) (fitted weights): espn_fpi, sagarin_predictor, sagarin_rating, fei, team_rankings; total from fei"
2026-09-12T19:30:00.000Z,2,Eastern Michigan,Michigan State,Spartan Stadium,no,75005,12.5,SSW,86.6,10,580.64,685.02,-16.5,51.5,16.949100295970563,53.96,home,low,over,medium,,-0.007741045280191816,"blend of 5 margin source(s) (fitted weights): espn_fpi, sagarin_predictor, sagarin_rating, fei, team_rankings; total from fei"
2026-09-12T19:30:00.000Z,2,California,Syracuse,JMA Wireless Dome,yes,49057,,,,,751.92,745.61,1.5,52.5,4.535368728915903,48.68000000000001,home,high,under,medium,home,0.13332715365997327,"blend of 5 margin source(s) (fitted weights): espn_fpi, sagarin_predictor, sagarin_rating, fei, team_rankings; total from fei"
2026-09-12T19:30:00.000Z,2,Maryland,UConn,Pratt & Whitney Stadium,no,40000,3.8,SW,80.3,4,719.64,652.56,12.5,53.5,-7.900546539097712,52.4,home,high,under,low,home,0.08223468922810406,"blend of 5 margin source(s) (fitted weights): espn_fpi, sagarin_predictor, sagarin_rating, fei, team_rankings; total from fei"
2026-09-12T19:30:00.000Z,2,Duke,Illinois,"Memorial Stadium (Champaign, IL)",no,60670,11,SSW,88.4,7,668.47,704.01,-7.5,54.5,6.006504591012878,59.36,away,medium,over,medium,away,-0.07164965195898187,"blend of 5 margin source(s) (fitted weights): espn_fpi, sagarin_predictor, sagarin_rating, fei, team_rankings; total from fei"
2026-09-12T19:30:00.000Z,2,Alabama,Kentucky,Kroger Field,no,61000,10.6,SSW,92,14,973.53,786.65,10.5,48.5,-10.717660435636784,49.4,away,low,over,low,,0.02298081447683792,"blend of 5 margin source(s) (fitted weights): espn_fpi, sagarin_predictor, sagarin_rating, fei, team_rankings; total from fei"
2026-09-12T19:30:00.000Z,2,Mississippi State,Minnesota,Huntington Bank Stadium,no,50850,6.7,N,74.4,20,804.53,728.79,1.5,55.5,-0.3212081581981644,52.4,home,medium,under,medium,,0.024459060157182633,"blend of 5 margin source(s) (fitted weights): espn_fpi, sagarin_predictor, sagarin_rating, fei, team_rankings; total from fei"
2026-09-12T19:30:00.000Z,2,UTSA,Texas State,Bobcat Stadium (TX),no,30000,18.8,S,100.3,5,655.82,624.81,-1.5,64.5,-0.7656567990626733,59,away,medium,under,low,,-0.036447712714088976,"blend of 5 margin source(s) (fitted weights): espn_fpi, sagarin_predictor, sagarin_rating, fei, team_rankings; total from fei; wind (18.8mph) downgraded total confidence"
2026-09-12T19:30:00.000Z,2,Rice,Notre Dame,Notre Dame Stadium,no,80795,14.3,SW,86.3,8,589.89,953.03,-44.5,52.5,38.0477069543415,49.879999999999995,away,high,under,medium,,,"blend of 5 margin source(s) (fitted weights): espn_fpi, sagarin_predictor, sagarin_rating, fei, team_rankings; total from fei"
2026-09-12T19:30:00.000Z,2,Arizona,BYU,LaVell Edwards Stadium,no,63470,6.5,WNW,78.1,6,699.59,689.42,-7,51.5,7.993261096565658,53.72,home,low,over,medium,,-0.026656358044416795,"blend of 5 margin source(s) (fitted weights): espn_fpi, sagarin_predictor, sagarin_rating, fei, team_rankings; total from fei"
2026-09-12T19:30:00.000Z,2,UCF,Pittsburgh,Acrisure Stadium,no,68400,5,SSW,84.9,12,672.14,675.02,-8.5,56.5,8.01485398492633,46.16,away,low,under,high,,-0.049082378019377426,"blend of 3 margin source(s) (fitted weights): espn_fpi, fei, team_rankings; total from fei"
2026-09-12T19:30:00.000Z,2,UL Monroe,UAB,Protective Stadium,no,45000,8.8,S,86.3,27,505.49,606.18,-7.5,54.5,8.562662912216958,55.04,home,medium,over,low,,-0.009818598492008057,"blend of 5 margin source(s) (fitted weights): espn_fpi, sagarin_predictor, sagarin_rating, fei, team_rankings; total from fei"
2026-09-12T19:45:00.000Z,2,UNLV,North Texas,DATCU Stadium,no,30850,20.8,S,101.2,3,696.03,602.08,6.5,61.5,-1.5986043720115688,61.64,home,high,over,low,home,0.12385485477156832,"blend of 5 margin source(s) (fitted weights): espn_fpi, sagarin_predictor, sagarin_rating, fei, team_rankings; total from fei; high wind (20.8mph) forced total confidence to low"
2026-09-12T20:15:00.000Z,2,Delaware,Vanderbilt,FirstBank Stadium,no,40351,5.7,SSW,86.2,23,483.48,727.39,-21.5,55.5,18.496238771098977,61.16,away,high,over,medium,,-0.0362799806337174,"blend of 5 margin source(s) (fitted weights): espn_fpi, sagarin_predictor, sagarin_rating, fei, team_rankings; total from fei"
2026-09-12T22:00:00.000Z,2,Jacksonville State,Ohio,Peden Stadium,no,24000,1,SSW,85.6,13,602.83,522.84,-2.5,48.5,4.469207996654934,51.56,home,medium,over,medium,home,0.07753488325509383,"blend of 5 margin source(s) (fitted weights): espn_fpi, sagarin_predictor, sagarin_rating, fei, team_rankings; total from fei"
2026-09-12T22:00:00.000Z,2,Memphis,Boise State,Albertsons Stadium,no,36387,16,NW,79.7,6,670.31,641.17,-7.5,53.5,6.7502562973454765,52.519999999999996,away,low,under,low,away,-0.07009464222525541,"blend of 5 margin source(s) (fitted weights): espn_fpi, sagarin_predictor, sagarin_rating, fei, team_rankings; total from fei"
2026-09-12T22:00:00.000Z,2,Buffalo,Florida International,Pitbull Stadium,no,20000,12.5,ESE,88.5,47,549.31,607.56,,,2.485366470990266,44.599999999999994,,,,,,,"blend of 2 margin source(s) (fitted weights): espn_fpi, fei; total from fei"
2026-09-12T23:00:00.000Z,2,Middle Tennessee,Marshall,Joan C. Edwards Stadium,no,38016,3.5,SSE,78.5,11,571.5,594.71,-17.5,57.5,8.102878878553057,51.32,away,high,under,high,away,-0.1783704523288182,"blend of 5 margin source(s) (fitted weights): espn_fpi, sagarin_predictor, sagarin_rating, fei, team_rankings; total from fei"
2026-09-12T23:00:00.000Z,2,Tennessee,Georgia Tech,Bobby Dodd Stadium,no,55000,8.6,SW,88.9,37,885.9,751.65,13.5,55.5,-7.835614932388945,59.239999999999995,home,high,over,medium,home,0.12942281146481643,"blend of 5 margin source(s) (fitted weights): espn_fpi, sagarin_predictor, sagarin_rating, fei, team_rankings; total from fei"
2026-09-12T23:00:00.000Z,2,Tulsa,Sam Houston,Elliott T. Bowers Stadium,no,14000,13.5,SE,85.5,8,622.84,554.47,10.5,53.5,-7.648086967880304,48.8,home,medium,under,medium,home,0.0931563348306498,"blend of 5 margin source(s) (fitted weights): espn_fpi, sagarin_predictor, sagarin_rating, fei, team_rankings; total from fei"
2026-09-12T23:00:00.000Z,2,South Alabama,Tulane,Yulman Stadium,no,30000,10.1,S,90.4,59,573.38,665.11,-10,55.5,10.98300766570128,54.44,home,low,under,low,,-0.006218413031489622,"blend of 5 margin source(s) (fitted weights): espn_fpi, sagarin_predictor, sagarin_rating, fei, team_rankings; total from fei"
2026-09-12T23:00:00.000Z,2,Bowling Green,Nebraska,"Memorial Stadium (Lincoln, NE)",no,85458,19.7,NE,69.8,14,568.33,787.45,-25.5,48.5,24.45494630070164,47.36,away,medium,under,low,,-0.009464095081700874,"blend of 5 margin source(s) (fitted weights): espn_fpi, sagarin_predictor, sagarin_rating, fei, team_rankings; total from fei"
2026-09-12T23:00:00.000Z,2,Georgia State,Kennesaw State,Fifth Third Stadium,no,11040,4.1,SW,84.4,38,573.83,502.86,,,7.611386470245748,55.519999999999996,,,,,,,"blend of 5 margin source(s) (fitted weights): espn_fpi, sagarin_predictor, sagarin_rating, fei, team_rankings; total from fei"
2026-09-12T23:15:00.000Z,2,San Diego State,UCLA,Rose Bowl,no,88565,8.6,S,85.3,0,609.22,774.45,-10,48.5,7.640468813009821,48.67999999999999,away,medium,over,low,away,-0.06730520903836634,"blend of 5 margin source(s) (fitted weights): espn_fpi, sagarin_predictor, sagarin_rating, fei, team_rankings; total from fei"
2026-09-12T23:30:00.000Z,2,Louisiana Tech,LSU,Tiger Stadium (LA),no,102321,8.6,S,87.5,55,543.02,931.76,,,28.123805433621577,48.8,,,,,,,"blend of 5 margin source(s) (fitted weights): espn_fpi, sagarin_predictor, sagarin_rating, fei, team_rankings; total from fei"
2026-09-12T23:30:00.000Z,2,Iowa State,Iowa,Kinnick Stadium,no,69250,1.1,NE,69.7,16,669.55,722.73,-14.5,41.5,11.934475816177759,43.76,away,medium,over,medium,away,-0.06786241303794427,"blend of 5 margin source(s) (fitted weights): espn_fpi, sagarin_predictor, sagarin_rating, fei, team_rankings; total from fei"
2026-09-12T23:30:00.000Z,2,Ohio State,Texas,DKR-Texas Memorial Stadium,no,100119,14.5,SSE,99.4,6,964.27,985.17,-1.5,47.5,-0.7665553172615507,49.76,away,medium,over,medium,,-0.02994020109771167,"blend of 5 margin source(s) (fitted weights): espn_fpi, sagarin_predictor, sagarin_rating, fei, team_rankings; total from fei"
2026-09-12T23:30:00.000Z,2,Navy,Florida Atlantic,FAU Stadium,no,29419,8.5,ESE,86.9,53,195.68,593.36,,,-8.337871091053383,56.84,,,,,,,"blend of 5 margin source(s) (fitted weights): espn_fpi, sagarin_predictor, sagarin_rating, fei, team_rankings; total from fei"
2026-09-12T23:30:00.000Z,2,Texas Tech,Oregon State,Reser Stadium,no,43363,6.4,NNE,73.9,8,767.89,635.79,27.5,49.5,-20.51710015808459,45.68,home,high,under,medium,,0.048916442481871936,"blend of 5 margin source(s) (fitted weights): espn_fpi, sagarin_predictor, sagarin_rating, fei, team_rankings; total from fei"
2026-09-12T23:30:00.000Z,2,Georgia Southern,Clemson,"Memorial Stadium (Clemson, SC)",no,81500,4.5,N,80.4,30,634.19,862.85,-26.5,57.5,18.63156618923623,55.400000000000006,away,high,under,medium,away,-0.06837795412229575,"blend of 4 margin source(s) (fitted weights): espn_fpi, sagarin_predictor, sagarin_rating, fei; total from fei"
2026-09-12T23:45:00.000Z,2,Charlotte,Ole Miss,Vaught-Hemingway Stadium,no,64038,7.4,S,83.6,13,576.77,885.72,,,33.56201049754434,55.76,,,,,,,"blend of 4 margin source(s) (fitted weights): sagarin_predictor, sagarin_rating, fei, team_rankings; total from fei"
2026-09-12T23:45:00.000Z,2,Southern Miss,Auburn,Jordan-Hare Stadium,no,87451,6.1,WSW,79.5,32,602.63,828.19,,,22.303939823677666,,,,,,,,"blend of 4 margin source(s) (fitted weights): espn_fpi, sagarin_predictor, sagarin_rating, team_rankings"
2026-09-13T02:00:00.000Z,2,North Dakota State,Air Force,Falcon Stadium,no,46692,8.4,NNW,59.4,21,515.59,272.35,,,0.5140471023992411,60.56,,,,,,,"blend of 5 margin source(s) (fitted weights): espn_fpi, sagarin_predictor, sagarin_rating, fei, team_rankings; total from fei"
2026-09-13T02:15:00.000Z,2,Arkansas,Utah,Rice-Eccles Stadium,no,51444,7.7,NNW,71.2,8,745.48,695.72,-11.5,56.5,10.529750413229117,59.72,away,low,over,medium,away,-0.051009730988092694,"blend of 5 margin source(s) (fitted weights): espn_fpi, sagarin_predictor, sagarin_rating, fei, team_rankings; total from fei"
2026-09-13T02:30:00.000Z,2,Sacramento State,Fresno State,Valley Children's Stadium,no,41031,12.3,WNW,90.8,0,561.42,609.75,,,14.278550161100146,46.879999999999995,,,,,,,"blend of 5 margin source(s) (fitted weights): espn_fpi, sagarin_predictor, sagarin_rating, fei, team_rankings; total from fei"
2026-09-13T03:00:00.000Z,2,Louisiana,USC,Los Angeles Memorial Coliseum,no,77500,8.4,SSE,77,0,590.94,899,-28.5,63.5,24.498294878839825,62.12,away,high,under,low,,-0.02070145593403161,"blend of 5 margin source(s) (fitted weights): espn_fpi, sagarin_predictor, sagarin_rating, fei, team_rankings; total from fei"
2026-09-13T03:59:00.000Z,2,New Mexico State,Hawai'i,Clarence T.C. Ching Athletics Complex,no,15194,5.8,NE,77.6,19,460.38,556.82,-11.5,51.5,7.926279058921272,53.36,away,high,over,low,away,-0.07606367021020766,"blend of 5 margin source(s) (fitted weights): espn_fpi, sagarin_predictor, sagarin_rating, fei, team_rankings; total from fei"
2026-09-17T23:30:00.000Z,3,Syracuse,Pittsburgh,Acrisure Stadium,no,68400,4.3,NE,62.6,14,745.61,675.02,,,10.467804508318132,45.8,,,,,,,"blend of 5 margin source(s) (fitted weights): espn_fpi, sagarin_predictor, sagarin_rating, fei, team_rankings; total from fei"
2026-09-18T23:30:00.000Z,3,Miami,Wake Forest,Allegacy Federal Credit Union Stadium,no,31500,4.3,N,66.4,14,885.94,680.87,,,-15.008822747246754,48.2,,,,,,,"blend of 5 margin source(s) (fitted weights): espn_fpi, sagarin_predictor, sagarin_rating, fei, team_rankings; total from fei"
2026-09-19T00:00:00.000Z,3,Houston,Texas Tech,Jones AT&T Stadium,no,60454,10.2,SSE,82.1,6,695.93,767.89,-13.5,,13.315940386811835,47.480000000000004,away,low,,,,,"blend of 5 margin source(s) (fitted weights): espn_fpi, sagarin_predictor, sagarin_rating, fei, team_rankings; total from fei"
2026-09-19T15:30:00.000Z,3,Coastal Carolina,Delaware,Delaware Stadium,no,22000,8.8,NE,67.1,8,573.96,483.48,,,5.069979142685558,54.2,,,,,,,"blend of 5 margin source(s) (fitted weights): espn_fpi, sagarin_predictor, sagarin_rating, fei, team_rankings; total from fei"
2026-09-19T16:00:00.000Z,3,Kent State,Ohio State,Ohio Stadium,no,102780,6.5,NE,69.9,19,522.83,964.27,,,49.114876853496895,55.040000000000006,,,,,,,"blend of 5 margin source(s) (fitted weights): espn_fpi, sagarin_predictor, sagarin_rating, fei, team_rankings; total from fei"
2026-09-19T16:00:00.000Z,3,Akron,Minnesota,Huntington Bank Stadium,no,50850,11.6,S,70.5,17,546.84,728.79,,,22.105819957795298,49.879999999999995,,,,,,,"blend of 5 margin source(s) (fitted weights): espn_fpi, sagarin_predictor, sagarin_rating, fei, team_rankings; total from fei"
2026-09-19T16:00:00.000Z,3,North Texas,Texas State,Bobcat Stadium (TX),no,30000,10.1,NE,81.8,7,602.08,624.81,,,1.476144586278958,63.56,,,,,,,"blend of 5 margin source(s) (fitted weights): espn_fpi, sagarin_predictor, sagarin_rating, fei, team_rankings; total from fei"
2026-09-19T16:00:00.000Z,3,Tulane,Kansas State,Bill Snyder Family Stadium,no,50000,14.3,SSE,77.7,18,665.11,718.67,,,11.703590198285088,52.04,,,,,,,"blend of 5 margin source(s) (fitted weights): espn_fpi, sagarin_predictor, sagarin_rating, fei, team_rankings; total from fei"
2026-09-19T16:00:00.000Z,3,Georgia,Arkansas,Razorback Stadium,no,80000,4.9,ENE,72.4,14,1003.67,745.48,,,-16.035751673480057,59.480000000000004,,,,,,,"blend of 5 margin source(s) (fitted weights): espn_fpi, sagarin_predictor, sagarin_rating, fei, team_rankings; total from fei"
2026-09-19T16:00:00.000Z,3,Bowling Green,Iowa State,Jack Trice Stadium,no,61500,13.8,S,68,20,568.33,669.55,,,17.43083279297619,46.040000000000006,,,,,,,"blend of 5 margin source(s) (fitted weights): espn_fpi, sagarin_predictor, sagarin_rating, fei, team_rankings; total from fei"
2026-09-19T16:00:00.000Z,3,Buffalo,Penn State,Beaver Stadium,no,106572,5.9,NE,61.9,5,549.31,774.04,,,29.816114991289258,47.36,,,,,,,"blend of 5 margin source(s) (fitted weights): espn_fpi, sagarin_predictor, sagarin_rating, fei, team_rankings; total from fei"
2026-09-19T16:00:00.000Z,3,North Carolina,Clemson,"Memorial Stadium (Clemson, SC)",no,81500,10.4,ENE,76.9,14,767.89,862.85,,,6.363660581416886,48.68,,,,,,,"blend of 5 margin source(s) (fitted weights): espn_fpi, sagarin_predictor, sagarin_rating, fei, team_rankings; total from fei"
2026-09-19T16:00:00.000Z,3,Arizona State,Kansas,Wembley Stadium,no,90000,6.7,SW,78.2,17,722,684.51,,,0.030508422043194705,58.28,,,,,,,"blend of 5 margin source(s) (fitted weights): espn_fpi, sagarin_predictor, sagarin_rating, fei, team_rankings; total from fei"
2026-09-19T16:30:00.000Z,3,Eastern Michigan,Wisconsin,Camp Randall Stadium,no,80321,6.4,SSE,67.3,18,580.64,767.68,,,21.474903162860066,47.72,,,,,,,"blend of 5 margin source(s) (fitted weights): espn_fpi, sagarin_predictor, sagarin_rating, fei, team_rankings; total from fei"
2026-09-19T16:45:00.000Z,3,NC State,Vanderbilt,FirstBank Stadium,no,40351,3.2,ENE,78.5,30,757.14,727.39,,,10.516169134696057,59.84,,,,,,,"blend of 5 margin source(s) (fitted weights): espn_fpi, sagarin_predictor, sagarin_rating, fei, team_rankings; total from fei"
2026-09-19T17:00:00.000Z,3,Wyoming,Central Michigan,Kelly/Shorts Stadium,no,30255,5.6,ESE,64.4,17,528.29,540.01,,,2.2798574034091876,45.32,,,,,,,"blend of 5 margin source(s) (fitted weights): espn_fpi, sagarin_predictor, sagarin_rating, fei, team_rankings; total from fei"
2026-09-19T19:00:00.000Z,3,Temple,Toledo,Glass Bowl,no,26038,7.2,E,72.2,18,631.07,556.26,,,6.6699377324011,52.64,,,,,,,"blend of 5 margin source(s) (fitted weights): espn_fpi, sagarin_predictor, sagarin_rating, fei, team_rankings; total from fei"
2026-09-19T19:30:00.000Z,3,Florida State,Alabama,Bryant-Denny Stadium,no,101821,6.6,E,85.6,31,800.2,973.53,-15.5,52.5,15.332590510337539,57.32,away,low,over,medium,,0.008705929032294168,"blend of 5 margin source(s) (fitted weights): espn_fpi, sagarin_predictor, sagarin_rating, fei, team_rankings; total from fei"
2026-09-19T19:30:00.000Z,3,SMU,Louisville,L&N Federal Credit Union Stadium,no,60000,6.4,ENE,79.8,22,764.5,739.97,-1.5,56.5,1.4061808662811461,50.6,away,low,under,medium,,0.024182306432846246,"blend of 5 margin source(s) (fitted weights): espn_fpi, sagarin_predictor, sagarin_rating, fei, team_rankings; total from fei"
2026-09-19T19:30:00.000Z,3,USC,Rutgers,SHI Stadium,no,52454,8.1,ENE,64.4,15,899,709.04,,,-14.724617817335279,68,,,,,,,"blend of 5 margin source(s) (fitted weights): espn_fpi, sagarin_predictor, sagarin_rating, fei, team_rankings; total from fei"
2026-09-19T19:30:00.000Z,3,Miami (OH),Cincinnati,TQL Stadium,no,26000,8.5,ENE,78.7,18,621.37,634.28,,,16.385718252516437,53.599999999999994,,,,,,,"blend of 5 margin source(s) (fitted weights): espn_fpi, sagarin_predictor, sagarin_rating, fei, team_rankings; total from fei"
2026-09-19T19:30:00.000Z,3,Utah State,Utah,Rice-Eccles Stadium,no,51444,3.6,NW,87.1,19,543.98,695.72,,,22.405915146864874,56.36,,,,,,,"blend of 5 margin source(s) (fitted weights): espn_fpi, sagarin_predictor, sagarin_rating, fei, team_rankings; total from fei"
2026-09-19T19:30:00.000Z,3,Kentucky,Texas A&M,Kyle Field,no,102733,10.7,NE,84,8,786.65,933,,,14.558867518563503,47.72,,,,,,,"blend of 5 margin source(s) (fitted weights): espn_fpi, sagarin_predictor, sagarin_rating, fei, team_rankings; total from fei"
2026-09-19T19:30:00.000Z,3,UTEP,Michigan,Michigan Stadium,no,107601,4.1,ESE,72,20,585.76,890.02,,,32.23351825246484,50.6,,,,,,,"blend of 5 margin source(s) (fitted weights): espn_fpi, sagarin_predictor, sagarin_rating, fei, team_rankings; total from fei"
2026-09-19T20:00:00.000Z,3,Louisiana Tech,Baylor,McLane Stadium,no,45140,10.2,NE,89.7,3,543.02,723.28,,,15.091342777101818,53.84,,,,,,,"blend of 5 margin source(s) (fitted weights): espn_fpi, sagarin_predictor, sagarin_rating, fei, team_rankings; total from fei"
2026-09-19T20:00:00.000Z,3,Western Kentucky,Indiana,"Memorial Stadium (Bloomington, IN)",no,52656,9.2,E,76.9,20,611.52,735.26,,,33.144706780116366,52.04,,,,,,,"blend of 5 margin source(s) (fitted weights): espn_fpi, sagarin_predictor, sagarin_rating, fei, team_rankings; total from fei"
2026-09-19T20:00:00.000Z,3,Ball State,Liberty,Williams Stadium (VA),no,25000,9.1,ENE,76,15,563.88,633.35,,,12.870019908746919,53,,,,,,,"blend of 5 margin source(s) (fitted weights): espn_fpi, sagarin_predictor, sagarin_rating, fei, team_rankings; total from fei"
2026-09-19T20:00:00.000Z,3,Stanford,Duke,Wallace Wade Stadium,no,40004,9.3,NE,78.9,15,705.81,668.47,,,9.448627561493634,55.28,,,,,,,"blend of 5 margin source(s) (fitted weights): espn_fpi, sagarin_predictor, sagarin_rating, fei, team_rankings; total from fei"
2026-09-19T20:15:00.000Z,3,Mississippi State,South Carolina,Williams-Brice Stadium,no,80250,13.2,NE,82.4,15,804.53,862.87,,,7.789154649045134,49.16,,,,,,,"blend of 5 margin source(s) (fitted weights): espn_fpi, sagarin_predictor, sagarin_rating, fei, team_rankings; total from fei"
2026-09-19T22:00:00.000Z,3,East Carolina,Old Dominion,S.B. Ballard Stadium,no,20118,14.4,NE,72.2,18,623.79,544.25,,,1.0225664189307504,47.36,,,,,,,"blend of 5 margin source(s) (fitted weights): espn_fpi, sagarin_predictor, sagarin_rating, fei, team_rankings; total from fei"
2026-09-19T22:00:00.000Z,3,Charlotte,App State,Kidd Brewer Stadium,no,30000,3,ESE,61.1,26,576.77,621.61,,,10.150966238056775,53.599999999999994,,,,,,,"blend of 4 margin source(s) (fitted weights): sagarin_predictor, sagarin_rating, fei, team_rankings; total from fei"
2026-09-19T22:00:00.000Z,3,Florida International,Florida Atlantic,FAU Stadium,no,29419,11.6,E,87.9,55,607.56,593.36,,,1.4804246260591143,52.4,,,,,,,"blend of 2 margin source(s) (fitted weights): espn_fpi, fei; total from fei"
2026-09-19T22:30:00.000Z,3,Marshall,Missouri State,Plaster Sports Complex,no,17337,5,ESE,77.6,14,594.71,549.92,,,-1.5211429503229095,54.8,,,,,,,"blend of 5 margin source(s) (fitted weights): espn_fpi, sagarin_predictor, sagarin_rating, fei, team_rankings; total from fei"
2026-09-19T23:00:00.000Z,3,Nevada,Middle Tennessee,"Johnny ""Red"" Floyd Stadium",no,30788,2.3,ESE,75.8,18,549.99,571.5,,,-5.306630731524038,50.480000000000004,,,,,,,"blend of 5 margin source(s) (fitted weights): espn_fpi, sagarin_predictor, sagarin_rating, fei, team_rankings; total from fei"
2026-09-19T23:00:00.000Z,3,Ohio,South Alabama,Hancock Whitney Stadium,no,25450,2.1,WNW,77.2,30,522.84,573.38,,,2.0390744938185765,55.64,,,,,,,"blend of 5 margin source(s) (fitted weights): espn_fpi, sagarin_predictor, sagarin_rating, fei, team_rankings; total from fei"
2026-09-19T23:00:00.000Z,3,Western Michigan,Rice,Rice Stadium,no,47000,6.7,NE,84.8,21,572.2,589.89,,,-6.297963122532406,47,,,,,,,"blend of 5 margin source(s) (fitted weights): espn_fpi, sagarin_predictor, sagarin_rating, fei, team_rankings; total from fei"
2026-09-19T23:00:00.000Z,3,Florida,Auburn,Jordan-Hare Stadium,no,87451,7,ENE,76,16,891.07,828.19,1.5,53.5,0.6547376778533415,47.36,home,medium,under,high,,0.02065042050099708,"blend of 5 margin source(s) (fitted weights): espn_fpi, sagarin_predictor, sagarin_rating, fei, team_rankings; total from fei"
2026-09-19T23:00:00.000Z,3,Georgia State,UCF,FBC Mortgage Stadium,no,44206,9.8,NE,80.6,30,573.83,672.14,,,16.669324682539663,52.16,,,,,,,"blend of 3 margin source(s) (fitted weights): espn_fpi, fei, team_rankings; total from fei"
2026-09-19T23:00:00.000Z,3,Troy,Missouri,Memorial Stadium,no,71168,6.9,ESE,71.6,19,596.19,808.36,,,19.14325254477579,45.67999999999999,,,,,,,"blend of 4 margin source(s) (fitted weights): sagarin_predictor, sagarin_rating, fei, team_rankings; total from fei"
2026-09-19T23:00:00.000Z,3,UConn,Southern Miss,M. M. Roberts Stadium,no,36000,5.4,ESE,80.4,35,652.56,602.63,,,3.8353729771276006,,,,,,,,"blend of 4 margin source(s) (fitted weights): espn_fpi, sagarin_predictor, sagarin_rating, team_rankings"
2026-09-19T23:00:00.000Z,3,Georgia Southern,Jacksonville State,AmFirst Stadium,no,24000,4.8,ENE,76.3,29,634.19,602.83,,,1.0413423543201978,57.08,,,,,,,"blend of 4 margin source(s) (fitted weights): espn_fpi, sagarin_predictor, sagarin_rating, fei; total from fei"
2026-09-19T23:30:00.000Z,3,West Virginia,Virginia,Bank of America Stadium,no,73778,7,NE,72.8,16,707.6,700.18,,,11.612253414325895,49.64,,,,,,,"blend of 5 margin source(s) (fitted weights): espn_fpi, sagarin_predictor, sagarin_rating, fei, team_rankings; total from fei"
2026-09-19T23:30:00.000Z,3,Michigan State,Notre Dame,Notre Dame Stadium,no,80795,7.5,SSE,67.1,23,685.02,953.03,,,24.922442196582686,52.64,,,,,,,"blend of 5 margin source(s) (fitted weights): espn_fpi, sagarin_predictor, sagarin_rating, fei, team_rankings; total from fei"
2026-09-19T23:30:00.000Z,3,New Mexico,Oklahoma,"Memorial Stadium (Norman, OK)",no,86112,8.9,SE,82.4,12,568.19,851.14,,,21.26466293820994,47.120000000000005,,,,,,,"blend of 5 margin source(s) (fitted weights): espn_fpi, sagarin_predictor, sagarin_rating, fei, team_rankings; total from fei"
2026-09-19T23:30:00.000Z,3,Virginia Tech,Maryland,SECU Stadium,no,51802,7.5,E,69.3,5,769.12,719.64,,,-0.45278916426029114,50.84,,,,,,,"blend of 5 margin source(s) (fitted weights): espn_fpi, sagarin_predictor, sagarin_rating, fei, team_rankings; total from fei"
2026-09-19T23:30:00.000Z,3,BYU,Colorado State,Canvas Stadium,no,36500,6.7,ENE,89.8,11,689.42,640.31,,,-18.226978456998566,54.32,,,,,,,"blend of 5 margin source(s) (fitted weights): espn_fpi, sagarin_predictor, sagarin_rating, fei, team_rankings; total from fei"
2026-09-19T23:30:00.000Z,3,LSU,Ole Miss,Vaught-Hemingway Stadium,no,64038,3.5,ESE,76.5,19,931.76,885.72,-1.5,57.5,-0.44035301298256424,55.400000000000006,away,medium,under,medium,away,-0.05372191793641068,"blend of 5 margin source(s) (fitted weights): espn_fpi, sagarin_predictor, sagarin_rating, fei, team_rankings; total from fei"
2026-09-19T23:30:00.000Z,3,Colorado,Northwestern,Lanny and Sharon Martin Stadium,no,12023,8.6,ESE,70.7,14,731.62,688.32,,,3.370177491798116,48.92,,,,,,,"blend of 5 margin source(s) (fitted weights): espn_fpi, sagarin_predictor, sagarin_rating, fei, team_rankings; total from fei"
2026-09-19T23:45:00.000Z,3,Kennesaw State,Tennessee,Neyland Stadium,no,102455,2.4,NE,76.4,25,502.86,885.9,,,24.189591423620076,57.08,,,,,,,"blend of 5 margin source(s) (fitted weights): espn_fpi, sagarin_predictor, sagarin_rating, fei, team_rankings; total from fei"
2026-09-20T00:00:00.000Z,3,Arkansas State,TCU,Amon G. Carter Stadium,no,46000,5.6,ENE,85.3,6,606.22,730.79,,,17.23396050034337,50.24,,,,,,,"blend of 5 margin source(s) (fitted weights): espn_fpi, sagarin_predictor, sagarin_rating, fei, team_rankings; total from fei"
2026-09-20T00:00:00.000Z,3,UAB,Louisiana,Cajun Field,no,41426,7.7,SE,77.3,45,606.18,590.94,,,8.459984193310078,56.24,,,,,,,"blend of 5 margin source(s) (fitted weights): espn_fpi, sagarin_predictor, sagarin_rating, fei, team_rankings; total from fei"
2026-09-20T00:00:00.000Z,3,UTSA,Texas,DKR-Texas Memorial Stadium,no,100119,9.4,ENE,87.6,6,655.82,985.17,,,28.58845544210401,52.519999999999996,,,,,,,"blend of 5 margin source(s) (fitted weights): espn_fpi, sagarin_predictor, sagarin_rating, fei, team_rankings; total from fei"
2026-09-20T02:00:00.000Z,3,James Madison,San Diego State,Snapdragon Stadium,no,35000,7.2,W,83.8,3,588.31,609.22,,,3.070480047703852,45.56,,,,,,,"blend of 5 margin source(s) (fitted weights): espn_fpi, sagarin_predictor, sagarin_rating, fei, team_rankings; total from fei"
2026-09-20T02:30:00.000Z,3,North Dakota State,Sacramento State,Hornet Stadium,no,21195,4.6,SW,90,0,515.59,561.42,,,-11.52969089094038,52.76,,,,,,,"blend of 5 margin source(s) (fitted weights): espn_fpi, sagarin_predictor, sagarin_rating, fei, team_rankings; total from fei"
2026-09-20T02:30:00.000Z,3,Northern Illinois,Arizona,Arizona Stadium,no,50782,6,ENE,96,6,536.58,699.59,,,24.21172994141939,51.08,,,,,,,"blend of 5 margin source(s) (fitted weights): espn_fpi, sagarin_predictor, sagarin_rating, fei, team_rankings; total from fei"
2026-09-20T03:00:00.000Z,3,Purdue,UCLA,Rose Bowl,no,88565,3.4,S,85.2,6,698.33,774.45,,,7.856558268783892,54.2,,,,,,,"blend of 5 margin source(s) (fitted weights): espn_fpi, sagarin_predictor, sagarin_rating, fei, team_rankings; total from fei"
2026-09-20T03:00:00.000Z,3,Fresno State,San José State,CEFCU Stadium,no,30456,5,NNW,76.2,3,609.75,569.25,,,-0.8481575503215866,48.32,,,,,,,"blend of 5 margin source(s) (fitted weights): espn_fpi, sagarin_predictor, sagarin_rating, fei, team_rankings; total from fei"
2026-09-24T23:30:00.000Z,4,Liberty,Coastal Carolina,Brooks Stadium (SC),no,21000,,,,,633.35,573.96,,,-0.5947235072695464,55.400000000000006,,,,,,,"blend of 5 margin source(s) (fitted weights): espn_fpi, sagarin_predictor, sagarin_rating, fei, team_rankings; total from fei"
2026-09-25T20:00:00.000Z,4,Army,Temple,Lincoln Financial Field,no,69879,,,,,303.83,631.07,,,-3.6228539459056996,55.16,,,,,,,"blend of 5 margin source(s) (fitted weights): espn_fpi, sagarin_predictor, sagarin_rating, fei, team_rankings; total from fei"
2026-09-25T23:00:00.000Z,4,Navy,UAB,Protective Stadium,no,45000,,,,,195.68,606.18,,,-9.787204738132758,57.8,,,,,,,"blend of 5 margin source(s) (fitted weights): espn_fpi, sagarin_predictor, sagarin_rating, fei, team_rankings; total from fei"
2026-09-26T00:00:00.000Z,4,Northwestern,Indiana,"Memorial Stadium (Bloomington, IN)",no,52656,,,,,688.32,735.26,,,21.367287237844934,49.400000000000006,,,,,,,"blend of 5 margin source(s) (fitted weights): espn_fpi, sagarin_predictor, sagarin_rating, fei, team_rankings; total from fei"
2026-09-26T02:30:00.000Z,4,Clemson,California,California Memorial Stadium,no,62467,,,,,862.85,751.92,,,-5.491057792512932,48.08,,,,,,,"blend of 5 margin source(s) (fitted weights): espn_fpi, sagarin_predictor, sagarin_rating, fei, team_rankings; total from fei"
2026-09-26T04:00:00.000Z,4,Southern Miss,Tulane,Yulman Stadium,no,30000,,,,,602.63,665.11,,,8.583695319723837,,,,,,,,"blend of 4 margin source(s) (fitted weights): espn_fpi, sagarin_predictor, sagarin_rating, team_rankings"
2026-09-26T04:00:00.000Z,4,Minnesota,Washington,Husky Stadium,no,70138,,,,,728.79,777.63,,,9.867729833078833,52.879999999999995,,,,,,,"blend of 5 margin source(s) (fitted weights): espn_fpi, sagarin_predictor, sagarin_rating, fei, team_rankings; total from fei"
2026-09-26T04:00:00.000Z,4,Missouri,Mississippi State,Davis Wade Stadium,no,61337,,,,,808.36,804.53,,,-0.46362576786996024,51.56,,,,,,,"blend of 5 margin source(s) (fitted weights): espn_fpi, sagarin_predictor, sagarin_rating, fei, team_rankings; total from fei"
2026-09-26T04:00:00.000Z,4,Ball State,Kent State,Dix Stadium,no,25319,,,,,563.88,522.83,,,0.30929857501732483,53.239999999999995,,,,,,,"blend of 5 margin source(s) (fitted weights): espn_fpi, sagarin_predictor, sagarin_rating, fei, team_rankings; total from fei"
2026-09-26T04:00:00.000Z,4,Massachusetts,Sacramento State,Hornet Stadium,no,21195,,,,,525.94,561.42,,,2.1969465750883073,53.84,,,,,,,"blend of 5 margin source(s) (fitted weights): espn_fpi, sagarin_predictor, sagarin_rating, fei, team_rankings; total from fei"
2026-09-26T04:00:00.000Z,4,Notre Dame,Purdue,Ross-Ade Stadium,no,57282,,,,,953.03,698.33,,,-21.60958959914713,52.400000000000006,,,,,,,"blend of 5 margin source(s) (fitted weights): espn_fpi, sagarin_predictor, sagarin_rating, fei, team_rankings; total from fei"
2026-09-26T04:00:00.000Z,4,Delaware,Virginia,Scott Stadium,no,61500,,,,,483.48,700.18,,,19.7262131875092,52.16,,,,,,,"blend of 5 margin source(s) (fitted weights): espn_fpi, sagarin_predictor, sagarin_rating, fei, team_rankings; total from fei"
2026-09-26T04:00:00.000Z,4,Oklahoma State,West Virginia,Milan Puskar Stadium,no,60000,,,,,672.69,707.6,,,3.4660611984447933,50.120000000000005,,,,,,,"blend of 5 margin source(s) (fitted weights): espn_fpi, sagarin_predictor, sagarin_rating, fei, team_rankings; total from fei"
2026-09-26T04:00:00.000Z,4,Louisiana,Charlotte,Jerry Richardson Stadium,no,15300,,,,,590.94,576.77,,,-5.791395444260963,51.32,,,,,,,"blend of 4 margin source(s) (fitted weights): sagarin_predictor, sagarin_rating, fei, team_rankings; total from fei"
2026-09-26T04:00:00.000Z,4,Iowa,Michigan,Michigan Stadium,no,107601,,,,,722.73,890.02,,,4.973459138722929,46.28,,,,,,,"blend of 5 margin source(s) (fitted weights): espn_fpi, sagarin_predictor, sagarin_rating, fei, team_rankings; total from fei"
2026-09-26T04:00:00.000Z,4,Missouri State,SMU,Gerald J. Ford Stadium,no,32000,,,,,549.92,764.5,,,26.297657312907685,57.56,,,,,,,"blend of 5 margin source(s) (fitted weights): espn_fpi, sagarin_predictor, sagarin_rating, fei, team_rankings; total from fei"
2026-09-26T04:00:00.000Z,4,Boise State,Western Michigan,Waldo Stadium,no,30200,,,,,641.17,572.2,,,-5.392876259781042,48.32,,,,,,,"blend of 5 margin source(s) (fitted weights): espn_fpi, sagarin_predictor, sagarin_rating, fei, team_rankings; total from fei"
2026-09-26T04:00:00.000Z,4,UNLV,Akron,InfoCision Stadium,no,30000,,,,,696.03,546.84,,,-12.355749305551619,53.36,,,,,,,"blend of 5 margin source(s) (fitted weights): espn_fpi, sagarin_predictor, sagarin_rating, fei, team_rankings; total from fei"
2026-09-26T04:00:00.000Z,4,South Carolina,Alabama,Bryant-Denny Stadium,no,101821,,,,,862.87,973.53,,,9.878502293946084,48.92,,,,,,,"blend of 5 margin source(s) (fitted weights): espn_fpi, sagarin_predictor, sagarin_rating, fei, team_rankings; total from fei"
2026-09-26T04:00:00.000Z,4,San Diego State,Toledo,Glass Bowl,no,26038,,,,,609.22,556.26,,,-0.889149643655607,44.599999999999994,,,,,,,"blend of 5 margin source(s) (fitted weights): espn_fpi, sagarin_predictor, sagarin_rating, fei, team_rankings; total from fei"
2026-09-26T04:00:00.000Z,4,Texas A&M,LSU,Tiger Stadium (LA),no,102321,,,,,933,931.76,-3,56.5,2.873500717404634,49.519999999999996,away,low,under,high,,-0.011728387821083097,"blend of 5 margin source(s) (fitted weights): espn_fpi, sagarin_predictor, sagarin_rating, fei, team_rankings; total from fei"
2026-09-26T04:00:00.000Z,4,Kansas State,Cincinnati,Nippert Stadium,no,40000,,,,,718.67,634.28,,,-1.6392954284284458,56.599999999999994,,,,,,,"blend of 5 margin source(s) (fitted weights): espn_fpi, sagarin_predictor, sagarin_rating, fei, team_rankings; total from fei"
2026-09-26T04:00:00.000Z,4,TCU,UCF,FBC Mortgage Stadium,no,44206,,,,,730.79,672.14,,,1.637533444706463,49.04,,,,,,,"blend of 3 margin source(s) (fitted weights): espn_fpi, fei, team_rankings; total from fei"
2026-09-26T04:00:00.000Z,4,Illinois,Ohio State,Ohio Stadium,no,102780,,,,,704.01,964.27,,,22.466425477931438,54.08,,,,,,,"blend of 5 margin source(s) (fitted weights): espn_fpi, sagarin_predictor, sagarin_rating, fei, team_rankings; total from fei"
2026-09-26T04:00:00.000Z,4,Air Force,Nevada,Mackay Stadium,no,27000,,,,,272.35,549.99,,,0.6017749427953962,57.2,,,,,,,"blend of 5 margin source(s) (fitted weights): espn_fpi, sagarin_predictor, sagarin_rating, fei, team_rankings; total from fei"
2026-09-26T04:00:00.000Z,4,Virginia Tech,Boston College,"Alumni Stadium (Chestnut Hill, MA)",no,44500,,,,,769.12,660,,,-6.920166832104394,55.28,,,,,,,"blend of 5 margin source(s) (fitted weights): espn_fpi, sagarin_predictor, sagarin_rating, fei, team_rankings; total from fei"
2026-09-26T04:00:00.000Z,4,Vanderbilt,Auburn,Jordan-Hare Stadium,no,87451,,,,,727.39,828.19,,,4.577796156291794,55.76,,,,,,,"blend of 5 margin source(s) (fitted weights): espn_fpi, sagarin_predictor, sagarin_rating, fei, team_rankings; total from fei"
2026-09-26T04:00:00.000Z,4,Sam Houston,Texas Tech,Jones AT&T Stadium,no,60454,,,,,554.47,767.89,,,35.333990544264246,44.12,,,,,,,"blend of 5 margin source(s) (fitted weights): espn_fpi, sagarin_predictor, sagarin_rating, fei, team_rankings; total from fei"
2026-09-26T04:00:00.000Z,4,Northern Illinois,Georgia State,Center Parc Stadium,no,25000,,,,,536.58,573.83,,,4.977841248464993,53.36,,,,,,,"blend of 5 margin source(s) (fitted weights): espn_fpi, sagarin_predictor, sagarin_rating, fei, team_rankings; total from fei"
2026-09-26T04:00:00.000Z,4,Oregon,USC,Los Angeles Memorial Coliseum,no,77500,,,,,984.33,899,5.5,58.5,-5.1181410263959615,64.75999999999999,home,low,over,high,,0.049559519921723805,"blend of 5 margin source(s) (fitted weights): espn_fpi, sagarin_predictor, sagarin_rating, fei, team_rankings; total from fei"
2026-09-26T04:00:00.000Z,4,App State,NC State,Carter-Finley Stadium,no,58000,,,,,621.61,757.14,,,9.809188816572757,55.64,,,,,,,"blend of 5 margin source(s) (fitted weights): espn_fpi, sagarin_predictor, sagarin_rating, fei, team_rankings; total from fei"
2026-09-26T04:00:00.000Z,4,Oklahoma,Georgia,Sanford Stadium,no,92746,,,,,851.14,1003.67,-10,52.5,7.978745935495056,49.519999999999996,away,medium,under,medium,away,-0.07490747391364538,"blend of 5 margin source(s) (fitted weights): espn_fpi, sagarin_predictor, sagarin_rating, fei, team_rankings; total from fei"
2026-09-26T04:00:00.000Z,4,Houston,Georgia Southern,Allen E. Paulson Stadium,no,25000,,,,,695.93,634.19,,,-11.812728067483935,59.96,,,,,,,"blend of 4 margin source(s) (fitted weights): espn_fpi, sagarin_predictor, sagarin_rating, fei; total from fei"
2026-09-26T04:00:00.000Z,4,Ole Miss,Florida,Ben Hill Griffin Stadium,no,88548,,,,,885.72,891.07,,,-0.7029543164492544,55.879999999999995,,,,,,,"blend of 5 margin source(s) (fitted weights): espn_fpi, sagarin_predictor, sagarin_rating, fei, team_rankings; total from fei"
2026-09-26T04:00:00.000Z,4,UConn,Miami (OH),Yager Stadium,no,24286,,,,,652.56,621.37,,,0.791804407925712,52.400000000000006,,,,,,,"blend of 5 margin source(s) (fitted weights): espn_fpi, sagarin_predictor, sagarin_rating, fei, team_rankings; total from fei"
2026-09-26T04:00:00.000Z,4,South Florida,Bowling Green,Doyt L. Perry Stadium,no,24000,,,,,703.81,568.33,,,-9.284039591645751,48.32,,,,,,,"blend of 5 margin source(s) (fitted weights): espn_fpi, sagarin_predictor, sagarin_rating, fei, team_rankings; total from fei"
2026-09-26T04:00:00.000Z,4,Wake Forest,Louisville,L&N Federal Credit Union Stadium,no,60000,,,,,680.87,739.97,,,8.008179929366232,46.04,,,,,,,"blend of 5 margin source(s) (fitted weights): espn_fpi, sagarin_predictor, sagarin_rating, fei, team_rankings; total from fei"
2026-09-26T04:00:00.000Z,4,James Madison,Old Dominion,S.B. Ballard Stadium,no,20118,,,,,588.31,544.25,,,-0.6679844897766123,47,,,,,,,"blend of 5 margin source(s) (fitted weights): espn_fpi, sagarin_predictor, sagarin_rating, fei, team_rankings; total from fei"
2026-09-26T04:00:00.000Z,4,Nebraska,Michigan State,Spartan Stadium,no,75005,,,,,787.45,685.02,,,-4.705060165830626,53,,,,,,,"blend of 5 margin source(s) (fitted weights): espn_fpi, sagarin_predictor, sagarin_rating, fei, team_rankings; total from fei"
2026-09-26T04:00:00.000Z,4,Florida Atlantic,UL Monroe,Malone Stadium,no,27617,,,,,593.36,505.49,,,-4.823304124716001,54.08,,,,,,,"blend of 5 margin source(s) (fitted weights): espn_fpi, sagarin_predictor, sagarin_rating, fei, team_rankings; total from fei"
2026-09-26T04:00:00.000Z,4,Utah,Iowa State,Jack Trice Stadium,no,61500,,,,,695.72,669.55,,,-7.360324913954207,53.24,,,,,,,"blend of 5 margin source(s) (fitted weights): espn_fpi, sagarin_predictor, sagarin_rating, fei, team_rankings; total from fei"
2026-09-26T04:00:00.000Z,4,Wisconsin,Penn State,Beaver Stadium,no,106572,,,,,767.68,774.04,,,11.835985189916364,46.879999999999995,,,,,,,"blend of 5 margin source(s) (fitted weights): espn_fpi, sagarin_predictor, sagarin_rating, fei, team_rankings; total from fei"
2026-09-26T04:00:00.000Z,4,UCLA,Maryland,SECU Stadium,no,51802,,,,,774.45,719.64,,,0.8782020177241335,51.2,,,,,,,"blend of 5 margin source(s) (fitted weights): espn_fpi, sagarin_predictor, sagarin_rating, fei, team_rankings; total from fei"
2026-09-26T04:00:00.000Z,4,Colorado,Baylor,McLane Stadium,no,45140,,,,,731.62,723.28,,,5.554508888997518,54.56,,,,,,,"blend of 5 margin source(s) (fitted weights): espn_fpi, sagarin_predictor, sagarin_rating, fei, team_rankings; total from fei"
2026-09-26T04:00:00.000Z,4,Colorado State,UTSA,Alamodome,yes,36582,,,,,640.31,655.82,,,8.73289246543553,54.92,,,,,,,"blend of 5 margin source(s) (fitted weights): espn_fpi, sagarin_predictor, sagarin_rating, fei, team_rankings; total from fei"
2026-09-26T16:00:00.000Z,4,Texas,Tennessee,Neyland Stadium,no,102455,,,,,985.17,885.9,6.5,56.5,-6.737502694324712,53.959999999999994,away,low,under,medium,,0.037005365575692784,"blend of 5 margin source(s) (fitted weights): espn_fpi, sagarin_predictor, sagarin_rating, fei, team_rankings; total from fei"
2026-09-26T16:45:00.000Z,4,South Alabama,Kentucky,Kroger Field,no,61000,,,,,573.38,786.65,,,17.611676293686617,51.2,,,,,,,"blend of 5 margin source(s) (fitted weights): espn_fpi, sagarin_predictor, sagarin_rating, fei, team_rankings; total from fei"
2026-09-26T19:00:00.000Z,4,Hawai'i,Wyoming,War Memorial Stadium,no,29181,,,,,556.82,528.29,,,-3.660713042353951,48.44,,,,,,,"blend of 5 margin source(s) (fitted weights): espn_fpi, sagarin_predictor, sagarin_rating, fei, team_rankings; total from fei"
2026-09-26T19:30:00.000Z,4,New Mexico,New Mexico State,Aggie Memorial Stadium,no,28853,,,,,568.19,460.38,,,-7.575433456434284,51.44,,,,,,,"blend of 5 margin source(s) (fitted weights): espn_fpi, sagarin_predictor, sagarin_rating, fei, team_rankings; total from fei"
2026-09-26T22:30:00.000Z,4,Central Michigan,Miami,Hard Rock Stadium,no,64767,,,,,540.01,885.94,,,36.952914659591144,49.88,,,,,,,"blend of 5 margin source(s) (fitted weights): espn_fpi, sagarin_predictor, sagarin_rating, fei, team_rankings; total from fei"
2026-09-26T23:00:00.000Z,4,Kennesaw State,Arkansas State,Centennial Bank Stadium,no,30382,,,,,502.86,606.22,,,-0.33711542232010105,52.400000000000006,,,,,,,"blend of 5 margin source(s) (fitted weights): espn_fpi, sagarin_predictor, sagarin_rating, fei, team_rankings; total from fei"
2026-09-26T23:00:00.000Z,4,Middle Tennessee,Jacksonville State,AmFirst Stadium,no,24000,,,,,571.5,602.83,,,7.451067553656727,51.56,,,,,,,"blend of 5 margin source(s) (fitted weights): espn_fpi, sagarin_predictor, sagarin_rating, fei, team_rankings; total from fei"
2026-09-26T23:30:00.000Z,4,Troy,Utah State,Maverik Stadium,no,25513,,,,,596.19,543.98,,,2.9275953144568274,49.52,,,,,,,"blend of 4 margin source(s) (fitted weights): sagarin_predictor, sagarin_rating, fei, team_rankings; total from fei"
2026-09-26T23:30:00.000Z,4,Arizona,Washington State,Gesa Field,no,32952,,,,,699.59,630.29,,,-6.365037681583702,49.16,,,,,,,"blend of 5 margin source(s) (fitted weights): espn_fpi, sagarin_predictor, sagarin_rating, fei, team_rankings; total from fei"
2026-09-27T00:00:00.000Z,4,Tulsa,Arkansas,Razorback Stadium,no,80000,,,,,622.84,745.48,,,12.106856746334259,56.239999999999995,,,,,,,"blend of 5 margin source(s) (fitted weights): espn_fpi, sagarin_predictor, sagarin_rating, fei, team_rankings; total from fei"
2026-09-27T01:00:00.000Z,4,Oregon State,UTEP,Sun Bowl,no,51500,,,,,635.79,585.76,,,-7.2181044702543256,48.68,,,,,,,"blend of 5 margin source(s) (fitted weights): espn_fpi, sagarin_predictor, sagarin_rating, fei, team_rankings; total from fei"
2026-09-27T02:00:00.000Z,4,Rice,Fresno State,Valley Children's Stadium,no,41031,,,,,589.89,609.75,,,8.977215457138012,44.84,,,,,,,"blend of 5 margin source(s) (fitted weights): espn_fpi, sagarin_predictor, sagarin_rating, fei, team_rankings; total from fei"
2026-09-27T02:30:00.000Z,4,Georgia Tech,Stanford,Stanford Stadium,no,50424,,,,,751.65,705.81,,,-4.421461165431585,53.84,,,,,,,"blend of 5 margin source(s) (fitted weights): espn_fpi, sagarin_predictor, sagarin_rating, fei, team_rankings; total from fei"
2026-10-02T00:00:00.000Z,5,Western Kentucky,New Mexico State,Aggie Memorial Stadium,no,28853,,,,,611.52,460.38,,,-0.8721861764510628,52.28,,,,,,,"blend of 5 margin source(s) (fitted weights): espn_fpi, sagarin_predictor, sagarin_rating, fei, team_rankings; total from fei"
2026-10-02T01:00:00.000Z,5,North Texas,Tulsa,Chapman Stadium,no,30000,,,,,602.08,622.84,,,1.2960047599182927,57.56,,,,,,,"blend of 5 margin source(s) (fitted weights): espn_fpi, sagarin_predictor, sagarin_rating, fei, team_rankings; total from fei"
2026-10-02T23:00:00.000Z,5,Liberty,Delaware,Delaware Stadium,no,22000,,,,,633.35,483.48,,,1.8809094181258472,57.2,,,,,,,"blend of 5 margin source(s) (fitted weights): espn_fpi, sagarin_predictor, sagarin_rating, fei, team_rankings; total from fei"
2026-10-02T23:00:00.000Z,5,Pittsburgh,Virginia Tech,Lane Stadium,no,65632,,,,,675.02,769.12,,,-0.5709325597131005,49.760000000000005,,,,,,,"blend of 5 margin source(s) (fitted weights): espn_fpi, sagarin_predictor, sagarin_rating, fei, team_rankings; total from fei"
2026-10-03T00:00:00.000Z,5,Penn State,Northwestern,Ryan Field,no,35000,,,,,774.04,688.32,,,-9.228982097590986,50.24,,,,,,,"blend of 5 margin source(s) (fitted weights): espn_fpi, sagarin_predictor, sagarin_rating, fei, team_rankings; total from fei"
2026-10-03T04:00:00.000Z,5,Stanford,Wake Forest,Allegacy Federal Credit Union Stadium,no,31500,,,,,705.81,680.87,,,9.273608146613832,47,,,,,,,"blend of 5 margin source(s) (fitted weights): espn_fpi, sagarin_predictor, sagarin_rating, fei, team_rankings; total from fei"
2026-10-03T04:00:00.000Z,5,Baylor,Arizona State,Mountain America Stadium,no,65870,,,,,723.28,722,,,3.8737004371602324,54.8,,,,,,,"blend of 5 margin source(s) (fitted weights): espn_fpi, sagarin_predictor, sagarin_rating, fei, team_rankings; total from fei"
2026-10-03T04:00:00.000Z,5,Auburn,Tennessee,Neyland Stadium,no,102455,,,,,828.19,885.9,,,6.6894993799545865,52.400000000000006,,,,,,,"blend of 5 margin source(s) (fitted weights): espn_fpi, sagarin_predictor, sagarin_rating, fei, team_rankings; total from fei"
2026-10-03T04:00:00.000Z,5,Kentucky,South Carolina,Williams-Brice Stadium,no,80250,,,,,786.65,862.87,,,8.622196793561198,44.48,,,,,,,"blend of 5 margin source(s) (fitted weights): espn_fpi, sagarin_predictor, sagarin_rating, fei, team_rankings; total from fei"
2026-10-03T04:00:00.000Z,5,Toledo,Ball State,Scheumann Stadium,no,22500,,,,,556.26,563.88,,,-10.820687650591506,47.6,,,,,,,"blend of 5 margin source(s) (fitted weights): espn_fpi, sagarin_predictor, sagarin_rating, fei, team_rankings; total from fei"
2026-10-03T04:00:00.000Z,5,Virginia,Florida State,Doak Campbell Stadium,no,67277,,,,,700.18,800.2,,,-0.050483398177685934,54.56,,,,,,,"blend of 5 margin source(s) (fitted weights): espn_fpi, sagarin_predictor, sagarin_rating, fei, team_rankings; total from fei"
2026-10-03T04:00:00.000Z,5,Maryland,Nebraska,"Memorial Stadium (Lincoln, NE)",no,85458,,,,,719.64,787.45,,,8.223524585628038,49.760000000000005,,,,,,,"blend of 5 margin source(s) (fitted weights): espn_fpi, sagarin_predictor, sagarin_rating, fei, team_rankings; total from fei"
2026-10-03T04:00:00.000Z,5,Texas Tech,Colorado,Folsom Field,no,50183,,,,,767.89,731.62,,,-11.516631956043522,45.2,,,,,,,"blend of 5 margin source(s) (fitted weights): espn_fpi, sagarin_predictor, sagarin_rating, fei, team_rankings; total from fei"
2026-10-03T04:00:00.000Z,5,Marshall,James Madison,Bridgeforth Stadium,no,24877,,,,,594.71,588.31,,,11.226339035933186,49.16,,,,,,,"blend of 5 margin source(s) (fitted weights): espn_fpi, sagarin_predictor, sagarin_rating, fei, team_rankings; total from fei"
2026-10-03T04:00:00.000Z,5,Georgia Southern,Coastal Carolina,Brooks Stadium (SC),no,21000,,,,,634.19,573.96,,,1.0046432117154813,58.64,,,,,,,"blend of 4 margin source(s) (fitted weights): espn_fpi, sagarin_predictor, sagarin_rating, fei; total from fei"
2026-10-03T04:00:00.000Z,5,UCF,Houston,TDECU Stadium,no,40000,,,,,672.14,695.93,,,3.9913246371612843,51.44,,,,,,,"blend of 3 margin source(s) (fitted weights): espn_fpi, fei, team_rankings; total from fei"
2026-10-03T04:00:00.000Z,5,UTEP,New Mexico,University Stadium (NM),no,39224,,,,,585.76,568.19,,,17.108924119095462,48.44,,,,,,,"blend of 5 margin source(s) (fitted weights): espn_fpi, sagarin_predictor, sagarin_rating, fei, team_rankings; total from fei"
2026-10-03T04:00:00.000Z,5,Bowling Green,Miami (OH),Yager Stadium,no,24286,,,,,568.33,621.37,,,6.5283333666114345,44.24,,,,,,,"blend of 5 margin source(s) (fitted weights): espn_fpi, sagarin_predictor, sagarin_rating, fei, team_rankings; total from fei"
2026-10-03T04:00:00.000Z,5,UL Monroe,South Alabama,Hancock Whitney Stadium,no,25450,,,,,505.49,573.38,,,12.797925730617827,54.2,,,,,,,"blend of 5 margin source(s) (fitted weights): espn_fpi, sagarin_predictor, sagarin_rating, fei, team_rankings; total from fei"
2026-10-03T04:00:00.000Z,5,West Virginia,Iowa State,Jack Trice Stadium,no,61500,,,,,707.6,669.55,,,3.751722537407916,50.599999999999994,,,,,,,"blend of 5 margin source(s) (fitted weights): espn_fpi, sagarin_predictor, sagarin_rating, fei, team_rankings; total from fei"
2026-10-03T04:00:00.000Z,5,Florida,Missouri,Memorial Stadium,no,71168,,,,,891.07,808.36,,,0.5736843095907018,49.16,,,,,,,"blend of 5 margin source(s) (fitted weights): espn_fpi, sagarin_predictor, sagarin_rating, fei, team_rankings; total from fei"
2026-10-03T04:00:00.000Z,5,Boston College,SMU,Gerald J. Ford Stadium,no,32000,,,,,660,764.5,,,16.211440767928387,54.92,,,,,,,"blend of 5 margin source(s) (fitted weights): espn_fpi, sagarin_predictor, sagarin_rating, fei, team_rankings; total from fei"
2026-10-03T04:00:00.000Z,5,Cincinnati,Arizona,Arizona Stadium,no,50782,,,,,634.28,699.59,,,5.036236404271357,56.24,,,,,,,"blend of 5 margin source(s) (fitted weights): espn_fpi, sagarin_predictor, sagarin_rating, fei, team_rankings; total from fei"
2026-10-03T04:00:00.000Z,5,Memphis,Charlotte,Jerry Richardson Stadium,no,15300,,,,,670.31,576.77,,,-13.206755934272195,52.040000000000006,,,,,,,"blend of 4 margin source(s) (fitted weights): sagarin_predictor, sagarin_rating, fei, team_rankings; total from fei"
2026-10-03T04:00:00.000Z,5,UTSA,Rice,Rice Stadium,no,47000,,,,,655.82,589.89,,,-6.853110664838823,52.16,,,,,,,"blend of 5 margin source(s) (fitted weights): espn_fpi, sagarin_predictor, sagarin_rating, fei, team_rankings; total from fei"
2026-10-03T04:00:00.000Z,5,Temple,South Florida,Raymond James Stadium,no,65828,,,,,631.07,703.81,,,9.130376083362808,56.239999999999995,,,,,,,"blend of 5 margin source(s) (fitted weights): espn_fpi, sagarin_predictor, sagarin_rating, fei, team_rankings; total from fei"
2026-10-03T04:00:00.000Z,5,Western Michigan,Buffalo,UB Stadium,no,30270,,,,,572.2,549.31,,,-6.6270252992569905,44,,,,,,,"blend of 5 margin source(s) (fitted weights): espn_fpi, sagarin_predictor, sagarin_rating, fei, team_rankings; total from fei"
2026-10-03T04:00:00.000Z,5,Notre Dame,North Carolina,Kenan Stadium,no,50500,,,,,953.03,767.89,23.5,55.5,-17.34949874564304,51.8,home,high,under,medium,home,0.05881429321439692,"blend of 5 margin source(s) (fitted weights): espn_fpi, sagarin_predictor, sagarin_rating, fei, team_rankings; total from fei"
2026-10-03T04:00:00.000Z,5,Old Dominion,Georgia State,Center Parc Stadium,no,25000,,,,,544.25,573.83,,,-5.6352718855750155,50.48,,,,,,,"blend of 5 margin source(s) (fitted weights): espn_fpi, sagarin_predictor, sagarin_rating, fei, team_rankings; total from fei"
2026-10-03T04:00:00.000Z,5,Arkansas State,Louisiana,Cajun Field,no,41426,,,,,606.22,590.94,,,5.66687748384968,51.8,,,,,,,"blend of 5 margin source(s) (fitted weights): espn_fpi, sagarin_predictor, sagarin_rating, fei, team_rankings; total from fei"
2026-10-03T04:00:00.000Z,5,Vanderbilt,Georgia,Sanford Stadium,no,92746,,,,,727.39,1003.67,,,16.61315458285806,61.04,,,,,,,"blend of 5 margin source(s) (fitted weights): espn_fpi, sagarin_predictor, sagarin_rating, fei, team_rankings; total from fei"
2026-10-03T04:00:00.000Z,5,Michigan State,Wisconsin,Camp Randall Stadium,no,80321,,,,,685.02,767.68,,,7.120149084179667,46.879999999999995,,,,,,,"blend of 5 margin source(s) (fitted weights): espn_fpi, sagarin_predictor, sagarin_rating, fei, team_rankings; total from fei"
2026-10-03T04:00:00.000Z,5,BYU,TCU,Amon G. Carter Stadium,no,46000,,,,,689.42,730.79,,,-5.313264458541208,52.879999999999995,,,,,,,"blend of 5 margin source(s) (fitted weights): espn_fpi, sagarin_predictor, sagarin_rating, fei, team_rankings; total from fei"
2026-10-03T04:00:00.000Z,5,Eastern Michigan,Massachusetts,Warren McGuirk Alumni Stadium,no,17000,,,,,580.64,525.94,,,-1.0800995235485178,55.4,,,,,,,"blend of 5 margin source(s) (fitted weights): espn_fpi, sagarin_predictor, sagarin_rating, fei, team_rankings; total from fei"
2026-10-03T04:00:00.000Z,5,Ohio,Kent State,Dix Stadium,no,25319,,,,,522.84,522.83,,,-8.704154959221846,56.36,,,,,,,"blend of 5 margin source(s) (fitted weights): espn_fpi, sagarin_predictor, sagarin_rating, fei, team_rankings; total from fei"
2026-10-03T04:00:00.000Z,5,Middle Tennessee,Kansas,Memorial Stadium,no,47000,,,,,571.5,684.51,,,21.7147172554375,59.72,,,,,,,"blend of 5 margin source(s) (fitted weights): espn_fpi, sagarin_predictor, sagarin_rating, fei, team_rankings; total from fei"
2026-10-03T04:00:00.000Z,5,Washington,USC,Los Angeles Memorial Coliseum,no,77500,,,,,777.63,899,,,5.92046857524601,63.08,,,,,,,"blend of 5 margin source(s) (fitted weights): espn_fpi, sagarin_predictor, sagarin_rating, fei, team_rankings; total from fei"
2026-10-03T04:00:00.000Z,5,Miami,Clemson,"Memorial Stadium (Clemson, SC)",no,81500,,,,,885.94,862.85,7,55.5,-11.073203201252667,48.56,away,high,under,high,,-0.022012696177202584,"blend of 5 margin source(s) (fitted weights): espn_fpi, sagarin_predictor, sagarin_rating, fei, team_rankings; total from fei"
2026-10-03T04:00:00.000Z,5,Alabama,Mississippi State,Davis Wade Stadium,no,61337,,,,,973.53,804.53,,,-9.88461829112072,54.08,,,,,,,"blend of 5 margin source(s) (fitted weights): espn_fpi, sagarin_predictor, sagarin_rating, fei, team_rankings; total from fei"
2026-10-03T04:00:00.000Z,5,Louisville,NC State,Carter-Finley Stadium,no,58000,,,,,739.97,757.14,,,-6.053406910780641,50.120000000000005,,,,,,,"blend of 5 margin source(s) (fitted weights): espn_fpi, sagarin_predictor, sagarin_rating, fei, team_rankings; total from fei"
2026-10-03T04:00:00.000Z,5,Michigan,Minnesota,Huntington Bank Stadium,no,50850,,,,,890.02,728.79,,,-6.565469632431904,52.879999999999995,,,,,,,"blend of 5 margin source(s) (fitted weights): espn_fpi, sagarin_predictor, sagarin_rating, fei, team_rankings; total from fei"
2026-10-03T04:00:00.000Z,5,Army,Louisiana Tech,Joe Aillet Stadium,no,28019,,,,,303.83,543.02,,,-2.772567826456,50.84,,,,,,,"blend of 5 margin source(s) (fitted weights): espn_fpi, sagarin_predictor, sagarin_rating, fei, team_rankings; total from fei"
2026-10-03T04:00:00.000Z,5,Arkansas,Texas A&M,Kyle Field,no,102733,,,,,745.48,933,,,17.18153948482863,56.84,,,,,,,"blend of 5 margin source(s) (fitted weights): espn_fpi, sagarin_predictor, sagarin_rating, fei, team_rankings; total from fei"
2026-10-03T04:00:00.000Z,5,Akron,Central Michigan,Kelly/Shorts Stadium,no,30255,,,,,546.84,540.01,,,4.733646768529556,48.92,,,,,,,"blend of 5 margin source(s) (fitted weights): espn_fpi, sagarin_predictor, sagarin_rating, fei, team_rankings; total from fei"
2026-10-03T04:00:00.000Z,5,Ohio State,Iowa,Kinnick Stadium,no,69250,,,,,964.27,722.73,,,-13.467434192162639,44.24,,,,,,,"blend of 5 margin source(s) (fitted weights): espn_fpi, sagarin_predictor, sagarin_rating, fei, team_rankings; total from fei"
2026-10-03T04:00:00.000Z,5,Purdue,Illinois,"Memorial Stadium (Champaign, IL)",no,60670,,,,,698.33,704.01,,,10.275309677529407,54.8,,,,,,,"blend of 5 margin source(s) (fitted weights): espn_fpi, sagarin_predictor, sagarin_rating, fei, team_rankings; total from fei"
2026-10-03T16:00:00.000Z,5,Navy,Air Force,Falcon Stadium,no,46692,,,,,195.68,272.35,,,-1.834705088682651,61.879999999999995,,,,,,,"blend of 5 margin source(s) (fitted weights): espn_fpi, sagarin_predictor, sagarin_rating, fei, team_rankings; total from fei"
2026-10-03T16:00:00.000Z,5,Syracuse,UConn,Pratt & Whitney Stadium,no,40000,,,,,745.61,652.56,,,-6.239502406623468,52.64,,,,,,,"blend of 5 margin source(s) (fitted weights): espn_fpi, sagarin_predictor, sagarin_rating, fei, team_rankings; total from fei"
2026-10-03T19:30:00.000Z,5,California,UNLV,Allegiant Stadium,yes,65000,,,,,751.92,696.03,,,2.7995261749375047,53.84,,,,,,,"blend of 5 margin source(s) (fitted weights): espn_fpi, sagarin_predictor, sagarin_rating, fei, team_rankings; total from fei"
2026-10-03T19:30:00.000Z,5,Wyoming,North Dakota State,Fargodome,yes,18700,,,,,528.29,515.59,,,12.514748693190903,47.96,,,,,,,"blend of 5 margin source(s) (fitted weights): espn_fpi, sagarin_predictor, sagarin_rating, fei, team_rankings; total from fei"
2026-10-03T22:00:00.000Z,5,Oregon State,Colorado State,Canvas Stadium,no,36500,,,,,635.79,640.31,,,0.6101780454294584,52.28,,,,,,,"blend of 5 margin source(s) (fitted weights): espn_fpi, sagarin_predictor, sagarin_rating, fei, team_rankings; total from fei"
2026-10-03T23:30:00.000Z,5,Utah State,Boise State,Albertsons Stadium,no,36387,,,,,543.98,641.17,,,15.930218199360123,53.36,,,,,,,"blend of 5 margin source(s) (fitted weights): espn_fpi, sagarin_predictor, sagarin_rating, fei, team_rankings; total from fei"
2026-10-04T00:00:00.000Z,5,Indiana,Rutgers,SHI Stadium,no,52454,,,,,735.26,709.04,,,-22.00744684278645,58.28,,,,,,,"blend of 5 margin source(s) (fitted weights): espn_fpi, sagarin_predictor, sagarin_rating, fei, team_rankings; total from fei"
2026-10-04T01:30:00.000Z,5,Fresno State,Washington State,Gesa Field,no,32952,,,,,609.75,630.29,,,5.983413507565311,44.24,,,,,,,"blend of 5 margin source(s) (fitted weights): espn_fpi, sagarin_predictor, sagarin_rating, fei, team_rankings; total from fei"
2026-10-04T02:30:00.000Z,5,Texas State,San Diego State,Snapdragon Stadium,no,35000,,,,,624.81,609.22,,,7.972406727902127,51.44,,,,,,,"blend of 5 margin source(s) (fitted weights): espn_fpi, sagarin_predictor, sagarin_rating, fei, team_rankings; total from fei"
2026-10-04T03:59:00.000Z,5,San José State,Hawai'i,Clarence T.C. Ching Athletics Complex,no,15194,,,,,569.25,556.82,,,4.811339933065866,54.68,,,,,,,"blend of 5 margin source(s) (fitted weights): espn_fpi, sagarin_predictor, sagarin_rating, fei, team_rankings; total from fei"
2026-10-07T00:00:00.000Z,6,Southern Miss,Troy,Veterans Memorial Stadium (AL),no,30000,,,,,602.63,596.19,,,11.073302075081784,,,,,,,,"blend of 3 margin source(s) (fitted weights): sagarin_predictor, sagarin_rating, team_rankings"
2026-10-07T23:00:00.000Z,6,Jacksonville State,Kennesaw State,Fifth Third Stadium,no,11040,,,,,602.83,502.86,,,5.403241803853139,51.92,,,,,,,"blend of 5 margin source(s) (fitted weights): espn_fpi, sagarin_predictor, sagarin_rating, fei, team_rankings; total from fei"
2026-10-07T23:30:00.000Z,6,New Mexico State,Florida International,Pitbull Stadium,no,20000,,,,,460.38,607.56,,,2.9275885243723865,49.76,,,,,,,"blend of 2 margin source(s) (fitted weights): espn_fpi, fei; total from fei"
2026-10-08T23:00:00.000Z,6,Sam Houston,Liberty,Williams Stadium (VA),no,25000,,,,,554.47,633.35,,,11.772123702062572,53.36,,,,,,,"blend of 5 margin source(s) (fitted weights): espn_fpi, sagarin_predictor, sagarin_rating, fei, team_rankings; total from fei"
2026-10-08T23:00:00.000Z,6,Missouri State,Western Kentucky,Houchens Industries-L.T. Smith Stadium,no,22113,,,,,549.92,611.52,,,7.644406397693755,56.72,,,,,,,"blend of 5 margin source(s) (fitted weights): espn_fpi, sagarin_predictor, sagarin_rating, fei, team_rankings; total from fei"
2026-10-08T23:30:00.000Z,6,South Florida,UTSA,Alamodome,yes,36582,,,,,703.81,655.82,,,1.5993462330151054,55.760000000000005,,,,,,,"blend of 5 margin source(s) (fitted weights): espn_fpi, sagarin_predictor, sagarin_rating, fei, team_rankings; total from fei"
2026-10-08T23:30:00.000Z,6,South Alabama,Arkansas State,Centennial Bank Stadium,no,30382,,,,,573.38,606.22,,,1.1521901083496955,53.84,,,,,,,"blend of 5 margin source(s) (fitted weights): espn_fpi, sagarin_predictor, sagarin_rating, fei, team_rankings; total from fei"
2026-10-09T23:00:00.000Z,6,Florida State,Louisville,L&N Federal Credit Union Stadium,no,60000,,,,,800.2,739.97,,,4.735131627012715,53.84,,,,,,,"blend of 5 margin source(s) (fitted weights): espn_fpi, sagarin_predictor, sagarin_rating, fei, team_rankings; total from fei"
2026-10-10T01:00:00.000Z,6,Wyoming,San José State,CEFCU Stadium,no,30456,,,,,528.29,569.25,,,6.632411761158585,48.32,,,,,,,"blend of 5 margin source(s) (fitted weights): espn_fpi, sagarin_predictor, sagarin_rating, fei, team_rankings; total from fei"
2026-10-10T01:00:00.000Z,6,Iowa,Washington,Husky Stadium,no,70138,,,,,722.73,777.63,,,3.0870269047895254,46.28,,,,,,,"blend of 5 margin source(s) (fitted weights): espn_fpi, sagarin_predictor, sagarin_rating, fei, team_rankings; total from fei"
2026-10-10T01:00:00.000Z,6,Washington State,Utah State,Maverik Stadium,no,25513,,,,,630.29,543.98,,,-3.633930478009006,51.44,,,,,,,"blend of 5 margin source(s) (fitted weights): espn_fpi, sagarin_predictor, sagarin_rating, fei, team_rankings; total from fei"
2026-10-10T02:15:00.000Z,6,Iowa State,BYU,LaVell Edwards Stadium,no,63470,,,,,669.55,689.42,,,13.324023892408366,52.879999999999995,,,,,,,"blend of 5 margin source(s) (fitted weights): espn_fpi, sagarin_predictor, sagarin_rating, fei, team_rankings; total from fei"
2026-10-10T04:00:00.000Z,6,Kent State,Western Michigan,Waldo Stadium,no,30200,,,,,522.83,572.2,,,19.20471855182491,52.64,,,,,,,"blend of 5 margin source(s) (fitted weights): espn_fpi, sagarin_predictor, sagarin_rating, fei, team_rankings; total from fei"
2026-10-10T04:00:00.000Z,6,LSU,Kentucky,Kroger Field,no,61000,,,,,931.76,786.65,,,-9.64932958409764,46.76,,,,,,,"blend of 5 margin source(s) (fitted weights): espn_fpi, sagarin_predictor, sagarin_rating, fei, team_rankings; total from fei"
2026-10-10T04:00:00.000Z,6,Wake Forest,NC State,Carter-Finley Stadium,no,58000,,,,,680.87,757.14,,,-0.639573198704575,49.28,,,,,,,"blend of 5 margin source(s) (fitted weights): espn_fpi, sagarin_predictor, sagarin_rating, fei, team_rankings; total from fei"
2026-10-10T04:00:00.000Z,6,Houston,Kansas State,Bill Snyder Family Stadium,no,50000,,,,,695.93,718.67,,,5.434487093327026,53.84,,,,,,,"blend of 5 margin source(s) (fitted weights): espn_fpi, sagarin_predictor, sagarin_rating, fei, team_rankings; total from fei"
2026-10-10T04:00:00.000Z,6,Coastal Carolina,Marshall,Joan C. Edwards Stadium,no,38016,,,,,573.96,594.71,,,3.2981453301638655,50.6,,,,,,,"blend of 5 margin source(s) (fitted weights): espn_fpi, sagarin_predictor, sagarin_rating, fei, team_rankings; total from fei"
2026-10-10T04:00:00.000Z,6,Rice,East Carolina,Dowdy-Ficklen Stadium,no,50000,,,,,589.89,623.79,,,11.893175854557228,48.92,,,,,,,"blend of 5 margin source(s) (fitted weights): espn_fpi, sagarin_predictor, sagarin_rating, fei, team_rankings; total from fei"
2026-10-10T04:00:00.000Z,6,UAB,Memphis,Simmons Bank Liberty Stadium,no,58325,,,,,606.18,670.31,,,16.528064314201252,56.96,,,,,,,"blend of 5 margin source(s) (fitted weights): espn_fpi, sagarin_predictor, sagarin_rating, fei, team_rankings; total from fei"
2026-10-10T04:00:00.000Z,6,USC,Penn State,Beaver Stadium,no,106572,,,,,899,774.04,-1.5,56.5,2.9275625370677236,62,home,medium,over,medium,,0.04012272031785935,"blend of 5 margin source(s) (fitted weights): espn_fpi, sagarin_predictor, sagarin_rating, fei, team_rankings; total from fei"
2026-10-10T04:00:00.000Z,6,Virginia Tech,California,California Memorial Stadium,no,62467,,,,,769.12,751.92,,,-4.054855808360271,52.64,,,,,,,"blend of 5 margin source(s) (fitted weights): espn_fpi, sagarin_predictor, sagarin_rating, fei, team_rankings; total from fei"
2026-10-10T04:00:00.000Z,6,Louisiana,Louisiana Tech,Joe Aillet Stadium,no,28019,,,,,590.94,543.02,,,2.6955177211239763,51.2,,,,,,,"blend of 5 margin source(s) (fitted weights): espn_fpi, sagarin_predictor, sagarin_rating, fei, team_rankings; total from fei"
2026-10-10T04:00:00.000Z,6,Texas A&M,Missouri,Memorial Stadium,no,71168,,,,,933,808.36,,,-5.479160954306982,49.64,,,,,,,"blend of 5 margin source(s) (fitted weights): espn_fpi, sagarin_predictor, sagarin_rating, fei, team_rankings; total from fei"
2026-10-10T04:00:00.000Z,6,UConn,Temple,Lincoln Financial Field,no,69879,,,,,652.56,631.07,,,2.2001732014677158,57.92,,,,,,,"blend of 5 margin source(s) (fitted weights): espn_fpi, sagarin_predictor, sagarin_rating, fei, team_rankings; total from fei"
2026-10-10T04:00:00.000Z,6,Ole Miss,Vanderbilt,FirstBank Stadium,no,40351,,,,,885.72,727.39,,,-4.626012794887708,64.28,,,,,,,"blend of 5 margin source(s) (fitted weights): espn_fpi, sagarin_predictor, sagarin_rating, fei, team_rankings; total from fei"
2026-10-10T04:00:00.000Z,6,Kansas,Utah,Rice-Eccles Stadium,no,51444,,,,,684.51,695.72,,,9.980348877472842,60.92,,,,,,,"blend of 5 margin source(s) (fitted weights): espn_fpi, sagarin_predictor, sagarin_rating, fei, team_rankings; total from fei"
2026-10-10T04:00:00.000Z,6,Hawai'i,Arizona State,Mountain America Stadium,no,65870,,,,,556.82,722,,,15.970050928741195,52.88,,,,,,,"blend of 5 margin source(s) (fitted weights): espn_fpi, sagarin_predictor, sagarin_rating, fei, team_rankings; total from fei"
2026-10-10T04:00:00.000Z,6,UCF,Oklahoma State,Boone Pickens Stadium,no,55509,,,,,672.14,672.69,,,-2.8039886051599647,48.56,,,,,,,"blend of 3 margin source(s) (fitted weights): espn_fpi, fei, team_rankings; total from fei"
2026-10-10T04:00:00.000Z,6,Miami (OH),Massachusetts,Warren McGuirk Alumni Stadium,no,17000,,,,,621.37,525.94,,,-4.807647051259509,51.32,,,,,,,"blend of 5 margin source(s) (fitted weights): espn_fpi, sagarin_predictor, sagarin_rating, fei, team_rankings; total from fei"
2026-10-10T04:00:00.000Z,6,Sacramento State,Bowling Green,Doyt L. Perry Stadium,no,24000,,,,,561.42,568.33,,,6.459751978720429,46.760000000000005,,,,,,,"blend of 5 margin source(s) (fitted weights): espn_fpi, sagarin_predictor, sagarin_rating, fei, team_rankings; total from fei"
2026-10-10T04:00:00.000Z,6,Indiana,Nebraska,"Memorial Stadium (Lincoln, NE)",no,85458,,,,,735.26,787.45,,,-10.823301944778354,52.16,,,,,,,"blend of 5 margin source(s) (fitted weights): espn_fpi, sagarin_predictor, sagarin_rating, fei, team_rankings; total from fei"
2026-10-10T04:00:00.000Z,6,Old Dominion,App State,Kidd Brewer Stadium,no,30000,,,,,544.25,621.61,,,-0.238255044644052,51.2,,,,,,,"blend of 5 margin source(s) (fitted weights): espn_fpi, sagarin_predictor, sagarin_rating, fei, team_rankings; total from fei"
2026-10-10T04:00:00.000Z,6,James Madison,Georgia Southern,Allen E. Paulson Stadium,no,25000,,,,,588.31,634.19,,,-5.150579228582294,57.2,,,,,,,"blend of 4 margin source(s) (fitted weights): espn_fpi, sagarin_predictor, sagarin_rating, fei; total from fei"
2026-10-10T04:00:00.000Z,6,Georgia,Alabama,Bryant-Denny Stadium,no,101821,,,,,1003.67,973.53,3,50.5,-0.10107305428797908,54.8,home,medium,over,medium,home,0.09084961083717774,"blend of 5 margin source(s) (fitted weights): espn_fpi, sagarin_predictor, sagarin_rating, fei, team_rankings; total from fei"
2026-10-10T04:00:00.000Z,6,North Carolina,Pittsburgh,Acrisure Stadium,no,68400,,,,,767.89,675.02,,,8.09273737426749,47.96,,,,,,,"blend of 5 margin source(s) (fitted weights): espn_fpi, sagarin_predictor, sagarin_rating, fei, team_rankings; total from fei"
2026-10-10T04:00:00.000Z,6,Arizona,West Virginia,Milan Puskar Stadium,no,60000,,,,,699.59,707.6,,,-3.893792898670295,51.44,,,,,,,"blend of 5 margin source(s) (fitted weights): espn_fpi, sagarin_predictor, sagarin_rating, fei, team_rankings; total from fei"
2026-10-10T04:00:00.000Z,6,Charlotte,North Texas,DATCU Stadium,no,30850,,,,,576.77,602.08,,,16.078988677027237,57.56,,,,,,,"blend of 4 margin source(s) (fitted weights): sagarin_predictor, sagarin_rating, fei, team_rankings; total from fei"
2026-10-10T04:00:00.000Z,6,Tennessee,Arkansas,Razorback Stadium,no,80000,,,,,885.9,745.48,,,-8.095546409578215,61.400000000000006,,,,,,,"blend of 5 margin source(s) (fitted weights): espn_fpi, sagarin_predictor, sagarin_rating, fei, team_rankings; total from fei"
2026-10-10T04:00:00.000Z,6,Illinois,Michigan State,Spartan Stadium,no,75005,,,,,704.01,685.02,,,-3.2107774058043024,55.04,,,,,,,"blend of 5 margin source(s) (fitted weights): espn_fpi, sagarin_predictor, sagarin_rating, fei, team_rankings; total from fei"
2026-10-10T04:00:00.000Z,6,Buffalo,Toledo,Glass Bowl,no,26038,,,,,549.31,556.26,,,10.905426909457088,44.599999999999994,,,,,,,"blend of 5 margin source(s) (fitted weights): espn_fpi, sagarin_predictor, sagarin_rating, fei, team_rankings; total from fei"
2026-10-10T04:00:00.000Z,6,Syracuse,Virginia,Scott Stadium,no,61500,,,,,745.61,700.18,,,10.720986087294811,47.72,,,,,,,"blend of 5 margin source(s) (fitted weights): espn_fpi, sagarin_predictor, sagarin_rating, fei, team_rankings; total from fei"
2026-10-10T04:00:00.000Z,6,Minnesota,Purdue,Ross-Ade Stadium,no,57282,,,,,728.79,698.33,,,-2.116213165848236,51.56,,,,,,,"blend of 5 margin source(s) (fitted weights): espn_fpi, sagarin_predictor, sagarin_rating, fei, team_rankings; total from fei"
2026-10-10T04:00:00.000Z,6,Nevada,UTEP,Sun Bowl,no,51500,,,,,549.99,585.76,,,-6.674857679292711,46.519999999999996,,,,,,,"blend of 5 margin source(s) (fitted weights): espn_fpi, sagarin_predictor, sagarin_rating, fei, team_rankings; total from fei"
2026-10-10T04:00:00.000Z,6,Ball State,Northwestern,Ryan Field,no,35000,,,,,563.88,688.32,,,23.096739852122855,47.480000000000004,,,,,,,"blend of 5 margin source(s) (fitted weights): espn_fpi, sagarin_predictor, sagarin_rating, fei, team_rankings; total from fei"
2026-10-10T04:00:00.000Z,6,Central Michigan,Ohio,Peden Stadium,no,24000,,,,,540.01,522.84,,,7.586973284603308,51.2,,,,,,,"blend of 5 margin source(s) (fitted weights): espn_fpi, sagarin_predictor, sagarin_rating, fei, team_rankings; total from fei"
2026-10-10T04:00:00.000Z,6,Maryland,Ohio State,Ohio Stadium,no,102780,,,,,719.64,964.27,,,26.60132108624299,48.92,,,,,,,"blend of 5 margin source(s) (fitted weights): espn_fpi, sagarin_predictor, sagarin_rating, fei, team_rankings; total from fei"
2026-10-10T04:00:00.000Z,6,UCLA,Oregon,Autzen Stadium,no,54000,,,,,774.45,984.33,,,20.35468676636548,57.199999999999996,,,,,,,"blend of 5 margin source(s) (fitted weights): espn_fpi, sagarin_predictor, sagarin_rating, fei, team_rankings; total from fei"
2026-10-10T04:00:00.000Z,6,South Carolina,Florida,Ben Hill Griffin Stadium,no,88548,,,,,862.87,891.07,,,2.478171678394787,46.760000000000005,,,,,,,"blend of 5 margin source(s) (fitted weights): espn_fpi, sagarin_predictor, sagarin_rating, fei, team_rankings; total from fei"
2026-10-10T04:00:00.000Z,6,Duke,Georgia Tech,Bobby Dodd Stadium,no,55000,,,,,668.47,751.65,,,2.755872255808446,60.32,,,,,,,"blend of 5 margin source(s) (fitted weights): espn_fpi, sagarin_predictor, sagarin_rating, fei, team_rankings; total from fei"
2026-10-10T16:00:00.000Z,6,Tulane,Army,Michie Stadium,no,38000,,,,,665.11,303.83,,,1.3041454740780716,52.040000000000006,,,,,,,"blend of 5 margin source(s) (fitted weights): espn_fpi, sagarin_predictor, sagarin_rating, fei, team_rankings; total from fei"
2026-10-10T19:30:00.000Z,6,Texas,Oklahoma,Cotton Bowl,no,92100,,,,,985.17,851.14,6,48.5,-4.18169714862776,45.8,home,medium,under,medium,home,0.054384250555543745,"blend of 5 margin source(s) (fitted weights): espn_fpi, sagarin_predictor, sagarin_rating, fei, team_rankings; total from fei"
2026-10-10T19:30:00.000Z,6,Stanford,Notre Dame,Notre Dame Stadium,no,80795,,,,,705.81,953.03,,,29.383758291414402,50.480000000000004,,,,,,,"blend of 5 margin source(s) (fitted weights): espn_fpi, sagarin_predictor, sagarin_rating, fei, team_rankings; total from fei"
2026-10-10T19:30:00.000Z,6,Tulsa,Navy,Navy-Marine Corps Memorial Stadium,no,34000,,,,,622.84,195.68,,,7.858486773224986,52.879999999999995,,,,,,,"blend of 5 margin source(s) (fitted weights): espn_fpi, sagarin_predictor, sagarin_rating, fei, team_rankings; total from fei"
2026-10-10T19:30:00.000Z,6,Eastern Michigan,Akron,InfoCision Stadium,no,30000,,,,,580.64,546.84,,,0.2723461014590635,52.04,,,,,,,"blend of 5 margin source(s) (fitted weights): espn_fpi, sagarin_predictor, sagarin_rating, fei, team_rankings; total from fei"
2026-10-10T22:00:00.000Z,6,San Diego State,Oregon State,Reser Stadium,no,43363,,,,,609.22,635.79,,,-3.57808935325361,46.519999999999996,,,,,,,"blend of 5 margin source(s) (fitted weights): espn_fpi, sagarin_predictor, sagarin_rating, fei, team_rankings; total from fei"
2026-10-10T23:00:00.000Z,6,North Dakota State,UNLV,Allegiant Stadium,yes,65000,,,,,515.59,696.03,,,5.170249899110844,55.64,,,,,,,"blend of 5 margin source(s) (fitted weights): espn_fpi, sagarin_predictor, sagarin_rating, fei, team_rankings; total from fei"
2026-10-10T23:30:00.000Z,6,Air Force,Northern Illinois,Huskie Stadium,no,23595,,,,,272.35,536.58,,,-7.034120367219685,58.760000000000005,,,,,,,"blend of 5 margin source(s) (fitted weights): espn_fpi, sagarin_predictor, sagarin_rating, fei, team_rankings; total from fei"
2026-10-11T02:30:00.000Z,6,Boise State,Fresno State,Valley Children's Stadium,no,41031,,,,,641.17,609.75,,,-7.902316359755765,46.16,,,,,,,"blend of 5 margin source(s) (fitted weights): espn_fpi, sagarin_predictor, sagarin_rating, fei, team_rankings; total from fei"
2026-10-13T23:00:00.000Z,7,Delaware,Middle Tennessee,"Johnny ""Red"" Floyd Stadium",no,30788,,,,,483.48,571.5,,,-4.6860202564944196,54.92,,,,,,,"blend of 5 margin source(s) (fitted weights): espn_fpi, sagarin_predictor, sagarin_rating, fei, team_rankings; total from fei"
2026-10-14T00:00:00.000Z,7,Florida International,Jacksonville State,AmFirst Stadium,no,24000,,,,,607.56,602.83,,,4.385814851801057,48.44,,,,,,,"blend of 2 margin source(s) (fitted weights): espn_fpi, fei; total from fei"
2026-10-14T23:30:00.000Z,7,Kennesaw State,Missouri State,Plaster Sports Complex,no,17337,,,,,502.86,549.92,,,-3.6782272119895527,57.68000000000001,,,,,,,"blend of 5 margin source(s) (fitted weights): espn_fpi, sagarin_predictor, sagarin_rating, fei, team_rankings; total from fei"
2026-10-15T00:00:00.000Z,7,Western Kentucky,Sam Houston,Elliott T. Bowers Stadium,no,14000,,,,,611.52,554.47,,,-5.0327316685867425,50.480000000000004,,,,,,,"blend of 5 margin source(s) (fitted weights): espn_fpi, sagarin_predictor, sagarin_rating, fei, team_rankings; total from fei"
2026-10-15T23:30:00.000Z,7,East Carolina,UAB,Protective Stadium,no,45000,,,,,623.79,606.18,,,-7.914579780049517,54.68,,,,,,,"blend of 5 margin source(s) (fitted weights): espn_fpi, sagarin_predictor, sagarin_rating, fei, team_rankings; total from fei"
2026-10-15T23:30:00.000Z,7,Georgia Southern,Old Dominion,S.B. Ballard Stadium,no,20118,,,,,634.19,544.25,,,7.0816388783507875,54.68,,,,,,,"blend of 4 margin source(s) (fitted weights): espn_fpi, sagarin_predictor, sagarin_rating, fei; total from fei"
2026-10-16T00:00:00.000Z,7,Colorado State,Texas State,Bobcat Stadium (TX),no,30000,,,,,640.31,624.81,,,5.372889449082691,57.2,,,,,,,"blend of 5 margin source(s) (fitted weights): espn_fpi, sagarin_predictor, sagarin_rating, fei, team_rankings; total from fei"
2026-10-16T23:30:00.000Z,7,Memphis,Tulane,Yulman Stadium,no,30000,,,,,670.31,665.11,,,1.284552387191062,53.12,,,,,,,"blend of 5 margin source(s) (fitted weights): espn_fpi, sagarin_predictor, sagarin_rating, fei, team_rankings; total from fei"
2026-10-17T00:00:00.000Z,7,App State,Coastal Carolina,Brooks Stadium (SC),no,21000,,,,,621.61,573.96,,,-0.6465137452255572,55.16,,,,,,,"blend of 5 margin source(s) (fitted weights): espn_fpi, sagarin_predictor, sagarin_rating, fei, team_rankings; total from fei"
2026-10-17T00:00:00.000Z,7,Washington,Purdue,Ross-Ade Stadium,no,57282,,,,,777.63,698.33,,,-9.389596781636904,53.96,,,,,,,"blend of 5 margin source(s) (fitted weights): espn_fpi, sagarin_predictor, sagarin_rating, fei, team_rankings; total from fei"
2026-10-17T04:00:00.000Z,7,Cincinnati,West Virginia,Milan Puskar Stadium,no,60000,,,,,634.28,707.6,,,-1.4519027116891032,55.760000000000005,,,,,,,"blend of 5 margin source(s) (fitted weights): espn_fpi, sagarin_predictor, sagarin_rating, fei, team_rankings; total from fei"
2026-10-17T04:00:00.000Z,7,Louisiana Tech,UL Monroe,Malone Stadium,no,27617,,,,,543.02,505.49,,,-9.340779957490351,50,,,,,,,"blend of 5 margin source(s) (fitted weights): espn_fpi, sagarin_predictor, sagarin_rating, fei, team_rankings; total from fei"
2026-10-17T04:00:00.000Z,7,Mississippi State,LSU,Tiger Stadium (LA),no,102321,,,,,804.53,931.76,,,14.004979874161908,51.44,,,,,,,"blend of 5 margin source(s) (fitted weights): espn_fpi, sagarin_predictor, sagarin_rating, fei, team_rankings; total from fei"
2026-10-17T04:00:00.000Z,7,Arizona State,Texas Tech,Jones AT&T Stadium,no,60454,,,,,722,767.89,,,12.465807499046434,45.44,,,,,,,"blend of 5 margin source(s) (fitted weights): espn_fpi, sagarin_predictor, sagarin_rating, fei, team_rankings; total from fei"
2026-10-17T04:00:00.000Z,7,Oklahoma State,Houston,TDECU Stadium,no,40000,,,,,672.69,695.93,,,8.905810897105816,52.16,,,,,,,"blend of 5 margin source(s) (fitted weights): espn_fpi, sagarin_predictor, sagarin_rating, fei, team_rankings; total from fei"
2026-10-17T04:00:00.000Z,7,Kansas,Kansas State,Bill Snyder Family Stadium,no,50000,,,,,684.51,718.67,-7.5,54.5,7.148192000808599,59.120000000000005,away,low,over,medium,,-0.04107471280042807,"blend of 5 margin source(s) (fitted weights): espn_fpi, sagarin_predictor, sagarin_rating, fei, team_rankings; total from fei"
2026-10-17T04:00:00.000Z,7,Florida,Texas,DKR-Texas Memorial Stadium,no,100119,,,,,891.07,985.17,,,14.081739752132641,48.92,,,,,,,"blend of 5 margin source(s) (fitted weights): espn_fpi, sagarin_predictor, sagarin_rating, fei, team_rankings; total from fei"
2026-10-17T04:00:00.000Z,7,Georgia Tech,Virginia Tech,Lane Stadium,no,65632,,,,,751.65,769.12,,,4.7572183257335094,56.96,,,,,,,"blend of 5 margin source(s) (fitted weights): espn_fpi, sagarin_predictor, sagarin_rating, fei, team_rankings; total from fei"
2026-10-17T04:00:00.000Z,7,Georgia State,James Madison,Bridgeforth Stadium,no,24877,,,,,573.83,588.31,,,14.086295027222125,53,,,,,,,"blend of 5 margin source(s) (fitted weights): espn_fpi, sagarin_predictor, sagarin_rating, fei, team_rankings; total from fei"
2026-10-17T04:00:00.000Z,7,TCU,Baylor,McLane Stadium,no,45140,,,,,730.79,723.28,,,3.625431264441937,54.44,,,,,,,"blend of 5 margin source(s) (fitted weights): espn_fpi, sagarin_predictor, sagarin_rating, fei, team_rankings; total from fei"
2026-10-17T04:00:00.000Z,7,Akron,Miami (OH),Yager Stadium,no,24286,,,,,546.84,621.37,,,8.643893860832257,47.959999999999994,,,,,,,"blend of 5 margin source(s) (fitted weights): espn_fpi, sagarin_predictor, sagarin_rating, fei, team_rankings; total from fei"
2026-10-17T04:00:00.000Z,7,Ball State,Bowling Green,Doyt L. Perry Stadium,no,24000,,,,,563.88,568.33,,,6.591432627197633,44.72,,,,,,,"blend of 5 margin source(s) (fitted weights): espn_fpi, sagarin_predictor, sagarin_rating, fei, team_rankings; total from fei"
2026-10-17T04:00:00.000Z,7,Alabama,Tennessee,Neyland Stadium,no,102455,,,,,973.53,885.9,1.5,56.5,-2.650439775033532,56.72,away,medium,over,low,,-0.04404565296735574,"blend of 5 margin source(s) (fitted weights): espn_fpi, sagarin_predictor, sagarin_rating, fei, team_rankings; total from fei"
2026-10-17T04:00:00.000Z,7,Arkansas,Vanderbilt,FirstBank Stadium,no,40351,,,,,745.48,727.39,,,7.205635742492498,64.75999999999999,,,,,,,"blend of 5 margin source(s) (fitted weights): espn_fpi, sagarin_predictor, sagarin_rating, fei, team_rankings; total from fei"
2026-10-17T04:00:00.000Z,7,Navy,UTSA,Alamodome,yes,36582,,,,,195.68,655.82,,,0.8703485040688519,56.6,,,,,,,"blend of 5 margin source(s) (fitted weights): espn_fpi, sagarin_predictor, sagarin_rating, fei, team_rankings; total from fei"
2026-10-17T04:00:00.000Z,7,Missouri,Ole Miss,Vaught-Hemingway Stadium,no,64038,,,,,808.36,885.72,,,7.912308658729051,55.519999999999996,,,,,,,"blend of 5 margin source(s) (fitted weights): espn_fpi, sagarin_predictor, sagarin_rating, fei, team_rankings; total from fei"
2026-10-17T04:00:00.000Z,7,Rutgers,Maryland,SECU Stadium,no,51802,,,,,709.04,719.64,,,8.14931274696039,55.88,,,,,,,"blend of 5 margin source(s) (fitted weights): espn_fpi, sagarin_predictor, sagarin_rating, fei, team_rankings; total from fei"
2026-10-17T04:00:00.000Z,7,Auburn,Georgia,Sanford Stadium,no,92746,,,,,828.19,1003.67,-16.5,54.5,14.629704643856428,50.480000000000004,away,medium,under,medium,away,-0.06722126301772158,"blend of 5 margin source(s) (fitted weights): espn_fpi, sagarin_predictor, sagarin_rating, fei, team_rankings; total from fei"
2026-10-17T04:00:00.000Z,7,Kent State,South Florida,Raymond James Stadium,no,65828,,,,,522.83,703.81,,,20.754866078406387,56.839999999999996,,,,,,,"blend of 5 margin source(s) (fitted weights): espn_fpi, sagarin_predictor, sagarin_rating, fei, team_rankings; total from fei"
2026-10-17T04:00:00.000Z,7,North Carolina,Duke,Wallace Wade Stadium,no,40004,,,,,767.89,668.47,-4.5,54.5,2.603060450302603,56.599999999999994,away,medium,over,medium,away,-0.09902887543493955,"blend of 5 margin source(s) (fitted weights): espn_fpi, sagarin_predictor, sagarin_rating, fei, team_rankings; total from fei"
2026-10-17T04:00:00.000Z,7,Wisconsin,UCLA,Rose Bowl,no,88565,,,,,767.68,774.45,,,1.454915564749619,48.2,,,,,,,"blend of 5 margin source(s) (fitted weights): espn_fpi, sagarin_predictor, sagarin_rating, fei, team_rankings; total from fei"
2026-10-17T04:00:00.000Z,7,Western Michigan,Central Michigan,Kelly/Shorts Stadium,no,30255,,,,,572.2,540.01,,,-7.710152008045706,47.480000000000004,,,,,,,"blend of 5 margin source(s) (fitted weights): espn_fpi, sagarin_predictor, sagarin_rating, fei, team_rankings; total from fei"
2026-10-17T04:00:00.000Z,7,Nebraska,Oregon,Autzen Stadium,no,54000,,,,,787.45,984.33,-21.5,51.5,16.441652597593645,55.760000000000005,away,high,over,medium,away,-0.09170936825513809,"blend of 5 margin source(s) (fitted weights): espn_fpi, sagarin_predictor, sagarin_rating, fei, team_rankings; total from fei"
2026-10-17T04:00:00.000Z,7,Arkansas State,Southern Miss,M. M. Roberts Stadium,no,36000,,,,,606.22,602.63,,,6.64748918338027,,,,,,,,"blend of 4 margin source(s) (fitted weights): espn_fpi, sagarin_predictor, sagarin_rating, team_rankings"
2026-10-17T04:00:00.000Z,7,Florida State,Miami,Hard Rock Stadium,no,64767,,,,,800.2,885.94,-16.5,53.5,16.92446687947357,56,home,low,over,medium,,-0.032034616208020505,"blend of 5 margin source(s) (fitted weights): espn_fpi, sagarin_predictor, sagarin_rating, fei, team_rankings; total from fei"
2026-10-17T04:00:00.000Z,7,Ohio,Sacramento State,Hornet Stadium,no,21195,,,,,522.84,561.42,,,-6.287426668471806,52.760000000000005,,,,,,,"blend of 5 margin source(s) (fitted weights): espn_fpi, sagarin_predictor, sagarin_rating, fei, team_rankings; total from fei"
2026-10-17T04:00:00.000Z,7,Tulsa,Rice,Rice Stadium,no,47000,,,,,622.84,589.89,,,-3.312967822125317,48.44,,,,,,,"blend of 5 margin source(s) (fitted weights): espn_fpi, sagarin_predictor, sagarin_rating, fei, team_rankings; total from fei"
2026-10-17T04:00:00.000Z,7,Louisville,Syracuse,JMA Wireless Dome,yes,49057,,,,,739.97,745.61,,,-5.028249446969175,47,,,,,,,"blend of 5 margin source(s) (fitted weights): espn_fpi, sagarin_predictor, sagarin_rating, fei, team_rankings; total from fei"
2026-10-17T04:00:00.000Z,7,Troy,Louisiana,Cajun Field,no,41426,,,,,596.19,590.94,,,1.4631436982546935,47.96,,,,,,,"blend of 4 margin source(s) (fitted weights): sagarin_predictor, sagarin_rating, fei, team_rankings; total from fei"
2026-10-17T04:00:00.000Z,7,New Mexico,Hawai'i,Clarence T.C. Ching Athletics Complex,no,15194,,,,,568.19,556.82,,,-2.2435006148031755,52.879999999999995,,,,,,,"blend of 5 margin source(s) (fitted weights): espn_fpi, sagarin_predictor, sagarin_rating, fei, team_rankings; total from fei"
2026-10-17T04:00:00.000Z,7,Penn State,Michigan,Michigan Stadium,no,107601,,,,,774.04,890.02,-6.5,51.5,0.8214397734901676,54.2,away,high,over,medium,away,-0.17968930986349796,"blend of 5 margin source(s) (fitted weights): espn_fpi, sagarin_predictor, sagarin_rating, fei, team_rankings; total from fei"
2026-10-17T04:00:00.000Z,7,Toledo,Eastern Michigan,Rynearson Stadium,no,30200,,,,,556.26,580.64,,,-6.617161619073758,51.2,,,,,,,"blend of 5 margin source(s) (fitted weights): espn_fpi, sagarin_predictor, sagarin_rating, fei, team_rankings; total from fei"
2026-10-17T04:00:00.000Z,7,Massachusetts,Buffalo,UB Stadium,no,30270,,,,,525.94,549.31,,,7.169219102325853,48.8,,,,,,,"blend of 5 margin source(s) (fitted weights): espn_fpi, sagarin_predictor, sagarin_rating, fei, team_rankings; total from fei"
2026-10-17T04:00:00.000Z,7,Northwestern,Michigan State,Spartan Stadium,no,75005,,,,,688.32,685.02,,,0.6502326926556223,50.239999999999995,,,,,,,"blend of 5 margin source(s) (fitted weights): espn_fpi, sagarin_predictor, sagarin_rating, fei, team_rankings; total from fei"
2026-10-17T04:00:00.000Z,7,Virginia,SMU,Gerald J. Ford Stadium,no,32000,,,,,700.18,764.5,,,3.278467362553881,51.32,,,,,,,"blend of 5 margin source(s) (fitted weights): espn_fpi, sagarin_predictor, sagarin_rating, fei, team_rankings; total from fei"
2026-10-17T04:00:00.000Z,7,Notre Dame,BYU,LaVell Edwards Stadium,no,63470,,,,,953.03,689.42,10,54.5,-8.728779211488813,53.84,home,medium,under,low,home,0.07459437325914442,"blend of 5 margin source(s) (fitted weights): espn_fpi, sagarin_predictor, sagarin_rating, fei, team_rankings; total from fei"
2026-10-17T04:00:00.000Z,7,Pittsburgh,Boston College,"Alumni Stadium (Chestnut Hill, MA)",no,44500,,,,,675.02,660,,,-10.085445609107662,50,,,,,,,"blend of 5 margin source(s) (fitted weights): espn_fpi, sagarin_predictor, sagarin_rating, fei, team_rankings; total from fei"
2026-10-17T04:00:00.000Z,7,Utah,Colorado,Folsom Field,no,50183,,,,,695.72,731.62,,,-6.467335539222957,53.36,,,,,,,"blend of 5 margin source(s) (fitted weights): espn_fpi, sagarin_predictor, sagarin_rating, fei, team_rankings; total from fei"
2026-10-17T04:00:00.000Z,7,Kentucky,Oklahoma,"Memorial Stadium (Norman, OK)",no,86112,,,,,786.65,851.14,,,13.217372423590373,44.120000000000005,,,,,,,"blend of 5 margin source(s) (fitted weights): espn_fpi, sagarin_predictor, sagarin_rating, fei, team_rankings; total from fei"
2026-10-17T04:00:00.000Z,7,Ohio State,Indiana,"Memorial Stadium (Bloomington, IN)",no,52656,,,,,964.27,735.26,-1.5,48.5,-2.3658021212562654,51.32,away,high,over,medium,away,-0.05877442969963731,"blend of 5 margin source(s) (fitted weights): espn_fpi, sagarin_predictor, sagarin_rating, fei, team_rankings; total from fei"
2026-10-17T04:00:00.000Z,7,Wake Forest,California,California Memorial Stadium,no,62467,,,,,680.87,751.92,,,-1.5554382465188445,47.72,,,,,,,"blend of 5 margin source(s) (fitted weights): espn_fpi, sagarin_predictor, sagarin_rating, fei, team_rankings; total from fei"
2026-10-17T04:00:00.000Z,7,Charlotte,Temple,Lincoln Financial Field,no,69879,,,,,576.77,631.07,,,10.153776992321117,53.48,,,,,,,"blend of 4 margin source(s) (fitted weights): sagarin_predictor, sagarin_rating, fei, team_rankings; total from fei"
2026-10-17T16:00:00.000Z,7,Florida Atlantic,Army,Michie Stadium,no,38000,,,,,593.36,303.83,,,12.478736093810678,54.92,,,,,,,"blend of 5 margin source(s) (fitted weights): espn_fpi, sagarin_predictor, sagarin_rating, fei, team_rankings; total from fei"
2026-10-17T19:30:00.000Z,7,Northern Illinois,Wyoming,War Memorial Stadium,no,29181,,,,,536.58,528.29,,,4.382709440790205,46.16,,,,,,,"blend of 5 margin source(s) (fitted weights): espn_fpi, sagarin_predictor, sagarin_rating, fei, team_rankings; total from fei"
2026-10-17T19:30:00.000Z,7,UNLV,Air Force,Falcon Stadium,no,46692,,,,,696.03,272.35,,,-2.0618565794214385,62.36,,,,,,,"blend of 5 margin source(s) (fitted weights): espn_fpi, sagarin_predictor, sagarin_rating, fei, team_rankings; total from fei"
2026-10-17T22:00:00.000Z,7,Washington State,Oregon State,Reser Stadium,no,43363,,,,,630.29,635.79,,,-1.8845115069884955,48.92,,,,,,,"blend of 5 margin source(s) (fitted weights): espn_fpi, sagarin_predictor, sagarin_rating, fei, team_rankings; total from fei"
2026-10-17T23:00:00.000Z,7,Nevada,North Dakota State,Fargodome,yes,18700,,,,,549.99,515.59,,,6.6672166066758605,50.480000000000004,,,,,,,"blend of 5 margin source(s) (fitted weights): espn_fpi, sagarin_predictor, sagarin_rating, fei, team_rankings; total from fei"
2026-10-18T01:00:00.000Z,7,San José State,UTEP,Sun Bowl,no,51500,,,,,569.25,585.76,,,-4.86539113664609,50.239999999999995,,,,,,,"blend of 5 margin source(s) (fitted weights): espn_fpi, sagarin_predictor, sagarin_rating, fei, team_rankings; total from fei"
2026-10-18T02:30:00.000Z,7,Fresno State,San Diego State,Snapdragon Stadium,no,35000,,,,,609.75,609.22,,,7.676991353830428,41.84,,,,,,,"blend of 5 margin source(s) (fitted weights): espn_fpi, sagarin_predictor, sagarin_rating, fei, team_rankings; total from fei"
2026-10-20T23:00:00.000Z,8,Missouri State,Delaware,Delaware Stadium,no,22000,,,,,549.92,483.48,,,8.481669197424935,58.4,,,,,,,"blend of 5 margin source(s) (fitted weights): espn_fpi, sagarin_predictor, sagarin_rating, fei, team_rankings; total from fei"
2026-10-20T23:00:00.000Z,8,Middle Tennessee,Florida International,Pitbull Stadium,no,20000,,,,,571.5,607.56,,,5.328165665226654,50.72,,,,,,,"blend of 2 margin source(s) (fitted weights): espn_fpi, fei; total from fei"
2026-10-20T23:30:00.000Z,8,South Alabama,Marshall,Joan C. Edwards Stadium,no,38016,,,,,573.38,594.71,,,1.9265674862933184,53.120000000000005,,,,,,,"blend of 5 margin source(s) (fitted weights): espn_fpi, sagarin_predictor, sagarin_rating, fei, team_rankings; total from fei"
2026-10-22T00:00:00.000Z,8,New Mexico State,Sam Houston,Elliott T. Bowers Stadium,no,14000,,,,,460.38,554.47,,,-1.5661992748455131,50.120000000000005,,,,,,,"blend of 5 margin source(s) (fitted weights): espn_fpi, sagarin_predictor, sagarin_rating, fei, team_rankings; total from fei"
2026-10-22T23:00:00.000Z,8,Liberty,Kennesaw State,Fifth Third Stadium,no,11040,,,,,633.35,502.86,,,2.2661598672707943,56.48,,,,,,,"blend of 5 margin source(s) (fitted weights): espn_fpi, sagarin_predictor, sagarin_rating, fei, team_rankings; total from fei"
2026-10-22T23:00:00.000Z,8,James Madison,App State,Kidd Brewer Stadium,no,30000,,,,,588.31,621.61,,,-3.5005857517108305,53.72,,,,,,,"blend of 5 margin source(s) (fitted weights): espn_fpi, sagarin_predictor, sagarin_rating, fei, team_rankings; total from fei"
2026-10-22T23:30:00.000Z,8,East Carolina,Memphis,Simmons Bank Liberty Stadium,no,58325,,,,,623.79,670.31,,,6.01913831686157,52.519999999999996,,,,,,,"blend of 5 margin source(s) (fitted weights): espn_fpi, sagarin_predictor, sagarin_rating, fei, team_rankings; total from fei"
2026-10-23T23:00:00.000Z,8,Duke,Virginia,Scott Stadium,no,61500,,,,,668.47,700.18,-6.5,53.5,8.337204720231732,55.04,home,medium,over,low,,-0.006190311767696355,"blend of 5 margin source(s) (fitted weights): espn_fpi, sagarin_predictor, sagarin_rating, fei, team_rankings; total from fei"
2026-10-23T23:00:00.000Z,8,Massachusetts,UConn,Pratt & Whitney Stadium,no,40000,,,,,525.94,652.56,,,11.798881295204293,57.080000000000005,,,,,,,"blend of 5 margin source(s) (fitted weights): espn_fpi, sagarin_predictor, sagarin_rating, fei, team_rankings; total from fei"
2026-10-24T00:30:00.000Z,8,Army,Tulsa,Chapman Stadium,no,30000,,,,,303.83,622.84,,,-1.621966906821621,50.959999999999994,,,,,,,"blend of 5 margin source(s) (fitted weights): espn_fpi, sagarin_predictor, sagarin_rating, fei, team_rankings; total from fei"
2026-10-24T01:00:00.000Z,8,Air Force,Wyoming,War Memorial Stadium,no,29181,,,,,272.35,528.29,,,-5.2457571437196435,54.68,,,,,,,"blend of 5 margin source(s) (fitted weights): espn_fpi, sagarin_predictor, sagarin_rating, fei, team_rankings; total from fei"
2026-10-24T02:30:00.000Z,8,NC State,Stanford,Stanford Stadium,no,50424,,,,,757.14,705.81,,,-0.8509962960387583,51.08,,,,,,,"blend of 5 margin source(s) (fitted weights): espn_fpi, sagarin_predictor, sagarin_rating, fei, team_rankings; total from fei"
2026-10-24T04:00:00.000Z,8,Sacramento State,Ball State,Scheumann Stadium,no,22500,,,,,561.42,563.88,,,2.4626655688129624,49.64,,,,,,,"blend of 5 margin source(s) (fitted weights): espn_fpi, sagarin_predictor, sagarin_rating, fei, team_rankings; total from fei"
2026-10-24T04:00:00.000Z,8,Oklahoma,Mississippi State,Davis Wade Stadium,no,61337,,,,,851.14,804.53,,,-7.195637844493973,48.8,,,,,,,"blend of 5 margin source(s) (fitted weights): espn_fpi, sagarin_predictor, sagarin_rating, fei, team_rankings; total from fei"
2026-10-24T04:00:00.000Z,8,Western Michigan,Toledo,Glass Bowl,no,26038,,,,,572.2,556.26,,,1.6840553929099304,47,,,,,,,"blend of 5 margin source(s) (fitted weights): espn_fpi, sagarin_predictor, sagarin_rating, fei, team_rankings; total from fei"
2026-10-24T04:00:00.000Z,8,Bowling Green,Buffalo,UB Stadium,no,30270,,,,,568.33,549.31,,,3.701212983097448,41.72,,,,,,,"blend of 5 margin source(s) (fitted weights): espn_fpi, sagarin_predictor, sagarin_rating, fei, team_rankings; total from fei"
2026-10-24T04:00:00.000Z,8,California,SMU,Gerald J. Ford Stadium,no,32000,,,,,751.92,764.5,,,13.34612974418426,52.28,,,,,,,"blend of 5 margin source(s) (fitted weights): espn_fpi, sagarin_predictor, sagarin_rating, fei, team_rankings; total from fei"
2026-10-24T04:00:00.000Z,8,Pittsburgh,Miami,Hard Rock Stadium,no,64767,,,,,675.02,885.94,,,14.532818842982394,47.84,,,,,,,"blend of 5 margin source(s) (fitted weights): espn_fpi, sagarin_predictor, sagarin_rating, fei, team_rankings; total from fei"
2026-10-24T04:00:00.000Z,8,UTSA,Tulane,Yulman Stadium,no,30000,,,,,655.82,665.11,,,4.560717241900541,54.08,,,,,,,"blend of 5 margin source(s) (fitted weights): espn_fpi, sagarin_predictor, sagarin_rating, fei, team_rankings; total from fei"
2026-10-24T04:00:00.000Z,8,West Virginia,TCU,Amon G. Carter Stadium,no,46000,,,,,707.6,730.79,,,6.573789536694747,50.599999999999994,,,,,,,"blend of 5 margin source(s) (fitted weights): espn_fpi, sagarin_predictor, sagarin_rating, fei, team_rankings; total from fei"
2026-10-24T04:00:00.000Z,8,Vanderbilt,Kentucky,Kroger Field,no,61000,,,,,727.39,786.65,,,0.605728658352962,55.64,,,,,,,"blend of 5 margin source(s) (fitted weights): espn_fpi, sagarin_predictor, sagarin_rating, fei, team_rankings; total from fei"
2026-10-24T04:00:00.000Z,8,Texas Tech,Cincinnati,Nippert Stadium,no,40000,,,,,767.89,634.28,,,-9.520748721913254,50.239999999999995,,,,,,,"blend of 5 margin source(s) (fitted weights): espn_fpi, sagarin_predictor, sagarin_rating, fei, team_rankings; total from fei"
2026-10-24T04:00:00.000Z,8,UL Monroe,Troy,Veterans Memorial Stadium (AL),no,30000,,,,,505.49,596.19,,,10.05405268809207,46.760000000000005,,,,,,,"blend of 4 margin source(s) (fitted weights): sagarin_predictor, sagarin_rating, fei, team_rankings; total from fei"
2026-10-24T04:00:00.000Z,8,Colorado,Oklahoma State,Boone Pickens Stadium,no,55509,,,,,731.62,672.69,,,-0.3277344587134631,49.879999999999995,,,,,,,"blend of 5 margin source(s) (fitted weights): espn_fpi, sagarin_predictor, sagarin_rating, fei, team_rankings; total from fei"
2026-10-24T04:00:00.000Z,8,Syracuse,North Carolina,Kenan Stadium,no,50500,,,,,745.61,767.89,,,4.9694133513408065,49.28,,,,,,,"blend of 5 margin source(s) (fitted weights): espn_fpi, sagarin_predictor, sagarin_rating, fei, team_rankings; total from fei"
2026-10-24T04:00:00.000Z,8,Tennessee,South Carolina,Williams-Brice Stadium,no,80250,,,,,885.9,862.87,,,0.5549761329579481,51.8,,,,,,,"blend of 5 margin source(s) (fitted weights): espn_fpi, sagarin_predictor, sagarin_rating, fei, team_rankings; total from fei"
2026-10-24T04:00:00.000Z,8,Virginia Tech,Clemson,"Memorial Stadium (Clemson, SC)",no,81500,,,,,769.12,862.85,,,4.030548201442826,50.48,,,,,,,"blend of 5 margin source(s) (fitted weights): espn_fpi, sagarin_predictor, sagarin_rating, fei, team_rankings; total from fei"
2026-10-24T04:00:00.000Z,8,Miami (OH),Central Michigan,Kelly/Shorts Stadium,no,30255,,,,,621.37,540.01,,,-1.3159008750125365,47.6,,,,,,,"blend of 5 margin source(s) (fitted weights): espn_fpi, sagarin_predictor, sagarin_rating, fei, team_rankings; total from fei"
2026-10-24T04:00:00.000Z,8,Iowa State,Arizona,Arizona Stadium,no,50782,,,,,669.55,699.59,,,7.925109013132875,51.08,,,,,,,"blend of 5 margin source(s) (fitted weights): espn_fpi, sagarin_predictor, sagarin_rating, fei, team_rankings; total from fei"
2026-10-24T04:00:00.000Z,8,Old Dominion,Louisiana Tech,Joe Aillet Stadium,no,28019,,,,,544.25,543.02,,,-0.3759905018363776,46.760000000000005,,,,,,,"blend of 5 margin source(s) (fitted weights): espn_fpi, sagarin_predictor, sagarin_rating, fei, team_rankings; total from fei"
2026-10-24T04:00:00.000Z,8,Houston,Utah,Rice-Eccles Stadium,no,51444,,,,,695.93,695.72,-6.5,50.5,8.266643969991271,55.64,home,medium,over,medium,,0.0065121975981086155,"blend of 5 margin source(s) (fitted weights): espn_fpi, sagarin_predictor, sagarin_rating, fei, team_rankings; total from fei"
2026-10-24T04:00:00.000Z,8,Baylor,Kansas,Memorial Stadium,no,47000,,,,,723.28,684.51,,,1.3098626419132624,62.120000000000005,,,,,,,"blend of 5 margin source(s) (fitted weights): espn_fpi, sagarin_predictor, sagarin_rating, fei, team_rankings; total from fei"
2026-10-24T04:00:00.000Z,8,Texas A&M,Alabama,Bryant-Denny Stadium,no,101821,,,,,933,973.53,-2.5,54.5,3.941831568943778,52.16,home,medium,under,medium,,0.033807830560528274,"blend of 5 margin source(s) (fitted weights): espn_fpi, sagarin_predictor, sagarin_rating, fei, team_rankings; total from fei"
2026-10-24T04:00:00.000Z,8,Rice,Florida Atlantic,FAU Stadium,no,29419,,,,,589.89,593.36,,,2.8335835042969233,52.4,,,,,,,"blend of 5 margin source(s) (fitted weights): espn_fpi, sagarin_predictor, sagarin_rating, fei, team_rankings; total from fei"
2026-10-24T04:00:00.000Z,8,Indiana,Michigan,Michigan Stadium,no,107601,,,,,735.26,890.02,6,52.5,-6.128172932183445,53.36,away,low,over,low,,0.04164881397398601,"blend of 5 margin source(s) (fitted weights): espn_fpi, sagarin_predictor, sagarin_rating, fei, team_rankings; total from fei"
2026-10-24T04:00:00.000Z,8,Louisiana,Southern Miss,M. M. Roberts Stadium,no,36000,,,,,590.94,602.63,,,3.310627957461844,,,,,,,,"blend of 4 margin source(s) (fitted weights): espn_fpi, sagarin_predictor, sagarin_rating, team_rankings"
2026-10-24T04:00:00.000Z,8,Eastern Michigan,Ohio,Peden Stadium,no,24000,,,,,580.64,522.84,,,7.404273720011595,54.32,,,,,,,"blend of 5 margin source(s) (fitted weights): espn_fpi, sagarin_predictor, sagarin_rating, fei, team_rankings; total from fei"
2026-10-24T04:00:00.000Z,8,Akron,Kent State,Dix Stadium,no,25319,,,,,546.84,522.83,,,-1.5722273406693177,54.08,,,,,,,"blend of 5 margin source(s) (fitted weights): espn_fpi, sagarin_predictor, sagarin_rating, fei, team_rankings; total from fei"
2026-10-24T04:00:00.000Z,8,Iowa,Minnesota,Huntington Bank Stadium,no,50850,,,,,722.73,728.79,,,-4.186356710999142,43.879999999999995,,,,,,,"blend of 5 margin source(s) (fitted weights): espn_fpi, sagarin_predictor, sagarin_rating, fei, team_rankings; total from fei"
2026-10-24T04:00:00.000Z,8,USC,Wisconsin,Camp Randall Stadium,no,80321,,,,,899,767.68,,,-6.314076435558474,55.760000000000005,,,,,,,"blend of 5 margin source(s) (fitted weights): espn_fpi, sagarin_predictor, sagarin_rating, fei, team_rankings; total from fei"
2026-10-24T04:00:00.000Z,8,Kansas State,Arizona State,Mountain America Stadium,no,65870,,,,,718.67,722,,,0.6043382290187038,51.8,,,,,,,"blend of 5 margin source(s) (fitted weights): espn_fpi, sagarin_predictor, sagarin_rating, fei, team_rankings; total from fei"
2026-10-24T04:00:00.000Z,8,Ole Miss,Texas,DKR-Texas Memorial Stadium,no,100119,,,,,885.72,985.17,-8.5,54.5,10.784439218393217,55.28,home,medium,over,low,,0.02410062739843344,"blend of 5 margin source(s) (fitted weights): espn_fpi, sagarin_predictor, sagarin_rating, fei, team_rankings; total from fei"
2026-10-24T04:00:00.000Z,8,Hawai'i,Northern Illinois,Huskie Stadium,no,23595,,,,,556.82,536.58,,,-5.449076265853992,52.519999999999996,,,,,,,"blend of 5 margin source(s) (fitted weights): espn_fpi, sagarin_predictor, sagarin_rating, fei, team_rankings; total from fei"
2026-10-24T04:00:00.000Z,8,Oregon,Illinois,"Memorial Stadium (Champaign, IL)",no,60670,,,,,984.33,704.01,,,-12.747242923039636,57.8,,,,,,,"blend of 5 margin source(s) (fitted weights): espn_fpi, sagarin_predictor, sagarin_rating, fei, team_rankings; total from fei"
2026-10-24T04:00:00.000Z,8,Michigan State,UCLA,Rose Bowl,no,88565,,,,,685.02,774.45,,,5.9807184316391195,54.44,,,,,,,"blend of 5 margin source(s) (fitted weights): espn_fpi, sagarin_predictor, sagarin_rating, fei, team_rankings; total from fei"
2026-10-24T04:00:00.000Z,8,Boston College,Georgia Tech,Bobby Dodd Stadium,no,55000,,,,,660,751.65,,,9.945987158241383,57.2,,,,,,,"blend of 5 margin source(s) (fitted weights): espn_fpi, sagarin_predictor, sagarin_rating, fei, team_rankings; total from fei"
2026-10-24T04:00:00.000Z,8,Rutgers,Northwestern,Ryan Field,no,35000,,,,,709.04,688.32,,,8.423198256812015,56.239999999999995,,,,,,,"blend of 5 margin source(s) (fitted weights): espn_fpi, sagarin_predictor, sagarin_rating, fei, team_rankings; total from fei"
2026-10-24T04:00:00.000Z,8,BYU,UCF,FBC Mortgage Stadium,no,44206,,,,,689.42,672.14,,,-5.619147011334175,51.68,,,,,,,"blend of 3 margin source(s) (fitted weights): espn_fpi, fei, team_rankings; total from fei"
2026-10-24T16:00:00.000Z,8,LSU,Auburn,Jordan-Hare Stadium,no,87451,,,,,931.76,828.19,,,-5.67726208615881,46.879999999999995,,,,,,,"blend of 5 margin source(s) (fitted weights): espn_fpi, sagarin_predictor, sagarin_rating, fei, team_rankings; total from fei"
2026-10-24T19:30:00.000Z,8,North Texas,Navy,Navy-Marine Corps Memorial Stadium,no,34000,,,,,602.08,195.68,,,6.560145315853112,61.16,,,,,,,"blend of 5 margin source(s) (fitted weights): espn_fpi, sagarin_predictor, sagarin_rating, fei, team_rankings; total from fei"
2026-10-24T21:00:00.000Z,8,San José State,Nevada,Mackay Stadium,no,27000,,,,,569.25,549.99,,,4.403812759936788,50.84,,,,,,,"blend of 5 margin source(s) (fitted weights): espn_fpi, sagarin_predictor, sagarin_rating, fei, team_rankings; total from fei"
2026-10-24T22:00:00.000Z,8,Boise State,Washington State,Gesa Field,no,32952,,,,,641.17,630.29,,,-4.513249069480619,48.32,,,,,,,"blend of 5 margin source(s) (fitted weights): espn_fpi, sagarin_predictor, sagarin_rating, fei, team_rankings; total from fei"
2026-10-24T22:30:00.000Z,8,San Diego State,Colorado State,Canvas Stadium,no,36500,,,,,609.22,640.31,,,-5.562257525114319,47.36,,,,,,,"blend of 5 margin source(s) (fitted weights): espn_fpi, sagarin_predictor, sagarin_rating, fei, team_rankings; total from fei"
2026-10-24T23:00:00.000Z,8,Georgia State,Arkansas State,Centennial Bank Stadium,no,30382,,,,,573.83,606.22,,,4.679924830635481,53.36,,,,,,,"blend of 5 margin source(s) (fitted weights): espn_fpi, sagarin_predictor, sagarin_rating, fei, team_rankings; total from fei"
2026-10-24T23:30:00.000Z,8,Utah State,Texas State,Bobcat Stadium (TX),no,30000,,,,,543.98,624.81,,,5.138140248242493,58.879999999999995,,,,,,,"blend of 5 margin source(s) (fitted weights): espn_fpi, sagarin_predictor, sagarin_rating, fei, team_rankings; total from fei"
2026-10-25T02:00:00.000Z,8,North Dakota State,New Mexico,University Stadium (NM),no,39224,,,,,515.59,568.19,,,3.7668498331268907,52.400000000000006,,,,,,,"blend of 5 margin source(s) (fitted weights): espn_fpi, sagarin_predictor, sagarin_rating, fei, team_rankings; total from fei"
2026-10-27T23:00:00.000Z,9,Delaware,Western Kentucky,Houchens Industries-L.T. Smith Stadium,no,22113,,,,,483.48,611.52,,,1.7570834175589847,54.32,,,,,,,"blend of 5 margin source(s) (fitted weights): espn_fpi, sagarin_predictor, sagarin_rating, fei, team_rankings; total from fei"
2026-10-28T00:00:00.000Z,9,Sam Houston,Missouri State,Plaster Sports Complex,no,17337,,,,,554.47,549.92,,,5.171363922763485,54.56,,,,,,,"blend of 5 margin source(s) (fitted weights): espn_fpi, sagarin_predictor, sagarin_rating, fei, team_rankings; total from fei"
2026-10-28T23:00:00.000Z,9,Kennesaw State,Middle Tennessee,"Johnny ""Red"" Floyd Stadium",no,30788,,,,,502.86,571.5,,,-5.0712707056393675,54.2,,,,,,,"blend of 5 margin source(s) (fitted weights): espn_fpi, sagarin_predictor, sagarin_rating, fei, team_rankings; total from fei"
2026-10-29T00:00:00.000Z,9,Jacksonville State,New Mexico State,Aggie Memorial Stadium,no,28853,,,,,602.83,460.38,,,0.7141961612357798,50.6,,,,,,,"blend of 5 margin source(s) (fitted weights): espn_fpi, sagarin_predictor, sagarin_rating, fei, team_rankings; total from fei"
2026-10-29T23:30:00.000Z,9,Troy,James Madison,Bridgeforth Stadium,no,24877,,,,,596.19,588.31,,,9.930075010933265,46.040000000000006,,,,,,,"blend of 4 margin source(s) (fitted weights): sagarin_predictor, sagarin_rating, fei, team_rankings; total from fei"
2026-10-29T23:30:00.000Z,9,Florida Atlantic,North Texas,DATCU Stadium,no,30850,,,,,593.36,602.08,,,9.560764427070765,61.519999999999996,,,,,,,"blend of 5 margin source(s) (fitted weights): espn_fpi, sagarin_predictor, sagarin_rating, fei, team_rankings; total from fei"
2026-10-30T23:00:00.000Z,9,Tulane,Charlotte,Jerry Richardson Stadium,no,15300,,,,,665.11,576.77,,,-13.092014880687067,50.36,,,,,,,"blend of 4 margin source(s) (fitted weights): sagarin_predictor, sagarin_rating, fei, team_rankings; total from fei"
2026-10-30T23:30:00.000Z,9,Baylor,UCF,FBC Mortgage Stadium,no,44206,,,,,723.28,672.14,,,0.7859372914662062,53.239999999999995,,,,,,,"blend of 3 margin source(s) (fitted weights): espn_fpi, fei, team_rankings; total from fei"
2026-10-31T02:30:00.000Z,9,Kent State,Sacramento State,Hornet Stadium,no,21195,,,,,522.83,561.42,,,5.01107450804021,55.28,,,,,,,"blend of 5 margin source(s) (fitted weights): espn_fpi, sagarin_predictor, sagarin_rating, fei, team_rankings; total from fei"
2026-10-31T04:00:00.000Z,9,Oklahoma State,Iowa State,Jack Trice Stadium,no,61500,,,,,672.69,669.55,,,4.623437518562546,49.76,,,,,,,"blend of 5 margin source(s) (fitted weights): espn_fpi, sagarin_predictor, sagarin_rating, fei, team_rankings; total from fei"
2026-10-31T04:00:00.000Z,9,Utah,Cincinnati,Nippert Stadium,no,40000,,,,,695.72,634.28,,,-4.471452305092691,58.400000000000006,,,,,,,"blend of 5 margin source(s) (fitted weights): espn_fpi, sagarin_predictor, sagarin_rating, fei, team_rankings; total from fei"
2026-10-31T04:00:00.000Z,9,Army,Memphis,Simmons Bank Liberty Stadium,no,58325,,,,,303.83,670.31,,,5.194340790601364,53.72,,,,,,,"blend of 5 margin source(s) (fitted weights): espn_fpi, sagarin_predictor, sagarin_rating, fei, team_rankings; total from fei"
2026-10-31T04:00:00.000Z,9,Arizona,Texas Tech,Jones AT&T Stadium,no,60454,,,,,699.59,767.89,,,12.267550969512396,45.92,,,,,,,"blend of 5 margin source(s) (fitted weights): espn_fpi, sagarin_predictor, sagarin_rating, fei, team_rankings; total from fei"
2026-10-31T04:00:00.000Z,9,Auburn,Ole Miss,Vaught-Hemingway Stadium,no,64038,,,,,828.19,885.72,,,7.8312552904664114,53.72,,,,,,,"blend of 5 margin source(s) (fitted weights): espn_fpi, sagarin_predictor, sagarin_rating, fei, team_rankings; total from fei"
2026-10-31T04:00:00.000Z,9,Illinois,Maryland,SECU Stadium,no,51802,,,,,704.01,719.64,,,-1.5405493910213814,51.8,,,,,,,"blend of 5 margin source(s) (fitted weights): espn_fpi, sagarin_predictor, sagarin_rating, fei, team_rankings; total from fei"
2026-10-31T04:00:00.000Z,9,App State,Georgia Southern,Allen E. Paulson Stadium,no,25000,,,,,621.61,634.19,,,0.9749218758621686,61.4,,,,,,,"blend of 4 margin source(s) (fitted weights): espn_fpi, sagarin_predictor, sagarin_rating, fei; total from fei"
2026-10-31T04:00:00.000Z,9,Wisconsin,Iowa,Kinnick Stadium,no,69250,,,,,767.68,722.73,,,7.683965824683603,38.959999999999994,,,,,,,"blend of 5 margin source(s) (fitted weights): espn_fpi, sagarin_predictor, sagarin_rating, fei, team_rankings; total from fei"
2026-10-31T04:00:00.000Z,9,Marshall,Old Dominion,S.B. Ballard Stadium,no,20118,,,,,594.71,544.25,,,7.9640083288664085,46.64,,,,,,,"blend of 5 margin source(s) (fitted weights): espn_fpi, sagarin_predictor, sagarin_rating, fei, team_rankings; total from fei"
2026-10-31T04:00:00.000Z,9,Miami,North Carolina,Kenan Stadium,no,50500,,,,,885.94,767.89,,,-14.842517565379385,51.32,,,,,,,"blend of 5 margin source(s) (fitted weights): espn_fpi, sagarin_predictor, sagarin_rating, fei, team_rankings; total from fei"
2026-10-31T04:00:00.000Z,9,Oregon State,Fresno State,Valley Children's Stadium,no,41031,,,,,635.79,609.75,,,3.6841366512936813,46.760000000000005,,,,,,,"blend of 5 margin source(s) (fitted weights): espn_fpi, sagarin_predictor, sagarin_rating, fei, team_rankings; total from fei"
2026-10-31T04:00:00.000Z,9,Purdue,Penn State,Beaver Stadium,no,106572,,,,,698.33,774.04,,,18.237627893950638,52.879999999999995,,,,,,,"blend of 5 margin source(s) (fitted weights): espn_fpi, sagarin_predictor, sagarin_rating, fei, team_rankings; total from fei"
2026-10-31T04:00:00.000Z,9,Northwestern,Oregon,Autzen Stadium,no,54000,,,,,688.32,984.33,,,21.79694545607989,53,,,,,,,"blend of 5 margin source(s) (fitted weights): espn_fpi, sagarin_predictor, sagarin_rating, fei, team_rankings; total from fei"
2026-10-31T04:00:00.000Z,9,Arizona State,BYU,LaVell Edwards Stadium,no,63470,,,,,722,689.42,,,8.1915176260997,53.239999999999995,,,,,,,"blend of 5 margin source(s) (fitted weights): espn_fpi, sagarin_predictor, sagarin_rating, fei, team_rankings; total from fei"
2026-10-31T04:00:00.000Z,9,Clemson,Florida State,Doak Campbell Stadium,no,67277,,,,,862.85,800.2,1.5,51.5,1.931774973649597,53.36,home,high,over,low,home,0.05237969906738982,"blend of 5 margin source(s) (fitted weights): espn_fpi, sagarin_predictor, sagarin_rating, fei, team_rankings; total from fei"
2026-10-31T04:00:00.000Z,9,Washington,Nebraska,"Memorial Stadium (Lincoln, NE)",no,85458,,,,,777.63,787.45,,,-0.21435056137133945,54.08,,,,,,,"blend of 5 margin source(s) (fitted weights): espn_fpi, sagarin_predictor, sagarin_rating, fei, team_rankings; total from fei"
2026-10-31T04:00:00.000Z,9,Kansas State,Colorado,Folsom Field,no,50183,,,,,718.67,731.62,,,-3.6351786625587144,51.56,,,,,,,"blend of 5 margin source(s) (fitted weights): espn_fpi, sagarin_predictor, sagarin_rating, fei, team_rankings; total from fei"
2026-10-31T04:00:00.000Z,9,Nevada,UCLA,Rose Bowl,no,88565,,,,,549.99,774.45,,,14.356151174515212,51.44,,,,,,,"blend of 5 margin source(s) (fitted weights): espn_fpi, sagarin_predictor, sagarin_rating, fei, team_rankings; total from fei"
2026-10-31T04:00:00.000Z,9,Stanford,Louisville,L&N Federal Credit Union Stadium,no,60000,,,,,705.81,739.97,,,14.687441858689898,47.84,,,,,,,"blend of 5 margin source(s) (fitted weights): espn_fpi, sagarin_predictor, sagarin_rating, fei, team_rankings; total from fei"
2026-10-31T04:00:00.000Z,9,California,NC State,Carter-Finley Stadium,no,58000,,,,,751.92,757.14,,,3.5102112651044357,51.8,,,,,,,"blend of 5 margin source(s) (fitted weights): espn_fpi, sagarin_predictor, sagarin_rating, fei, team_rankings; total from fei"
2026-10-31T04:00:00.000Z,9,South Carolina,Oklahoma,"Memorial Stadium (Norman, OK)",no,86112,,,,,862.87,851.14,,,7.189521847319336,43.64,,,,,,,"blend of 5 margin source(s) (fitted weights): espn_fpi, sagarin_predictor, sagarin_rating, fei, team_rankings; total from fei"
2026-10-31T04:00:00.000Z,9,Missouri,Arkansas,Razorback Stadium,no,80000,,,,,808.36,745.48,,,-3.9193398786511553,56,,,,,,,"blend of 5 margin source(s) (fitted weights): espn_fpi, sagarin_predictor, sagarin_rating, fei, team_rankings; total from fei"
2026-10-31T04:00:00.000Z,9,Georgia Tech,Pittsburgh,Acrisure Stadium,no,68400,,,,,751.65,675.02,,,7.9224971027367745,51.68,,,,,,,"blend of 5 margin source(s) (fitted weights): espn_fpi, sagarin_predictor, sagarin_rating, fei, team_rankings; total from fei"
2026-10-31T04:00:00.000Z,9,Boston College,Duke,Wallace Wade Stadium,no,40004,,,,,660,668.47,,,9.784461119723105,58.64,,,,,,,"blend of 5 margin source(s) (fitted weights): espn_fpi, sagarin_predictor, sagarin_rating, fei, team_rankings; total from fei"
2026-10-31T04:00:00.000Z,9,Minnesota,Indiana,"Memorial Stadium (Bloomington, IN)",no,52656,,,,,728.79,735.26,,,20.47668121648585,50.96,,,,,,,"blend of 5 margin source(s) (fitted weights): espn_fpi, sagarin_predictor, sagarin_rating, fei, team_rankings; total from fei"
2026-10-31T04:00:00.000Z,9,UAB,South Florida,Raymond James Stadium,no,65828,,,,,606.18,703.81,,,14.246899443766832,56.959999999999994,,,,,,,"blend of 5 margin source(s) (fitted weights): espn_fpi, sagarin_predictor, sagarin_rating, fei, team_rankings; total from fei"
2026-10-31T04:00:00.000Z,9,Southern Miss,UL Monroe,Malone Stadium,no,27617,,,,,602.63,505.49,,,-13.277077370530598,,,,,,,,"blend of 4 margin source(s) (fitted weights): espn_fpi, sagarin_predictor, sagarin_rating, team_rankings"
2026-10-31T04:00:00.000Z,9,New Mexico,San José State,CEFCU Stadium,no,30456,,,,,568.19,569.25,,,-4.460494330578875,52.760000000000005,,,,,,,"blend of 5 margin source(s) (fitted weights): espn_fpi, sagarin_predictor, sagarin_rating, fei, team_rankings; total from fei"
2026-10-31T04:00:00.000Z,9,Michigan,Rutgers,SHI Stadium,no,52454,,,,,890.02,709.04,,,-13.284927693312842,60.2,,,,,,,"blend of 5 margin source(s) (fitted weights): espn_fpi, sagarin_predictor, sagarin_rating, fei, team_rankings; total from fei"
2026-10-31T04:00:00.000Z,9,Virginia,Wake Forest,Allegacy Federal Credit Union Stadium,no,31500,,,,,700.18,680.87,,,-3.3235317005312046,46.76,,,,,,,"blend of 5 margin source(s) (fitted weights): espn_fpi, sagarin_predictor, sagarin_rating, fei, team_rankings; total from fei"
2026-10-31T04:00:00.000Z,9,SMU,Syracuse,JMA Wireless Dome,yes,49057,,,,,764.5,745.61,,,-6.216414797978193,50.72,,,,,,,"blend of 5 margin source(s) (fitted weights): espn_fpi, sagarin_predictor, sagarin_rating, fei, team_rankings; total from fei"
2026-10-31T04:00:00.000Z,9,Ohio State,USC,Los Angeles Memorial Coliseum,no,77500,,,,,964.27,899,7.5,54.5,-9.648631146707434,61.040000000000006,away,medium,over,high,,0.006783494533942391,"blend of 5 margin source(s) (fitted weights): espn_fpi, sagarin_predictor, sagarin_rating, fei, team_rankings; total from fei"
2026-10-31T04:00:00.000Z,9,Coastal Carolina,Georgia State,Center Parc Stadium,no,25000,,,,,573.96,573.83,,,0.4381893388749251,54.44,,,,,,,"blend of 5 margin source(s) (fitted weights): espn_fpi, sagarin_predictor, sagarin_rating, fei, team_rankings; total from fei"
2026-10-31T04:00:00.000Z,9,Louisiana Tech,South Alabama,Hancock Whitney Stadium,no,25450,,,,,543.02,573.38,,,0.862799555837313,53.24,,,,,,,"blend of 5 margin source(s) (fitted weights): espn_fpi, sagarin_predictor, sagarin_rating, fei, team_rankings; total from fei"
2026-10-31T04:00:00.000Z,9,Kansas,TCU,Amon G. Carter Stadium,no,46000,,,,,684.51,730.79,,,2.8477447455152975,57.92,,,,,,,"blend of 5 margin source(s) (fitted weights): espn_fpi, sagarin_predictor, sagarin_rating, fei, team_rankings; total from fei"
2026-10-31T04:00:00.000Z,9,Mississippi State,Texas,DKR-Texas Memorial Stadium,no,100119,,,,,804.53,985.17,,,19.160373644992227,51.31999999999999,,,,,,,"blend of 5 margin source(s) (fitted weights): espn_fpi, sagarin_predictor, sagarin_rating, fei, team_rankings; total from fei"
2026-10-31T04:00:00.000Z,9,Temple,East Carolina,Dowdy-Ficklen Stadium,no,50000,,,,,631.07,623.79,,,7.986748854225825,53.959999999999994,,,,,,,"blend of 5 margin source(s) (fitted weights): espn_fpi, sagarin_predictor, sagarin_rating, fei, team_rankings; total from fei"
2026-10-31T16:00:00.000Z,9,Notre Dame,Navy,Gillette Stadium,no,68756,,,,,953.03,195.68,,,-21.687559924410866,54.32000000000001,,,,,,,"blend of 5 margin source(s) (fitted weights): espn_fpi, sagarin_predictor, sagarin_rating, fei, team_rankings; total from fei"
2026-10-31T16:00:00.000Z,9,Bowling Green,Western Michigan,Waldo Stadium,no,30200,,,,,568.33,572.2,,,12.922584499644604,44.120000000000005,,,,,,,"blend of 5 margin source(s) (fitted weights): espn_fpi, sagarin_predictor, sagarin_rating, fei, team_rankings; total from fei"
2026-10-31T19:00:00.000Z,9,UConn,Air Force,Falcon Stadium,no,46692,,,,,652.56,272.35,,,5.0361494905137985,62.72,,,,,,,"blend of 5 margin source(s) (fitted weights): espn_fpi, sagarin_predictor, sagarin_rating, fei, team_rankings; total from fei"
2026-10-31T19:30:00.000Z,9,Florida International,Liberty,Williams Stadium (VA),no,25000,,,,,607.56,633.35,,,6.934433831022279,53,,,,,,,"blend of 2 margin source(s) (fitted weights): espn_fpi, fei; total from fei"
2026-10-31T19:30:00.000Z,9,UTEP,North Dakota State,Fargodome,yes,18700,,,,,585.76,515.59,,,15.936420503258738,49.879999999999995,,,,,,,"blend of 5 margin source(s) (fitted weights): espn_fpi, sagarin_predictor, sagarin_rating, fei, team_rankings; total from fei"
2026-10-31T19:30:00.000Z,9,Florida,Georgia,Mercedes-Benz Stadium,yes,75000,,,,,891.07,1003.67,-12.5,53.5,12.690096104419606,52.64,home,low,under,low,,-0.025717547880160785,"blend of 5 margin source(s) (fitted weights): espn_fpi, sagarin_predictor, sagarin_rating, fei, team_rankings; total from fei"
2026-10-31T19:30:00.000Z,9,Colorado State,Utah State,Maverik Stadium,no,25513,,,,,640.31,543.98,,,2.829095418130362,54.8,,,,,,,"blend of 5 margin source(s) (fitted weights): espn_fpi, sagarin_predictor, sagarin_rating, fei, team_rankings; total from fei"
2026-10-31T23:00:00.000Z,9,Washington State,San Diego State,Snapdragon Stadium,no,35000,,,,,630.29,609.22,,,4.28792406355528,44,,,,,,,"blend of 5 margin source(s) (fitted weights): espn_fpi, sagarin_predictor, sagarin_rating, fei, team_rankings; total from fei"
2026-11-01T02:00:00.000Z,9,Texas State,Boise State,Albertsons Stadium,no,36387,,,,,624.81,641.17,,,13.386424168407796,55.760000000000005,,,,,,,"blend of 5 margin source(s) (fitted weights): espn_fpi, sagarin_predictor, sagarin_rating, fei, team_rankings; total from fei"
2026-11-01T02:30:00.000Z,9,Northern Illinois,UNLV,Allegiant Stadium,yes,65000,,,,,536.58,696.03,,,16.879015598511614,53.84,,,,,,,"blend of 5 margin source(s) (fitted weights): espn_fpi, sagarin_predictor, sagarin_rating, fei, team_rankings; total from fei"
2026-11-04T00:00:00.000Z,10,Buffalo,Miami (OH),Yager Stadium,no,24286,,,,,549.31,621.37,,,5.421466600804151,44.120000000000005,,,,,,,"blend of 5 margin source(s) (fitted weights): espn_fpi, sagarin_predictor, sagarin_rating, fei, team_rankings; total from fei"
2026-11-04T00:00:00.000Z,10,Ohio,Akron,InfoCision Stadium,no,30000,,,,,522.84,546.84,,,-4.537581401262367,51.56,,,,,,,"blend of 5 margin source(s) (fitted weights): espn_fpi, sagarin_predictor, sagarin_rating, fei, team_rankings; total from fei"
2026-11-04T05:00:00.000Z,10,Toledo,Sacramento State,Hornet Stadium,no,21195,,,,,556.26,561.42,,,-10.689007002114302,49.64,,,,,,,"blend of 5 margin source(s) (fitted weights): espn_fpi, sagarin_predictor, sagarin_rating, fei, team_rankings; total from fei"
2026-11-04T05:00:00.000Z,10,Ball State,Massachusetts,Warren McGuirk Alumni Stadium,no,17000,,,,,563.88,525.94,,,3.123426507969226,51.8,,,,,,,"blend of 5 margin source(s) (fitted weights): espn_fpi, sagarin_predictor, sagarin_rating, fei, team_rankings; total from fei"
2026-11-04T05:00:00.000Z,10,Central Michigan,Eastern Michigan,Ford Field,yes,64500,,,,,540.01,580.64,,,2.7770457818818794,51.68,,,,,,,"blend of 5 margin source(s) (fitted weights): espn_fpi, sagarin_predictor, sagarin_rating, fei, team_rankings; total from fei"
2026-11-06T01:00:00.000Z,10,UTSA,Florida Atlantic,FAU Stadium,no,29419,,,,,655.82,593.36,,,-6.613873377832066,56.959999999999994,,,,,,,"blend of 5 margin source(s) (fitted weights): espn_fpi, sagarin_predictor, sagarin_rating, fei, team_rankings; total from fei"
2026-11-06T01:00:00.000Z,10,James Madison,Southern Miss,M. M. Roberts Stadium,no,36000,,,,,588.31,602.63,,,-1.6903165519850347,,,,,,,,"blend of 4 margin source(s) (fitted weights): espn_fpi, sagarin_predictor, sagarin_rating, team_rankings"
2026-11-07T00:00:00.000Z,10,Virginia Tech,SMU,Gerald J. Ford Stadium,no,32000,,,,,769.12,764.5,,,6.696927718533824,54.68,,,,,,,"blend of 5 margin source(s) (fitted weights): espn_fpi, sagarin_predictor, sagarin_rating, fei, team_rankings; total from fei"
2026-11-07T00:30:00.000Z,10,South Florida,East Carolina,Dowdy-Ficklen Stadium,no,50000,,,,,703.81,623.79,,,1.4507189881531801,52.519999999999996,,,,,,,"blend of 5 margin source(s) (fitted weights): espn_fpi, sagarin_predictor, sagarin_rating, fei, team_rankings; total from fei"
2026-11-07T01:00:00.000Z,10,Nebraska,Illinois,"Memorial Stadium (Champaign, IL)",no,60670,,,,,787.45,704.01,,,1.1000634572638415,54.92,,,,,,,"blend of 5 margin source(s) (fitted weights): espn_fpi, sagarin_predictor, sagarin_rating, fei, team_rankings; total from fei"
2026-11-07T02:00:00.000Z,10,New Mexico,Nevada,Mackay Stadium,no,27000,,,,,568.19,549.99,,,-2.6510277879322537,49.04,,,,,,,"blend of 5 margin source(s) (fitted weights): espn_fpi, sagarin_predictor, sagarin_rating, fei, team_rankings; total from fei"
2026-11-07T03:15:00.000Z,10,TCU,Arizona,Arizona Stadium,no,50782,,,,,730.79,699.59,,,5.1030420138460455,51.08,,,,,,,"blend of 5 margin source(s) (fitted weights): espn_fpi, sagarin_predictor, sagarin_rating, fei, team_rankings; total from fei"
2026-11-07T05:00:00.000Z,10,Texas,Missouri,Memorial Stadium,no,71168,,,,,985.17,808.36,,,-10.913709225251775,48.559999999999995,,,,,,,"blend of 5 margin source(s) (fitted weights): espn_fpi, sagarin_predictor, sagarin_rating, fei, team_rankings; total from fei"
2026-11-07T05:00:00.000Z,10,Oklahoma State,Kansas State,Bill Snyder Family Stadium,no,50000,,,,,672.69,718.67,,,11.745951773142675,50.96,,,,,,,"blend of 5 margin source(s) (fitted weights): espn_fpi, sagarin_predictor, sagarin_rating, fei, team_rankings; total from fei"
2026-11-07T05:00:00.000Z,10,Old Dominion,Coastal Carolina,Brooks Stadium (SC),no,21000,,,,,544.25,573.96,,,-3.4791150071597747,48.44,,,,,,,"blend of 5 margin source(s) (fitted weights): espn_fpi, sagarin_predictor, sagarin_rating, fei, team_rankings; total from fei"
2026-11-07T05:00:00.000Z,10,Penn State,Washington,Husky Stadium,no,70138,,,,,774.04,777.63,,,-1.0649924604432348,54.2,,,,,,,"blend of 5 margin source(s) (fitted weights): espn_fpi, sagarin_predictor, sagarin_rating, fei, team_rankings; total from fei"
2026-11-07T05:00:00.000Z,10,Duke,NC State,Carter-Finley Stadium,no,58000,,,,,668.47,757.14,,,-0.8145926135843811,57.56,,,,,,,"blend of 5 margin source(s) (fitted weights): espn_fpi, sagarin_predictor, sagarin_rating, fei, team_rankings; total from fei"
2026-11-07T05:00:00.000Z,10,Georgia State,App State,Kidd Brewer Stadium,no,30000,,,,,573.83,621.61,,,7.99136305822113,57.2,,,,,,,"blend of 5 margin source(s) (fitted weights): espn_fpi, sagarin_predictor, sagarin_rating, fei, team_rankings; total from fei"
2026-11-07T05:00:00.000Z,10,Rice,North Texas,DATCU Stadium,no,30850,,,,,589.89,602.08,,,9.80000171407752,56.72,,,,,,,"blend of 5 margin source(s) (fitted weights): espn_fpi, sagarin_predictor, sagarin_rating, fei, team_rankings; total from fei"
2026-11-07T05:00:00.000Z,10,Iowa State,Baylor,McLane Stadium,no,45140,,,,,669.55,723.28,,,6.447498263728766,54.44,,,,,,,"blend of 5 margin source(s) (fitted weights): espn_fpi, sagarin_predictor, sagarin_rating, fei, team_rankings; total from fei"
2026-11-07T05:00:00.000Z,10,Louisville,Georgia Tech,Bobby Dodd Stadium,no,55000,,,,,739.97,751.65,,,-2.4829420413878176,52.879999999999995,,,,,,,"blend of 5 margin source(s) (fitted weights): espn_fpi, sagarin_predictor, sagarin_rating, fei, team_rankings; total from fei"
2026-11-07T05:00:00.000Z,10,Kentucky,Tennessee,Neyland Stadium,no,102455,,,,,786.65,885.9,,,10.661566877893417,52.28,,,,,,,"blend of 5 margin source(s) (fitted weights): espn_fpi, sagarin_predictor, sagarin_rating, fei, team_rankings; total from fei"
2026-11-07T05:00:00.000Z,10,Texas A&M,South Carolina,Williams-Brice Stadium,no,80250,,,,,933,862.87,,,-3.34232450771214,47.239999999999995,,,,,,,"blend of 5 margin source(s) (fitted weights): espn_fpi, sagarin_predictor, sagarin_rating, fei, team_rankings; total from fei"
2026-11-07T05:00:00.000Z,10,Tulsa,Tulane,Yulman Stadium,no,30000,,,,,622.84,665.11,,,8.100860084614048,50.36,,,,,,,"blend of 5 margin source(s) (fitted weights): espn_fpi, sagarin_predictor, sagarin_rating, fei, team_rankings; total from fei"
2026-11-07T05:00:00.000Z,10,Louisiana Tech,Troy,Veterans Memorial Stadium (AL),no,30000,,,,,543.02,596.19,,,4.311637012697644,45.8,,,,,,,"blend of 4 margin source(s) (fitted weights): sagarin_predictor, sagarin_rating, fei, team_rankings; total from fei"
2026-11-07T05:00:00.000Z,10,Florida State,Boston College,"Alumni Stadium (Chestnut Hill, MA)",no,44500,,,,,800.2,660,,,-7.693797572616487,58.16,,,,,,,"blend of 5 margin source(s) (fitted weights): espn_fpi, sagarin_predictor, sagarin_rating, fei, team_rankings; total from fei"
2026-11-07T05:00:00.000Z,10,South Alabama,Louisiana,Cajun Field,no,41426,,,,,573.38,590.94,,,4.224721374909208,55.400000000000006,,,,,,,"blend of 5 margin source(s) (fitted weights): espn_fpi, sagarin_predictor, sagarin_rating, fei, team_rankings; total from fei"
2026-11-07T05:00:00.000Z,10,Oregon,Ohio State,Ohio Stadium,no,102780,,,,,984.33,964.27,-6,52.5,7.124836337601638,54.92,home,medium,over,medium,,-0.018843574324550527,"blend of 5 margin source(s) (fitted weights): espn_fpi, sagarin_predictor, sagarin_rating, fei, team_rankings; total from fei"
2026-11-07T05:00:00.000Z,10,Northern Illinois,San José State,CEFCU Stadium,no,30456,,,,,536.58,569.25,,,8.420774984658621,52.4,,,,,,,"blend of 5 margin source(s) (fitted weights): espn_fpi, sagarin_predictor, sagarin_rating, fei, team_rankings; total from fei"
2026-11-07T05:00:00.000Z,10,Vanderbilt,Mississippi State,Davis Wade Stadium,no,61337,,,,,727.39,804.53,,,1.438770802869027,60.32000000000001,,,,,,,"blend of 5 margin source(s) (fitted weights): espn_fpi, sagarin_predictor, sagarin_rating, fei, team_rankings; total from fei"
2026-11-07T05:00:00.000Z,10,Iowa,Northwestern,Ryan Field,no,35000,,,,,722.73,688.32,,,-5.076962732358228,42.32,,,,,,,"blend of 5 margin source(s) (fitted weights): espn_fpi, sagarin_predictor, sagarin_rating, fei, team_rankings; total from fei"
2026-11-07T05:00:00.000Z,10,Oklahoma,Florida,Ben Hill Griffin Stadium,no,88548,,,,,851.14,891.07,,,-2.1170039516343837,46.4,,,,,,,"blend of 5 margin source(s) (fitted weights): espn_fpi, sagarin_predictor, sagarin_rating, fei, team_rankings; total from fei"
2026-11-07T05:00:00.000Z,10,Michigan State,Michigan,Michigan Stadium,no,107601,,,,,685.02,890.02,-16.5,50.5,14.58888161300587,54.2,away,medium,over,medium,,-0.04865217304810121,"blend of 5 margin source(s) (fitted weights): espn_fpi, sagarin_predictor, sagarin_rating, fei, team_rankings; total from fei"
2026-11-07T05:00:00.000Z,10,UCF,Kansas,Memorial Stadium,no,47000,,,,,672.14,684.51,,,2.878036733137952,56.72,,,,,,,"blend of 3 margin source(s) (fitted weights): espn_fpi, fei, team_rankings; total from fei"
2026-11-07T05:00:00.000Z,10,Arkansas,Auburn,Jordan-Hare Stadium,no,87451,,,,,745.48,828.19,,,9.189085681494127,54.2,,,,,,,"blend of 5 margin source(s) (fitted weights): espn_fpi, sagarin_predictor, sagarin_rating, fei, team_rankings; total from fei"
2026-11-07T05:00:00.000Z,10,Charlotte,UAB,Protective Stadium,no,45000,,,,,576.77,606.18,,,7.090337243463334,54.2,,,,,,,"blend of 4 margin source(s) (fitted weights): sagarin_predictor, sagarin_rating, fei, team_rankings; total from fei"
2026-11-07T05:00:00.000Z,10,Marshall,Georgia Southern,Allen E. Paulson Stadium,no,25000,,,,,594.71,634.19,,,3.4712012600071134,56.84,,,,,,,"blend of 4 margin source(s) (fitted weights): espn_fpi, sagarin_predictor, sagarin_rating, fei; total from fei"
2026-11-07T05:00:00.000Z,10,Colorado,Arizona State,Mountain America Stadium,no,65870,,,,,731.62,722,,,6.833863108867583,50.72,,,,,,,"blend of 5 margin source(s) (fitted weights): espn_fpi, sagarin_predictor, sagarin_rating, fei, team_rankings; total from fei"
2026-11-07T05:00:00.000Z,10,Rutgers,Wisconsin,Camp Randall Stadium,no,80321,,,,,709.04,767.68,,,11.004887599066972,52.879999999999995,,,,,,,"blend of 5 margin source(s) (fitted weights): espn_fpi, sagarin_predictor, sagarin_rating, fei, team_rankings; total from fei"
2026-11-07T05:00:00.000Z,10,UCLA,Minnesota,Huntington Bank Stadium,no,50850,,,,,774.45,728.79,,,2.0426935489348432,53.120000000000005,,,,,,,"blend of 5 margin source(s) (fitted weights): espn_fpi, sagarin_predictor, sagarin_rating, fei, team_rankings; total from fei"
2026-11-07T05:00:00.000Z,10,Cincinnati,Houston,TDECU Stadium,no,40000,,,,,634.28,695.93,,,3.9878469869719186,57.8,,,,,,,"blend of 5 margin source(s) (fitted weights): espn_fpi, sagarin_predictor, sagarin_rating, fei, team_rankings; total from fei"
2026-11-07T05:00:00.000Z,10,Georgia,Ole Miss,Vaught-Hemingway Stadium,no,64038,,,,,1003.67,885.72,4.5,55.5,-4.204103136099852,59,home,low,over,medium,home,0.05384443986551296,"blend of 5 margin source(s) (fitted weights): espn_fpi, sagarin_predictor, sagarin_rating, fei, team_rankings; total from fei"
2026-11-07T05:00:00.000Z,10,Maryland,Purdue,Ross-Ade Stadium,no,57282,,,,,719.64,698.33,,,-0.9517216346375257,49.64,,,,,,,"blend of 5 margin source(s) (fitted weights): espn_fpi, sagarin_predictor, sagarin_rating, fei, team_rankings; total from fei"
2026-11-07T05:00:00.000Z,10,BYU,Utah,Rice-Eccles Stadium,no,51444,,,,,689.42,695.72,-3,51.5,1.8193396734163383,55.879999999999995,away,medium,over,medium,,-0.01822636190942828,"blend of 5 margin source(s) (fitted weights): espn_fpi, sagarin_predictor, sagarin_rating, fei, team_rankings; total from fei"
2026-11-07T05:00:00.000Z,10,Clemson,Syracuse,JMA Wireless Dome,yes,49057,,,,,862.85,745.61,,,-3.550035280887195,46.52,,,,,,,"blend of 5 margin source(s) (fitted weights): espn_fpi, sagarin_predictor, sagarin_rating, fei, team_rankings; total from fei"
2026-11-07T05:00:00.000Z,10,Alabama,LSU,Tiger Stadium (LA),no,102321,,,,,973.53,931.76,-3.5,54.5,1.5260153657510231,51.2,away,medium,under,medium,away,-0.08447459693689863,"blend of 5 margin source(s) (fitted weights): espn_fpi, sagarin_predictor, sagarin_rating, fei, team_rankings; total from fei"
2026-11-07T05:00:00.000Z,10,West Virginia,Texas Tech,Jones AT&T Stadium,no,60454,,,,,707.6,767.89,,,18.755690085472853,45.44,,,,,,,"blend of 5 margin source(s) (fitted weights): espn_fpi, sagarin_predictor, sagarin_rating, fei, team_rankings; total from fei"
2026-11-07T05:00:00.000Z,10,Hawai'i,UTEP,Sun Bowl,no,51500,,,,,556.82,585.76,,,-7.08238485242179,50.36,,,,,,,"blend of 5 margin source(s) (fitted weights): espn_fpi, sagarin_predictor, sagarin_rating, fei, team_rankings; total from fei"
2026-11-07T17:00:00.000Z,10,North Carolina,UConn,Pratt & Whitney Stadium,no,40000,,,,,767.89,652.56,,,-8.614569540674108,54.8,,,,,,,"blend of 5 margin source(s) (fitted weights): espn_fpi, sagarin_predictor, sagarin_rating, fei, team_rankings; total from fei"
2026-11-07T20:00:00.000Z,10,Delaware,Kennesaw State,Fifth Third Stadium,no,11040,,,,,483.48,502.86,,,2.9795966664351146,55.28,,,,,,,"blend of 5 margin source(s) (fitted weights): espn_fpi, sagarin_predictor, sagarin_rating, fei, team_rankings; total from fei"
2026-11-07T20:00:00.000Z,10,UL Monroe,Arkansas State,Centennial Bank Stadium,no,30382,,,,,505.49,606.22,,,11.355769621677357,50.6,,,,,,,"blend of 5 margin source(s) (fitted weights): espn_fpi, sagarin_predictor, sagarin_rating, fei, team_rankings; total from fei"
2026-11-07T20:30:00.000Z,10,Temple,Navy,Navy-Marine Corps Memorial Stadium,no,34000,,,,,631.07,195.68,,,9.859373812309066,57.08,,,,,,,"blend of 5 margin source(s) (fitted weights): espn_fpi, sagarin_predictor, sagarin_rating, fei, team_rankings; total from fei"
2026-11-07T20:30:00.000Z,10,Western Kentucky,Middle Tennessee,"Johnny ""Red"" Floyd Stadium",no,30788,,,,,611.52,571.5,,,-3.8487574567632388,53.239999999999995,,,,,,,"blend of 5 margin source(s) (fitted weights): espn_fpi, sagarin_predictor, sagarin_rating, fei, team_rankings; total from fei"
2026-11-07T21:00:00.000Z,10,Missouri State,Florida International,Pitbull Stadium,no,20000,,,,,549.92,607.56,,,4.013676514560544,54.2,,,,,,,"blend of 2 margin source(s) (fitted weights): espn_fpi, fei; total from fei"
2026-11-07T22:00:00.000Z,10,Liberty,New Mexico State,Aggie Memorial Stadium,no,28853,,,,,633.35,460.38,,,-2.4228857753465634,55.16,,,,,,,"blend of 5 margin source(s) (fitted weights): espn_fpi, sagarin_predictor, sagarin_rating, fei, team_rankings; total from fei"
2026-11-07T23:00:00.000Z,10,Boise State,Colorado State,Canvas Stadium,no,36500,,,,,641.17,640.31,,,-10.976274965619986,51.68000000000001,,,,,,,"blend of 5 margin source(s) (fitted weights): espn_fpi, sagarin_predictor, sagarin_rating, fei, team_rankings; total from fei"
2026-11-08T00:00:00.000Z,10,Sam Houston,Jacksonville State,AmFirst Stadium,no,24000,,,,,554.47,602.83,,,8.635041765480231,48.8,,,,,,,"blend of 5 margin source(s) (fitted weights): espn_fpi, sagarin_predictor, sagarin_rating, fei, team_rankings; total from fei"
2026-11-08T00:30:00.000Z,10,Miami,Notre Dame,Notre Dame Stadium,no,80795,,,,,885.94,953.03,-6.5,54.5,5.1013273975538205,51.68,away,medium,under,medium,,-0.0499579065540654,"blend of 5 margin source(s) (fitted weights): espn_fpi, sagarin_predictor, sagarin_rating, fei, team_rankings; total from fei"
2026-11-08T00:30:00.000Z,10,Air Force,Army,Michie Stadium,no,38000,,,,,272.35,303.83,,,5.975570091439949,59.96,,,,,,,"blend of 5 margin source(s) (fitted weights): espn_fpi, sagarin_predictor, sagarin_rating, fei, team_rankings; total from fei"
2026-11-08T02:30:00.000Z,10,Fresno State,Utah State,Maverik Stadium,no,25513,,,,,609.75,543.98,,,-0.24486318773386073,49.28,,,,,,,"blend of 5 margin source(s) (fitted weights): espn_fpi, sagarin_predictor, sagarin_rating, fei, team_rankings; total from fei"
2026-11-08T03:30:00.000Z,10,Wyoming,UNLV,Allegiant Stadium,yes,65000,,,,,528.29,696.03,,,15.090652375011576,49.760000000000005,,,,,,,"blend of 5 margin source(s) (fitted weights): espn_fpi, sagarin_predictor, sagarin_rating, fei, team_rankings; total from fei"
2026-11-08T03:30:00.000Z,10,Texas State,Oregon State,Reser Stadium,no,43363,,,,,624.81,635.79,,,1.7999711573583494,56.36,,,,,,,"blend of 5 margin source(s) (fitted weights): espn_fpi, sagarin_predictor, sagarin_rating, fei, team_rankings; total from fei"
2026-11-11T00:00:00.000Z,11,Kent State,Bowling Green,Doyt L. Perry Stadium,no,24000,,,,,522.83,568.33,,,8.876480269470473,50.36,,,,,,,"blend of 5 margin source(s) (fitted weights): espn_fpi, sagarin_predictor, sagarin_rating, fei, team_rankings; total from fei"
2026-11-11T00:00:00.000Z,11,Ohio,Miami (OH),Yager Stadium,no,24286,,,,,522.84,621.37,,,1.5119662422797253,50.24,,,,,,,"blend of 5 margin source(s) (fitted weights): espn_fpi, sagarin_predictor, sagarin_rating, fei, team_rankings; total from fei"
2026-11-11T00:00:00.000Z,11,Western Michigan,Akron,InfoCision Stadium,no,30000,,,,,572.2,546.84,,,-9.849452559285094,47.84,,,,,,,"blend of 5 margin source(s) (fitted weights): espn_fpi, sagarin_predictor, sagarin_rating, fei, team_rankings; total from fei"
2026-11-11T05:00:00.000Z,11,Massachusetts,Toledo,Glass Bowl,no,26038,,,,,525.94,556.26,,,15.480299794492776,51.8,,,,,,,"blend of 5 margin source(s) (fitted weights): espn_fpi, sagarin_predictor, sagarin_rating, fei, team_rankings; total from fei"
2026-11-11T05:00:00.000Z,11,Buffalo,Ball State,Scheumann Stadium,no,22500,,,,,549.31,563.88,,,-2.5096069584245835,44.6,,,,,,,"blend of 5 margin source(s) (fitted weights): espn_fpi, sagarin_predictor, sagarin_rating, fei, team_rankings; total from fei"
2026-11-11T05:00:00.000Z,11,Sacramento State,Central Michigan,Kelly/Shorts Stadium,no,30255,,,,,561.42,540.01,,,6.483492035738995,50.120000000000005,,,,,,,"blend of 5 margin source(s) (fitted weights): espn_fpi, sagarin_predictor, sagarin_rating, fei, team_rankings; total from fei"
2026-11-13T01:00:00.000Z,11,Memphis,South Florida,Raymond James Stadium,no,65828,,,,,670.31,703.81,,,0.31318134685574633,54.8,,,,,,,"blend of 5 margin source(s) (fitted weights): espn_fpi, sagarin_predictor, sagarin_rating, fei, team_rankings; total from fei"
2026-11-13T02:00:00.000Z,11,Louisiana,UL Monroe,Malone Stadium,no,27617,,,,,590.94,505.49,,,-9.239608453656537,52.16,,,,,,,"blend of 5 margin source(s) (fitted weights): espn_fpi, sagarin_predictor, sagarin_rating, fei, team_rankings; total from fei"
2026-11-14T00:00:00.000Z,11,Florida State,Pittsburgh,Acrisure Stadium,no,68400,,,,,800.2,675.02,,,4.98599425378134,52.64,,,,,,,"blend of 5 margin source(s) (fitted weights): espn_fpi, sagarin_predictor, sagarin_rating, fei, team_rankings; total from fei"
2026-11-14T02:00:00.000Z,11,Illinois,UCLA,Rose Bowl,no,88565,,,,,704.01,774.45,,,0.17559480854465176,56.36,,,,,,,"blend of 5 margin source(s) (fitted weights): espn_fpi, sagarin_predictor, sagarin_rating, fei, team_rankings; total from fei"
2026-11-14T03:15:00.000Z,11,Houston,Colorado,Folsom Field,no,50183,,,,,695.93,731.62,,,-0.7950377865218545,52.76,,,,,,,"blend of 5 margin source(s) (fitted weights): espn_fpi, sagarin_predictor, sagarin_rating, fei, team_rankings; total from fei"
2026-11-14T05:00:00.000Z,11,Minnesota,Penn State,Beaver Stadium,no,106572,,,,,728.79,774.04,,,13.527068510812231,51.8,,,,,,,"blend of 5 margin source(s) (fitted weights): espn_fpi, sagarin_predictor, sagarin_rating, fei, team_rankings; total from fei"
2026-11-14T05:00:00.000Z,11,Utah,Arizona,Arizona Stadium,no,50782,,,,,695.72,699.59,,,-2.029562118111499,54.08,,,,,,,"blend of 5 margin source(s) (fitted weights): espn_fpi, sagarin_predictor, sagarin_rating, fei, team_rankings; total from fei"
2026-11-14T05:00:00.000Z,11,Michigan,Oregon,Autzen Stadium,no,54000,,,,,890.02,984.33,-13.5,53.5,11.746523584998737,56.96,away,medium,over,medium,away,-0.0537612643185047,"blend of 5 margin source(s) (fitted weights): espn_fpi, sagarin_predictor, sagarin_rating, fei, team_rankings; total from fei"
2026-11-14T05:00:00.000Z,11,Missouri,Georgia,Sanford Stadium,no,92746,,,,,808.36,1003.67,,,14.710758012119069,52.28,,,,,,,"blend of 5 margin source(s) (fitted weights): espn_fpi, sagarin_predictor, sagarin_rating, fei, team_rankings; total from fei"
2026-11-14T05:00:00.000Z,11,Georgia Tech,Clemson,"Memorial Stadium (Clemson, SC)",no,81500,,,,,751.65,862.85,,,6.193420309886169,52.400000000000006,,,,,,,"blend of 5 margin source(s) (fitted weights): espn_fpi, sagarin_predictor, sagarin_rating, fei, team_rankings; total from fei"
2026-11-14T05:00:00.000Z,11,Arizona State,UCF,FBC Mortgage Stadium,no,44206,,,,,722,672.14,,,-0.2600693118663865,49.4,,,,,,,"blend of 3 margin source(s) (fitted weights): espn_fpi, fei, team_rankings; total from fei"
2026-11-14T05:00:00.000Z,11,UAB,Temple,Lincoln Financial Field,no,69879,,,,,606.18,631.07,,,7.710869577694187,58.4,,,,,,,"blend of 5 margin source(s) (fitted weights): espn_fpi, sagarin_predictor, sagarin_rating, fei, team_rankings; total from fei"
2026-11-14T05:00:00.000Z,11,Cincinnati,Iowa State,Jack Trice Stadium,no,61500,,,,,634.28,669.55,,,-0.29452639157135296,55.4,,,,,,,"blend of 5 margin source(s) (fitted weights): espn_fpi, sagarin_predictor, sagarin_rating, fei, team_rankings; total from fei"
2026-11-14T05:00:00.000Z,11,Duke,Miami,Hard Rock Stadium,no,64767,,,,,668.47,885.94,-21,55.5,20.022495766947284,56.480000000000004,away,low,over,low,,-0.017835662219751414,"blend of 5 margin source(s) (fitted weights): espn_fpi, sagarin_predictor, sagarin_rating, fei, team_rankings; total from fei"
2026-11-14T05:00:00.000Z,11,Nevada,Northern Illinois,Huskie Stadium,no,23595,,,,,549.99,536.58,,,-5.041549092724912,48.67999999999999,,,,,,,"blend of 5 margin source(s) (fitted weights): espn_fpi, sagarin_predictor, sagarin_rating, fei, team_rankings; total from fei"
2026-11-14T05:00:00.000Z,11,Southern Miss,Louisiana Tech,Joe Aillet Stadium,no,28019,,,,,602.63,543.02,,,2.5307425363330993,,,,,,,,"blend of 4 margin source(s) (fitted weights): espn_fpi, sagarin_predictor, sagarin_rating, team_rankings"
2026-11-14T05:00:00.000Z,11,North Texas,UTSA,Alamodome,yes,36582,,,,,602.08,655.82,,,4.8361476026318,61.28,,,,,,,"blend of 5 margin source(s) (fitted weights): espn_fpi, sagarin_predictor, sagarin_rating, fei, team_rankings; total from fei"
2026-11-14T05:00:00.000Z,11,California,Virginia,Scott Stadium,no,61500,,,,,751.92,700.18,,,12.662008598920547,49.28,,,,,,,"blend of 5 margin source(s) (fitted weights): espn_fpi, sagarin_predictor, sagarin_rating, fei, team_rankings; total from fei"
2026-11-14T05:00:00.000Z,11,Florida Atlantic,Tulsa,Chapman Stadium,no,30000,,,,,593.36,622.84,,,8.262422969698893,53.24,,,,,,,"blend of 5 margin source(s) (fitted weights): espn_fpi, sagarin_predictor, sagarin_rating, fei, team_rankings; total from fei"
2026-11-14T05:00:00.000Z,11,USC,Indiana,"Memorial Stadium (Bloomington, IN)",no,52656,,,,,899,735.26,-10,58.5,9.877175242741338,61.16,away,low,over,medium,away,-0.0552541623927123,"blend of 5 margin source(s) (fitted weights): espn_fpi, sagarin_predictor, sagarin_rating, fei, team_rankings; total from fei"
2026-11-14T05:00:00.000Z,11,Arkansas State,Coastal Carolina,Brooks Stadium (SC),no,21000,,,,,606.22,573.96,,,2.664924482360092,51.32,,,,,,,"blend of 5 margin source(s) (fitted weights): espn_fpi, sagarin_predictor, sagarin_rating, fei, team_rankings; total from fei"
2026-11-14T05:00:00.000Z,11,Ole Miss,Oklahoma,"Memorial Stadium (Norman, OK)",no,86112,,,,,885.72,851.14,-4,53.5,4.008395852475294,52.76,home,low,under,low,,-0.03799502402841948,"blend of 5 margin source(s) (fitted weights): espn_fpi, sagarin_predictor, sagarin_rating, fei, team_rankings; total from fei"
2026-11-14T05:00:00.000Z,11,Louisville,North Carolina,Kenan Stadium,no,50500,,,,,739.97,767.89,,,-2.653182312918533,49.16,,,,,,,"blend of 5 margin source(s) (fitted weights): espn_fpi, sagarin_predictor, sagarin_rating, fei, team_rankings; total from fei"
2026-11-14T05:00:00.000Z,11,Texas Tech,Oklahoma State,Boone Pickens Stadium,no,55509,,,,,767.89,672.69,15.5,61.5,-14.43871263204715,44.6,home,medium,under,high,,0.0234169943495684,"blend of 5 margin source(s) (fitted weights): espn_fpi, sagarin_predictor, sagarin_rating, fei, team_rankings; total from fei"
2026-11-14T05:00:00.000Z,11,South Carolina,Arkansas,Razorback Stadium,no,80000,,,,,862.87,745.48,,,-6.056176325245998,53.599999999999994,,,,,,,"blend of 5 margin source(s) (fitted weights): espn_fpi, sagarin_predictor, sagarin_rating, fei, team_rankings; total from fei"
2026-11-14T05:00:00.000Z,11,Wake Forest,SMU,Gerald J. Ford Stadium,no,32000,,,,,680.87,764.5,,,9.196345280375251,49.76,,,,,,,"blend of 5 margin source(s) (fitted weights): espn_fpi, sagarin_predictor, sagarin_rating, fei, team_rankings; total from fei"
2026-11-14T05:00:00.000Z,11,Auburn,Mississippi State,Davis Wade Stadium,no,61337,,,,,828.19,804.53,,,-0.544679136132601,49.760000000000005,,,,,,,"blend of 5 margin source(s) (fitted weights): espn_fpi, sagarin_predictor, sagarin_rating, fei, team_rankings; total from fei"
2026-11-14T05:00:00.000Z,11,Alabama,Vanderbilt,FirstBank Stadium,no,40351,,,,,973.53,727.39,,,-8.72904287669958,60.08,,,,,,,"blend of 5 margin source(s) (fitted weights): espn_fpi, sagarin_predictor, sagarin_rating, fei, team_rankings; total from fei"
2026-11-14T05:00:00.000Z,11,Tennessee,Texas A&M,Kyle Field,no,102733,,,,,885.9,933,-8.5,55.5,6.491646857960253,55.04,away,medium,under,low,away,-0.09328387406067662,"blend of 5 margin source(s) (fitted weights): espn_fpi, sagarin_predictor, sagarin_rating, fei, team_rankings; total from fei"
2026-11-14T05:00:00.000Z,11,Tulane,Rice,Rice Stadium,no,47000,,,,,665.11,589.89,,,-8.819481689449198,49.519999999999996,,,,,,,"blend of 5 margin source(s) (fitted weights): espn_fpi, sagarin_predictor, sagarin_rating, fei, team_rankings; total from fei"
2026-11-14T05:00:00.000Z,11,Wisconsin,Maryland,SECU Stadium,no,51802,,,,,767.68,719.64,,,-0.26122863481641545,43.64,,,,,,,"blend of 5 margin source(s) (fitted weights): espn_fpi, sagarin_predictor, sagarin_rating, fei, team_rankings; total from fei"
2026-11-14T05:00:00.000Z,11,Kansas,West Virginia,Milan Puskar Stadium,no,60000,,,,,684.51,707.6,,,-1.1316985738892824,58.28,,,,,,,"blend of 5 margin source(s) (fitted weights): espn_fpi, sagarin_predictor, sagarin_rating, fei, team_rankings; total from fei"
2026-11-14T05:00:00.000Z,11,East Carolina,Charlotte,Jerry Richardson Stadium,no,15300,,,,,623.79,576.77,,,-11.548216071804987,49.760000000000005,,,,,,,"blend of 4 margin source(s) (fitted weights): sagarin_predictor, sagarin_rating, fei, team_rankings; total from fei"
2026-11-14T05:00:00.000Z,11,Purdue,Iowa,Kinnick Stadium,no,69250,,,,,698.33,722.73,,,14.085608528717877,44.96,,,,,,,"blend of 5 margin source(s) (fitted weights): espn_fpi, sagarin_predictor, sagarin_rating, fei, team_rankings; total from fei"
2026-11-14T05:00:00.000Z,11,Stanford,Virginia Tech,Lane Stadium,no,65632,,,,,705.81,769.12,,,11.773025708455258,51.92,,,,,,,"blend of 5 margin source(s) (fitted weights): espn_fpi, sagarin_predictor, sagarin_rating, fei, team_rankings; total from fei"
2026-11-14T05:00:00.000Z,11,Baylor,BYU,LaVell Edwards Stadium,no,63470,,,,,723.28,689.42,,,9.470871845969768,57.08,,,,,,,"blend of 5 margin source(s) (fitted weights): espn_fpi, sagarin_predictor, sagarin_rating, fei, team_rankings; total from fei"
2026-11-14T05:00:00.000Z,11,Northwestern,Ohio State,Ohio Stadium,no,102780,,,,,688.32,964.27,,,26.327435576391366,49.28,,,,,,,"blend of 5 margin source(s) (fitted weights): espn_fpi, sagarin_predictor, sagarin_rating, fei, team_rankings; total from fei"
2026-11-14T05:00:00.000Z,11,App State,Marshall,Joan C. Edwards Stadium,no,38016,,,,,621.61,594.71,,,0.057285367648143126,53.36,,,,,,,"blend of 5 margin source(s) (fitted weights): espn_fpi, sagarin_predictor, sagarin_rating, fei, team_rankings; total from fei"
2026-11-14T05:00:00.000Z,11,Washington,Michigan State,Spartan Stadium,no,75005,,,,,777.63,685.02,,,-7.513756944492132,54.2,,,,,,,"blend of 5 margin source(s) (fitted weights): espn_fpi, sagarin_predictor, sagarin_rating, fei, team_rankings; total from fei"
2026-11-14T05:00:00.000Z,11,Kansas State,TCU,Amon G. Carter Stadium,no,46000,,,,,718.67,730.79,,,-1.7061010380031343,51.44,,,,,,,"blend of 5 margin source(s) (fitted weights): espn_fpi, sagarin_predictor, sagarin_rating, fei, team_rankings; total from fei"
2026-11-14T05:00:00.000Z,11,Florida,Kentucky,Kroger Field,no,61000,,,,,891.07,786.65,,,-3.317329820085491,47.24,,,,,,,"blend of 5 margin source(s) (fitted weights): espn_fpi, sagarin_predictor, sagarin_rating, fei, team_rankings; total from fei"
2026-11-14T05:00:00.000Z,11,Troy,South Alabama,Hancock Whitney Stadium,no,25450,,,,,596.19,573.38,,,1.0476565218795724,50,,,,,,,"blend of 4 margin source(s) (fitted weights): sagarin_predictor, sagarin_rating, fei, team_rankings; total from fei"
2026-11-14T05:00:00.000Z,11,Wyoming,UTEP,Sun Bowl,no,51500,,,,,528.29,585.76,,,-0.8273255927776721,44,,,,,,,"blend of 5 margin source(s) (fitted weights): espn_fpi, sagarin_predictor, sagarin_rating, fei, team_rankings; total from fei"
2026-11-14T05:00:00.000Z,11,Syracuse,NC State,Carter-Finley Stadium,no,58000,,,,,745.61,757.14,,,1.5691887534786981,50.239999999999995,,,,,,,"blend of 5 margin source(s) (fitted weights): espn_fpi, sagarin_predictor, sagarin_rating, fei, team_rankings; total from fei"
2026-11-14T05:00:00.000Z,11,Texas,LSU,Tiger Stadium (LA),no,102321,,,,,985.17,931.76,2.5,54.5,-2.5610475535401553,48.44,away,low,under,high,,-0.00009319498440774066,"blend of 5 margin source(s) (fitted weights): espn_fpi, sagarin_predictor, sagarin_rating, fei, team_rankings; total from fei"
2026-11-14T05:00:00.000Z,11,Nebraska,Rutgers,SHI Stadium,no,52454,,,,,787.45,709.04,,,-8.58979868071793,59,,,,,,,"blend of 5 margin source(s) (fitted weights): espn_fpi, sagarin_predictor, sagarin_rating, fei, team_rankings; total from fei"
2026-11-14T05:00:00.000Z,11,Georgia Southern,Georgia State,Center Parc Stadium,no,25000,,,,,634.19,573.83,,,-1.1713421815542266,60.68,,,,,,,"blend of 4 margin source(s) (fitted weights): espn_fpi, sagarin_predictor, sagarin_rating, fei; total from fei"
2026-11-14T17:00:00.000Z,11,James Madison,UConn,Pratt & Whitney Stadium,no,40000,,,,,588.31,652.56,,,-4.094434312530405,53.84,,,,,,,"blend of 5 margin source(s) (fitted weights): espn_fpi, sagarin_predictor, sagarin_rating, fei, team_rankings; total from fei"
2026-11-14T19:00:00.000Z,11,Kennesaw State,Sam Houston,Elliott T. Bowers Stadium,no,14000,,,,,502.86,554.47,,,-6.255244917462873,51.44,,,,,,,"blend of 5 margin source(s) (fitted weights): espn_fpi, sagarin_predictor, sagarin_rating, fei, team_rankings; total from fei"
2026-11-14T20:00:00.000Z,11,Florida International,Delaware,Delaware Stadium,no,22000,,,,,607.56,483.48,,,6.958839756003755,51.8,,,,,,,"blend of 2 margin source(s) (fitted weights): espn_fpi, fei; total from fei"
2026-11-14T20:00:00.000Z,11,New Mexico State,Missouri State,Plaster Sports Complex,no,17337,,,,,460.38,549.92,,,1.0108184306278063,56.36,,,,,,,"blend of 5 margin source(s) (fitted weights): espn_fpi, sagarin_predictor, sagarin_rating, fei, team_rankings; total from fei"
2026-11-14T20:30:00.000Z,11,Jacksonville State,Western Kentucky,Houchens Industries-L.T. Smith Stadium,no,22113,,,,,602.83,611.52,,,4.18072855497701,50.96,,,,,,,"blend of 5 margin source(s) (fitted weights): espn_fpi, sagarin_predictor, sagarin_rating, fei, team_rankings; total from fei"
2026-11-14T20:30:00.000Z,11,Middle Tennessee,Liberty,Williams Stadium (VA),no,25000,,,,,571.5,633.35,,,10.588149490239072,56.120000000000005,,,,,,,"blend of 5 margin source(s) (fitted weights): espn_fpi, sagarin_predictor, sagarin_rating, fei, team_rankings; total from fei"
2026-11-14T20:30:00.000Z,11,Boston College,Notre Dame,Notre Dame Stadium,no,80795,,,,,660,953.03,,,29.71959184964387,53.84,,,,,,,"blend of 5 margin source(s) (fitted weights): espn_fpi, sagarin_predictor, sagarin_rating, fei, team_rankings; total from fei"
2026-11-14T21:00:00.000Z,11,Fresno State,Texas State,Bobcat Stadium (TX),no,30000,,,,,609.75,624.81,,,2.298930843218468,51.68,,,,,,,"blend of 5 margin source(s) (fitted weights): espn_fpi, sagarin_predictor, sagarin_rating, fei, team_rankings; total from fei"
2026-11-14T23:00:00.000Z,11,Oregon State,Boise State,Albertsons Stadium,no,36387,,,,,635.79,641.17,,,14.180799228339609,50.84,,,,,,,"blend of 5 margin source(s) (fitted weights): espn_fpi, sagarin_predictor, sagarin_rating, fei, team_rankings; total from fei"
2026-11-15T00:00:00.000Z,11,San José State,Air Force,Falcon Stadium,no,46692,,,,,569.25,272.35,,,6.396384034431556,60.92,,,,,,,"blend of 5 margin source(s) (fitted weights): espn_fpi, sagarin_predictor, sagarin_rating, fei, team_rankings; total from fei"
2026-11-15T00:30:00.000Z,11,UNLV,New Mexico,University Stadium (NM),no,39224,,,,,696.03,568.19,,,1.1909461513062118,54.2,,,,,,,"blend of 5 margin source(s) (fitted weights): espn_fpi, sagarin_predictor, sagarin_rating, fei, team_rankings; total from fei"
2026-11-15T02:30:00.000Z,11,Utah State,San Diego State,Snapdragon Stadium,no,35000,,,,,543.98,609.22,,,10.516200758854456,49.040000000000006,,,,,,,"blend of 5 margin source(s) (fitted weights): espn_fpi, sagarin_predictor, sagarin_rating, fei, team_rankings; total from fei"
2026-11-15T03:30:00.000Z,11,Colorado State,Washington State,Gesa Field,no,32952,,,,,640.31,630.29,,,9.057372113429537,49.760000000000005,,,,,,,"blend of 5 margin source(s) (fitted weights): espn_fpi, sagarin_predictor, sagarin_rating, fei, team_rankings; total from fei"
2026-11-15T04:59:00.000Z,11,North Dakota State,Hawai'i,Clarence T.C. Ching Athletics Complex,no,15194,,,,,515.59,556.82,,,-1.0709969989664505,54.32,,,,,,,"blend of 5 margin source(s) (fitted weights): espn_fpi, sagarin_predictor, sagarin_rating, fei, team_rankings; total from fei"
2026-11-18T00:00:00.000Z,12,Eastern Michigan,Western Michigan,Waldo Stadium,no,30200,,,,,580.64,572.2,,,12.716144878034324,50.6,,,,,,,"blend of 5 margin source(s) (fitted weights): espn_fpi, sagarin_predictor, sagarin_rating, fei, team_rankings; total from fei"
2026-11-18T00:00:00.000Z,12,Miami (OH),Kent State,Dix Stadium,no,25319,,,,,621.37,522.83,,,-7.621774984211409,52.760000000000005,,,,,,,"blend of 5 margin source(s) (fitted weights): espn_fpi, sagarin_predictor, sagarin_rating, fei, team_rankings; total from fei"
2026-11-18T00:00:00.000Z,12,Ball State,Ohio,Peden Stadium,no,24000,,,,,563.88,522.84,,,11.607799751529342,50.72,,,,,,,"blend of 5 margin source(s) (fitted weights): espn_fpi, sagarin_predictor, sagarin_rating, fei, team_rankings; total from fei"
2026-11-18T05:00:00.000Z,12,Akron,Massachusetts,Warren McGuirk Alumni Stadium,no,17000,,,,,546.84,525.94,,,1.241900592282584,52.64,,,,,,,"blend of 5 margin source(s) (fitted weights): espn_fpi, sagarin_predictor, sagarin_rating, fei, team_rankings; total from fei"
2026-11-18T05:00:00.000Z,12,Central Michigan,Buffalo,UB Stadium,no,30270,,,,,540.01,549.31,,,3.677472926078882,45.08,,,,,,,"blend of 5 margin source(s) (fitted weights): espn_fpi, sagarin_predictor, sagarin_rating, fei, team_rankings; total from fei"
2026-11-20T00:30:00.000Z,12,Rice,Temple,Lincoln Financial Field,no,69879,,,,,589.89,631.07,,,6.500773217621571,52.64,,,,,,,"blend of 5 margin source(s) (fitted weights): espn_fpi, sagarin_predictor, sagarin_rating, fei, team_rankings; total from fei"
2026-11-20T23:00:00.000Z,12,Iowa State,UCF,FBC Mortgage Stadium,no,44206,,,,,669.55,672.14,,,4.231112308910198,49.04,,,,,,,"blend of 3 margin source(s) (fitted weights): espn_fpi, fei, team_rankings; total from fei"
2026-11-21T00:30:00.000Z,12,Clemson,Duke,Wallace Wade Stadium,no,40004,,,,,862.85,668.47,,,-1.1662539138241177,53.84,,,,,,,"blend of 5 margin source(s) (fitted weights): espn_fpi, sagarin_predictor, sagarin_rating, fei, team_rankings; total from fei"
2026-11-21T00:30:00.000Z,12,Bowling Green,Toledo,Glass Bowl,no,26038,,,,,568.33,556.26,,,12.01229367526437,44.72,,,,,,,"blend of 5 margin source(s) (fitted weights): espn_fpi, sagarin_predictor, sagarin_rating, fei, team_rankings; total from fei"
2026-11-21T01:00:00.000Z,12,Oregon,Michigan State,Spartan Stadium,no,75005,,,,,984.33,685.02,,,-18.5523665461341,55.879999999999995,,,,,,,"blend of 5 margin source(s) (fitted weights): espn_fpi, sagarin_predictor, sagarin_rating, fei, team_rankings; total from fei"
2026-11-21T01:00:00.000Z,12,UTEP,Air Force,Falcon Stadium,no,46692,,,,,585.76,272.35,,,13.856121388367814,56.6,,,,,,,"blend of 5 margin source(s) (fitted weights): espn_fpi, sagarin_predictor, sagarin_rating, fei, team_rankings; total from fei"
2026-11-21T05:00:00.000Z,12,Hawai'i,Nevada,Mackay Stadium,no,27000,,,,,556.82,549.99,,,2.1868190441610875,50.959999999999994,,,,,,,"blend of 5 margin source(s) (fitted weights): espn_fpi, sagarin_predictor, sagarin_rating, fei, team_rankings; total from fei"
2026-11-21T05:00:00.000Z,12,Virginia Tech,Miami,Hard Rock Stadium,no,64767,,,,,769.12,885.94,-16.5,56.5,17.69809761998566,53.12,home,medium,under,medium,,-0.01051259357351697,"blend of 5 margin source(s) (fitted weights): espn_fpi, sagarin_predictor, sagarin_rating, fei, team_rankings; total from fei"
2026-11-21T05:00:00.000Z,12,Charlotte,Tulsa,Chapman Stadium,no,30000,,,,,576.77,622.84,,,10.316618586061011,49.28,,,,,,,"blend of 4 margin source(s) (fitted weights): sagarin_predictor, sagarin_rating, fei, team_rankings; total from fei"
2026-11-21T05:00:00.000Z,12,Pittsburgh,Louisville,L&N Federal Credit Union Stadium,no,60000,,,,,675.02,739.97,,,2.34348359052154,45.68,,,,,,,"blend of 5 margin source(s) (fitted weights): espn_fpi, sagarin_predictor, sagarin_rating, fei, team_rankings; total from fei"
2026-11-21T05:00:00.000Z,12,NC State,Florida State,Doak Campbell Stadium,no,67277,,,,,757.14,800.2,,,9.101313935638426,57.08,,,,,,,"blend of 5 margin source(s) (fitted weights): espn_fpi, sagarin_predictor, sagarin_rating, fei, team_rankings; total from fei"
2026-11-21T05:00:00.000Z,12,Texas A&M,Oklahoma,"Memorial Stadium (Norman, OK)",no,86112,,,,,933,851.14,-2.5,51.5,1.252851122317031,46.88,away,medium,under,medium,,-0.03228543404613071,"blend of 5 margin source(s) (fitted weights): espn_fpi, sagarin_predictor, sagarin_rating, fei, team_rankings; total from fei"
2026-11-21T05:00:00.000Z,12,Colorado,Cincinnati,Nippert Stadium,no,40000,,,,,731.62,634.28,,,4.590229451420433,55.519999999999996,,,,,,,"blend of 5 margin source(s) (fitted weights): espn_fpi, sagarin_predictor, sagarin_rating, fei, team_rankings; total from fei"
2026-11-21T05:00:00.000Z,12,Kentucky,Missouri,Memorial Stadium,no,71168,,,,,786.65,808.36,,,6.485360346966358,46.879999999999995,,,,,,,"blend of 5 margin source(s) (fitted weights): espn_fpi, sagarin_predictor, sagarin_rating, fei, team_rankings; total from fei"
2026-11-21T05:00:00.000Z,12,Ohio State,Nebraska,"Memorial Stadium (Lincoln, NE)",no,85458,,,,,964.27,787.45,,,-15.783450283324783,52.04,,,,,,,"blend of 5 margin source(s) (fitted weights): espn_fpi, sagarin_predictor, sagarin_rating, fei, team_rankings; total from fei"
2026-11-21T05:00:00.000Z,12,Rutgers,Penn State,Beaver Stadium,no,106572,,,,,709.04,774.04,,,20.24652657169317,59.12,,,,,,,"blend of 5 margin source(s) (fitted weights): espn_fpi, sagarin_predictor, sagarin_rating, fei, team_rankings; total from fei"
2026-11-21T05:00:00.000Z,12,Arkansas State,Louisiana Tech,Joe Aillet Stadium,no,28019,,,,,606.22,543.02,,,5.76804898768349,49.64,,,,,,,"blend of 5 margin source(s) (fitted weights): espn_fpi, sagarin_predictor, sagarin_rating, fei, team_rankings; total from fei"
2026-11-21T05:00:00.000Z,12,Wake Forest,Georgia Tech,Bobby Dodd Stadium,no,55000,,,,,680.87,751.65,,,2.930891670688251,52.04,,,,,,,"blend of 5 margin source(s) (fitted weights): espn_fpi, sagarin_predictor, sagarin_rating, fei, team_rankings; total from fei"
2026-11-21T05:00:00.000Z,12,Utah,TCU,Amon G. Carter Stadium,no,46000,,,,,695.72,730.79,,,-4.538257914667378,53.239999999999995,,,,,,,"blend of 5 margin source(s) (fitted weights): espn_fpi, sagarin_predictor, sagarin_rating, fei, team_rankings; total from fei"
2026-11-21T05:00:00.000Z,12,Texas Tech,Baylor,McLane Stadium,no,45140,,,,,767.89,723.28,,,-8.55646928433617,49.28,,,,,,,"blend of 5 margin source(s) (fitted weights): espn_fpi, sagarin_predictor, sagarin_rating, fei, team_rankings; total from fei"
2026-11-21T05:00:00.000Z,12,UL Monroe,App State,Kidd Brewer Stadium,no,30000,,,,,505.49,621.61,,,14.667207849263004,54.44,,,,,,,"blend of 5 margin source(s) (fitted weights): espn_fpi, sagarin_predictor, sagarin_rating, fei, team_rankings; total from fei"
2026-11-21T05:00:00.000Z,12,Houston,West Virginia,Milan Puskar Stadium,no,60000,,,,,695.93,707.6,,,-2.8454034813708557,53,,,,,,,"blend of 5 margin source(s) (fitted weights): espn_fpi, sagarin_predictor, sagarin_rating, fei, team_rankings; total from fei"
2026-11-21T05:00:00.000Z,12,Iowa,Illinois,"Memorial Stadium (Champaign, IL)",no,60670,,,,,722.73,704.01,,,-1.2159526338983047,47.120000000000005,,,,,,,"blend of 5 margin source(s) (fitted weights): espn_fpi, sagarin_predictor, sagarin_rating, fei, team_rankings; total from fei"
2026-11-21T05:00:00.000Z,12,Indiana,Washington,Husky Stadium,no,70138,,,,,735.26,777.63,,,-8.014605166116848,53.36,,,,,,,"blend of 5 margin source(s) (fitted weights): espn_fpi, sagarin_predictor, sagarin_rating, fei, team_rankings; total from fei"
2026-11-21T05:00:00.000Z,12,BYU,Kansas,Memorial Stadium,no,47000,,,,,689.42,684.51,,,-5.566662986766338,60.56,,,,,,,"blend of 5 margin source(s) (fitted weights): espn_fpi, sagarin_predictor, sagarin_rating, fei, team_rankings; total from fei"
2026-11-21T05:00:00.000Z,12,Vanderbilt,Florida,Ben Hill Griffin Stadium,no,88548,,,,,727.39,891.07,,,6.517404695728619,57.92,,,,,,,"blend of 5 margin source(s) (fitted weights): espn_fpi, sagarin_predictor, sagarin_rating, fei, team_rankings; total from fei"
2026-11-21T05:00:00.000Z,12,Coastal Carolina,Louisiana,Cajun Field,no,41426,,,,,573.96,590.94,,,5.5962992187797544,52.879999999999995,,,,,,,"blend of 5 margin source(s) (fitted weights): espn_fpi, sagarin_predictor, sagarin_rating, fei, team_rankings; total from fei"
2026-11-21T05:00:00.000Z,12,Wisconsin,Purdue,Ross-Ade Stadium,no,57282,,,,,767.68,698.33,,,-3.8072964867441064,46.64,,,,,,,"blend of 5 margin source(s) (fitted weights): espn_fpi, sagarin_predictor, sagarin_rating, fei, team_rankings; total from fei"
2026-11-21T05:00:00.000Z,12,Oklahoma State,Arizona State,Mountain America Stadium,no,65870,,,,,672.69,722,,,9.755943784871214,50.12,,,,,,,"blend of 5 margin source(s) (fitted weights): espn_fpi, sagarin_predictor, sagarin_rating, fei, team_rankings; total from fei"
2026-11-21T05:00:00.000Z,12,Georgia Southern,Troy,Veterans Memorial Stadium (AL),no,30000,,,,,634.19,596.19,,,5.417830040381257,53.72,,,,,,,"blend of 3 margin source(s) (fitted weights): sagarin_predictor, sagarin_rating, fei; total from fei"
2026-11-21T05:00:00.000Z,12,South Florida,Florida Atlantic,FAU Stadium,no,29419,,,,,703.81,593.36,,,-7.6088733621071265,56,,,,,,,"blend of 5 margin source(s) (fitted weights): espn_fpi, sagarin_predictor, sagarin_rating, fei, team_rankings; total from fei"
2026-11-21T05:00:00.000Z,12,North Texas,Tulane,Yulman Stadium,no,30000,,,,,602.08,665.11,,,6.802518627242174,58.64,,,,,,,"blend of 5 margin source(s) (fitted weights): espn_fpi, sagarin_predictor, sagarin_rating, fei, team_rankings; total from fei"
2026-11-21T05:00:00.000Z,12,Arizona,Kansas State,Bill Snyder Family Stadium,no,50000,,,,,699.59,718.67,,,4.386097676027587,52.28,,,,,,,"blend of 5 margin source(s) (fitted weights): espn_fpi, sagarin_predictor, sagarin_rating, fei, team_rankings; total from fei"
2026-11-21T05:00:00.000Z,12,Northwestern,Minnesota,Huntington Bank Stadium,no,50850,,,,,688.32,728.79,,,3.484952238649252,48.92,,,,,,,"blend of 5 margin source(s) (fitted weights): espn_fpi, sagarin_predictor, sagarin_rating, fei, team_rankings; total from fei"
2026-11-21T05:00:00.000Z,12,Maryland,USC,Los Angeles Memorial Coliseum,no,77500,,,,,719.64,899,,,14.358343722245387,58.760000000000005,,,,,,,"blend of 5 margin source(s) (fitted weights): espn_fpi, sagarin_predictor, sagarin_rating, fei, team_rankings; total from fei"
2026-11-21T05:00:00.000Z,12,Arkansas,Texas,DKR-Texas Memorial Stadium,no,100119,,,,,745.48,985.17,,,22.616087755773425,55.760000000000005,,,,,,,"blend of 5 margin source(s) (fitted weights): espn_fpi, sagarin_predictor, sagarin_rating, fei, team_rankings; total from fei"
2026-11-21T05:00:00.000Z,12,UTSA,UAB,Protective Stadium,no,45000,,,,,655.82,606.18,,,-8.063207024911438,57.92,,,,,,,"blend of 5 margin source(s) (fitted weights): espn_fpi, sagarin_predictor, sagarin_rating, fei, team_rankings; total from fei"
2026-11-21T05:00:00.000Z,12,North Carolina,Virginia,Scott Stadium,no,61500,,,,,767.89,700.18,,,8.345918953244169,49.879999999999995,,,,,,,"blend of 5 margin source(s) (fitted weights): espn_fpi, sagarin_predictor, sagarin_rating, fei, team_rankings; total from fei"
2026-11-21T05:00:00.000Z,12,Georgia,South Carolina,Williams-Brice Stadium,no,80250,,,,,1003.67,862.87,,,-7.385229130943895,49.88,,,,,,,"blend of 5 margin source(s) (fitted weights): espn_fpi, sagarin_predictor, sagarin_rating, fei, team_rankings; total from fei"
2026-11-21T05:00:00.000Z,12,Georgia State,Marshall,Joan C. Edwards Stadium,no,38016,,,,,573.83,594.71,,,5.454302208579104,52.64,,,,,,,"blend of 5 margin source(s) (fitted weights): espn_fpi, sagarin_predictor, sagarin_rating, fei, team_rankings; total from fei"
2026-11-21T05:00:00.000Z,12,UCLA,Michigan,Michigan Stadium,no,107601,,,,,774.45,890.02,,,11.202509398656915,55.52,,,,,,,"blend of 5 margin source(s) (fitted weights): espn_fpi, sagarin_predictor, sagarin_rating, fei, team_rankings; total from fei"
2026-11-21T05:00:00.000Z,12,Stanford,California,California Memorial Stadium,no,62467,,,,,705.81,751.92,,,5.1238236828048205,49.519999999999996,,,,,,,"blend of 5 margin source(s) (fitted weights): espn_fpi, sagarin_predictor, sagarin_rating, fei, team_rankings; total from fei"
2026-11-21T05:00:00.000Z,12,South Alabama,Southern Miss,M. M. Roberts Stadium,no,36000,,,,,573.38,602.63,,,5.7783794271170805,,,,,,,,"blend of 4 margin source(s) (fitted weights): espn_fpi, sagarin_predictor, sagarin_rating, team_rankings"
2026-11-21T05:00:00.000Z,12,Syracuse,Boston College,"Alumni Stadium (Chestnut Hill, MA)",no,44500,,,,,745.61,660,,,-2.2119873180796943,51.32,,,,,,,"blend of 5 margin source(s) (fitted weights): espn_fpi, sagarin_predictor, sagarin_rating, fei, team_rankings; total from fei"
2026-11-21T05:00:00.000Z,12,LSU,Tennessee,Neyland Stadium,no,102455,,,,,931.76,885.9,1.5,57.5,-1.5821089234943893,54.08,away,low,under,medium,,-0.01764487064865855,"blend of 5 margin source(s) (fitted weights): espn_fpi, sagarin_predictor, sagarin_rating, fei, team_rankings; total from fei"
2026-11-21T17:00:00.000Z,12,East Carolina,Army,Michie Stadium,no,38000,,,,,623.79,303.83,,,3.419143743550373,51.44,,,,,,,"blend of 5 margin source(s) (fitted weights): espn_fpi, sagarin_predictor, sagarin_rating, fei, team_rankings; total from fei"
2026-11-21T17:00:00.000Z,12,Memphis,Navy,Navy-Marine Corps Memorial Stadium,no,34000,,,,,670.31,195.68,,,1.0421790758020018,55.64,,,,,,,"blend of 5 margin source(s) (fitted weights): espn_fpi, sagarin_predictor, sagarin_rating, fei, team_rankings; total from fei"
2026-11-21T18:00:00.000Z,12,Western Kentucky,Liberty,Williams Stadium (VA),no,25000,,,,,611.52,633.35,,,4.145045816185666,55.52,,,,,,,"blend of 5 margin source(s) (fitted weights): espn_fpi, sagarin_predictor, sagarin_rating, fei, team_rankings; total from fei"
2026-11-21T19:00:00.000Z,12,Missouri State,Jacksonville State,AmFirst Stadium,no,24000,,,,,549.92,602.83,,,6.058024060006912,55.04,,,,,,,"blend of 5 margin source(s) (fitted weights): espn_fpi, sagarin_predictor, sagarin_rating, fei, team_rankings; total from fei"
2026-11-21T19:00:00.000Z,12,Middle Tennessee,Sam Houston,Elliott T. Bowers Stadium,no,14000,,,,,571.5,554.47,,,1.410372005466662,51.08,,,,,,,"blend of 5 margin source(s) (fitted weights): espn_fpi, sagarin_predictor, sagarin_rating, fei, team_rankings; total from fei"
2026-11-21T20:00:00.000Z,12,Delaware,New Mexico State,Aggie Memorial Stadium,no,28853,,,,,483.48,460.38,,,-1.7094489761822445,53.96,,,,,,,"blend of 5 margin source(s) (fitted weights): espn_fpi, sagarin_predictor, sagarin_rating, fei, team_rankings; total from fei"
2026-11-21T20:00:00.000Z,12,Florida International,Kennesaw State,Fifth Third Stadium,no,11040,,,,,607.56,502.86,,,7.5445241640545,51.08,,,,,,,"blend of 2 margin source(s) (fitted weights): espn_fpi, fei; total from fei"
2026-11-21T20:30:00.000Z,12,Old Dominion,UConn,Pratt & Whitney Stadium,no,40000,,,,,544.25,652.56,,,-0.8321036054636286,51.32,,,,,,,"blend of 5 margin source(s) (fitted weights): espn_fpi, sagarin_predictor, sagarin_rating, fei, team_rankings; total from fei"
2026-11-21T21:00:00.000Z,12,Northern Illinois,North Dakota State,Fargodome,yes,18700,,,,,536.58,515.59,,,14.303111916690938,52.04,,,,,,,"blend of 5 margin source(s) (fitted weights): espn_fpi, sagarin_predictor, sagarin_rating, fei, team_rankings; total from fei"
2026-11-21T23:00:00.000Z,12,Washington State,Texas State,Bobcat Stadium (TX),no,30000,,,,,630.29,624.81,,,-1.090136447056679,53.84,,,,,,,"blend of 5 margin source(s) (fitted weights): espn_fpi, sagarin_predictor, sagarin_rating, fei, team_rankings; total from fei"
2026-11-22T00:00:00.000Z,12,UNLV,San José State,CEFCU Stadium,no,30456,,,,,696.03,569.25,,,-5.86389439656283,56,,,,,,,"blend of 5 margin source(s) (fitted weights): espn_fpi, sagarin_predictor, sagarin_rating, fei, team_rankings; total from fei"
2026-11-22T00:30:00.000Z,12,SMU,Notre Dame,Notre Dame Stadium,no,80795,,,,,764.5,953.03,-17.5,56.5,16.102497299005652,53.239999999999995,away,medium,under,medium,,-0.04406666887969801,"blend of 5 margin source(s) (fitted weights): espn_fpi, sagarin_predictor, sagarin_rating, fei, team_rankings; total from fei"
2026-11-22T00:30:00.000Z,12,Colorado State,Fresno State,Valley Children's Stadium,no,41031,,,,,640.31,609.75,,,5.668304823154389,47.599999999999994,,,,,,,"blend of 5 margin source(s) (fitted weights): espn_fpi, sagarin_predictor, sagarin_rating, fei, team_rankings; total from fei"
2026-11-22T02:00:00.000Z,12,New Mexico,Wyoming,War Memorial Stadium,no,29181,,,,,568.19,528.29,,,-8.498559874447295,46.519999999999996,,,,,,,"blend of 5 margin source(s) (fitted weights): espn_fpi, sagarin_predictor, sagarin_rating, fei, team_rankings; total from fei"
2026-11-22T02:30:00.000Z,12,San Diego State,Boise State,Albertsons Stadium,no,36387,,,,,609.22,641.17,,,8.008363657795833,45.92,,,,,,,"blend of 5 margin source(s) (fitted weights): espn_fpi, sagarin_predictor, sagarin_rating, fei, team_rankings; total from fei"
2026-11-22T03:30:00.000Z,12,Utah State,Oregon State,Reser Stadium,no,43363,,,,,543.98,635.79,,,4.3437651883106785,53.96,,,,,,,"blend of 5 margin source(s) (fitted weights): espn_fpi, sagarin_predictor, sagarin_rating, fei, team_rankings; total from fei"
2026-11-24T05:00:00.000Z,13,Miami (OH),Western Michigan,Waldo Stadium,no,30200,,,,,621.37,572.2,,,8.988597350323335,46.519999999999996,,,,,,,"blend of 5 margin source(s) (fitted weights): espn_fpi, sagarin_predictor, sagarin_rating, fei, team_rankings; total from fei"
2026-11-25T00:00:00.000Z,13,Kent State,Eastern Michigan,Rynearson Stadium,no,30200,,,,,522.83,580.64,,,9.082919891080753,56.84,,,,,,,"blend of 5 margin source(s) (fitted weights): espn_fpi, sagarin_predictor, sagarin_rating, fei, team_rankings; total from fei"
2026-11-27T01:00:00.000Z,13,TCU,Texas Tech,Jones AT&T Stadium,no,60454,,,,,730.79,767.89,-16.5,55.5,14.776246766068272,45.08,away,medium,under,high,,-0.045585848603813206,"blend of 5 margin source(s) (fitted weights): espn_fpi, sagarin_predictor, sagarin_rating, fei, team_rankings; total from fei"
2026-11-27T05:00:00.000Z,13,Florida Atlantic,East Carolina,Dowdy-Ficklen Stadium,no,50000,,,,,593.36,623.79,,,11.653938567550473,53.72,,,,,,,"blend of 5 margin source(s) (fitted weights): espn_fpi, sagarin_predictor, sagarin_rating, fei, team_rankings; total from fei"
2026-11-27T05:00:00.000Z,13,Tulane,South Florida,Raymond James Stadium,no,65828,,,,,665.11,703.81,,,1.622975176954851,53.12,,,,,,,"blend of 5 margin source(s) (fitted weights): espn_fpi, sagarin_predictor, sagarin_rating, fei, team_rankings; total from fei"
2026-11-27T05:00:00.000Z,13,Temple,Memphis,Simmons Bank Liberty Stadium,no,58325,,,,,631.07,670.31,,,11.411540953797232,56.24,,,,,,,"blend of 5 margin source(s) (fitted weights): espn_fpi, sagarin_predictor, sagarin_rating, fei, team_rankings; total from fei"
2026-11-27T17:00:00.000Z,13,Toledo,Ohio,Peden Stadium,no,24000,,,,,556.26,522.84,,,-1.8072341163523302,50.72,,,,,,,"blend of 5 margin source(s) (fitted weights): espn_fpi, sagarin_predictor, sagarin_rating, fei, team_rankings; total from fei"
2026-11-27T17:00:00.000Z,13,Nebraska,Iowa,Kinnick Stadium,no,69250,,,,,787.45,722.73,,,4.910362308452313,45.08,,,,,,,"blend of 5 margin source(s) (fitted weights): espn_fpi, sagarin_predictor, sagarin_rating, fei, team_rankings; total from fei"
2026-11-27T17:00:00.000Z,13,Mississippi State,Ole Miss,Vaught-Hemingway Stadium,no,64038,,,,,804.53,885.72,-14.5,57.5,10.97028064388918,58.28,away,high,over,low,away,-0.06880423197365981,"blend of 5 margin source(s) (fitted weights): espn_fpi, sagarin_predictor, sagarin_rating, fei, team_rankings; total from fei"
2026-11-27T17:00:00.000Z,13,Buffalo,Akron,InfoCision Stadium,no,30000,,,,,549.31,546.84,,,-0.6280810427379402,45.44,,,,,,,"blend of 5 margin source(s) (fitted weights): espn_fpi, sagarin_predictor, sagarin_rating, fei, team_rankings; total from fei"
2026-11-27T20:00:00.000Z,13,App State,South Alabama,Hancock Whitney Stadium,no,25450,,,,,621.61,573.38,,,0.7250640986449887,57.68,,,,,,,"blend of 5 margin source(s) (fitted weights): espn_fpi, sagarin_predictor, sagarin_rating, fei, team_rankings; total from fei"
2026-11-27T20:30:00.000Z,13,Florida,Florida State,Doak Campbell Stadium,no,67277,,,,,891.07,800.2,4.5,52.5,-2.7435674602059152,55.16,home,medium,over,medium,home,0.07665512313156941,"blend of 5 margin source(s) (fitted weights): espn_fpi, sagarin_predictor, sagarin_rating, fei, team_rankings; total from fei"
2026-11-27T20:30:00.000Z,13,North Dakota State,San José State,CEFCU Stadium,no,30456,,,,,515.59,569.25,,,-3.287990714742151,54.2,,,,,,,"blend of 5 margin source(s) (fitted weights): espn_fpi, sagarin_predictor, sagarin_rating, fei, team_rankings; total from fei"
2026-11-28T00:30:00.000Z,13,Minnesota,Wisconsin,Camp Randall Stadium,no,80321,,,,,728.79,767.68,,,4.285429538186036,45.56,,,,,,,"blend of 5 margin source(s) (fitted weights): espn_fpi, sagarin_predictor, sagarin_rating, fei, team_rankings; total from fei"
2026-11-28T00:30:00.000Z,13,Texas,Texas A&M,Kyle Field,no,102733,,,,,985.17,933,2.5,53.5,-2.8402020536546257,49.4,away,low,under,medium,,-0.006955056343614485,"blend of 5 margin source(s) (fitted weights): espn_fpi, sagarin_predictor, sagarin_rating, fei, team_rankings; total from fei"
2026-11-28T02:00:00.000Z,13,West Virginia,Utah,Rice-Eccles Stadium,no,51444,,,,,707.6,695.72,,,13.70639366865229,53.599999999999994,,,,,,,"blend of 5 margin source(s) (fitted weights): espn_fpi, sagarin_predictor, sagarin_rating, fei, team_rankings; total from fei"
2026-11-28T05:00:00.000Z,13,Penn State,Maryland,SECU Stadium,no,51802,,,,,774.04,719.64,,,-9.50286760744261,49.879999999999995,,,,,,,"blend of 5 margin source(s) (fitted weights): espn_fpi, sagarin_predictor, sagarin_rating, fei, team_rankings; total from fei"
2026-11-28T05:00:00.000Z,13,Michigan State,Rutgers,SHI Stadium,no,52454,,,,,685.02,709.04,,,-1.2903922975971394,59.12,,,,,,,"blend of 5 margin source(s) (fitted weights): espn_fpi, sagarin_predictor, sagarin_rating, fei, team_rankings; total from fei"
2026-11-28T05:00:00.000Z,13,Marshall,UL Monroe,Malone Stadium,no,27617,,,,,594.71,505.49,,,-6.941454565040649,49.879999999999995,,,,,,,"blend of 5 margin source(s) (fitted weights): espn_fpi, sagarin_predictor, sagarin_rating, fei, team_rankings; total from fei"
2026-11-28T05:00:00.000Z,13,Pittsburgh,California,California Memorial Stadium,no,62467,,,,,675.02,751.92,,,-7.220134585363537,47.36,,,,,,,"blend of 5 margin source(s) (fitted weights): espn_fpi, sagarin_predictor, sagarin_rating, fei, team_rankings; total from fei"
2026-11-28T05:00:00.000Z,13,Georgia Tech,Georgia,Sanford Stadium,no,92746,,,,,751.65,1003.67,,,20.964512630871123,57.32,,,,,,,"blend of 5 margin source(s) (fitted weights): espn_fpi, sagarin_predictor, sagarin_rating, fei, team_rankings; total from fei"
2026-11-28T05:00:00.000Z,13,SMU,Stanford,Stanford Stadium,no,50424,,,,,764.5,705.81,,,-10.686914775118584,51.56,,,,,,,"blend of 5 margin source(s) (fitted weights): espn_fpi, sagarin_predictor, sagarin_rating, fei, team_rankings; total from fei"
2026-11-28T05:00:00.000Z,13,Army,Rice,Rice Stadium,no,47000,,,,,303.83,589.89,,,-7.529280946237105,50.120000000000005,,,,,,,"blend of 5 margin source(s) (fitted weights): espn_fpi, sagarin_predictor, sagarin_rating, fei, team_rankings; total from fei"
2026-11-28T05:00:00.000Z,13,Duke,Wake Forest,Allegacy Federal Credit Union Stadium,no,31500,,,,,668.47,680.87,,,2.41932680241036,53.480000000000004,,,,,,,"blend of 5 margin source(s) (fitted weights): espn_fpi, sagarin_predictor, sagarin_rating, fei, team_rankings; total from fei"
2026-11-28T05:00:00.000Z,13,NC State,North Carolina,Kenan Stadium,no,50500,,,,,757.14,767.89,1.5,55.5,5.994570815152275,52.400000000000006,home,high,under,medium,home,0.16340764635079474,"blend of 5 margin source(s) (fitted weights): espn_fpi, sagarin_predictor, sagarin_rating, fei, team_rankings; total from fei"
2026-11-28T05:00:00.000Z,13,Coastal Carolina,James Madison,Bridgeforth Stadium,no,24877,,,,,573.96,588.31,,,11.930138148806886,50.96,,,,,,,"blend of 5 margin source(s) (fitted weights): espn_fpi, sagarin_predictor, sagarin_rating, fei, team_rankings; total from fei"
2026-11-28T05:00:00.000Z,13,South Carolina,Clemson,"Memorial Stadium (Clemson, SC)",no,81500,,,,,862.87,862.85,-3,53.5,-2.1971707554607254,44.959999999999994,away,high,under,high,away,-0.14798210495170155,"blend of 5 margin source(s) (fitted weights): espn_fpi, sagarin_predictor, sagarin_rating, fei, team_rankings; total from fei"
2026-11-28T05:00:00.000Z,13,Cincinnati,BYU,LaVell Edwards Stadium,no,63470,,,,,634.28,689.42,,,10.435151283546848,58.04,,,,,,,"blend of 5 margin source(s) (fitted weights): espn_fpi, sagarin_predictor, sagarin_rating, fei, team_rankings; total from fei"
2026-11-28T05:00:00.000Z,13,UTEP,Northern Illinois,Huskie Stadium,no,23595,,,,,585.76,536.58,,,4.227654803857964,48.08,,,,,,,"blend of 5 margin source(s) (fitted weights): espn_fpi, sagarin_predictor, sagarin_rating, fei, team_rankings; total from fei"
2026-11-28T05:00:00.000Z,13,Auburn,Alabama,Bryant-Denny Stadium,no,101821,,,,,828.19,973.53,-10,52.5,11.934285372278282,49.519999999999996,home,medium,under,medium,,-0.004699164627350649,"blend of 5 margin source(s) (fitted weights): espn_fpi, sagarin_predictor, sagarin_rating, fei, team_rankings; total from fei"
2026-11-28T05:00:00.000Z,13,Virginia,Virginia Tech,Lane Stadium,no,65632,,,,,700.18,769.12,-1.5,53.5,-0.8241141386897775,51.68,away,medium,under,low,away,-0.05300689143900561,"blend of 5 margin source(s) (fitted weights): espn_fpi, sagarin_predictor, sagarin_rating, fei, team_rankings; total from fei"
2026-11-28T05:00:00.000Z,13,Kansas State,Iowa State,Jack Trice Stadium,no,61500,,,,,718.67,669.55,,,-4.528168037289965,51.44,,,,,,,"blend of 5 margin source(s) (fitted weights): espn_fpi, sagarin_predictor, sagarin_rating, fei, team_rankings; total from fei"
2026-11-28T05:00:00.000Z,13,Kansas,Oklahoma State,Boone Pickens Stadium,no,55509,,,,,684.51,672.69,,,-2.0034135550439114,57.44,,,,,,,"blend of 5 margin source(s) (fitted weights): espn_fpi, sagarin_predictor, sagarin_rating, fei, team_rankings; total from fei"
2026-11-28T05:00:00.000Z,13,Washington,Oregon,Autzen Stadium,no,54000,,,,,777.63,984.33,-15.5,54.5,13.632955818932139,56.96,away,medium,over,medium,,-0.0370904223467855,"blend of 5 margin source(s) (fitted weights): espn_fpi, sagarin_predictor, sagarin_rating, fei, team_rankings; total from fei"
2026-11-28T05:00:00.000Z,13,USC,UCLA,Rose Bowl,no,88565,,,,,899,774.45,10.5,55.5,-7.45350708809902,63.31999999999999,home,high,over,high,home,0.11202517161996337,"blend of 5 margin source(s) (fitted weights): espn_fpi, sagarin_predictor, sagarin_rating, fei, team_rankings; total from fei"
2026-11-28T05:00:00.000Z,13,Southern Miss,Old Dominion,S.B. Ballard Stadium,no,20118,,,,,602.63,544.25,,,3.6498393353459337,,,,,,,,"blend of 4 margin source(s) (fitted weights): espn_fpi, sagarin_predictor, sagarin_rating, team_rankings"
2026-11-28T05:00:00.000Z,13,Boston College,Miami,Hard Rock Stadium,no,64767,,,,,660,885.94,,,27.21261066938022,53.36,,,,,,,"blend of 5 margin source(s) (fitted weights): espn_fpi, sagarin_predictor, sagarin_rating, fei, team_rankings; total from fei"
2026-11-28T05:00:00.000Z,13,Arizona State,Arizona,Arizona Stadium,no,50782,,,,,722,699.59,-4.5,52.5,2.7926027468242065,51.44,away,medium,under,low,away,-0.08819669414330411,"blend of 5 margin source(s) (fitted weights): espn_fpi, sagarin_predictor, sagarin_rating, fei, team_rankings; total from fei"
2026-11-28T05:00:00.000Z,13,Louisiana,Georgia State,Center Parc Stadium,no,25000,,,,,590.94,573.83,,,-2.563763662614663,54.92,,,,,,,"blend of 5 margin source(s) (fitted weights): espn_fpi, sagarin_predictor, sagarin_rating, fei, team_rankings; total from fei"
2026-11-28T05:00:00.000Z,13,Navy,Charlotte,Jerry Richardson Stadium,no,15300,,,,,195.68,576.77,,,-12.741450773103438,52.88,,,,,,,"blend of 4 margin source(s) (fitted weights): sagarin_predictor, sagarin_rating, fei, team_rankings; total from fei"
2026-11-28T05:00:00.000Z,13,UAB,North Texas,DATCU Stadium,no,30850,,,,,606.18,602.08,,,11.010098074150143,62.480000000000004,,,,,,,"blend of 5 margin source(s) (fitted weights): espn_fpi, sagarin_predictor, sagarin_rating, fei, team_rankings; total from fei"
2026-11-28T05:00:00.000Z,13,Purdue,Indiana,"Memorial Stadium (Bloomington, IN)",no,52656,,,,,698.33,735.26,,,25.18724059962425,52.040000000000006,,,,,,,"blend of 5 margin source(s) (fitted weights): espn_fpi, sagarin_predictor, sagarin_rating, fei, team_rankings; total from fei"
2026-11-28T05:00:00.000Z,13,UCF,Colorado,Folsom Field,no,50183,,,,,672.14,731.62,,,1.729608023441984,49.160000000000004,,,,,,,"blend of 3 margin source(s) (fitted weights): espn_fpi, fei, team_rankings; total from fei"
2026-11-28T05:00:00.000Z,13,Oklahoma,Missouri,Memorial Stadium,no,71168,,,,,851.14,808.36,,,-4.137665859333847,46.04,,,,,,,"blend of 5 margin source(s) (fitted weights): espn_fpi, sagarin_predictor, sagarin_rating, fei, team_rankings; total from fei"
2026-11-28T05:00:00.000Z,13,Baylor,Houston,TDECU Stadium,no,40000,,,,,723.28,695.93,,,3.023567549394835,56.84,,,,,,,"blend of 5 margin source(s) (fitted weights): espn_fpi, sagarin_predictor, sagarin_rating, fei, team_rankings; total from fei"
2026-11-28T05:00:00.000Z,13,Illinois,Northwestern,Ryan Field,no,35000,,,,,704.01,688.32,3.5,52.5,-1.2666638811697584,52.160000000000004,home,medium,under,low,home,0.07768626530976558,"blend of 5 margin source(s) (fitted weights): espn_fpi, sagarin_predictor, sagarin_rating, fei, team_rankings; total from fei"
2026-11-28T05:00:00.000Z,13,Tennessee,Vanderbilt,FirstBank Stadium,no,40351,,,,,885.9,727.39,3,57.5,-3.484256884375883,62.96,away,low,over,medium,,0.007175488374105032,"blend of 5 margin source(s) (fitted weights): espn_fpi, sagarin_predictor, sagarin_rating, fei, team_rankings; total from fei"
2026-11-28T05:00:00.000Z,13,UConn,Wyoming,War Memorial Stadium,no,29181,,,,,652.56,528.29,,,-2.803953870496012,50.120000000000005,,,,,,,"blend of 5 margin source(s) (fitted weights): espn_fpi, sagarin_predictor, sagarin_rating, fei, team_rankings; total from fei"
2026-11-28T05:00:00.000Z,13,Louisville,Kentucky,Kroger Field,no,61000,,,,,739.97,786.65,,,-0.12020155231195684,45.92,,,,,,,"blend of 5 margin source(s) (fitted weights): espn_fpi, sagarin_predictor, sagarin_rating, fei, team_rankings; total from fei"
2026-11-28T05:00:00.000Z,13,LSU,Arkansas,Razorback Stadium,no,80000,,,,,931.76,745.48,,,-12.27200155036277,55.879999999999995,,,,,,,"blend of 5 margin source(s) (fitted weights): espn_fpi, sagarin_predictor, sagarin_rating, fei, team_rankings; total from fei"
2026-11-28T05:00:00.000Z,13,Louisiana Tech,Georgia Southern,Allen E. Paulson Stadium,no,25000,,,,,543.02,634.19,,,1.1584762301515439,56.959999999999994,,,,,,,"blend of 4 margin source(s) (fitted weights): espn_fpi, sagarin_predictor, sagarin_rating, fei; total from fei"
2026-11-28T05:00:00.000Z,13,Tulsa,UTSA,Alamodome,yes,36582,,,,,622.84,655.82,,,6.134489060003673,53,,,,,,,"blend of 5 margin source(s) (fitted weights): espn_fpi, sagarin_predictor, sagarin_rating, fei, team_rankings; total from fei"
2026-11-28T05:00:00.000Z,13,Notre Dame,Syracuse,JMA Wireless Dome,yes,49057,,,,,953.03,745.61,,,-19.72456587969368,49.64,,,,,,,"blend of 5 margin source(s) (fitted weights): espn_fpi, sagarin_predictor, sagarin_rating, fei, team_rankings; total from fei"
2026-11-28T17:00:00.000Z,13,Michigan,Ohio State,Ohio Stadium,no,102780,,,,,890.02,964.27,-13.5,46.5,16.277013705310207,53.24,home,medium,over,high,,0.028238907909493016,"blend of 5 margin source(s) (fitted weights): espn_fpi, sagarin_predictor, sagarin_rating, fei, team_rankings; total from fei"
2026-11-28T17:00:00.000Z,13,Massachusetts,Bowling Green,Doyt L. Perry Stadium,no,24000,,,,,525.94,568.33,,,6.062352336518571,48.92,,,,,,,"blend of 5 margin source(s) (fitted weights): espn_fpi, sagarin_predictor, sagarin_rating, fei, team_rankings; total from fei"
2026-11-28T17:00:00.000Z,13,Central Michigan,Ball State,Scheumann Stadium,no,22500,,,,,540.01,563.88,,,-1.4264802496358668,48.08,,,,,,,"blend of 5 margin source(s) (fitted weights): espn_fpi, sagarin_predictor, sagarin_rating, fei, team_rankings; total from fei"
2026-11-28T18:00:00.000Z,13,Kennesaw State,Western Kentucky,Houchens Industries-L.T. Smith Stadium,no,22113,,,,,502.86,611.52,,,1.3718329684140362,53.6,,,,,,,"blend of 5 margin source(s) (fitted weights): espn_fpi, sagarin_predictor, sagarin_rating, fei, team_rankings; total from fei"
2026-11-28T19:00:00.000Z,13,Liberty,Missouri State,Plaster Sports Complex,no,17337,,,,,633.35,549.92,,,-4.006413562008922,59.599999999999994,,,,,,,"blend of 5 margin source(s) (fitted weights): espn_fpi, sagarin_predictor, sagarin_rating, fei, team_rankings; total from fei"
2026-11-28T19:00:00.000Z,13,Sam Houston,Florida International,Pitbull Stadium,no,20000,,,,,554.47,607.56,,,6.2196036893561,47.959999999999994,,,,,,,"blend of 2 margin source(s) (fitted weights): espn_fpi, fei; total from fei"
2026-11-28T19:00:00.000Z,13,New Mexico State,Middle Tennessee,"Johnny ""Red"" Floyd Stadium",no,30788,,,,,460.38,571.5,,,-0.3822250630220093,52.879999999999995,,,,,,,"blend of 5 margin source(s) (fitted weights): espn_fpi, sagarin_predictor, sagarin_rating, fei, team_rankings; total from fei"
2026-11-28T20:00:00.000Z,13,Troy,Arkansas State,Centennial Bank Stadium,no,30382,,,,,596.19,606.22,,,-0.6413931331091716,46.400000000000006,,,,,,,"blend of 4 margin source(s) (fitted weights): sagarin_predictor, sagarin_rating, fei, team_rankings; total from fei"
2026-11-28T20:30:00.000Z,13,Jacksonville State,Delaware,Delaware Stadium,no,22000,,,,,602.83,483.48,,,5.01799135470819,52.64,,,,,,,"blend of 5 margin source(s) (fitted weights): espn_fpi, sagarin_predictor, sagarin_rating, fei, team_rankings; total from fei"
2026-11-28T21:30:00.000Z,13,Air Force,New Mexico,University Stadium (NM),no,39224,,,,,272.35,568.19,,,5.847148948017816,59.120000000000005,,,,,,,"blend of 5 margin source(s) (fitted weights): espn_fpi, sagarin_predictor, sagarin_rating, fei, team_rankings; total from fei"
2026-11-29T02:00:00.000Z,13,Nevada,UNLV,Allegiant Stadium,yes,65000,,,,,549.99,696.03,,,9.243120288496542,52.28,,,,,,,"blend of 5 margin source(s) (fitted weights): espn_fpi, sagarin_predictor, sagarin_rating, fei, team_rankings; total from fei"
2026-11-29T04:00:00.000Z,13,Sacramento State,Hawai'i,Clarence T.C. Ching Athletics Complex,no,15194,,,,,561.42,556.82,,,13.053040109264092,53.239999999999995,,,,,,,"blend of 5 margin source(s) (fitted weights): espn_fpi, sagarin_predictor, sagarin_rating, fei, team_rankings; total from fei"
2026-12-12T20:00:00.000Z,15,Navy,Army,MetLife Stadium,no,82500,,,,,195.68,303.83,2.5,37.5,1.5465187854671327,54.56,home,high,over,high,home,0.10199289656727278,"blend of 5 margin source(s) (fitted weights): espn_fpi, sagarin_predictor, sagarin_rating, fei, team_rankings; total from fei"
