kickoff_utc,week,away_team,home_team,venue,dome,capacity,wind_mph,wind_dir,temp_f,precip_pct,away_talent,home_talent,market_spread_home,market_total,model_margin_adjusted,model_total,ats_pick,ats_confidence,total_pick,total_confidence,ml_pick,ml_edge,adjustment_notes
2026-08-29T16:00:00.000Z,1,North Carolina,TCU,Aviva Stadium,no,51700,1.8,ESE,62.8,84,767.89,730.79,-8.5,46.5,5.743312291532975,55.160000000000004,away,medium,over,high,away,-0.09335600476065542,"blend of 5 margin source(s) (fitted weights): espn_fpi, sagarin_predictor, sagarin_rating, fei, team_rankings; total from fei"
2026-08-29T19:00:00.000Z,1,San José State,USC,Los Angeles Memorial Coliseum,no,77500,4.9,SW,94.9,0,569.25,899,-38.5,60.5,27.243768364607018,60.08,away,high,under,low,,-0.025059127000899184,"blend of 5 margin source(s) (fitted weights): espn_fpi, sagarin_predictor, sagarin_rating, fei, team_rankings; total from fei"
2026-08-29T19:30:00.000Z,1,NC State,Virginia,Scott Stadium,no,61500,3.6,ENE,81.2,0,757.14,700.18,-4,51,8.308449207122294,51.08,home,high,over,low,home,0.12710061786566507,"blend of 5 margin source(s) (fitted weights): espn_fpi, sagarin_predictor, sagarin_rating, fei, team_rankings; total from fei"
2026-08-29T21:30:00.000Z,1,Jacksonville State,North Dakota State,Fargodome,yes,18700,,,,,602.83,515.59,-7,46.5,8.228436422846176,53.72,home,medium,over,high,,-0.040451670530661676,"blend of 5 margin source(s) (fitted weights): espn_fpi, sagarin_predictor, sagarin_rating, fei, team_rankings; total from fei"
2026-08-29T22:30:00.000Z,1,Sacramento State,Eastern Michigan,Rynearson Stadium,no,30200,8.3,SW,81,1,561.42,580.64,-8.5,52.5,7.417320365377375,57.56,away,medium,over,medium,away,-0.0692561624836594,"blend of 5 margin source(s) (fitted weights): espn_fpi, sagarin_predictor, sagarin_rating, fei, team_rankings; total from fei"
2026-08-29T23:00:00.000Z,1,Hawai'i,Stanford,Stanford Stadium,no,50424,9.1,NNW,81.1,0,556.82,705.81,-4.5,48.5,5.9041800738601244,50.480000000000004,home,medium,over,low,,0.007036089969451931,"blend of 5 margin source(s) (fitted weights): espn_fpi, sagarin_predictor, sagarin_rating, fei, team_rankings; total from fei"
2026-08-29T23:00:00.000Z,1,New Mexico State,Florida State,Doak Campbell Stadium,no,67277,5.1,SE,84.9,6,460.38,800.2,-30.5,53.5,23.988426904443987,53.480000000000004,away,high,under,low,,-0.02077937119305262,"blend of 5 margin source(s) (fitted weights): espn_fpi, sagarin_predictor, sagarin_rating, fei, team_rankings; total from fei"
2026-08-30T02:00:00.000Z,1,Memphis,UNLV,Allegiant Stadium,yes,65000,,,,,670.31,696.03,-4,55.5,1.6423203505742299,56.6,away,medium,over,low,away,-0.07556065532819489,"blend of 5 margin source(s) (fitted weights): espn_fpi, sagarin_predictor, sagarin_rating, fei, team_rankings; total from fei"
2026-09-03T22:00:00.000Z,1,Massachusetts,Rutgers,SHI Stadium,no,52454,7.7,W,85.7,37,525.94,709.04,-28.5,51.5,24.268584334160497,60.56,away,high,over,high,,-0.02249478170242214,"blend of 5 margin source(s) (fitted weights): espn_fpi, sagarin_predictor, sagarin_rating, fei, team_rankings; total from fei"
2026-09-03T23:00:00.000Z,1,Akron,Wake Forest,Allegacy Federal Credit Union Stadium,no,31500,11.2,SSW,95.2,3,546.84,680.87,-24.5,48.5,21.39269734890631,47.24,away,high,under,low,,-0.02627678451476323,"blend of 5 margin source(s) (fitted weights): espn_fpi, sagarin_predictor, sagarin_rating, fei, team_rankings; total from fei"
2026-09-04T00:00:00.000Z,1,Colorado,Georgia Tech,Bobby Dodd Stadium,no,55000,9,SSE,84.5,10,731.62,751.65,-6.5,50.5,4.583252617214527,54.68,away,medium,over,medium,away,-0.08742762363402912,"blend of 5 margin source(s) (fitted weights): espn_fpi, sagarin_predictor, sagarin_rating, fei, team_rankings; total from fei"
2026-09-04T01:00:00.000Z,1,UAB,Illinois,"Memorial Stadium (Champaign, IL)",no,60670,5.1,E,81.7,2,606.18,704.01,-28.5,57,23.715599572193067,58.04,away,high,over,low,,-0.023642324668992853,"blend of 5 margin source(s) (fitted weights): espn_fpi, sagarin_predictor, sagarin_rating, fei, team_rankings; total from fei"
2026-09-04T22:30:00.000Z,1,San José State,Eastern Michigan,Rynearson Stadium,no,30200,6.1,SSE,83.8,15,569.25,580.64,-3.5,54.5,0.29722760480041854,54.68,away,high,over,low,away,-0.11505589867207888,"blend of 5 margin source(s) (fitted weights): espn_fpi, sagarin_predictor, sagarin_rating, fei, team_rankings; total from fei"
2026-09-05T00:00:00.000Z,1,UTEP,Oklahoma,"Memorial Stadium (Norman, OK)",no,86112,11.2,SSE,89,3,585.76,851.14,-41.5,51,34.05220259067341,44.599999999999994,away,high,under,high,,,"blend of 5 margin source(s) (fitted weights): espn_fpi, sagarin_predictor, sagarin_rating, fei, team_rankings; total from fei"
2026-09-05T00:00:00.000Z,1,Toledo,Michigan State,Spartan Stadium,no,75005,9.5,NE,71.8,13,556.26,685.02,-10,47.5,6.81830918242332,50.36,away,high,over,medium,away,-0.11183453578744074,"blend of 5 margin source(s) (fitted weights): espn_fpi, sagarin_predictor, sagarin_rating, fei, team_rankings; total from fei"
2026-09-05T01:00:00.000Z,1,Miami,Stanford,Stanford Stadium,no,50424,10.4,WNW,69,0,885.94,705.81,24.5,47.5,-18.326481053864473,50,home,high,over,medium,home,0.07228243830517642,"blend of 5 margin source(s) (fitted weights): espn_fpi, sagarin_predictor, sagarin_rating, fei, team_rankings; total from fei"
2026-09-05T01:00:00.000Z,1,Fresno State,USC,Los Angeles Memorial Coliseum,no,77500,9.9,S,78.8,3,609.75,899,-22.5,51.5,20.18590263757455,56.480000000000004,away,medium,over,medium,,-0.034659431624828985,"blend of 5 margin source(s) (fitted weights): espn_fpi, sagarin_predictor, sagarin_rating, fei, team_rankings; total from fei"
2026-09-05T16:00:00.000Z,1,North Texas,Indiana,"Memorial Stadium (Bloomington, IN)",no,52656,7.4,WNW,92,10,602.08,735.26,-40.5,56.5,30.79659329892695,58.64,away,high,over,medium,,,"blend of 6 margin source(s) (fitted weights): espn_fpi, sagarin_predictor, sagarin_rating, fei, team_rankings, predictiontracker; total from fei"
2026-09-05T16:00:00.000Z,1,Liberty,James Madison,Bridgeforth Stadium,no,24877,3.8,NNW,78.8,33,633.35,588.31,-6,50.5,13.913113552903717,53.96,home,high,over,medium,home,0.14408408660270933,"blend of 6 margin source(s) (fitted weights): espn_fpi, sagarin_predictor, sagarin_rating, fei, team_rankings, predictiontracker; total from fei"
2026-09-05T16:00:00.000Z,1,Ohio,Nebraska,"Memorial Stadium (Lincoln, NE)",no,85458,4,SSW,91.8,1,522.84,787.45,-23.5,46.5,17.599978439545325,53.36,away,high,over,high,away,-0.07133891339461884,"blend of 6 margin source(s) (fitted weights): espn_fpi, sagarin_predictor, sagarin_rating, fei, team_rankings, predictiontracker; total from fei"
2026-09-05T16:00:00.000Z,1,East Carolina,Alabama,Bryant-Denny Stadium,no,101821,1.5,NNW,93.5,1,623.79,973.53,-28,52.5,21.868019506419035,52.040000000000006,away,high,under,low,,-0.02257110981338717,"blend of 6 margin source(s) (fitted weights): espn_fpi, sagarin_predictor, sagarin_rating, fei, team_rankings, predictiontracker; total from fei"
2026-09-05T16:00:00.000Z,1,Coastal Carolina,West Virginia,Milan Puskar Stadium,no,60000,5.9,WSW,77.2,15,573.96,707.6,-21,55,15.04261204704019,51.68,away,high,under,medium,home,0.3402679265944305,"blend of 6 margin source(s) (fitted weights): espn_fpi, sagarin_predictor, sagarin_rating, fei, team_rankings, predictiontracker; total from fei"
2026-09-05T16:00:00.000Z,1,Oregon State,Houston,TDECU Stadium,no,40000,1.6,NW,89.7,6,635.79,695.93,-20.5,50.5,20.204029925966783,53.239999999999995,away,low,over,medium,,0.012124665536224266,"blend of 6 margin source(s) (fitted weights): espn_fpi, sagarin_predictor, sagarin_rating, fei, team_rankings, predictiontracker; total from fei"
2026-09-05T16:30:00.000Z,1,Ball State,Ohio State,Ohio Stadium,no,102780,7.5,W,78.9,9,563.88,964.27,-51,56.5,48.55566001278264,49.4,away,medium,under,high,,,"blend of 6 margin source(s) (fitted weights): espn_fpi, sagarin_predictor, sagarin_rating, fei, team_rankings, predictiontracker; total from fei"
2026-09-05T16:30:00.000Z,1,Miami (OH),Pittsburgh,Acrisure Stadium,no,68400,0.9,NE,71.1,7,621.37,675.02,-16,47,17.486680785980077,45.56,home,medium,under,low,,0.015327329479746354,"blend of 6 margin source(s) (fitted weights): espn_fpi, sagarin_predictor, sagarin_rating, fei, team_rankings, predictiontracker; total from fei"
2026-09-05T16:45:00.000Z,1,Kent State,South Carolina,Williams-Brice Stadium,no,80250,3,SW,95.9,0,522.83,862.87,-36.5,53.5,31.37362534471016,51.44,away,high,under,medium,home,0.475051899768562,"blend of 6 margin source(s) (fitted weights): espn_fpi, sagarin_predictor, sagarin_rating, fei, team_rankings, predictiontracker; total from fei"
2026-09-05T19:30:00.000Z,1,Marshall,Penn State,Beaver Stadium,no,106572,6.7,N,76.2,0,594.71,774.04,-23.5,52,25.048571304422293,50.96,home,medium,under,low,,0.02021868232922852,"blend of 6 margin source(s) (fitted weights): espn_fpi, sagarin_predictor, sagarin_rating, fei, team_rankings, predictiontracker; total from fei"
2026-09-05T19:30:00.000Z,1,Tulane,Duke,Wallace Wade Stadium,no,40004,24.3,NW,80.1,11,665.11,668.47,-7.5,51.5,6.026224293249496,56.599999999999994,away,medium,over,low,away,-0.08676332129053788,"blend of 6 margin source(s) (fitted weights): espn_fpi, sagarin_predictor, sagarin_rating, fei, team_rankings, predictiontracker; total from fei; high wind (24.3mph) forced total confidence to low"
2026-09-05T19:30:00.000Z,1,Baylor,Auburn,Mercedes-Benz Stadium,yes,75000,,,,,723.28,828.19,-7.5,59.5,8.217387634520755,51.92,home,low,under,high,,-0.013314040400058458,"blend of 6 margin source(s) (fitted weights): espn_fpi, sagarin_predictor, sagarin_rating, fei, team_rankings, predictiontracker; total from fei"
2026-09-05T19:30:00.000Z,1,Boise State,Oregon,Autzen Stadium,no,54000,3.1,NNW,64,1,641.17,984.33,-24.5,51.5,24.243966907644346,54.44,away,low,over,medium,,-0.0005273543180354112,"blend of 6 margin source(s) (fitted weights): espn_fpi, sagarin_predictor, sagarin_rating, fei, team_rankings, predictiontracker; total from fei"
2026-09-05T19:30:00.000Z,1,Texas State,Texas,DKR-Texas Memorial Stadium,no,100119,6,SE,96,3,624.81,985.17,-29.5,59.5,27.69917345665309,54.8,away,medium,under,medium,,0.0004573786185895212,"blend of 6 margin source(s) (fitted weights): espn_fpi, sagarin_predictor, sagarin_rating, fei, team_rankings, predictiontracker; total from fei"
2026-09-05T19:30:00.000Z,1,Boston College,Cincinnati,Nippert Stadium,no,40000,7.6,NW,93.2,5,660,634.28,-7.5,50.5,10.2410136699493,58.04,home,medium,over,high,,0.016855095180767,"blend of 6 margin source(s) (fitted weights): espn_fpi, sagarin_predictor, sagarin_rating, fei, team_rankings, predictiontracker; total from fei"
2026-09-05T19:45:00.000Z,1,Oklahoma State,Tulsa,Chapman Stadium,no,30000,2.9,S,101,0,672.69,622.84,13.5,59.5,-4.984937154120729,49.28,home,high,under,high,home,0.19494696352015844,"blend of 6 margin source(s) (fitted weights): espn_fpi, sagarin_predictor, sagarin_rating, fei, team_rankings, predictiontracker; total from fei"
2026-09-05T20:15:00.000Z,1,Northern Illinois,Iowa,Kinnick Stadium,no,69250,8.2,NE,93.8,0,536.58,722.73,-32,44.5,30.64822412942806,43.76,away,medium,under,low,,0.00935927587353702,"blend of 6 margin source(s) (fitted weights): espn_fpi, sagarin_predictor, sagarin_rating, fei, team_rankings, predictiontracker; total from fei"
2026-09-05T22:00:00.000Z,1,Wyoming,Colorado State,Canvas Stadium,no,36500,9.5,ESE,93.3,4,528.29,640.31,-3,46.5,2.275743730480027,47.599999999999994,away,low,over,low,,-0.026440211946493153,"blend of 6 margin source(s) (fitted weights): espn_fpi, sagarin_predictor, sagarin_rating, fei, team_rankings, predictiontracker; total from fei"
2026-09-05T23:00:00.000Z,1,Sam Houston,Troy,Veterans Memorial Stadium (AL),no,30000,6.2,WSW,88.5,7,554.47,596.19,-16.5,54,16.0859267087618,45.44,away,low,under,high,,-0.04189535349806717,"blend of 5 margin source(s) (fitted weights): sagarin_predictor, sagarin_rating, fei, team_rankings, predictiontracker; total from fei"
2026-09-05T23:00:00.000Z,1,Florida International,South Florida,Raymond James Stadium,no,65828,6,WNW,83.7,4,607.56,703.81,-14.5,52,13.850121032966364,51.2,away,low,under,low,,0.02337246190673037,"blend of 2 margin source(s) (fitted weights): espn_fpi, fei; total from fei"
2026-09-05T23:00:00.000Z,1,Arkansas State,Memphis,Simmons Bank Liberty Stadium,no,58325,8.3,NW,99,2,606.22,670.31,-11,53.5,13.363924094054841,52.519999999999996,home,medium,under,low,home,0.057338620554896025,"blend of 6 margin source(s) (fitted weights): espn_fpi, sagarin_predictor, sagarin_rating, fei, team_rankings, predictiontracker; total from fei"
2026-09-05T23:00:00.000Z,1,Missouri State,Texas A&M,Kyle Field,no,102733,6.3,SE,90.7,10,549.92,933,-40.5,53.5,34.35301003788171,55.64,away,high,over,medium,,,"blend of 6 margin source(s) (fitted weights): espn_fpi, sagarin_predictor, sagarin_rating, fei, team_rankings, predictiontracker; total from fei"
2026-09-05T23:30:00.000Z,1,Western Michigan,Michigan,Michigan Stadium,no,107601,4.8,NE,74.2,0,572.2,890.02,-27.5,49.5,22.86021364830616,50.84,away,high,over,low,,-0.008981469506754491,"blend of 6 margin source(s) (fitted weights): espn_fpi, sagarin_predictor, sagarin_rating, fei, team_rankings, predictiontracker; total from fei"
2026-09-05T23:30:00.000Z,1,Clemson,LSU,Tiger Stadium (LA),no,102321,2.2,W,89.7,22,862.85,931.76,-9.5,50.5,7.412702969838907,47.239999999999995,away,medium,under,medium,away,-0.10989803228472583,"blend of 6 margin source(s) (fitted weights): espn_fpi, sagarin_predictor, sagarin_rating, fei, team_rankings, predictiontracker; total from fei"
2026-09-05T23:30:00.000Z,1,UL Monroe,Mississippi State,Davis Wade Stadium,no,61337,3,NW,97,2,505.49,804.53,-28.5,55,25.104085220867823,52.64,away,high,under,medium,,-0.021250657057023892,"blend of 6 margin source(s) (fitted weights): espn_fpi, sagarin_predictor, sagarin_rating, fei, team_rankings, predictiontracker; total from fei"
2026-09-05T23:45:00.000Z,1,Florida Atlantic,Florida,Ben Hill Griffin Stadium,no,88548,3.8,WSW,81.5,7,593.36,891.07,-26.5,59.5,23.514641018966483,53.36,away,medium,under,high,,-0.00320333187198496,"blend of 6 margin source(s) (fitted weights): espn_fpi, sagarin_predictor, sagarin_rating, fei, team_rankings, predictiontracker; total from fei"
2026-09-06T02:00:00.000Z,1,Central Michigan,New Mexico,University Stadium (NM),no,39224,3.2,SSW,83.3,3,540.01,568.19,-10.5,47,11.467366135923744,49.760000000000005,home,low,over,medium,,-0.04663549431165992,"blend of 6 margin source(s) (fitted weights): espn_fpi, sagarin_predictor, sagarin_rating, fei, team_rankings, predictiontracker; total from fei"
2026-09-06T02:00:00.000Z,1,UNLV,Hawai'i,Clarence T.C. Ching Athletics Complex,no,15194,12.2,NE,79.9,36,696.03,556.82,3,55.5,-0.5461777376763918,56.120000000000005,home,medium,over,low,home,0.06621618287276171,"blend of 6 margin source(s) (fitted weights): espn_fpi, sagarin_predictor, sagarin_rating, fei, team_rankings, predictiontracker; total from fei"
2026-09-06T02:30:00.000Z,1,Western Kentucky,Nevada,Mackay Stadium,no,27000,17.7,W,64.2,3,611.52,549.99,1.5,51.5,-3.770884135710973,49.879999999999995,away,medium,under,low,away,-0.09748931114346182,"blend of 6 margin source(s) (fitted weights): espn_fpi, sagarin_predictor, sagarin_rating, fei, team_rankings, predictiontracker; total from fei"
2026-09-06T02:30:00.000Z,1,UCLA,California,California Memorial Stadium,no,62467,5.7,NW,67.5,0,774.45,751.92,2.5,53.5,1.4872238170578878,53,home,high,under,low,home,0.07977254955479346,"blend of 6 margin source(s) (fitted weights): espn_fpi, sagarin_predictor, sagarin_rating, fei, team_rankings, predictiontracker; total from fei"
2026-09-06T20:00:00.000Z,1,Washington State,Washington,Husky Stadium,no,70138,6.5,NNW,70.2,0,630.29,777.63,-23.5,51.5,17.87278770727597,50.84,away,high,under,low,away,-0.06310307633525514,"blend of 6 margin source(s) (fitted weights): espn_fpi, sagarin_predictor, sagarin_rating, fei, team_rankings, predictiontracker; total from fei"
2026-09-06T23:30:00.000Z,1,Wisconsin,Notre Dame,Lambeau Field,no,80735,4.4,SE,73.2,0,767.68,953.03,-20.5,46.5,21.005088095866817,46.400000000000006,home,low,under,low,,-0.008243469997079145,"blend of 6 margin source(s) (fitted weights): espn_fpi, sagarin_predictor, sagarin_rating, fei, team_rankings, predictiontracker; total from fei"
2026-09-06T23:30:00.000Z,1,Louisville,Ole Miss,Nissan Stadium,no,69143,9.5,N,92,1,739.97,885.72,-6.5,55,9.23718996840628,54.56,home,medium,under,low,,0.017977788698421815,"blend of 6 margin source(s) (fitted weights): espn_fpi, sagarin_predictor, sagarin_rating, fei, team_rankings, predictiontracker; total from fei"
2026-09-07T23:30:00.000Z,1,SMU,Florida State,Doak Campbell Stadium,no,67277,6.5,NE,88.2,11,764.5,800.2,3,54.5,-0.7360828013960166,57.56,home,medium,over,medium,home,0.06464563812168667,"blend of 5 margin source(s) (fitted weights): espn_fpi, sagarin_predictor, sagarin_rating, fei, team_rankings; total from fei"
2026-09-11T23:30:00.000Z,2,Rutgers,Boston College,"Alumni Stadium (Chestnut Hill, MA)",no,44500,5.2,NNW,67.9,1,709.04,660,-3.5,54.5,1.6809495738132094,60.32,away,medium,over,medium,away,-0.06740053863260553,"blend of 5 margin source(s) (fitted weights): espn_fpi, sagarin_predictor, sagarin_rating, fei, team_rankings; total from fei"
2026-09-12T00:00:00.000Z,2,Missouri,Kansas,Memorial Stadium,no,47000,12.6,SSW,89.1,7,808.36,684.51,6.5,50.5,-3.3778223853194995,57.2,home,high,over,high,home,0.08540625127948953,"blend of 5 margin source(s) (fitted weights): espn_fpi, sagarin_predictor, sagarin_rating, fei, team_rankings; total from fei"
2026-09-12T16:00:00.000Z,2,Old Dominion,Virginia Tech,Lane Stadium,no,65632,4.3,SE,76.1,39,544.25,769.12,-17.5,50.5,12.709924532474705,49.760000000000005,away,high,under,low,away,-0.09348988820808823,"blend of 5 margin source(s) (fitted weights): espn_fpi, sagarin_predictor, sagarin_rating, fei, team_rankings; total from fei"
2026-09-12T16:00:00.000Z,2,Washington State,Kansas State,Bill Snyder Family Stadium,no,50000,6.9,ESE,80.9,12,630.29,718.67,-17.5,50.5,13.47998083726721,49.519999999999996,away,high,under,low,away,-0.09313670899646809,"blend of 5 margin source(s) (fitted weights): espn_fpi, sagarin_predictor, sagarin_rating, fei, team_rankings; total from fei"
2026-09-12T16:00:00.000Z,2,Oregon,Oklahoma State,Boone Pickens Stadium,no,55509,14.8,S,84.5,16,984.33,672.69,22.5,57.5,-20.306164972011135,53.96,home,medium,under,medium,,0.021904502100353787,"blend of 5 margin source(s) (fitted weights): espn_fpi, sagarin_predictor, sagarin_rating, fei, team_rankings; total from fei"
2026-09-12T16:00:00.000Z,2,Arizona State,Texas A&M,Kyle Field,no,102733,8.8,SSW,89.5,1,722,933,-14,51.5,14.066329143219235,50.72,home,low,under,low,,-0.011996164270114185,"blend of 5 margin source(s) (fitted weights): espn_fpi, sagarin_predictor, sagarin_rating, fei, team_rankings; total from fei"
2026-09-12T16:00:00.000Z,2,Oklahoma,Michigan,Michigan Stadium,no,107601,6.2,SSW,76.5,8,851.14,890.02,6,43.5,-0.962216928594084,49.28,home,high,over,medium,home,0.15105381779857324,"blend of 5 margin source(s) (fitted weights): espn_fpi, sagarin_predictor, sagarin_rating, fei, team_rankings; total from fei"
2026-09-12T16:00:00.000Z,2,South Florida,Army,Michie Stadium,no,38000,4.1,S,73.4,2,703.81,303.83,-3.5,48.5,2.2370818075933645,53.72,away,medium,over,medium,away,-0.06686857408281022,"blend of 5 margin source(s) (fitted weights): espn_fpi, sagarin_predictor, sagarin_rating, fei, team_rankings; total from fei"
2026-09-12T16:00:00.000Z,2,Penn State,Temple,Lincoln Financial Field,no,69879,4,SE,80.5,8,774.04,631.07,23.5,49.5,-20.391440627001398,55.4,home,high,over,medium,,0.03236578585809714,"blend of 5 margin source(s) (fitted weights): espn_fpi, sagarin_predictor, sagarin_rating, fei, team_rankings; total from fei"
2026-09-12T16:00:00.000Z,2,App State,East Carolina,Dowdy-Ficklen Stadium,no,50000,2.7,SE,84.8,26,621.61,623.79,-8.5,56.5,6.99823452493226,54.08,away,medium,under,medium,away,-0.06445674326172268,"blend of 5 margin source(s) (fitted weights): espn_fpi, sagarin_predictor, sagarin_rating, fei, team_rankings; total from fei"
2026-09-12T16:00:00.000Z,2,Wake Forest,Purdue,Ross-Ade Stadium,no,57282,7.3,SW,79.5,17,680.87,698.33,4,49.5,-1.4984539490434787,48.92,home,medium,under,low,home,0.08515874669984236,"blend of 5 margin source(s) (fitted weights): espn_fpi, sagarin_predictor, sagarin_rating, fei, team_rankings; total from fei"
2026-09-12T16:45:00.000Z,2,Western Kentucky,Georgia,Sanford Stadium,no,92746,2.3,NNE,82.9,24,611.52,1003.67,-40.5,54.5,33.35280268904959,54.2,away,high,under,low,,,"blend of 5 margin source(s) (fitted weights): espn_fpi, sagarin_predictor, sagarin_rating, fei, team_rankings; total from fei"
2026-09-12T19:30:00.000Z,2,Utah State,Washington,Husky Stadium,no,70138,2.8,SSW,59.1,27,543.98,777.63,-26.5,55.5,22.0903802984484,55.879999999999995,away,high,over,low,,-0.026828083881532905,"blend of 5 margin source(s) (fitted weights): espn_fpi, sagarin_predictor, sagarin_rating, fei, team_rankings; total from fei"
2026-09-12T19:30:00.000Z,2,Eastern Michigan,Michigan State,Spartan Stadium,no,75005,8.5,SW,81.8,9,580.64,685.02,-17.5,50.5,16.96930315468365,53.96,away,low,over,medium,,-0.00745380946021823,"blend of 5 margin source(s) (fitted weights): espn_fpi, sagarin_predictor, sagarin_rating, fei, team_rankings; total from fei"
2026-09-12T19:30:00.000Z,2,California,Syracuse,JMA Wireless Dome,yes,49057,,,,,751.92,745.61,-3,56.5,4.535368728915903,48.68000000000001,home,medium,under,high,,0.018218269065766735,"blend of 5 margin source(s) (fitted weights): espn_fpi, sagarin_predictor, sagarin_rating, fei, team_rankings; total from fei"
2026-09-12T19:30:00.000Z,2,Maryland,UConn,Pratt & Whitney Stadium,no,40000,5.5,SSW,80.9,5,719.64,652.56,12.5,53.5,-7.900053786446173,52.4,home,high,under,low,home,0.10210182891800532,"blend of 5 margin source(s) (fitted weights): espn_fpi, sagarin_predictor, sagarin_rating, fei, team_rankings; total from fei"
2026-09-12T19:30:00.000Z,2,Duke,Illinois,"Memorial Stadium (Champaign, IL)",no,60670,6.2,SSW,87.6,12,668.47,704.01,-6.5,53.5,6.006504591012878,59.36,away,low,over,medium,,-0.02268615148022135,"blend of 5 margin source(s) (fitted weights): espn_fpi, sagarin_predictor, sagarin_rating, fei, team_rankings; total from fei"
2026-09-12T19:30:00.000Z,2,Alabama,Kentucky,Kroger Field,no,61000,4.7,WNW,88.8,18,973.53,786.65,10,49.5,-10.717167682985245,49.4,away,low,under,low,,0.022990631704940423,"blend of 5 margin source(s) (fitted weights): espn_fpi, sagarin_predictor, sagarin_rating, fei, team_rankings; total from fei"
2026-09-12T19:30:00.000Z,2,Mississippi State,Minnesota,Huntington Bank Stadium,no,50850,4.2,NNE,75.7,5,804.53,728.79,1.5,55.5,-0.31775888963739274,52.4,home,medium,under,medium,,0.013816644995071237,"blend of 5 margin source(s) (fitted weights): espn_fpi, sagarin_predictor, sagarin_rating, fei, team_rankings; total from fei"
2026-09-12T19:30:00.000Z,2,UTSA,Texas State,Bobcat Stadium (TX),no,30000,11.6,SSE,100.4,2,655.82,624.81,-1.5,64.5,-0.7661495517142121,59,away,medium,under,medium,,-0.008261622998003704,"blend of 5 margin source(s) (fitted weights): espn_fpi, sagarin_predictor, sagarin_rating, fei, team_rankings; total from fei"
2026-09-12T19:30:00.000Z,2,Rice,Notre Dame,Notre Dame Stadium,no,80795,7.3,SW,84.3,11,589.89,953.03,-44.5,54.5,38.60799263256276,49.879999999999995,away,high,under,medium,,,"blend of 5 margin source(s) (fitted weights): espn_fpi, sagarin_predictor, sagarin_rating, fei, team_rankings; total from fei"
2026-09-12T19:30:00.000Z,2,Arizona,BYU,LaVell Edwards Stadium,no,63470,11.8,WSW,86.6,6,699.59,689.42,-7.5,50.5,7.992275591262582,53.72,home,low,over,medium,,-0.018251095039641285,"blend of 5 margin source(s) (fitted weights): espn_fpi, sagarin_predictor, sagarin_rating, fei, team_rankings; total from fei"
2026-09-12T19:30:00.000Z,2,UCF,Pittsburgh,Acrisure Stadium,no,68400,2.4,SW,84.9,19,672.14,675.02,-7.5,57.5,8.006479480791267,46.16,home,low,under,high,,-0.02636549800539978,"blend of 3 margin source(s) (fitted weights): espn_fpi, fei, team_rankings; total from fei"
2026-09-12T19:30:00.000Z,2,UL Monroe,UAB,Protective Stadium,no,45000,4.1,WNW,93.7,36,505.49,606.18,-10.5,55.5,8.564141170171577,55.04,away,medium,under,low,away,-0.07306858418026174,"blend of 5 margin source(s) (fitted weights): espn_fpi, sagarin_predictor, sagarin_rating, fei, team_rankings; total from fei"
2026-09-12T19:45:00.000Z,2,UNLV,North Texas,DATCU Stadium,no,30850,11.5,SSE,104.5,7,696.03,602.08,4.5,57.5,-1.5981116193600295,61.64,home,medium,over,medium,home,0.08268550751139014,"blend of 5 margin source(s) (fitted weights): espn_fpi, sagarin_predictor, sagarin_rating, fei, team_rankings; total from fei"
2026-09-12T20:15:00.000Z,2,Delaware,Vanderbilt,FirstBank Stadium,no,40351,1.9,NNW,96.2,19,483.48,727.39,-20.5,53.5,18.496238771098977,61.16,away,medium,over,high,,-0.027792386580240303,"blend of 5 margin source(s) (fitted weights): espn_fpi, sagarin_predictor, sagarin_rating, fei, team_rankings; total from fei"
2026-09-12T22:00:00.000Z,2,Jacksonville State,Ohio,Peden Stadium,no,24000,2.8,ENE,83.8,22,602.83,522.84,-2.5,51.5,4.496309392489563,51.56,home,medium,over,low,home,0.06790861174148699,"blend of 5 margin source(s) (fitted weights): espn_fpi, sagarin_predictor, sagarin_rating, fei, team_rankings; total from fei"
2026-09-12T22:00:00.000Z,2,Memphis,Boise State,Albertsons Stadium,no,36387,14,NW,78,2,670.31,641.17,-7.5,55.5,6.750749049997015,52.519999999999996,away,low,under,medium,away,-0.07008340222509157,"blend of 5 margin source(s) (fitted weights): espn_fpi, sagarin_predictor, sagarin_rating, fei, team_rankings; total from fei"
2026-09-12T22:00:00.000Z,2,Buffalo,Florida International,Pitbull Stadium,no,20000,12,ESE,90.3,50,549.31,607.56,-10.5,47.5,2.4914025551574563,44.599999999999994,away,high,under,medium,away,-0.22003604725478,"blend of 2 margin source(s) (fitted weights): espn_fpi, fei; total from fei"
2026-09-12T23:00:00.000Z,2,Middle Tennessee,Marshall,Joan C. Edwards Stadium,no,38016,4.2,NNE,79.3,17,571.5,594.71,-14,57.5,7.819053351266743,51.32,away,high,under,high,away,-0.13965399747789375,"blend of 5 margin source(s) (fitted weights): espn_fpi, sagarin_predictor, sagarin_rating, fei, team_rankings; total from fei"
2026-09-12T23:00:00.000Z,2,Tennessee,Georgia Tech,Bobby Dodd Stadium,no,55000,3.7,NNE,84.7,49,885.9,751.65,13.5,55.5,-7.838078695646639,59.239999999999995,home,high,over,medium,home,0.1293683242513311,"blend of 5 margin source(s) (fitted weights): espn_fpi, sagarin_predictor, sagarin_rating, fei, team_rankings; total from fei"
2026-09-12T23:00:00.000Z,2,Tulsa,Sam Houston,Elliott T. Bowers Stadium,no,14000,9.6,SSE,90.4,6,622.84,554.47,13.5,51.5,-7.647594215228767,48.8,home,high,under,medium,home,0.13866916390769907,"blend of 5 margin source(s) (fitted weights): espn_fpi, sagarin_predictor, sagarin_rating, fei, team_rankings; total from fei"
2026-09-12T23:00:00.000Z,2,South Alabama,Tulane,Yulman Stadium,no,30000,6.7,S,88.3,55,573.38,665.11,-10.5,50.5,10.98251491304974,54.44,home,low,over,medium,,-0.017733496813609695,"blend of 5 margin source(s) (fitted weights): espn_fpi, sagarin_predictor, sagarin_rating, fei, team_rankings; total from fei"
2026-09-12T23:00:00.000Z,2,Bowling Green,Nebraska,"Memorial Stadium (Lincoln, NE)",no,85458,12.7,SE,90.7,6,568.33,787.45,-28.5,51.5,24.41996086244239,47.36,away,high,under,medium,,-0.02130859553797959,"blend of 5 margin source(s) (fitted weights): espn_fpi, sagarin_predictor, sagarin_rating, fei, team_rankings; total from fei"
2026-09-12T23:00:00.000Z,2,Georgia State,Kennesaw State,Fifth Third Stadium,no,11040,2.4,NW,83.8,48,573.83,502.86,-8.5,52.5,7.629618318352681,55.519999999999996,away,low,over,medium,away,-0.0502763923696633,"blend of 5 margin source(s) (fitted weights): espn_fpi, sagarin_predictor, sagarin_rating, fei, team_rankings; total from fei"
2026-09-12T23:15:00.000Z,2,San Diego State,UCLA,Rose Bowl,no,88565,7.7,S,86.8,0,609.22,774.45,-11.5,53.5,7.642932576267515,48.67999999999999,away,high,under,medium,away,-0.10779947153458402,"blend of 5 margin source(s) (fitted weights): espn_fpi, sagarin_predictor, sagarin_rating, fei, team_rankings; total from fei"
2026-09-12T23:30:00.000Z,2,Louisiana Tech,LSU,Tiger Stadium (LA),no,102321,2.9,W,86.9,49,543.02,931.76,-34.5,55.5,28.114443133242336,48.8,away,high,under,high,,-0.01228735727174357,"blend of 5 margin source(s) (fitted weights): espn_fpi, sagarin_predictor, sagarin_rating, fei, team_rankings; total from fei"
2026-09-12T23:30:00.000Z,2,Iowa State,Iowa,Kinnick Stadium,no,69250,7.3,NE,79.6,9,669.55,722.73,-14,41.5,11.932504805571604,43.76,away,medium,over,medium,away,-0.059549456757536534,"blend of 5 margin source(s) (fitted weights): espn_fpi, sagarin_predictor, sagarin_rating, fei, team_rankings; total from fei"
2026-09-12T23:30:00.000Z,2,Ohio State,Texas,DKR-Texas Memorial Stadium,no,100119,10.6,SE,100.5,2,964.27,985.17,-1.5,48.5,-0.7571930168823156,49.76,away,medium,over,low,,-0.02970702674904857,"blend of 5 margin source(s) (fitted weights): espn_fpi, sagarin_predictor, sagarin_rating, fei, team_rankings; total from fei"
2026-09-12T23:30:00.000Z,2,Navy,Florida Atlantic,FAU Stadium,no,29419,10.3,E,89.1,51,195.68,593.36,5.5,59.5,-8.340334854311074,56.84,away,medium,under,medium,,-0.04143576154361006,"blend of 5 margin source(s) (fitted weights): espn_fpi, sagarin_predictor, sagarin_rating, fei, team_rankings; total from fei"
2026-09-12T23:30:00.000Z,2,Texas Tech,Oregon State,Reser Stadium,no,43363,11.9,WNW,68.4,14,767.89,635.79,26.5,51.5,-20.51759291073613,45.68,home,high,under,medium,,0.03950120331896703,"blend of 5 margin source(s) (fitted weights): espn_fpi, sagarin_predictor, sagarin_rating, fei, team_rankings; total from fei"
2026-09-12T23:30:00.000Z,2,Georgia Southern,Clemson,"Memorial Stadium (Clemson, SC)",no,81500,2.9,E,78.1,50,634.19,862.85,-21,55.5,18.627098309278328,55.400000000000006,away,medium,under,low,,-0.015555184998023885,"blend of 4 margin source(s) (fitted weights): espn_fpi, sagarin_predictor, sagarin_rating, fei; total from fei"
2026-09-12T23:45:00.000Z,2,Charlotte,Ole Miss,Vaught-Hemingway Stadium,no,64038,7.3,SE,89.9,22,576.77,885.72,-47.5,61.5,33.54302027670387,55.76,away,high,under,medium,,,"blend of 4 margin source(s) (fitted weights): sagarin_predictor, sagarin_rating, fei, team_rankings; total from fei"
2026-09-12T23:45:00.000Z,2,Southern Miss,Auburn,Jordan-Hare Stadium,no,87451,4.5,W,78.3,43,602.63,828.19,-30.5,53.5,22.303211339048154,,away,high,,,,-0.03950076193712915,"blend of 4 margin source(s) (fitted weights): espn_fpi, sagarin_predictor, sagarin_rating, team_rankings"
2026-09-13T02:00:00.000Z,2,North Dakota State,Air Force,Falcon Stadium,no,46692,4.8,SW,69.5,15,515.59,272.35,3,46.5,0.5189746289146288,60.56,home,high,over,high,home,0.10630759880569846,"blend of 5 margin source(s) (fitted weights): espn_fpi, sagarin_predictor, sagarin_rating, fei, team_rankings; total from fei"
2026-09-13T02:15:00.000Z,2,Arkansas,Utah,Rice-Eccles Stadium,no,51444,5.4,WSW,83.3,6,745.48,695.72,-13.5,56.5,10.528764907926039,59.72,away,medium,over,medium,away,-0.06341074193390284,"blend of 5 margin source(s) (fitted weights): espn_fpi, sagarin_predictor, sagarin_rating, fei, team_rankings; total from fei"
2026-09-13T02:30:00.000Z,2,Sacramento State,Fresno State,Valley Children's Stadium,no,41031,13.3,NW,90,0,561.42,609.75,-18.5,45.5,14.278550161100146,46.879999999999995,away,high,over,low,away,-0.053803274685183755,"blend of 5 margin source(s) (fitted weights): espn_fpi, sagarin_predictor, sagarin_rating, fei, team_rankings; total from fei"
2026-09-13T03:00:00.000Z,2,Louisiana,USC,Los Angeles Memorial Coliseum,no,77500,7.2,S,78.1,0,590.94,899,-30.5,60.5,24.497802126188283,62.12,away,high,over,low,,-0.031318159877710805,"blend of 5 margin source(s) (fitted weights): espn_fpi, sagarin_predictor, sagarin_rating, fei, team_rankings; total from fei"
2026-09-13T03:59:00.000Z,2,New Mexico State,Hawai'i,Clarence T.C. Ching Athletics Complex,no,15194,6.9,ENE,79.3,9,460.38,556.82,-9.5,50.5,7.9287428221789655,53.36,away,medium,over,medium,away,-0.07010723037075273,"blend of 5 margin source(s) (fitted weights): espn_fpi, sagarin_predictor, sagarin_rating, fei, team_rankings; total from fei"
2026-09-17T23:30:00.000Z,3,Syracuse,Pittsburgh,Acrisure Stadium,no,68400,3.7,NNW,66.4,14,745.61,675.02,,,10.45992046589351,45.8,,,,,,,"blend of 5 margin source(s) (fitted weights): espn_fpi, sagarin_predictor, sagarin_rating, fei, team_rankings; total from fei"
2026-09-18T23:30:00.000Z,3,Miami,Wake Forest,Allegacy Federal Credit Union Stadium,no,31500,11.4,N,70.1,21,885.94,680.87,,,-15.008822747246754,48.2,,,,,,,"blend of 5 margin source(s) (fitted weights): espn_fpi, sagarin_predictor, sagarin_rating, fei, team_rankings; total from fei"
2026-09-19T00:00:00.000Z,3,Houston,Texas Tech,Jones AT&T Stadium,no,60454,7.8,S,88.8,10,695.93,767.89,-13.5,,13.31643313946337,47.480000000000004,away,low,,,,,"blend of 5 margin source(s) (fitted weights): espn_fpi, sagarin_predictor, sagarin_rating, fei, team_rankings; total from fei"
2026-09-19T15:30:00.000Z,3,Coastal Carolina,Delaware,Delaware Stadium,no,22000,10.9,NNW,58.3,24,573.96,483.48,,,5.070471895337096,54.2,,,,,,,"blend of 5 margin source(s) (fitted weights): espn_fpi, sagarin_predictor, sagarin_rating, fei, team_rankings; total from fei"
2026-09-19T16:00:00.000Z,3,Kent State,Ohio State,Ohio Stadium,no,102780,2.9,N,61.5,16,522.83,964.27,,,49.10748556372381,55.040000000000006,,,,,,,"blend of 5 margin source(s) (fitted weights): espn_fpi, sagarin_predictor, sagarin_rating, fei, team_rankings; total from fei"
2026-09-19T16:00:00.000Z,3,Akron,Minnesota,Huntington Bank Stadium,no,50850,9.5,SW,74.2,23,546.84,728.79,,,22.10138518393145,49.879999999999995,,,,,,,"blend of 5 margin source(s) (fitted weights): espn_fpi, sagarin_predictor, sagarin_rating, fei, team_rankings; total from fei"
2026-09-19T16:00:00.000Z,3,North Texas,Texas State,Bobcat Stadium (TX),no,30000,7.2,S,84.5,8,602.08,624.81,,,1.4756518336274191,63.56,,,,,,,"blend of 5 margin source(s) (fitted weights): espn_fpi, sagarin_predictor, sagarin_rating, fei, team_rankings; total from fei"
2026-09-19T16:00:00.000Z,3,Tulane,Kansas State,Bill Snyder Family Stadium,no,50000,18,SSW,84,11,665.11,718.67,,,11.704575703588166,52.04,,,,,,,"blend of 5 margin source(s) (fitted weights): espn_fpi, sagarin_predictor, sagarin_rating, fei, team_rankings; total from fei"
2026-09-19T16:00:00.000Z,3,Georgia,Arkansas,Razorback Stadium,no,80000,12.3,S,78.6,21,1003.67,745.48,,,-16.03427341552544,59.480000000000004,,,,,,,"blend of 5 margin source(s) (fitted weights): espn_fpi, sagarin_predictor, sagarin_rating, fei, team_rankings; total from fei"
2026-09-19T16:00:00.000Z,3,Bowling Green,Iowa State,Jack Trice Stadium,no,61500,15.4,SSW,70.4,17,568.33,669.55,,,17.396340107368477,46.040000000000006,,,,,,,"blend of 5 margin source(s) (fitted weights): espn_fpi, sagarin_predictor, sagarin_rating, fei, team_rankings; total from fei"
2026-09-19T16:00:00.000Z,3,Buffalo,Penn State,Beaver Stadium,no,106572,10.1,NNW,55.7,21,549.31,774.04,,,29.81562223863772,47.36,,,,,,,"blend of 5 margin source(s) (fitted weights): espn_fpi, sagarin_predictor, sagarin_rating, fei, team_rankings; total from fei"
2026-09-19T16:00:00.000Z,3,North Carolina,Clemson,"Memorial Stadium (Clemson, SC)",no,81500,2.4,SE,74.2,14,767.89,862.85,,,6.361196818159192,48.68,,,,,,,"blend of 5 margin source(s) (fitted weights): espn_fpi, sagarin_predictor, sagarin_rating, fei, team_rankings; total from fei"
2026-09-19T16:00:00.000Z,3,Arizona State,Kansas,Wembley Stadium,no,90000,6.9,WSW,66.5,14,722,684.51,,,0.02262437961857444,58.28,,,,,,,"blend of 5 margin source(s) (fitted weights): espn_fpi, sagarin_predictor, sagarin_rating, fei, team_rankings; total from fei"
2026-09-19T16:30:00.000Z,3,Eastern Michigan,Wisconsin,Camp Randall Stadium,no,80321,17,SSW,65.6,5,580.64,767.68,,,20.946890932355906,47.72,,,,,,,"blend of 5 margin source(s) (fitted weights): espn_fpi, sagarin_predictor, sagarin_rating, fei, team_rankings; total from fei"
2026-09-19T16:45:00.000Z,3,NC State,Vanderbilt,FirstBank Stadium,no,40351,4.4,ENE,75.6,16,757.14,727.39,,,10.483154707042964,59.84,,,,,,,"blend of 5 margin source(s) (fitted weights): espn_fpi, sagarin_predictor, sagarin_rating, fei, team_rankings; total from fei"
2026-09-19T17:00:00.000Z,3,Wyoming,Central Michigan,Kelly/Shorts Stadium,no,30255,9.1,SSW,57.5,13,528.29,540.01,,,2.279857403409186,45.32,,,,,,,"blend of 5 margin source(s) (fitted weights): espn_fpi, sagarin_predictor, sagarin_rating, fei, team_rankings; total from fei"
2026-09-19T19:00:00.000Z,3,Temple,Toledo,Glass Bowl,no,26038,4.7,SW,70,13,631.07,556.26,,,6.672894248310332,52.64,,,,,,,"blend of 5 margin source(s) (fitted weights): espn_fpi, sagarin_predictor, sagarin_rating, fei, team_rankings; total from fei"
2026-09-19T19:30:00.000Z,3,Florida State,Alabama,Bryant-Denny Stadium,no,101821,0.7,SSW,87.6,11,800.2,973.53,-15.5,52.5,15.333083262989078,57.32,away,low,over,medium,,0.008713691550875091,"blend of 5 margin source(s) (fitted weights): espn_fpi, sagarin_predictor, sagarin_rating, fei, team_rankings; total from fei"
2026-09-19T19:30:00.000Z,3,SMU,Louisville,L&N Federal Credit Union Stadium,no,60000,1.6,NE,74.8,13,764.5,739.97,-1.5,56.5,2.0830006956326215,50.6,home,low,under,medium,,0.040956773508781796,"blend of 5 margin source(s) (fitted weights): espn_fpi, sagarin_predictor, sagarin_rating, fei, team_rankings; total from fei"
2026-09-19T19:30:00.000Z,3,USC,Rutgers,SHI Stadium,no,52454,10.6,NW,67.5,25,899,709.04,,,-14.723632312032201,68,,,,,,,"blend of 5 margin source(s) (fitted weights): espn_fpi, sagarin_predictor, sagarin_rating, fei, team_rankings; total from fei"
2026-09-19T19:30:00.000Z,3,Miami (OH),Cincinnati,TQL Stadium,no,26000,1.7,NNW,72.8,6,621.37,634.28,,,16.387196510471053,53.599999999999994,,,,,,,"blend of 5 margin source(s) (fitted weights): espn_fpi, sagarin_predictor, sagarin_rating, fei, team_rankings; total from fei"
2026-09-19T19:30:00.000Z,3,Utah State,Utah,Rice-Eccles Stadium,no,51444,11.2,NW,82.9,23,543.98,695.72,,,22.406407899516413,56.36,,,,,,,"blend of 5 margin source(s) (fitted weights): espn_fpi, sagarin_predictor, sagarin_rating, fei, team_rankings; total from fei"
2026-09-19T19:30:00.000Z,3,Kentucky,Texas A&M,Kyle Field,no,102733,4.1,ESE,91.9,5,786.65,933,,,14.556896507957347,47.72,,,,,,,"blend of 5 margin source(s) (fitted weights): espn_fpi, sagarin_predictor, sagarin_rating, fei, team_rankings; total from fei"
2026-09-19T19:30:00.000Z,3,UTEP,Michigan,Michigan Stadium,no,107601,6.5,SW,64.7,6,585.76,890.02,,,32.210851630494055,50.6,,,,,,,"blend of 5 margin source(s) (fitted weights): espn_fpi, sagarin_predictor, sagarin_rating, fei, team_rankings; total from fei"
2026-09-19T20:00:00.000Z,3,Louisiana Tech,Baylor,McLane Stadium,no,45140,7.3,SE,95.5,1,543.02,723.28,,,15.093313787707974,53.84,,,,,,,"blend of 5 margin source(s) (fitted weights): espn_fpi, sagarin_predictor, sagarin_rating, fei, team_rankings; total from fei"
2026-09-19T20:00:00.000Z,3,Western Kentucky,Indiana,"Memorial Stadium (Bloomington, IN)",no,52656,4.5,SSW,73.5,9,611.52,735.26,,,33.144706780116366,52.04,,,,,,,"blend of 5 margin source(s) (fitted weights): espn_fpi, sagarin_predictor, sagarin_rating, fei, team_rankings; total from fei"
2026-09-19T20:00:00.000Z,3,Ball State,Liberty,Williams Stadium (VA),no,25000,2.1,WNW,75.3,17,563.88,633.35,,,12.872483672004613,53,,,,,,,"blend of 5 margin source(s) (fitted weights): espn_fpi, sagarin_predictor, sagarin_rating, fei, team_rankings; total from fei"
2026-09-19T20:00:00.000Z,3,Stanford,Duke,Wallace Wade Stadium,no,40004,4.1,NNW,75.6,19,705.81,668.47,,,9.449120314145173,55.28,,,,,,,"blend of 5 margin source(s) (fitted weights): espn_fpi, sagarin_predictor, sagarin_rating, fei, team_rankings; total from fei"
2026-09-19T20:15:00.000Z,3,Mississippi State,South Carolina,Williams-Brice Stadium,no,80250,4.5,N,80.2,12,804.53,862.87,,,7.789154649045136,49.16,,,,,,,"blend of 5 margin source(s) (fitted weights): espn_fpi, sagarin_predictor, sagarin_rating, fei, team_rankings; total from fei"
2026-09-19T22:00:00.000Z,3,East Carolina,Old Dominion,S.B. Ballard Stadium,no,20118,6.7,NNW,69.2,22,623.79,544.25,,,1.0230591715822894,47.36,,,,,,,"blend of 5 margin source(s) (fitted weights): espn_fpi, sagarin_predictor, sagarin_rating, fei, team_rankings; total from fei"
2026-09-19T22:00:00.000Z,3,Charlotte,App State,Kidd Brewer Stadium,no,30000,6.5,NW,61.7,23,576.77,621.61,,,10.150966238056775,53.599999999999994,,,,,,,"blend of 4 margin source(s) (fitted weights): sagarin_predictor, sagarin_rating, fei, team_rankings; total from fei"
2026-09-19T22:00:00.000Z,3,Florida International,Florida Atlantic,FAU Stadium,no,29419,4,E,88.9,43,607.56,593.36,,,1.4713704998083275,52.4,,,,,,,"blend of 2 margin source(s) (fitted weights): espn_fpi, fei; total from fei"
2026-09-19T22:30:00.000Z,3,Marshall,Missouri State,Plaster Sports Complex,no,17337,8.7,SSE,84.8,6,594.71,549.92,,,-1.5211429503229095,54.8,,,,,,,"blend of 5 margin source(s) (fitted weights): espn_fpi, sagarin_predictor, sagarin_rating, fei, team_rankings; total from fei"
2026-09-19T23:00:00.000Z,3,Nevada,Middle Tennessee,"Johnny ""Red"" Floyd Stadium",no,30788,4.9,NE,69.5,13,549.99,571.5,,,-5.023297956889263,50.480000000000004,,,,,,,"blend of 5 margin source(s) (fitted weights): espn_fpi, sagarin_predictor, sagarin_rating, fei, team_rankings; total from fei"
2026-09-19T23:00:00.000Z,3,Ohio,South Alabama,Hancock Whitney Stadium,no,25450,1.8,WNW,78.1,28,522.84,573.38,,,2.0390744938185774,55.64,,,,,,,"blend of 5 margin source(s) (fitted weights): espn_fpi, sagarin_predictor, sagarin_rating, fei, team_rankings; total from fei"
2026-09-19T23:00:00.000Z,3,Western Michigan,Rice,Rice Stadium,no,47000,7.7,ESE,88.6,25,572.2,589.89,,,-6.3309775501855015,47,,,,,,,"blend of 5 margin source(s) (fitted weights): espn_fpi, sagarin_predictor, sagarin_rating, fei, team_rankings; total from fei"
2026-09-19T23:00:00.000Z,3,Florida,Auburn,Jordan-Hare Stadium,no,87451,5.4,E,76.6,13,891.07,828.19,1.5,53.5,0.6626217202779613,47.36,home,medium,under,high,,0.02084683417950972,"blend of 5 margin source(s) (fitted weights): espn_fpi, sagarin_predictor, sagarin_rating, fei, team_rankings; total from fei"
2026-09-19T23:00:00.000Z,3,Georgia State,UCF,FBC Mortgage Stadium,no,44206,7.8,NE,79.2,33,573.83,672.14,,,16.668128324806084,52.16,,,,,,,"blend of 3 margin source(s) (fitted weights): espn_fpi, fei, team_rankings; total from fei"
2026-09-19T23:00:00.000Z,3,Troy,Missouri,Memorial Stadium,no,71168,7.1,S,83.6,3,596.19,808.36,,,19.14325254477579,45.67999999999999,,,,,,,"blend of 4 margin source(s) (fitted weights): sagarin_predictor, sagarin_rating, fei, team_rankings; total from fei"
2026-09-19T23:00:00.000Z,3,UConn,Southern Miss,M. M. Roberts Stadium,no,36000,3.8,N,77.5,9,652.56,602.63,,,3.8346444924980947,,,,,,,,"blend of 4 margin source(s) (fitted weights): espn_fpi, sagarin_predictor, sagarin_rating, team_rankings"
2026-09-19T23:00:00.000Z,3,Georgia Southern,Jacksonville State,AmFirst Stadium,no,24000,2.5,E,74.3,14,634.19,602.83,,,1.012052919040623,57.08,,,,,,,"blend of 4 margin source(s) (fitted weights): espn_fpi, sagarin_predictor, sagarin_rating, fei; total from fei"
2026-09-19T23:30:00.000Z,3,West Virginia,Virginia,Bank of America Stadium,no,73778,2.4,SE,72,13,707.6,700.18,,,11.595007071522037,49.64,,,,,,,"blend of 5 margin source(s) (fitted weights): espn_fpi, sagarin_predictor, sagarin_rating, fei, team_rankings; total from fei"
2026-09-19T23:30:00.000Z,3,Michigan State,Notre Dame,Notre Dame Stadium,no,80795,9.4,S,62.1,14,685.02,953.03,,,25.463510521393932,52.64,,,,,,,"blend of 5 margin source(s) (fitted weights): espn_fpi, sagarin_predictor, sagarin_rating, fei, team_rankings; total from fei"
2026-09-19T23:30:00.000Z,3,New Mexico,Oklahoma,"Memorial Stadium (Norman, OK)",no,86112,17.7,S,94.9,7,568.19,851.14,,,21.260228164346092,47.120000000000005,,,,,,,"blend of 5 margin source(s) (fitted weights): espn_fpi, sagarin_predictor, sagarin_rating, fei, team_rankings; total from fei"
2026-09-19T23:30:00.000Z,3,Virginia Tech,Maryland,SECU Stadium,no,51802,4.7,NNW,64.7,14,769.12,719.64,,,-0.45278916426029026,50.84,,,,,,,"blend of 5 margin source(s) (fitted weights): espn_fpi, sagarin_predictor, sagarin_rating, fei, team_rankings; total from fei"
2026-09-19T23:30:00.000Z,3,BYU,Colorado State,Canvas Stadium,no,36500,9.6,WSW,79.9,14,689.42,640.31,,,-18.22697845699857,54.32,,,,,,,"blend of 5 margin source(s) (fitted weights): espn_fpi, sagarin_predictor, sagarin_rating, fei, team_rankings; total from fei"
2026-09-19T23:30:00.000Z,3,LSU,Ole Miss,Vaught-Hemingway Stadium,no,64038,4.1,N,74.6,20,931.76,885.72,-1.5,57.5,-0.6781302298130232,55.400000000000006,away,medium,under,medium,away,-0.059646967717105925,"blend of 5 margin source(s) (fitted weights): espn_fpi, sagarin_predictor, sagarin_rating, fei, team_rankings; total from fei"
2026-09-19T23:30:00.000Z,3,Colorado,Northwestern,Lanny and Sharon Martin Stadium,no,12023,11.8,SSW,69.2,3,731.62,688.32,,,3.3701774917981155,48.92,,,,,,,"blend of 5 margin source(s) (fitted weights): espn_fpi, sagarin_predictor, sagarin_rating, fei, team_rankings; total from fei"
2026-09-19T23:45:00.000Z,3,Kennesaw State,Tennessee,Neyland Stadium,no,102455,3.6,E,65.8,33,502.86,885.9,,,24.173823338770838,57.08,,,,,,,"blend of 5 margin source(s) (fitted weights): espn_fpi, sagarin_predictor, sagarin_rating, fei, team_rankings; total from fei"
2026-09-20T00:00:00.000Z,3,Arkansas State,TCU,Amon G. Carter Stadium,no,46000,10.4,SSE,94.1,3,606.22,730.79,,,17.23346774769183,50.24,,,,,,,"blend of 5 margin source(s) (fitted weights): espn_fpi, sagarin_predictor, sagarin_rating, fei, team_rankings; total from fei"
2026-09-20T00:00:00.000Z,3,UAB,Louisiana,Cajun Field,no,41426,6.4,ENE,77.3,23,606.18,590.94,,,8.460476945961616,56.24,,,,,,,"blend of 5 margin source(s) (fitted weights): espn_fpi, sagarin_predictor, sagarin_rating, fei, team_rankings; total from fei"
2026-09-20T00:00:00.000Z,3,UTSA,Texas,DKR-Texas Memorial Stadium,no,100119,4.5,ESE,93.5,3,655.82,985.17,,,28.58796268945247,52.519999999999996,,,,,,,"blend of 5 margin source(s) (fitted weights): espn_fpi, sagarin_predictor, sagarin_rating, fei, team_rankings; total from fei"
2026-09-20T02:00:00.000Z,3,James Madison,San Diego State,Snapdragon Stadium,no,35000,5.6,W,81.1,5,588.31,609.22,,,3.067523531794619,45.56,,,,,,,"blend of 5 margin source(s) (fitted weights): espn_fpi, sagarin_predictor, sagarin_rating, fei, team_rankings; total from fei"
2026-09-20T02:30:00.000Z,3,North Dakota State,Sacramento State,Hornet Stadium,no,21195,5.6,SW,88.5,2,515.59,561.42,,,-11.524763364424992,52.76,,,,,,,"blend of 5 margin source(s) (fitted weights): espn_fpi, sagarin_predictor, sagarin_rating, fei, team_rankings; total from fei"
2026-09-20T02:30:00.000Z,3,Northern Illinois,Arizona,Arizona Stadium,no,50782,6.8,NNW,95.4,11,536.58,699.59,,,24.212715446722466,51.08,,,,,,,"blend of 5 margin source(s) (fitted weights): espn_fpi, sagarin_predictor, sagarin_rating, fei, team_rankings; total from fei"
2026-09-20T03:00:00.000Z,3,Purdue,UCLA,Rose Bowl,no,88565,2.2,SSW,85.9,3,698.33,774.45,,,7.855572763480814,54.2,,,,,,,"blend of 5 margin source(s) (fitted weights): espn_fpi, sagarin_predictor, sagarin_rating, fei, team_rankings; total from fei"
2026-09-20T03:00:00.000Z,3,Fresno State,San José State,CEFCU Stadium,no,30456,3.7,NNW,74.9,0,609.75,569.25,,,-0.8486503029731245,48.32,,,,,,,"blend of 5 margin source(s) (fitted weights): espn_fpi, sagarin_predictor, sagarin_rating, fei, team_rankings; total from fei"
2026-09-24T23:30:00.000Z,4,Liberty,Coastal Carolina,Brooks Stadium (SC),no,21000,,,,,633.35,573.96,,,-0.5947235072695459,55.400000000000006,,,,,,,"blend of 5 margin source(s) (fitted weights): espn_fpi, sagarin_predictor, sagarin_rating, fei, team_rankings; total from fei"
2026-09-25T20:00:00.000Z,4,Army,Temple,Lincoln Financial Field,no,69879,,,,,303.83,631.07,,,-3.6184191720418504,55.16,,,,,,,"blend of 5 margin source(s) (fitted weights): espn_fpi, sagarin_predictor, sagarin_rating, fei, team_rankings; total from fei"
2026-09-25T23:00:00.000Z,4,Navy,UAB,Protective Stadium,no,45000,,,,,195.68,606.18,,,-9.787697490784296,57.8,,,,,,,"blend of 5 margin source(s) (fitted weights): espn_fpi, sagarin_predictor, sagarin_rating, fei, team_rankings; total from fei"
2026-09-26T00:00:00.000Z,4,Northwestern,Indiana,"Memorial Stadium (Bloomington, IN)",no,52656,,,,,688.32,735.26,,,21.367287237844934,49.400000000000006,,,,,,,"blend of 5 margin source(s) (fitted weights): espn_fpi, sagarin_predictor, sagarin_rating, fei, team_rankings; total from fei"
2026-09-26T02:30:00.000Z,4,Clemson,California,California Memorial Stadium,no,62467,,,,,862.85,751.92,,,-5.489086781906777,48.08,,,,,,,"blend of 5 margin source(s) (fitted weights): espn_fpi, sagarin_predictor, sagarin_rating, fei, team_rankings; total from fei"
2026-09-26T04:00:00.000Z,4,Southern Miss,Tulane,Yulman Stadium,no,30000,,,,,602.63,665.11,,,8.582966835094329,,,,,,,,"blend of 4 margin source(s) (fitted weights): espn_fpi, sagarin_predictor, sagarin_rating, team_rankings"
2026-09-26T04:00:00.000Z,4,Minnesota,Washington,Husky Stadium,no,70138,,,,,728.79,777.63,,,9.678983356035172,52.879999999999995,,,,,,,"blend of 5 margin source(s) (fitted weights): espn_fpi, sagarin_predictor, sagarin_rating, fei, team_rankings; total from fei"
2026-09-26T04:00:00.000Z,4,Missouri,Mississippi State,Davis Wade Stadium,no,61337,,,,,808.36,804.53,,,-0.47200256294611853,51.56,,,,,,,"blend of 5 margin source(s) (fitted weights): espn_fpi, sagarin_predictor, sagarin_rating, fei, team_rankings; total from fei"
2026-09-26T04:00:00.000Z,4,Ball State,Kent State,Dix Stadium,no,25319,,,,,563.88,522.83,,,0.30929857501732483,53.239999999999995,,,,,,,"blend of 5 margin source(s) (fitted weights): espn_fpi, sagarin_predictor, sagarin_rating, fei, team_rankings; total from fei"
2026-09-26T04:00:00.000Z,4,Massachusetts,Sacramento State,Hornet Stadium,no,21195,,,,,525.94,561.42,,,2.1949755644821516,53.84,,,,,,,"blend of 5 margin source(s) (fitted weights): espn_fpi, sagarin_predictor, sagarin_rating, fei, team_rankings; total from fei"
2026-09-26T04:00:00.000Z,4,Notre Dame,Purdue,Ross-Ade Stadium,no,57282,,,,,953.03,698.33,,,-22.169875277368387,52.400000000000006,,,,,,,"blend of 5 margin source(s) (fitted weights): espn_fpi, sagarin_predictor, sagarin_rating, fei, team_rankings; total from fei"
2026-09-26T04:00:00.000Z,4,Delaware,Virginia,Scott Stadium,no,61500,,,,,483.48,700.18,,,19.70798133940227,52.16,,,,,,,"blend of 5 margin source(s) (fitted weights): espn_fpi, sagarin_predictor, sagarin_rating, fei, team_rankings; total from fei"
2026-09-26T04:00:00.000Z,4,Oklahoma State,West Virginia,Milan Puskar Stadium,no,60000,,,,,672.69,707.6,,,3.4655684457932545,50.120000000000005,,,,,,,"blend of 5 margin source(s) (fitted weights): espn_fpi, sagarin_predictor, sagarin_rating, fei, team_rankings; total from fei"
2026-09-26T04:00:00.000Z,4,Louisiana,Charlotte,Jerry Richardson Stadium,no,15300,,,,,590.94,576.77,,,-5.791395444260963,51.32,,,,,,,"blend of 4 margin source(s) (fitted weights): sagarin_predictor, sagarin_rating, fei, team_rankings; total from fei"
2026-09-26T04:00:00.000Z,4,Iowa,Michigan,Michigan Stadium,no,107601,,,,,722.73,890.02,,,4.959662064479844,46.28,,,,,,,"blend of 5 margin source(s) (fitted weights): espn_fpi, sagarin_predictor, sagarin_rating, fei, team_rankings; total from fei"
2026-09-26T04:00:00.000Z,4,Missouri State,SMU,Gerald J. Ford Stadium,no,32000,,,,,549.92,764.5,,,26.298642818210762,57.56,,,,,,,"blend of 5 margin source(s) (fitted weights): espn_fpi, sagarin_predictor, sagarin_rating, fei, team_rankings; total from fei"
2026-09-26T04:00:00.000Z,4,Boise State,Western Michigan,Waldo Stadium,no,30200,,,,,641.17,572.2,,,-5.359369079476408,48.32,,,,,,,"blend of 5 margin source(s) (fitted weights): espn_fpi, sagarin_predictor, sagarin_rating, fei, team_rankings; total from fei"
2026-09-26T04:00:00.000Z,4,UNLV,Akron,InfoCision Stadium,no,30000,,,,,696.03,546.84,,,-12.355749305551619,53.36,,,,,,,"blend of 5 margin source(s) (fitted weights): espn_fpi, sagarin_predictor, sagarin_rating, fei, team_rankings; total from fei"
2026-09-26T04:00:00.000Z,4,South Carolina,Alabama,Bryant-Denny Stadium,no,101821,,,,,862.87,973.53,,,9.886386336370702,48.92,,,,,,,"blend of 5 margin source(s) (fitted weights): espn_fpi, sagarin_predictor, sagarin_rating, fei, team_rankings; total from fei"
2026-09-26T04:00:00.000Z,4,San Diego State,Toledo,Glass Bowl,no,26038,,,,,609.22,556.26,,,-0.8832366118371422,44.599999999999994,,,,,,,"blend of 5 margin source(s) (fitted weights): espn_fpi, sagarin_predictor, sagarin_rating, fei, team_rankings; total from fei"
2026-09-26T04:00:00.000Z,4,Texas A&M,LSU,Tiger Stadium (LA),no,102321,,,,,933,931.76,-3,56.5,2.864138417025397,49.519999999999996,away,low,under,high,,-0.011958103516025442,"blend of 5 margin source(s) (fitted weights): espn_fpi, sagarin_predictor, sagarin_rating, fei, team_rankings; total from fei"
2026-09-26T04:00:00.000Z,4,Kansas State,Cincinnati,Nippert Stadium,no,40000,,,,,718.67,634.28,,,-1.6402809337315238,56.599999999999994,,,,,,,"blend of 5 margin source(s) (fitted weights): espn_fpi, sagarin_predictor, sagarin_rating, fei, team_rankings; total from fei"
2026-09-26T04:00:00.000Z,4,TCU,UCF,FBC Mortgage Stadium,no,44206,,,,,730.79,672.14,,,1.636337086972882,49.04,,,,,,,"blend of 3 margin source(s) (fitted weights): espn_fpi, fei, team_rankings; total from fei"
2026-09-26T04:00:00.000Z,4,Illinois,Ohio State,Ohio Stadium,no,102780,,,,,704.01,964.27,,,22.456570424900665,54.08,,,,,,,"blend of 5 margin source(s) (fitted weights): espn_fpi, sagarin_predictor, sagarin_rating, fei, team_rankings; total from fei"
2026-09-26T04:00:00.000Z,4,Air Force,Nevada,Mackay Stadium,no,27000,,,,,272.35,549.99,,,0.6017749427953958,57.2,,,,,,,"blend of 5 margin source(s) (fitted weights): espn_fpi, sagarin_predictor, sagarin_rating, fei, team_rankings; total from fei"
2026-09-26T04:00:00.000Z,4,Virginia Tech,Boston College,"Alumni Stadium (Chestnut Hill, MA)",no,44500,,,,,769.12,660,,,-6.920659584755932,55.28,,,,,,,"blend of 5 margin source(s) (fitted weights): espn_fpi, sagarin_predictor, sagarin_rating, fei, team_rankings; total from fei"
2026-09-26T04:00:00.000Z,4,Vanderbilt,Auburn,Jordan-Hare Stadium,no,87451,,,,,727.39,828.19,,,4.576810650988716,55.76,,,,,,,"blend of 5 margin source(s) (fitted weights): espn_fpi, sagarin_predictor, sagarin_rating, fei, team_rankings; total from fei"
2026-09-26T04:00:00.000Z,4,Sam Houston,Texas Tech,Jones AT&T Stadium,no,60454,,,,,554.47,767.89,,,35.334483296915785,44.12,,,,,,,"blend of 5 margin source(s) (fitted weights): espn_fpi, sagarin_predictor, sagarin_rating, fei, team_rankings; total from fei"
2026-09-26T04:00:00.000Z,4,Northern Illinois,Georgia State,Center Parc Stadium,no,25000,,,,,536.58,573.83,,,4.977841248464991,53.36,,,,,,,"blend of 5 margin source(s) (fitted weights): espn_fpi, sagarin_predictor, sagarin_rating, fei, team_rankings; total from fei"
2026-09-26T04:00:00.000Z,4,Oregon,USC,Los Angeles Memorial Coliseum,no,77500,,,,,984.33,899,5.5,58.5,-5.118633779047501,64.75999999999999,home,low,over,high,,0.0495478465256971,"blend of 5 margin source(s) (fitted weights): espn_fpi, sagarin_predictor, sagarin_rating, fei, team_rankings; total from fei"
2026-09-26T04:00:00.000Z,4,App State,NC State,Carter-Finley Stadium,no,58000,,,,,621.61,757.14,,,9.842695996877392,55.64,,,,,,,"blend of 5 margin source(s) (fitted weights): espn_fpi, sagarin_predictor, sagarin_rating, fei, team_rankings; total from fei"
2026-09-26T04:00:00.000Z,4,Oklahoma,Georgia,Sanford Stadium,no,92746,,,,,851.14,1003.67,-10,52.5,7.983673462010444,49.519999999999996,away,medium,under,medium,away,-0.07479898443522925,"blend of 5 margin source(s) (fitted weights): espn_fpi, sagarin_predictor, sagarin_rating, fei, team_rankings; total from fei"
2026-09-26T04:00:00.000Z,4,Houston,Georgia Southern,Allen E. Paulson Stadium,no,25000,,,,,695.93,634.19,,,-11.810742343058198,59.96,,,,,,,"blend of 4 margin source(s) (fitted weights): espn_fpi, sagarin_predictor, sagarin_rating, fei; total from fei"
2026-09-26T04:00:00.000Z,4,Ole Miss,Florida,Ben Hill Griffin Stadium,no,88548,,,,,885.72,891.07,,,-0.46222058370956276,55.879999999999995,,,,,,,"blend of 5 margin source(s) (fitted weights): espn_fpi, sagarin_predictor, sagarin_rating, fei, team_rankings; total from fei"
2026-09-26T04:00:00.000Z,4,UConn,Miami (OH),Yager Stadium,no,24286,,,,,652.56,621.37,,,0.789340644668018,52.400000000000006,,,,,,,"blend of 5 margin source(s) (fitted weights): espn_fpi, sagarin_predictor, sagarin_rating, fei, team_rankings; total from fei"
2026-09-26T04:00:00.000Z,4,South Florida,Bowling Green,Doyt L. Perry Stadium,no,24000,,,,,703.81,568.33,,,-9.283546838994212,48.32,,,,,,,"blend of 5 margin source(s) (fitted weights): espn_fpi, sagarin_predictor, sagarin_rating, fei, team_rankings; total from fei"
2026-09-26T04:00:00.000Z,4,Wake Forest,Louisville,L&N Federal Credit Union Stadium,no,60000,,,,,680.87,739.97,,,8.685985264020786,46.04,,,,,,,"blend of 5 margin source(s) (fitted weights): espn_fpi, sagarin_predictor, sagarin_rating, fei, team_rankings; total from fei"
2026-09-26T04:00:00.000Z,4,James Madison,Old Dominion,S.B. Ballard Stadium,no,20118,,,,,588.31,544.25,,,-0.6679844897766121,47,,,,,,,"blend of 5 margin source(s) (fitted weights): espn_fpi, sagarin_predictor, sagarin_rating, fei, team_rankings; total from fei"
2026-09-26T04:00:00.000Z,4,Nebraska,Michigan State,Spartan Stadium,no,75005,,,,,787.45,685.02,,,-4.684857307117539,53,,,,,,,"blend of 5 margin source(s) (fitted weights): espn_fpi, sagarin_predictor, sagarin_rating, fei, team_rankings; total from fei"
2026-09-26T04:00:00.000Z,4,Florida Atlantic,UL Monroe,Malone Stadium,no,27617,,,,,593.36,505.49,,,-4.822811372064464,54.08,,,,,,,"blend of 5 margin source(s) (fitted weights): espn_fpi, sagarin_predictor, sagarin_rating, fei, team_rankings; total from fei"
2026-09-26T04:00:00.000Z,4,Utah,Iowa State,Jack Trice Stadium,no,61500,,,,,695.72,669.55,,,-7.360817666605747,53.24,,,,,,,"blend of 5 margin source(s) (fitted weights): espn_fpi, sagarin_predictor, sagarin_rating, fei, team_rankings; total from fei"
2026-09-26T04:00:00.000Z,4,Wisconsin,Penn State,Beaver Stadium,no,106572,,,,,767.68,774.04,,,12.363997420420528,46.879999999999995,,,,,,,"blend of 5 margin source(s) (fitted weights): espn_fpi, sagarin_predictor, sagarin_rating, fei, team_rankings; total from fei"
2026-09-26T04:00:00.000Z,4,UCLA,Maryland,SECU Stadium,no,51802,,,,,774.45,719.64,,,0.8786947703756727,51.2,,,,,,,"blend of 5 margin source(s) (fitted weights): espn_fpi, sagarin_predictor, sagarin_rating, fei, team_rankings; total from fei"
2026-09-26T04:00:00.000Z,4,Colorado,Baylor,McLane Stadium,no,45140,,,,,731.62,723.28,,,5.555001641649055,54.56,,,,,,,"blend of 5 margin source(s) (fitted weights): espn_fpi, sagarin_predictor, sagarin_rating, fei, team_rankings; total from fei"
2026-09-26T04:00:00.000Z,4,Colorado State,UTSA,Alamodome,yes,36582,,,,,640.31,655.82,,,8.733385218087069,54.92,,,,,,,"blend of 5 margin source(s) (fitted weights): espn_fpi, sagarin_predictor, sagarin_rating, fei, team_rankings; total from fei"
2026-09-26T16:00:00.000Z,4,Texas,Tennessee,Neyland Stadium,no,102455,,,,,985.17,885.9,6.5,56.5,-6.7350389310670185,53.959999999999994,away,low,under,medium,,0.037061586648695966,"blend of 5 margin source(s) (fitted weights): espn_fpi, sagarin_predictor, sagarin_rating, fei, team_rankings; total from fei"
2026-09-26T16:45:00.000Z,4,South Alabama,Kentucky,Kroger Field,no,61000,,,,,573.38,786.65,,,17.611676293686617,51.2,,,,,,,"blend of 5 margin source(s) (fitted weights): espn_fpi, sagarin_predictor, sagarin_rating, fei, team_rankings; total from fei"
2026-09-26T19:00:00.000Z,4,Hawai'i,Wyoming,War Memorial Stadium,no,29181,,,,,556.82,528.29,,,-3.660220289702411,48.44,,,,,,,"blend of 5 margin source(s) (fitted weights): espn_fpi, sagarin_predictor, sagarin_rating, fei, team_rankings; total from fei"
2026-09-26T19:30:00.000Z,4,New Mexico,New Mexico State,Aggie Memorial Stadium,no,28853,,,,,568.19,460.38,,,-7.577897219691976,51.44,,,,,,,"blend of 5 margin source(s) (fitted weights): espn_fpi, sagarin_predictor, sagarin_rating, fei, team_rankings; total from fei"
2026-09-26T22:30:00.000Z,4,Central Michigan,Miami,Hard Rock Stadium,no,64767,,,,,540.01,885.94,,,36.95242190693961,49.88,,,,,,,"blend of 5 margin source(s) (fitted weights): espn_fpi, sagarin_predictor, sagarin_rating, fei, team_rankings; total from fei"
2026-09-26T23:00:00.000Z,4,Kennesaw State,Arkansas State,Centennial Bank Stadium,no,30382,,,,,502.86,606.22,,,-0.3548545177754955,52.400000000000006,,,,,,,"blend of 5 margin source(s) (fitted weights): espn_fpi, sagarin_predictor, sagarin_rating, fei, team_rankings; total from fei"
2026-09-26T23:00:00.000Z,4,Middle Tennessee,Jacksonville State,AmFirst Stadium,no,24000,,,,,571.5,602.83,,,7.140633383187322,51.56,,,,,,,"blend of 5 margin source(s) (fitted weights): espn_fpi, sagarin_predictor, sagarin_rating, fei, team_rankings; total from fei"
2026-09-26T23:30:00.000Z,4,Troy,Utah State,Maverik Stadium,no,25513,,,,,596.19,543.98,,,2.9275953144568274,49.52,,,,,,,"blend of 4 margin source(s) (fitted weights): sagarin_predictor, sagarin_rating, fei, team_rankings; total from fei"
2026-09-26T23:30:00.000Z,4,Arizona,Washington State,Gesa Field,no,32952,,,,,699.59,630.29,,,-6.499536943949455,49.16,,,,,,,"blend of 5 margin source(s) (fitted weights): espn_fpi, sagarin_predictor, sagarin_rating, fei, team_rankings; total from fei"
2026-09-27T00:00:00.000Z,4,Tulsa,Arkansas,Razorback Stadium,no,80000,,,,,622.84,745.48,,,12.108827756940414,56.239999999999995,,,,,,,"blend of 5 margin source(s) (fitted weights): espn_fpi, sagarin_predictor, sagarin_rating, fei, team_rankings; total from fei"
2026-09-27T01:00:00.000Z,4,Oregon State,UTEP,Sun Bowl,no,51500,,,,,635.79,585.76,,,-7.211205933132784,48.68,,,,,,,"blend of 5 margin source(s) (fitted weights): espn_fpi, sagarin_predictor, sagarin_rating, fei, team_rankings; total from fei"
2026-09-27T02:00:00.000Z,4,Rice,Fresno State,Valley Children's Stadium,no,41031,,,,,589.89,609.75,,,8.976722704486473,44.84,,,,,,,"blend of 5 margin source(s) (fitted weights): espn_fpi, sagarin_predictor, sagarin_rating, fei, team_rankings; total from fei"
2026-09-27T02:30:00.000Z,4,Georgia Tech,Stanford,Stanford Stadium,no,50424,,,,,751.65,705.81,,,-4.421461165431585,53.84,,,,,,,"blend of 5 margin source(s) (fitted weights): espn_fpi, sagarin_predictor, sagarin_rating, fei, team_rankings; total from fei"
2026-10-02T00:00:00.000Z,5,Western Kentucky,New Mexico State,Aggie Memorial Stadium,no,28853,,,,,611.52,460.38,,,-0.8746499397087559,52.28,,,,,,,"blend of 5 margin source(s) (fitted weights): espn_fpi, sagarin_predictor, sagarin_rating, fei, team_rankings; total from fei"
2026-10-02T01:00:00.000Z,5,North Texas,Tulsa,Chapman Stadium,no,30000,,,,,602.08,622.84,,,1.2955120072667534,57.56,,,,,,,"blend of 5 margin source(s) (fitted weights): espn_fpi, sagarin_predictor, sagarin_rating, fei, team_rankings; total from fei"
2026-10-02T23:00:00.000Z,5,Liberty,Delaware,Delaware Stadium,no,22000,,,,,633.35,483.48,,,1.8814021707773856,57.2,,,,,,,"blend of 5 margin source(s) (fitted weights): espn_fpi, sagarin_predictor, sagarin_rating, fei, team_rankings; total from fei"
2026-10-02T23:00:00.000Z,5,Pittsburgh,Virginia Tech,Lane Stadium,no,65632,,,,,675.02,769.12,,,-0.5625557646369422,49.760000000000005,,,,,,,"blend of 5 margin source(s) (fitted weights): espn_fpi, sagarin_predictor, sagarin_rating, fei, team_rankings; total from fei"
2026-10-03T00:00:00.000Z,5,Penn State,Northwestern,Ryan Field,no,35000,,,,,774.04,688.32,,,-9.228982097590986,50.24,,,,,,,"blend of 5 margin source(s) (fitted weights): espn_fpi, sagarin_predictor, sagarin_rating, fei, team_rankings; total from fei"
2026-10-03T04:00:00.000Z,5,Stanford,Wake Forest,Allegacy Federal Credit Union Stadium,no,31500,,,,,705.81,680.87,,,9.273608146613832,47,,,,,,,"blend of 5 margin source(s) (fitted weights): espn_fpi, sagarin_predictor, sagarin_rating, fei, team_rankings; total from fei"
2026-10-03T04:00:00.000Z,5,Baylor,Arizona State,Mountain America Stadium,no,65870,,,,,723.28,722,,,3.8737004371602324,54.8,,,,,,,"blend of 5 margin source(s) (fitted weights): espn_fpi, sagarin_predictor, sagarin_rating, fei, team_rankings; total from fei"
2026-10-03T04:00:00.000Z,5,Auburn,Tennessee,Neyland Stadium,no,102455,,,,,828.19,885.9,,,6.691963143212281,52.400000000000006,,,,,,,"blend of 5 margin source(s) (fitted weights): espn_fpi, sagarin_predictor, sagarin_rating, fei, team_rankings; total from fei"
2026-10-03T04:00:00.000Z,5,Kentucky,South Carolina,Williams-Brice Stadium,no,80250,,,,,786.65,862.87,,,8.613819998485042,44.48,,,,,,,"blend of 5 margin source(s) (fitted weights): espn_fpi, sagarin_predictor, sagarin_rating, fei, team_rankings; total from fei"
2026-10-03T04:00:00.000Z,5,Toledo,Ball State,Scheumann Stadium,no,22500,,,,,556.26,563.88,,,-10.826107929758432,47.6,,,,,,,"blend of 5 margin source(s) (fitted weights): espn_fpi, sagarin_predictor, sagarin_rating, fei, team_rankings; total from fei"
2026-10-03T04:00:00.000Z,5,Virginia,Florida State,Doak Campbell Stadium,no,67277,,,,,700.18,800.2,,,-0.033729808025369346,54.56,,,,,,,"blend of 5 margin source(s) (fitted weights): espn_fpi, sagarin_predictor, sagarin_rating, fei, team_rankings; total from fei"
2026-10-03T04:00:00.000Z,5,Maryland,Nebraska,"Memorial Stadium (Lincoln, NE)",no,85458,,,,,719.64,787.45,,,8.223031832976499,49.760000000000005,,,,,,,"blend of 5 margin source(s) (fitted weights): espn_fpi, sagarin_predictor, sagarin_rating, fei, team_rankings; total from fei"
2026-10-03T04:00:00.000Z,5,Texas Tech,Colorado,Folsom Field,no,50183,,,,,767.89,731.62,,,-11.5176174613466,45.2,,,,,,,"blend of 5 margin source(s) (fitted weights): espn_fpi, sagarin_predictor, sagarin_rating, fei, team_rankings; total from fei"
2026-10-03T04:00:00.000Z,5,Marshall,James Madison,Bridgeforth Stadium,no,24877,,,,,594.71,588.31,,,11.226831788584725,49.16,,,,,,,"blend of 5 margin source(s) (fitted weights): espn_fpi, sagarin_predictor, sagarin_rating, fei, team_rankings; total from fei"
2026-10-03T04:00:00.000Z,5,Georgia Southern,Coastal Carolina,Brooks Stadium (SC),no,21000,,,,,634.19,573.96,,,1.0026574872897476,58.64,,,,,,,"blend of 4 margin source(s) (fitted weights): espn_fpi, sagarin_predictor, sagarin_rating, fei; total from fei"
2026-10-03T04:00:00.000Z,5,UCF,Houston,TDECU Stadium,no,40000,,,,,672.14,695.93,,,3.9931191737616554,51.44,,,,,,,"blend of 3 margin source(s) (fitted weights): espn_fpi, fei, team_rankings; total from fei"
2026-10-03T04:00:00.000Z,5,UTEP,New Mexico,University Stadium (NM),no,39224,,,,,585.76,568.19,,,17.10153282932238,48.44,,,,,,,"blend of 5 margin source(s) (fitted weights): espn_fpi, sagarin_predictor, sagarin_rating, fei, team_rankings; total from fei"
2026-10-03T04:00:00.000Z,5,Bowling Green,Miami (OH),Yager Stadium,no,24286,,,,,568.33,621.37,,,6.491869670397567,44.24,,,,,,,"blend of 5 margin source(s) (fitted weights): espn_fpi, sagarin_predictor, sagarin_rating, fei, team_rankings; total from fei"
2026-10-03T04:00:00.000Z,5,UL Monroe,South Alabama,Hancock Whitney Stadium,no,25450,,,,,505.49,573.38,,,12.799896741223982,54.2,,,,,,,"blend of 5 margin source(s) (fitted weights): espn_fpi, sagarin_predictor, sagarin_rating, fei, team_rankings; total from fei"
2026-10-03T04:00:00.000Z,5,West Virginia,Iowa State,Jack Trice Stadium,no,61500,,,,,707.6,669.55,,,3.7522152900594548,50.599999999999994,,,,,,,"blend of 5 margin source(s) (fitted weights): espn_fpi, sagarin_predictor, sagarin_rating, fei, team_rankings; total from fei"
2026-10-03T04:00:00.000Z,5,Florida,Missouri,Memorial Stadium,no,71168,,,,,891.07,808.36,,,0.58206110466686,49.16,,,,,,,"blend of 5 margin source(s) (fitted weights): espn_fpi, sagarin_predictor, sagarin_rating, fei, team_rankings; total from fei"
2026-10-03T04:00:00.000Z,5,Boston College,SMU,Gerald J. Ford Stadium,no,32000,,,,,660,764.5,,,16.212426273231465,54.92,,,,,,,"blend of 5 margin source(s) (fitted weights): espn_fpi, sagarin_predictor, sagarin_rating, fei, team_rankings; total from fei"
2026-10-03T04:00:00.000Z,5,Cincinnati,Arizona,Arizona Stadium,no,50782,,,,,634.28,699.59,,,5.037221909574435,56.24,,,,,,,"blend of 5 margin source(s) (fitted weights): espn_fpi, sagarin_predictor, sagarin_rating, fei, team_rankings; total from fei"
2026-10-03T04:00:00.000Z,5,Memphis,Charlotte,Jerry Richardson Stadium,no,15300,,,,,670.31,576.77,,,-13.206755934272195,52.040000000000006,,,,,,,"blend of 4 margin source(s) (fitted weights): sagarin_predictor, sagarin_rating, fei, team_rankings; total from fei"
2026-10-03T04:00:00.000Z,5,UTSA,Rice,Rice Stadium,no,47000,,,,,655.82,589.89,,,-6.852617912187284,52.16,,,,,,,"blend of 5 margin source(s) (fitted weights): espn_fpi, sagarin_predictor, sagarin_rating, fei, team_rankings; total from fei"
2026-10-03T04:00:00.000Z,5,Temple,South Florida,Raymond James Stadium,no,65828,,,,,631.07,703.81,,,9.164376016318982,56.239999999999995,,,,,,,"blend of 5 margin source(s) (fitted weights): espn_fpi, sagarin_predictor, sagarin_rating, fei, team_rankings; total from fei"
2026-10-03T04:00:00.000Z,5,Western Michigan,Buffalo,UB Stadium,no,30270,,,,,572.2,549.31,,,-6.660532479561624,44,,,,,,,"blend of 5 margin source(s) (fitted weights): espn_fpi, sagarin_predictor, sagarin_rating, fei, team_rankings; total from fei"
2026-10-03T04:00:00.000Z,5,Notre Dame,North Carolina,Kenan Stadium,no,50500,,,,,953.03,767.89,23.5,55.5,-17.910277176515837,51.8,home,high,under,medium,home,0.051194480932278755,"blend of 5 margin source(s) (fitted weights): espn_fpi, sagarin_predictor, sagarin_rating, fei, team_rankings; total from fei"
2026-10-03T04:00:00.000Z,5,Old Dominion,Georgia State,Center Parc Stadium,no,25000,,,,,544.25,573.83,,,-5.635764638226555,50.48,,,,,,,"blend of 5 margin source(s) (fitted weights): espn_fpi, sagarin_predictor, sagarin_rating, fei, team_rankings; total from fei"
2026-10-03T04:00:00.000Z,5,Arkansas State,Louisiana,Cajun Field,no,41426,,,,,606.22,590.94,,,5.666877483849679,51.8,,,,,,,"blend of 5 margin source(s) (fitted weights): espn_fpi, sagarin_predictor, sagarin_rating, fei, team_rankings; total from fei"
2026-10-03T04:00:00.000Z,5,Vanderbilt,Georgia,Sanford Stadium,no,92746,,,,,727.39,1003.67,,,16.61266183020652,61.04,,,,,,,"blend of 5 margin source(s) (fitted weights): espn_fpi, sagarin_predictor, sagarin_rating, fei, team_rankings; total from fei"
2026-10-03T04:00:00.000Z,5,Michigan State,Wisconsin,Camp Randall Stadium,no,80321,,,,,685.02,767.68,,,6.571933994962415,46.879999999999995,,,,,,,"blend of 5 margin source(s) (fitted weights): espn_fpi, sagarin_predictor, sagarin_rating, fei, team_rankings; total from fei"
2026-10-03T04:00:00.000Z,5,BYU,TCU,Amon G. Carter Stadium,no,46000,,,,,689.42,730.79,,,-5.313264458541208,52.879999999999995,,,,,,,"blend of 5 margin source(s) (fitted weights): espn_fpi, sagarin_predictor, sagarin_rating, fei, team_rankings; total from fei"
2026-10-03T04:00:00.000Z,5,Eastern Michigan,Massachusetts,Warren McGuirk Alumni Stadium,no,17000,,,,,580.64,525.94,,,-1.0776357602908238,55.4,,,,,,,"blend of 5 margin source(s) (fitted weights): espn_fpi, sagarin_predictor, sagarin_rating, fei, team_rankings; total from fei"
2026-10-03T04:00:00.000Z,5,Ohio,Kent State,Dix Stadium,no,25319,,,,,522.84,522.83,,,-8.70661872247954,56.36,,,,,,,"blend of 5 margin source(s) (fitted weights): espn_fpi, sagarin_predictor, sagarin_rating, fei, team_rankings; total from fei"
2026-10-03T04:00:00.000Z,5,Middle Tennessee,Kansas,Memorial Stadium,no,47000,,,,,571.5,684.51,,,21.423500438378106,59.72,,,,,,,"blend of 5 margin source(s) (fitted weights): espn_fpi, sagarin_predictor, sagarin_rating, fei, team_rankings; total from fei"
2026-10-03T04:00:00.000Z,5,Washington,USC,Los Angeles Memorial Coliseum,no,77500,,,,,777.63,899,,,6.1136498261535195,63.08,,,,,,,"blend of 5 margin source(s) (fitted weights): espn_fpi, sagarin_predictor, sagarin_rating, fei, team_rankings; total from fei"
2026-10-03T04:00:00.000Z,5,Miami,Clemson,"Memorial Stadium (Clemson, SC)",no,81500,,,,,885.94,862.85,7,55.5,-11.075174211858819,48.56,away,high,under,high,,-0.022051373289560194,"blend of 5 margin source(s) (fitted weights): espn_fpi, sagarin_predictor, sagarin_rating, fei, team_rankings; total from fei"
2026-10-03T04:00:00.000Z,5,Alabama,Mississippi State,Davis Wade Stadium,no,61337,,,,,973.53,804.53,,,-9.892502333545337,54.08,,,,,,,"blend of 5 margin source(s) (fitted weights): espn_fpi, sagarin_predictor, sagarin_rating, fei, team_rankings; total from fei"
2026-10-03T04:00:00.000Z,5,Louisville,NC State,Carter-Finley Stadium,no,58000,,,,,739.97,757.14,,,-6.697212312479019,50.120000000000005,,,,,,,"blend of 5 margin source(s) (fitted weights): espn_fpi, sagarin_predictor, sagarin_rating, fei, team_rankings; total from fei"
2026-10-03T04:00:00.000Z,5,Michigan,Minnesota,Huntington Bank Stadium,no,50850,,,,,890.02,728.79,,,-6.554629074098052,52.879999999999995,,,,,,,"blend of 5 margin source(s) (fitted weights): espn_fpi, sagarin_predictor, sagarin_rating, fei, team_rankings; total from fei"
2026-10-03T04:00:00.000Z,5,Army,Louisiana Tech,Joe Aillet Stadium,no,28019,,,,,303.83,543.02,,,-2.7701040631983065,50.84,,,,,,,"blend of 5 margin source(s) (fitted weights): espn_fpi, sagarin_predictor, sagarin_rating, fei, team_rankings; total from fei"
2026-10-03T04:00:00.000Z,5,Arkansas,Texas A&M,Kyle Field,no,102733,,,,,745.48,933,,,17.17809021626786,56.84,,,,,,,"blend of 5 margin source(s) (fitted weights): espn_fpi, sagarin_predictor, sagarin_rating, fei, team_rankings; total from fei"
2026-10-03T04:00:00.000Z,5,Akron,Central Michigan,Kelly/Shorts Stadium,no,30255,,,,,546.84,540.01,,,4.734139521181093,48.92,,,,,,,"blend of 5 margin source(s) (fitted weights): espn_fpi, sagarin_predictor, sagarin_rating, fei, team_rankings; total from fei"
2026-10-03T04:00:00.000Z,5,Ohio State,Iowa,Kinnick Stadium,no,69250,,,,,964.27,722.73,,,-13.459550149738018,44.24,,,,,,,"blend of 5 margin source(s) (fitted weights): espn_fpi, sagarin_predictor, sagarin_rating, fei, team_rankings; total from fei"
2026-10-03T04:00:00.000Z,5,Purdue,Illinois,"Memorial Stadium (Champaign, IL)",no,60670,,,,,698.33,704.01,,,10.274816924877868,54.8,,,,,,,"blend of 5 margin source(s) (fitted weights): espn_fpi, sagarin_predictor, sagarin_rating, fei, team_rankings; total from fei"
2026-10-03T16:00:00.000Z,5,Navy,Air Force,Falcon Stadium,no,46692,,,,,195.68,272.35,,,-1.834705088682651,61.879999999999995,,,,,,,"blend of 5 margin source(s) (fitted weights): espn_fpi, sagarin_predictor, sagarin_rating, fei, team_rankings; total from fei"
2026-10-03T16:00:00.000Z,5,Syracuse,UConn,Pratt & Whitney Stadium,no,40000,,,,,745.61,652.56,,,-6.238516901320391,52.64,,,,,,,"blend of 5 margin source(s) (fitted weights): espn_fpi, sagarin_predictor, sagarin_rating, fei, team_rankings; total from fei"
2026-10-03T19:30:00.000Z,5,California,UNLV,Allegiant Stadium,yes,65000,,,,,751.92,696.03,,,2.7995261749375047,53.84,,,,,,,"blend of 5 margin source(s) (fitted weights): espn_fpi, sagarin_predictor, sagarin_rating, fei, team_rankings; total from fei"
2026-10-03T19:30:00.000Z,5,Wyoming,North Dakota State,Fargodome,yes,18700,,,,,528.29,515.59,,,12.509821166675511,47.96,,,,,,,"blend of 5 margin source(s) (fitted weights): espn_fpi, sagarin_predictor, sagarin_rating, fei, team_rankings; total from fei"
2026-10-03T22:00:00.000Z,5,Oregon State,Colorado State,Canvas Stadium,no,36500,,,,,635.79,640.31,,,0.609685292777919,52.28,,,,,,,"blend of 5 margin source(s) (fitted weights): espn_fpi, sagarin_predictor, sagarin_rating, fei, team_rankings; total from fei"
2026-10-03T23:30:00.000Z,5,Utah State,Boise State,Albertsons Stadium,no,36387,,,,,543.98,641.17,,,15.930218199360123,53.36,,,,,,,"blend of 5 margin source(s) (fitted weights): espn_fpi, sagarin_predictor, sagarin_rating, fei, team_rankings; total from fei"
2026-10-04T00:00:00.000Z,5,Indiana,Rutgers,SHI Stadium,no,52454,,,,,735.26,709.04,,,-22.00646133748337,58.28,,,,,,,"blend of 5 margin source(s) (fitted weights): espn_fpi, sagarin_predictor, sagarin_rating, fei, team_rankings; total from fei"
2026-10-04T01:30:00.000Z,5,Fresno State,Washington State,Gesa Field,no,32952,,,,,609.75,630.29,,,5.849406997851099,44.24,,,,,,,"blend of 5 margin source(s) (fitted weights): espn_fpi, sagarin_predictor, sagarin_rating, fei, team_rankings; total from fei"
2026-10-04T02:30:00.000Z,5,Texas State,San Diego State,Snapdragon Stadium,no,35000,,,,,624.81,609.22,,,7.969942964644433,51.44,,,,,,,"blend of 5 margin source(s) (fitted weights): espn_fpi, sagarin_predictor, sagarin_rating, fei, team_rankings; total from fei"
2026-10-04T03:59:00.000Z,5,San José State,Hawai'i,Clarence T.C. Ching Athletics Complex,no,15194,,,,,569.25,556.82,,,4.811339933065866,54.68,,,,,,,"blend of 5 margin source(s) (fitted weights): espn_fpi, sagarin_predictor, sagarin_rating, fei, team_rankings; total from fei"
2026-10-07T00:00:00.000Z,6,Southern Miss,Troy,Veterans Memorial Stadium (AL),no,30000,,,,,602.63,596.19,,,11.073302075081784,,,,,,,,"blend of 3 margin source(s) (fitted weights): sagarin_predictor, sagarin_rating, team_rankings"
2026-10-07T23:00:00.000Z,6,Jacksonville State,Kennesaw State,Fifth Third Stadium,no,11040,,,,,602.83,502.86,,,5.4480822951431636,51.92,,,,,,,"blend of 5 margin source(s) (fitted weights): espn_fpi, sagarin_predictor, sagarin_rating, fei, team_rankings; total from fei"
2026-10-07T23:30:00.000Z,6,New Mexico State,Florida International,Pitbull Stadium,no,20000,,,,,460.38,607.56,,,2.9372462590398913,49.76,,,,,,,"blend of 2 margin source(s) (fitted weights): espn_fpi, fei; total from fei"
2026-10-08T23:00:00.000Z,6,Sam Houston,Liberty,Williams Stadium (VA),no,25000,,,,,554.47,633.35,,,11.772123702062572,53.36,,,,,,,"blend of 5 margin source(s) (fitted weights): espn_fpi, sagarin_predictor, sagarin_rating, fei, team_rankings; total from fei"
2026-10-08T23:00:00.000Z,6,Missouri State,Western Kentucky,Houchens Industries-L.T. Smith Stadium,no,22113,,,,,549.92,611.52,,,7.644406397693755,56.72,,,,,,,"blend of 5 margin source(s) (fitted weights): espn_fpi, sagarin_predictor, sagarin_rating, fei, team_rankings; total from fei"
2026-10-08T23:30:00.000Z,6,South Florida,UTSA,Alamodome,yes,36582,,,,,703.81,655.82,,,1.5653463000589323,55.760000000000005,,,,,,,"blend of 5 margin source(s) (fitted weights): espn_fpi, sagarin_predictor, sagarin_rating, fei, team_rankings; total from fei"
2026-10-08T23:30:00.000Z,6,South Alabama,Arkansas State,Centennial Bank Stadium,no,30382,,,,,573.38,606.22,,,1.1521901083496955,53.84,,,,,,,"blend of 5 margin source(s) (fitted weights): espn_fpi, sagarin_predictor, sagarin_rating, fei, team_rankings; total from fei"
2026-10-09T23:00:00.000Z,6,Florida State,Louisville,L&N Federal Credit Union Stadium,no,60000,,,,,800.2,739.97,,,5.413429714318807,53.84,,,,,,,"blend of 5 margin source(s) (fitted weights): espn_fpi, sagarin_predictor, sagarin_rating, fei, team_rankings; total from fei"
2026-10-10T01:00:00.000Z,6,Wyoming,San José State,CEFCU Stadium,no,30456,,,,,528.29,569.25,,,6.631919008507046,48.32,,,,,,,"blend of 5 margin source(s) (fitted weights): espn_fpi, sagarin_predictor, sagarin_rating, fei, team_rankings; total from fei"
2026-10-10T01:00:00.000Z,6,Iowa,Washington,Husky Stadium,no,70138,,,,,722.73,777.63,,,2.895323911836631,46.28,,,,,,,"blend of 5 margin source(s) (fitted weights): espn_fpi, sagarin_predictor, sagarin_rating, fei, team_rankings; total from fei"
2026-10-10T01:00:00.000Z,6,Washington State,Utah State,Maverik Stadium,no,25513,,,,,630.29,543.98,,,-3.4999239682947945,51.44,,,,,,,"blend of 5 margin source(s) (fitted weights): espn_fpi, sagarin_predictor, sagarin_rating, fei, team_rankings; total from fei"
2026-10-10T02:15:00.000Z,6,Iowa State,BYU,LaVell Edwards Stadium,no,63470,,,,,669.55,689.42,,,13.323531139756831,52.879999999999995,,,,,,,"blend of 5 margin source(s) (fitted weights): espn_fpi, sagarin_predictor, sagarin_rating, fei, team_rankings; total from fei"
2026-10-10T04:00:00.000Z,6,Kent State,Western Michigan,Waldo Stadium,no,30200,,,,,522.83,572.2,,,19.24068949538724,52.64,,,,,,,"blend of 5 margin source(s) (fitted weights): espn_fpi, sagarin_predictor, sagarin_rating, fei, team_rankings; total from fei"
2026-10-10T04:00:00.000Z,6,LSU,Kentucky,Kroger Field,no,61000,,,,,931.76,786.65,,,-9.63799627311225,46.76,,,,,,,"blend of 5 margin source(s) (fitted weights): espn_fpi, sagarin_predictor, sagarin_rating, fei, team_rankings; total from fei"
2026-10-10T04:00:00.000Z,6,Wake Forest,NC State,Carter-Finley Stadium,no,58000,,,,,680.87,757.14,,,-0.6055732657484019,49.28,,,,,,,"blend of 5 margin source(s) (fitted weights): espn_fpi, sagarin_predictor, sagarin_rating, fei, team_rankings; total from fei"
2026-10-10T04:00:00.000Z,6,Houston,Kansas State,Bill Snyder Family Stadium,no,50000,,,,,695.93,718.67,,,5.434979845978565,53.84,,,,,,,"blend of 5 margin source(s) (fitted weights): espn_fpi, sagarin_predictor, sagarin_rating, fei, team_rankings; total from fei"
2026-10-10T04:00:00.000Z,6,Coastal Carolina,Marshall,Joan C. Edwards Stadium,no,38016,,,,,573.96,594.71,,,3.297652577512326,50.6,,,,,,,"blend of 5 margin source(s) (fitted weights): espn_fpi, sagarin_predictor, sagarin_rating, fei, team_rankings; total from fei"
2026-10-10T04:00:00.000Z,6,Rice,East Carolina,Dowdy-Ficklen Stadium,no,50000,,,,,589.89,623.79,,,11.89219034925415,48.92,,,,,,,"blend of 5 margin source(s) (fitted weights): espn_fpi, sagarin_predictor, sagarin_rating, fei, team_rankings; total from fei"
2026-10-10T04:00:00.000Z,6,UAB,Memphis,Simmons Bank Liberty Stadium,no,58325,,,,,606.18,670.31,,,16.528064314201252,56.96,,,,,,,"blend of 5 margin source(s) (fitted weights): espn_fpi, sagarin_predictor, sagarin_rating, fei, team_rankings; total from fei"
2026-10-10T04:00:00.000Z,6,USC,Penn State,Beaver Stadium,no,106572,,,,,899,774.04,-1.5,56.5,2.9275625370677236,62,home,medium,over,medium,,0.04012272031785935,"blend of 5 margin source(s) (fitted weights): espn_fpi, sagarin_predictor, sagarin_rating, fei, team_rankings; total from fei"
2026-10-10T04:00:00.000Z,6,Virginia Tech,California,California Memorial Stadium,no,62467,,,,,769.12,751.92,,,-4.05534856101181,52.64,,,,,,,"blend of 5 margin source(s) (fitted weights): espn_fpi, sagarin_predictor, sagarin_rating, fei, team_rankings; total from fei"
2026-10-10T04:00:00.000Z,6,Louisiana,Louisiana Tech,Joe Aillet Stadium,no,28019,,,,,590.94,543.02,,,2.6935467105178215,51.2,,,,,,,"blend of 5 margin source(s) (fitted weights): espn_fpi, sagarin_predictor, sagarin_rating, fei, team_rankings; total from fei"
2026-10-10T04:00:00.000Z,6,Texas A&M,Missouri,Memorial Stadium,no,71168,,,,,933,808.36,,,-5.477189943700828,49.64,,,,,,,"blend of 5 margin source(s) (fitted weights): espn_fpi, sagarin_predictor, sagarin_rating, fei, team_rankings; total from fei"
2026-10-10T04:00:00.000Z,6,UConn,Temple,Lincoln Financial Field,no,69879,,,,,652.56,631.07,,,2.1996804488161774,57.92,,,,,,,"blend of 5 margin source(s) (fitted weights): espn_fpi, sagarin_predictor, sagarin_rating, fei, team_rankings; total from fei"
2026-10-10T04:00:00.000Z,6,Ole Miss,Vanderbilt,FirstBank Stadium,no,40351,,,,,885.72,727.39,,,-4.376409514420319,64.28,,,,,,,"blend of 5 margin source(s) (fitted weights): espn_fpi, sagarin_predictor, sagarin_rating, fei, team_rankings; total from fei"
2026-10-10T04:00:00.000Z,6,Kansas,Utah,Rice-Eccles Stadium,no,51444,,,,,684.51,695.72,,,9.988725672549002,60.92,,,,,,,"blend of 5 margin source(s) (fitted weights): espn_fpi, sagarin_predictor, sagarin_rating, fei, team_rankings; total from fei"
2026-10-10T04:00:00.000Z,6,Hawai'i,Arizona State,Mountain America Stadium,no,65870,,,,,556.82,722,,,15.970543681392734,52.88,,,,,,,"blend of 5 margin source(s) (fitted weights): espn_fpi, sagarin_predictor, sagarin_rating, fei, team_rankings; total from fei"
2026-10-10T04:00:00.000Z,6,UCF,Oklahoma State,Boone Pickens Stadium,no,55509,,,,,672.14,672.69,,,-2.802194068559594,48.56,,,,,,,"blend of 3 margin source(s) (fitted weights): espn_fpi, fei, team_rankings; total from fei"
2026-10-10T04:00:00.000Z,6,Miami (OH),Massachusetts,Warren McGuirk Alumni Stadium,no,17000,,,,,621.37,525.94,,,-4.803705030047198,51.32,,,,,,,"blend of 5 margin source(s) (fitted weights): espn_fpi, sagarin_predictor, sagarin_rating, fei, team_rankings; total from fei"
2026-10-10T04:00:00.000Z,6,Sacramento State,Bowling Green,Doyt L. Perry Stadium,no,24000,,,,,561.42,568.33,,,6.494244664328142,46.760000000000005,,,,,,,"blend of 5 margin source(s) (fitted weights): espn_fpi, sagarin_predictor, sagarin_rating, fei, team_rankings; total from fei"
2026-10-10T04:00:00.000Z,6,Indiana,Nebraska,"Memorial Stadium (Lincoln, NE)",no,85458,,,,,735.26,787.45,,,-10.823301944778354,52.16,,,,,,,"blend of 5 margin source(s) (fitted weights): espn_fpi, sagarin_predictor, sagarin_rating, fei, team_rankings; total from fei"
2026-10-10T04:00:00.000Z,6,Old Dominion,App State,Kidd Brewer Stadium,no,30000,,,,,544.25,621.61,,,-0.238255044644052,51.2,,,,,,,"blend of 5 margin source(s) (fitted weights): espn_fpi, sagarin_predictor, sagarin_rating, fei, team_rankings; total from fei"
2026-10-10T04:00:00.000Z,6,James Madison,Georgia Southern,Allen E. Paulson Stadium,no,25000,,,,,588.31,634.19,,,-5.148593504156559,57.2,,,,,,,"blend of 4 margin source(s) (fitted weights): espn_fpi, sagarin_predictor, sagarin_rating, fei; total from fei"
2026-10-10T04:00:00.000Z,6,Georgia,Alabama,Bryant-Denny Stadium,no,101821,,,,,1003.67,973.53,3,50.5,-0.10156580693952033,54.8,home,medium,over,medium,home,0.09083732477465767,"blend of 5 margin source(s) (fitted weights): espn_fpi, sagarin_predictor, sagarin_rating, fei, team_rankings; total from fei"
2026-10-10T04:00:00.000Z,6,North Carolina,Pittsburgh,Acrisure Stadium,no,68400,,,,,767.89,675.02,,,8.08436057919133,47.96,,,,,,,"blend of 5 margin source(s) (fitted weights): espn_fpi, sagarin_predictor, sagarin_rating, fei, team_rankings; total from fei"
2026-10-10T04:00:00.000Z,6,Arizona,West Virginia,Milan Puskar Stadium,no,60000,,,,,699.59,707.6,,,-3.8947784039733717,51.44,,,,,,,"blend of 5 margin source(s) (fitted weights): espn_fpi, sagarin_predictor, sagarin_rating, fei, team_rankings; total from fei"
2026-10-10T04:00:00.000Z,6,Charlotte,North Texas,DATCU Stadium,no,30850,,,,,576.77,602.08,,,16.078988677027237,57.56,,,,,,,"blend of 4 margin source(s) (fitted weights): sagarin_predictor, sagarin_rating, fei, team_rankings; total from fei"
2026-10-10T04:00:00.000Z,6,Tennessee,Arkansas,Razorback Stadium,no,80000,,,,,885.9,745.48,,,-8.096039162229754,61.400000000000006,,,,,,,"blend of 5 margin source(s) (fitted weights): espn_fpi, sagarin_predictor, sagarin_rating, fei, team_rankings; total from fei"
2026-10-10T04:00:00.000Z,6,Illinois,Michigan State,Spartan Stadium,no,75005,,,,,704.01,685.02,,,-3.1910672997427527,55.04,,,,,,,"blend of 5 margin source(s) (fitted weights): espn_fpi, sagarin_predictor, sagarin_rating, fei, team_rankings; total from fei"
2026-10-10T04:00:00.000Z,6,Buffalo,Toledo,Glass Bowl,no,26038,,,,,549.31,556.26,,,10.90838342536632,44.599999999999994,,,,,,,"blend of 5 margin source(s) (fitted weights): espn_fpi, sagarin_predictor, sagarin_rating, fei, team_rankings; total from fei"
2026-10-10T04:00:00.000Z,6,Syracuse,Virginia,Scott Stadium,no,61500,,,,,745.61,700.18,,,10.703739744490953,47.72,,,,,,,"blend of 5 margin source(s) (fitted weights): espn_fpi, sagarin_predictor, sagarin_rating, fei, team_rankings; total from fei"
2026-10-10T04:00:00.000Z,6,Minnesota,Purdue,Ross-Ade Stadium,no,57282,,,,,728.79,698.33,,,-2.11079288668131,51.56,,,,,,,"blend of 5 margin source(s) (fitted weights): espn_fpi, sagarin_predictor, sagarin_rating, fei, team_rankings; total from fei"
2026-10-10T04:00:00.000Z,6,Nevada,UTEP,Sun Bowl,no,51500,,,,,549.99,585.76,,,-6.667959142171169,46.519999999999996,,,,,,,"blend of 5 margin source(s) (fitted weights): espn_fpi, sagarin_predictor, sagarin_rating, fei, team_rankings; total from fei"
2026-10-10T04:00:00.000Z,6,Ball State,Northwestern,Ryan Field,no,35000,,,,,563.88,688.32,,,23.09871086272901,47.480000000000004,,,,,,,"blend of 5 margin source(s) (fitted weights): espn_fpi, sagarin_predictor, sagarin_rating, fei, team_rankings; total from fei"
2026-10-10T04:00:00.000Z,6,Central Michigan,Ohio,Peden Stadium,no,24000,,,,,540.01,522.84,,,7.586973284603308,51.2,,,,,,,"blend of 5 margin source(s) (fitted weights): espn_fpi, sagarin_predictor, sagarin_rating, fei, team_rankings; total from fei"
2026-10-10T04:00:00.000Z,6,Maryland,Ohio State,Ohio Stadium,no,102780,,,,,719.64,964.27,,,26.591466033212214,48.92,,,,,,,"blend of 5 margin source(s) (fitted weights): espn_fpi, sagarin_predictor, sagarin_rating, fei, team_rankings; total from fei"
2026-10-10T04:00:00.000Z,6,UCLA,Oregon,Autzen Stadium,no,54000,,,,,774.45,984.33,,,20.355179519017017,57.199999999999996,,,,,,,"blend of 5 margin source(s) (fitted weights): espn_fpi, sagarin_predictor, sagarin_rating, fei, team_rankings; total from fei"
2026-10-10T04:00:00.000Z,6,South Carolina,Florida,Ben Hill Griffin Stadium,no,88548,,,,,862.87,891.07,,,2.4781716783947862,46.760000000000005,,,,,,,"blend of 5 margin source(s) (fitted weights): espn_fpi, sagarin_predictor, sagarin_rating, fei, team_rankings; total from fei"
2026-10-10T04:00:00.000Z,6,Duke,Georgia Tech,Bobby Dodd Stadium,no,55000,,,,,668.47,751.65,,,2.7553795031569073,60.32,,,,,,,"blend of 5 margin source(s) (fitted weights): espn_fpi, sagarin_predictor, sagarin_rating, fei, team_rankings; total from fei"
2026-10-10T16:00:00.000Z,6,Tulane,Army,Michie Stadium,no,38000,,,,,665.11,303.83,,,1.3002034528657616,52.040000000000006,,,,,,,"blend of 5 margin source(s) (fitted weights): espn_fpi, sagarin_predictor, sagarin_rating, fei, team_rankings; total from fei"
2026-10-10T19:30:00.000Z,6,Texas,Oklahoma,Cotton Bowl,no,92100,,,,,985.17,851.14,6,48.5,-4.186131922491609,45.8,home,medium,under,medium,home,0.05427739115200941,"blend of 5 margin source(s) (fitted weights): espn_fpi, sagarin_predictor, sagarin_rating, fei, team_rankings; total from fei"
2026-10-10T19:30:00.000Z,6,Stanford,Notre Dame,Notre Dame Stadium,no,80795,,,,,705.81,953.03,,,29.94502947493874,50.480000000000004,,,,,,,"blend of 5 margin source(s) (fitted weights): espn_fpi, sagarin_predictor, sagarin_rating, fei, team_rankings; total from fei"
2026-10-10T19:30:00.000Z,6,Tulsa,Navy,Navy-Marine Corps Memorial Stadium,no,34000,,,,,622.84,195.68,,,7.858979525876523,52.879999999999995,,,,,,,"blend of 5 margin source(s) (fitted weights): espn_fpi, sagarin_predictor, sagarin_rating, fei, team_rankings; total from fei"
2026-10-10T19:30:00.000Z,6,Eastern Michigan,Akron,InfoCision Stadium,no,30000,,,,,580.64,546.84,,,0.2723461014590644,52.04,,,,,,,"blend of 5 margin source(s) (fitted weights): espn_fpi, sagarin_predictor, sagarin_rating, fei, team_rankings; total from fei"
2026-10-10T22:00:00.000Z,6,San Diego State,Oregon State,Reser Stadium,no,43363,,,,,609.22,635.79,,,-3.5751328373443774,46.519999999999996,,,,,,,"blend of 5 margin source(s) (fitted weights): espn_fpi, sagarin_predictor, sagarin_rating, fei, team_rankings; total from fei"
2026-10-10T23:00:00.000Z,6,North Dakota State,UNLV,Allegiant Stadium,yes,65000,,,,,515.59,696.03,,,5.174684672974691,55.64,,,,,,,"blend of 5 margin source(s) (fitted weights): espn_fpi, sagarin_predictor, sagarin_rating, fei, team_rankings; total from fei"
2026-10-10T23:30:00.000Z,6,Air Force,Northern Illinois,Huskie Stadium,no,23595,,,,,272.35,536.58,,,-7.034613119871222,58.760000000000005,,,,,,,"blend of 5 margin source(s) (fitted weights): espn_fpi, sagarin_predictor, sagarin_rating, fei, team_rankings; total from fei"
2026-10-11T02:30:00.000Z,6,Boise State,Fresno State,Valley Children's Stadium,no,41031,,,,,641.17,609.75,,,-7.902316359755765,46.16,,,,,,,"blend of 5 margin source(s) (fitted weights): espn_fpi, sagarin_predictor, sagarin_rating, fei, team_rankings; total from fei"
2026-10-13T23:00:00.000Z,7,Delaware,Middle Tennessee,"Johnny ""Red"" Floyd Stadium",no,30788,,,,,483.48,571.5,,,-4.403180234511185,54.92,,,,,,,"blend of 5 margin source(s) (fitted weights): espn_fpi, sagarin_predictor, sagarin_rating, fei, team_rankings; total from fei"
2026-10-14T00:00:00.000Z,7,Florida International,Jacksonville State,AmFirst Stadium,no,24000,,,,,607.56,602.83,,,4.346580304714317,48.44,,,,,,,"blend of 2 margin source(s) (fitted weights): espn_fpi, fei; total from fei"
2026-10-14T23:30:00.000Z,7,Kennesaw State,Missouri State,Plaster Sports Complex,no,17337,,,,,502.86,549.92,,,-3.696459060096486,57.68000000000001,,,,,,,"blend of 5 margin source(s) (fitted weights): espn_fpi, sagarin_predictor, sagarin_rating, fei, team_rankings; total from fei"
2026-10-15T00:00:00.000Z,7,Western Kentucky,Sam Houston,Elliott T. Bowers Stadium,no,14000,,,,,611.52,554.47,,,-5.032238915935204,50.480000000000004,,,,,,,"blend of 5 margin source(s) (fitted weights): espn_fpi, sagarin_predictor, sagarin_rating, fei, team_rankings; total from fei"
2026-10-15T23:30:00.000Z,7,East Carolina,UAB,Protective Stadium,no,45000,,,,,623.79,606.18,,,-7.914579780049517,54.68,,,,,,,"blend of 5 margin source(s) (fitted weights): espn_fpi, sagarin_predictor, sagarin_rating, fei, team_rankings; total from fei"
2026-10-15T23:30:00.000Z,7,Georgia Southern,Old Dominion,S.B. Ballard Stadium,no,20118,,,,,634.19,544.25,,,7.079653153925055,54.68,,,,,,,"blend of 4 margin source(s) (fitted weights): espn_fpi, sagarin_predictor, sagarin_rating, fei; total from fei"
2026-10-16T00:00:00.000Z,7,Colorado State,Texas State,Bobcat Stadium (TX),no,30000,,,,,640.31,624.81,,,5.372889449082691,57.2,,,,,,,"blend of 5 margin source(s) (fitted weights): espn_fpi, sagarin_predictor, sagarin_rating, fei, team_rankings; total from fei"
2026-10-16T23:30:00.000Z,7,Memphis,Tulane,Yulman Stadium,no,30000,,,,,670.31,665.11,,,1.284552387191062,53.12,,,,,,,"blend of 5 margin source(s) (fitted weights): espn_fpi, sagarin_predictor, sagarin_rating, fei, team_rankings; total from fei"
2026-10-17T00:00:00.000Z,7,App State,Coastal Carolina,Brooks Stadium (SC),no,21000,,,,,621.61,573.96,,,-0.6465137452255572,55.16,,,,,,,"blend of 5 margin source(s) (fitted weights): espn_fpi, sagarin_predictor, sagarin_rating, fei, team_rankings; total from fei"
2026-10-17T00:00:00.000Z,7,Washington,Purdue,Ross-Ade Stadium,no,57282,,,,,777.63,698.33,,,-9.195430025426315,53.96,,,,,,,"blend of 5 margin source(s) (fitted weights): espn_fpi, sagarin_predictor, sagarin_rating, fei, team_rankings; total from fei"
2026-10-17T04:00:00.000Z,7,Cincinnati,West Virginia,Milan Puskar Stadium,no,60000,,,,,634.28,707.6,,,-1.4519027116891032,55.760000000000005,,,,,,,"blend of 5 margin source(s) (fitted weights): espn_fpi, sagarin_predictor, sagarin_rating, fei, team_rankings; total from fei"
2026-10-17T04:00:00.000Z,7,Louisiana Tech,UL Monroe,Malone Stadium,no,27617,,,,,543.02,505.49,,,-9.340779957490351,50,,,,,,,"blend of 5 margin source(s) (fitted weights): espn_fpi, sagarin_predictor, sagarin_rating, fei, team_rankings; total from fei"
2026-10-17T04:00:00.000Z,7,Mississippi State,LSU,Tiger Stadium (LA),no,102321,,,,,804.53,931.76,,,14.002023358252675,51.44,,,,,,,"blend of 5 margin source(s) (fitted weights): espn_fpi, sagarin_predictor, sagarin_rating, fei, team_rankings; total from fei"
2026-10-17T04:00:00.000Z,7,Arizona State,Texas Tech,Jones AT&T Stadium,no,60454,,,,,722,767.89,,,12.466300251697973,45.44,,,,,,,"blend of 5 margin source(s) (fitted weights): espn_fpi, sagarin_predictor, sagarin_rating, fei, team_rankings; total from fei"
2026-10-17T04:00:00.000Z,7,Oklahoma State,Houston,TDECU Stadium,no,40000,,,,,672.69,695.93,,,8.905810897105816,52.16,,,,,,,"blend of 5 margin source(s) (fitted weights): espn_fpi, sagarin_predictor, sagarin_rating, fei, team_rankings; total from fei"
2026-10-17T04:00:00.000Z,7,Kansas,Kansas State,Bill Snyder Family Stadium,no,50000,,,,,684.51,718.67,-7.5,54.5,7.156568795884757,59.120000000000005,away,low,over,medium,,-0.04088570661963209,"blend of 5 margin source(s) (fitted weights): espn_fpi, sagarin_predictor, sagarin_rating, fei, team_rankings; total from fei"
2026-10-17T04:00:00.000Z,7,Florida,Texas,DKR-Texas Memorial Stadium,no,100119,,,,,891.07,985.17,,,14.089623794557262,48.92,,,,,,,"blend of 5 margin source(s) (fitted weights): espn_fpi, sagarin_predictor, sagarin_rating, fei, team_rankings; total from fei"
2026-10-17T04:00:00.000Z,7,Georgia Tech,Virginia Tech,Lane Stadium,no,65632,,,,,751.65,769.12,,,4.757711078385047,56.96,,,,,,,"blend of 5 margin source(s) (fitted weights): espn_fpi, sagarin_predictor, sagarin_rating, fei, team_rankings; total from fei"
2026-10-17T04:00:00.000Z,7,Georgia State,James Madison,Bridgeforth Stadium,no,24877,,,,,573.83,588.31,,,14.086787779873664,53,,,,,,,"blend of 5 margin source(s) (fitted weights): espn_fpi, sagarin_predictor, sagarin_rating, fei, team_rankings; total from fei"
2026-10-17T04:00:00.000Z,7,TCU,Baylor,McLane Stadium,no,45140,,,,,730.79,723.28,,,3.625924017093476,54.44,,,,,,,"blend of 5 margin source(s) (fitted weights): espn_fpi, sagarin_predictor, sagarin_rating, fei, team_rankings; total from fei"
2026-10-17T04:00:00.000Z,7,Akron,Miami (OH),Yager Stadium,no,24286,,,,,546.84,621.37,,,8.64241560287764,47.959999999999994,,,,,,,"blend of 5 margin source(s) (fitted weights): espn_fpi, sagarin_predictor, sagarin_rating, fei, team_rankings; total from fei"
2026-10-17T04:00:00.000Z,7,Ball State,Bowling Green,Doyt L. Perry Stadium,no,24000,,,,,563.88,568.33,,,6.628389076063038,44.72,,,,,,,"blend of 5 margin source(s) (fitted weights): espn_fpi, sagarin_predictor, sagarin_rating, fei, team_rankings; total from fei"
2026-10-17T04:00:00.000Z,7,Alabama,Tennessee,Neyland Stadium,no,102455,,,,,973.53,885.9,1.5,56.5,-2.647976011775837,56.72,away,medium,over,low,,-0.04398505822439652,"blend of 5 margin source(s) (fitted weights): espn_fpi, sagarin_predictor, sagarin_rating, fei, team_rankings; total from fei"
2026-10-17T04:00:00.000Z,7,Arkansas,Vanderbilt,FirstBank Stadium,no,40351,,,,,745.48,727.39,,,7.20465023718942,64.75999999999999,,,,,,,"blend of 5 margin source(s) (fitted weights): espn_fpi, sagarin_predictor, sagarin_rating, fei, team_rankings; total from fei"
2026-10-17T04:00:00.000Z,7,Navy,UTSA,Alamodome,yes,36582,,,,,195.68,655.82,,,0.8703485040688519,56.6,,,,,,,"blend of 5 margin source(s) (fitted weights): espn_fpi, sagarin_predictor, sagarin_rating, fei, team_rankings; total from fei"
2026-10-17T04:00:00.000Z,7,Missouri,Ole Miss,Vaught-Hemingway Stadium,no,64038,,,,,808.36,885.72,,,7.663198130913201,55.519999999999996,,,,,,,"blend of 5 margin source(s) (fitted weights): espn_fpi, sagarin_predictor, sagarin_rating, fei, team_rankings; total from fei"
2026-10-17T04:00:00.000Z,7,Rutgers,Maryland,SECU Stadium,no,51802,,,,,709.04,719.64,,,8.148819994308852,55.88,,,,,,,"blend of 5 margin source(s) (fitted weights): espn_fpi, sagarin_predictor, sagarin_rating, fei, team_rankings; total from fei"
2026-10-17T04:00:00.000Z,7,Auburn,Georgia,Sanford Stadium,no,92746,,,,,828.19,1003.67,-16.5,54.5,14.630197396507967,50.480000000000004,away,medium,under,medium,away,-0.06721317453964204,"blend of 5 margin source(s) (fitted weights): espn_fpi, sagarin_predictor, sagarin_rating, fei, team_rankings; total from fei"
2026-10-17T04:00:00.000Z,7,Kent State,South Florida,Raymond James Stadium,no,65828,,,,,522.83,703.81,,,20.791329774620255,56.839999999999996,,,,,,,"blend of 5 margin source(s) (fitted weights): espn_fpi, sagarin_predictor, sagarin_rating, fei, team_rankings; total from fei"
2026-10-17T04:00:00.000Z,7,North Carolina,Duke,Wallace Wade Stadium,no,40004,,,,,767.89,668.47,-4.5,54.5,2.6030604503026025,56.599999999999994,away,medium,over,medium,away,-0.09902887543493955,"blend of 5 margin source(s) (fitted weights): espn_fpi, sagarin_predictor, sagarin_rating, fei, team_rankings; total from fei"
2026-10-17T04:00:00.000Z,7,Wisconsin,UCLA,Rose Bowl,no,88565,,,,,767.68,774.45,,,1.9829277952537825,48.2,,,,,,,"blend of 5 margin source(s) (fitted weights): espn_fpi, sagarin_predictor, sagarin_rating, fei, team_rankings; total from fei"
2026-10-17T04:00:00.000Z,7,Western Michigan,Central Michigan,Kelly/Shorts Stadium,no,30255,,,,,572.2,540.01,,,-7.74365918835034,47.480000000000004,,,,,,,"blend of 5 margin source(s) (fitted weights): espn_fpi, sagarin_predictor, sagarin_rating, fei, team_rankings; total from fei"
2026-10-17T04:00:00.000Z,7,Nebraska,Oregon,Autzen Stadium,no,54000,,,,,787.45,984.33,-21.5,51.5,16.442145350245184,55.760000000000005,away,high,over,medium,away,-0.09170212204621653,"blend of 5 margin source(s) (fitted weights): espn_fpi, sagarin_predictor, sagarin_rating, fei, team_rankings; total from fei"
2026-10-17T04:00:00.000Z,7,Arkansas State,Southern Miss,M. M. Roberts Stadium,no,36000,,,,,606.22,602.63,,,6.64748918338027,,,,,,,,"blend of 4 margin source(s) (fitted weights): espn_fpi, sagarin_predictor, sagarin_rating, team_rankings"
2026-10-17T04:00:00.000Z,7,Florida State,Miami,Hard Rock Stadium,no,64767,,,,,800.2,885.94,-16.5,53.5,16.92495963212511,56,home,low,over,medium,,-0.03202759444801906,"blend of 5 margin source(s) (fitted weights): espn_fpi, sagarin_predictor, sagarin_rating, fei, team_rankings; total from fei"
2026-10-17T04:00:00.000Z,7,Ohio,Sacramento State,Hornet Stadium,no,21195,,,,,522.84,561.42,,,-6.287426668471806,52.760000000000005,,,,,,,"blend of 5 margin source(s) (fitted weights): espn_fpi, sagarin_predictor, sagarin_rating, fei, team_rankings; total from fei"
2026-10-17T04:00:00.000Z,7,Tulsa,Rice,Rice Stadium,no,47000,,,,,622.84,589.89,,,-3.3119823168222404,48.44,,,,,,,"blend of 5 margin source(s) (fitted weights): espn_fpi, sagarin_predictor, sagarin_rating, fei, team_rankings; total from fei"
2026-10-17T04:00:00.000Z,7,Louisville,Syracuse,JMA Wireless Dome,yes,49057,,,,,739.97,745.61,,,-5.7060547816237275,47,,,,,,,"blend of 5 margin source(s) (fitted weights): espn_fpi, sagarin_predictor, sagarin_rating, fei, team_rankings; total from fei"
2026-10-17T04:00:00.000Z,7,Troy,Louisiana,Cajun Field,no,41426,,,,,596.19,590.94,,,1.4631436982546935,47.96,,,,,,,"blend of 4 margin source(s) (fitted weights): sagarin_predictor, sagarin_rating, fei, team_rankings; total from fei"
2026-10-17T04:00:00.000Z,7,New Mexico,Hawai'i,Clarence T.C. Ching Athletics Complex,no,15194,,,,,568.19,556.82,,,-2.2435006148031755,52.879999999999995,,,,,,,"blend of 5 margin source(s) (fitted weights): espn_fpi, sagarin_predictor, sagarin_rating, fei, team_rankings; total from fei"
2026-10-17T04:00:00.000Z,7,Penn State,Michigan,Michigan Stadium,no,107601,,,,,774.04,890.02,-6.5,51.5,0.8061644412924681,54.2,away,high,over,medium,away,-0.18006969132652928,"blend of 5 margin source(s) (fitted weights): espn_fpi, sagarin_predictor, sagarin_rating, fei, team_rankings; total from fei"
2026-10-17T04:00:00.000Z,7,Toledo,Eastern Michigan,Rynearson Stadium,no,30200,,,,,556.26,580.64,,,-6.62061088763453,51.2,,,,,,,"blend of 5 margin source(s) (fitted weights): espn_fpi, sagarin_predictor, sagarin_rating, fei, team_rankings; total from fei"
2026-10-17T04:00:00.000Z,7,Massachusetts,Buffalo,UB Stadium,no,30270,,,,,525.94,549.31,,,7.167248091719698,48.8,,,,,,,"blend of 5 margin source(s) (fitted weights): espn_fpi, sagarin_predictor, sagarin_rating, fei, team_rankings; total from fei"
2026-10-17T04:00:00.000Z,7,Northwestern,Michigan State,Spartan Stadium,no,75005,,,,,688.32,685.02,,,0.6704355513687107,50.239999999999995,,,,,,,"blend of 5 margin source(s) (fitted weights): espn_fpi, sagarin_predictor, sagarin_rating, fei, team_rankings; total from fei"
2026-10-17T04:00:00.000Z,7,Virginia,SMU,Gerald J. Ford Stadium,no,32000,,,,,700.18,764.5,,,3.296699210660814,51.32,,,,,,,"blend of 5 margin source(s) (fitted weights): espn_fpi, sagarin_predictor, sagarin_rating, fei, team_rankings; total from fei"
2026-10-17T04:00:00.000Z,7,Notre Dame,BYU,LaVell Edwards Stadium,no,63470,,,,,953.03,689.42,10,54.5,-9.290050395013147,53.84,home,low,under,low,home,0.0626518079271835,"blend of 5 margin source(s) (fitted weights): espn_fpi, sagarin_predictor, sagarin_rating, fei, team_rankings; total from fei"
2026-10-17T04:00:00.000Z,7,Pittsburgh,Boston College,"Alumni Stadium (Chestnut Hill, MA)",no,44500,,,,,675.02,660,,,-10.077561566683041,50,,,,,,,"blend of 5 margin source(s) (fitted weights): espn_fpi, sagarin_predictor, sagarin_rating, fei, team_rankings; total from fei"
2026-10-17T04:00:00.000Z,7,Utah,Colorado,Folsom Field,no,50183,,,,,695.72,731.62,,,-6.468321044526035,53.36,,,,,,,"blend of 5 margin source(s) (fitted weights): espn_fpi, sagarin_predictor, sagarin_rating, fei, team_rankings; total from fei"
2026-10-17T04:00:00.000Z,7,Kentucky,Oklahoma,"Memorial Stadium (Norman, OK)",no,86112,,,,,786.65,851.14,,,13.212444897074985,44.120000000000005,,,,,,,"blend of 5 margin source(s) (fitted weights): espn_fpi, sagarin_predictor, sagarin_rating, fei, team_rankings; total from fei"
2026-10-17T04:00:00.000Z,7,Ohio State,Indiana,"Memorial Stadium (Bloomington, IN)",no,52656,,,,,964.27,735.26,-1.5,48.5,-2.356439820877032,51.32,away,high,over,medium,away,-0.058543519627680674,"blend of 5 margin source(s) (fitted weights): espn_fpi, sagarin_predictor, sagarin_rating, fei, team_rankings; total from fei"
2026-10-17T04:00:00.000Z,7,Wake Forest,California,California Memorial Stadium,no,62467,,,,,680.87,751.92,,,-1.5554382465188445,47.72,,,,,,,"blend of 5 margin source(s) (fitted weights): espn_fpi, sagarin_predictor, sagarin_rating, fei, team_rankings; total from fei"
2026-10-17T04:00:00.000Z,7,Charlotte,Temple,Lincoln Financial Field,no,69879,,,,,576.77,631.07,,,10.153776992321117,53.48,,,,,,,"blend of 4 margin source(s) (fitted weights): sagarin_predictor, sagarin_rating, fei, team_rankings; total from fei"
2026-10-17T16:00:00.000Z,7,Florida Atlantic,Army,Michie Stadium,no,38000,,,,,593.36,303.83,,,12.476765083204523,54.92,,,,,,,"blend of 5 margin source(s) (fitted weights): espn_fpi, sagarin_predictor, sagarin_rating, fei, team_rankings; total from fei"
2026-10-17T19:30:00.000Z,7,Northern Illinois,Wyoming,War Memorial Stadium,no,29181,,,,,536.58,528.29,,,4.383202193441744,46.16,,,,,,,"blend of 5 margin source(s) (fitted weights): espn_fpi, sagarin_predictor, sagarin_rating, fei, team_rankings; total from fei"
2026-10-17T19:30:00.000Z,7,UNLV,Air Force,Falcon Stadium,no,46692,,,,,696.03,272.35,,,-2.0613638267698993,62.36,,,,,,,"blend of 5 margin source(s) (fitted weights): espn_fpi, sagarin_predictor, sagarin_rating, fei, team_rankings; total from fei"
2026-10-17T22:00:00.000Z,7,Washington State,Oregon State,Reser Stadium,no,43363,,,,,630.29,635.79,,,-1.7505049972742825,48.92,,,,,,,"blend of 5 margin source(s) (fitted weights): espn_fpi, sagarin_predictor, sagarin_rating, fei, team_rankings; total from fei"
2026-10-17T23:00:00.000Z,7,Nevada,North Dakota State,Fargodome,yes,18700,,,,,549.99,515.59,,,6.662289080160472,50.480000000000004,,,,,,,"blend of 5 margin source(s) (fitted weights): espn_fpi, sagarin_predictor, sagarin_rating, fei, team_rankings; total from fei"
2026-10-18T01:00:00.000Z,7,San José State,UTEP,Sun Bowl,no,51500,,,,,569.25,585.76,,,-4.857999846873009,50.239999999999995,,,,,,,"blend of 5 margin source(s) (fitted weights): espn_fpi, sagarin_predictor, sagarin_rating, fei, team_rankings; total from fei"
2026-10-18T02:30:00.000Z,7,Fresno State,San Diego State,Snapdragon Stadium,no,35000,,,,,609.75,609.22,,,7.674034837921195,41.84,,,,,,,"blend of 5 margin source(s) (fitted weights): espn_fpi, sagarin_predictor, sagarin_rating, fei, team_rankings; total from fei"
2026-10-20T23:00:00.000Z,8,Missouri State,Delaware,Delaware Stadium,no,22000,,,,,549.92,483.48,,,8.482654702728013,58.4,,,,,,,"blend of 5 margin source(s) (fitted weights): espn_fpi, sagarin_predictor, sagarin_rating, fei, team_rankings; total from fei"
2026-10-20T23:00:00.000Z,8,Middle Tennessee,Florida International,Pitbull Stadium,no,20000,,,,,571.5,607.56,,,4.98712690978037,50.72,,,,,,,"blend of 2 margin source(s) (fitted weights): espn_fpi, fei; total from fei"
2026-10-20T23:30:00.000Z,8,South Alabama,Marshall,Joan C. Edwards Stadium,no,38016,,,,,573.38,594.71,,,1.926074733641779,53.120000000000005,,,,,,,"blend of 5 margin source(s) (fitted weights): espn_fpi, sagarin_predictor, sagarin_rating, fei, team_rankings; total from fei"
2026-10-22T00:00:00.000Z,8,New Mexico State,Sam Houston,Elliott T. Bowers Stadium,no,14000,,,,,460.38,554.47,,,-1.5632427589362814,50.120000000000005,,,,,,,"blend of 5 margin source(s) (fitted weights): espn_fpi, sagarin_predictor, sagarin_rating, fei, team_rankings; total from fei"
2026-10-22T23:00:00.000Z,8,Liberty,Kennesaw State,Fifth Third Stadium,no,11040,,,,,633.35,502.86,,,2.2838989627261896,56.48,,,,,,,"blend of 5 margin source(s) (fitted weights): espn_fpi, sagarin_predictor, sagarin_rating, fei, team_rankings; total from fei"
2026-10-22T23:00:00.000Z,8,James Madison,App State,Kidd Brewer Stadium,no,30000,,,,,588.31,621.61,,,-3.50058575171083,53.72,,,,,,,"blend of 5 margin source(s) (fitted weights): espn_fpi, sagarin_predictor, sagarin_rating, fei, team_rankings; total from fei"
2026-10-22T23:30:00.000Z,8,East Carolina,Memphis,Simmons Bank Liberty Stadium,no,58325,,,,,623.79,670.31,,,6.01913831686157,52.519999999999996,,,,,,,"blend of 5 margin source(s) (fitted weights): espn_fpi, sagarin_predictor, sagarin_rating, fei, team_rankings; total from fei"
2026-10-23T23:00:00.000Z,8,Duke,Virginia,Scott Stadium,no,61500,,,,,668.47,700.18,-6.5,53.5,8.319465624776338,55.04,home,medium,over,low,,-0.006576578997356752,"blend of 5 margin source(s) (fitted weights): espn_fpi, sagarin_predictor, sagarin_rating, fei, team_rankings; total from fei"
2026-10-23T23:00:00.000Z,8,Massachusetts,UConn,Pratt & Whitney Stadium,no,40000,,,,,525.94,652.56,,,11.797403037249676,57.080000000000005,,,,,,,"blend of 5 margin source(s) (fitted weights): espn_fpi, sagarin_predictor, sagarin_rating, fei, team_rankings; total from fei"
2026-10-24T00:30:00.000Z,8,Army,Tulsa,Chapman Stadium,no,30000,,,,,303.83,622.84,,,-1.618024885609311,50.959999999999994,,,,,,,"blend of 5 margin source(s) (fitted weights): espn_fpi, sagarin_predictor, sagarin_rating, fei, team_rankings; total from fei"
2026-10-24T01:00:00.000Z,8,Air Force,Wyoming,War Memorial Stadium,no,29181,,,,,272.35,528.29,,,-5.245757143719642,54.68,,,,,,,"blend of 5 margin source(s) (fitted weights): espn_fpi, sagarin_predictor, sagarin_rating, fei, team_rankings; total from fei"
2026-10-24T02:30:00.000Z,8,NC State,Stanford,Stanford Stadium,no,50424,,,,,757.14,705.81,,,-0.8849962289949314,51.08,,,,,,,"blend of 5 margin source(s) (fitted weights): espn_fpi, sagarin_predictor, sagarin_rating, fei, team_rankings; total from fei"
2026-10-24T04:00:00.000Z,8,Sacramento State,Ball State,Scheumann Stadium,no,22500,,,,,561.42,563.88,,,2.4602018055552692,49.64,,,,,,,"blend of 5 margin source(s) (fitted weights): espn_fpi, sagarin_predictor, sagarin_rating, fei, team_rankings; total from fei"
2026-10-24T04:00:00.000Z,8,Oklahoma,Mississippi State,Davis Wade Stadium,no,61337,,,,,851.14,804.53,,,-7.199087113054745,48.8,,,,,,,"blend of 5 margin source(s) (fitted weights): espn_fpi, sagarin_predictor, sagarin_rating, fei, team_rankings; total from fei"
2026-10-24T04:00:00.000Z,8,Western Michigan,Toledo,Glass Bowl,no,26038,,,,,572.2,556.26,,,1.6535047285145286,47,,,,,,,"blend of 5 margin source(s) (fitted weights): espn_fpi, sagarin_predictor, sagarin_rating, fei, team_rankings; total from fei"
2026-10-24T04:00:00.000Z,8,Bowling Green,Buffalo,UB Stadium,no,30270,,,,,568.33,549.31,,,3.666720297489736,41.72,,,,,,,"blend of 5 margin source(s) (fitted weights): espn_fpi, sagarin_predictor, sagarin_rating, fei, team_rankings; total from fei"
2026-10-24T04:00:00.000Z,8,California,SMU,Gerald J. Ford Stadium,no,32000,,,,,751.92,764.5,,,13.347115249487338,52.28,,,,,,,"blend of 5 margin source(s) (fitted weights): espn_fpi, sagarin_predictor, sagarin_rating, fei, team_rankings; total from fei"
2026-10-24T04:00:00.000Z,8,Pittsburgh,Miami,Hard Rock Stadium,no,64767,,,,,675.02,885.94,,,14.540702885407015,47.84,,,,,,,"blend of 5 margin source(s) (fitted weights): espn_fpi, sagarin_predictor, sagarin_rating, fei, team_rankings; total from fei"
2026-10-24T04:00:00.000Z,8,UTSA,Tulane,Yulman Stadium,no,30000,,,,,655.82,665.11,,,4.560224489249002,54.08,,,,,,,"blend of 5 margin source(s) (fitted weights): espn_fpi, sagarin_predictor, sagarin_rating, fei, team_rankings; total from fei"
2026-10-24T04:00:00.000Z,8,West Virginia,TCU,Amon G. Carter Stadium,no,46000,,,,,707.6,730.79,,,6.573789536694747,50.599999999999994,,,,,,,"blend of 5 margin source(s) (fitted weights): espn_fpi, sagarin_predictor, sagarin_rating, fei, team_rankings; total from fei"
2026-10-24T04:00:00.000Z,8,Vanderbilt,Kentucky,Kroger Field,no,61000,,,,,727.39,786.65,,,0.605235905701423,55.64,,,,,,,"blend of 5 margin source(s) (fitted weights): espn_fpi, sagarin_predictor, sagarin_rating, fei, team_rankings; total from fei"
2026-10-24T04:00:00.000Z,8,Texas Tech,Cincinnati,Nippert Stadium,no,40000,,,,,767.89,634.28,,,-9.521734227216331,50.239999999999995,,,,,,,"blend of 5 margin source(s) (fitted weights): espn_fpi, sagarin_predictor, sagarin_rating, fei, team_rankings; total from fei"
2026-10-24T04:00:00.000Z,8,UL Monroe,Troy,Veterans Memorial Stadium (AL),no,30000,,,,,505.49,596.19,,,10.05405268809207,46.760000000000005,,,,,,,"blend of 4 margin source(s) (fitted weights): sagarin_predictor, sagarin_rating, fei, team_rankings; total from fei"
2026-10-24T04:00:00.000Z,8,Colorado,Oklahoma State,Boone Pickens Stadium,no,55509,,,,,731.62,672.69,,,-0.3272417060619247,49.879999999999995,,,,,,,"blend of 5 margin source(s) (fitted weights): espn_fpi, sagarin_predictor, sagarin_rating, fei, team_rankings; total from fei"
2026-10-24T04:00:00.000Z,8,Syracuse,North Carolina,Kenan Stadium,no,50500,,,,,745.61,767.89,,,4.969906103992345,49.28,,,,,,,"blend of 5 margin source(s) (fitted weights): espn_fpi, sagarin_predictor, sagarin_rating, fei, team_rankings; total from fei"
2026-10-24T04:00:00.000Z,8,Tennessee,South Carolina,Williams-Brice Stadium,no,80250,,,,,885.9,862.87,,,0.5446283272756351,51.8,,,,,,,"blend of 5 margin source(s) (fitted weights): espn_fpi, sagarin_predictor, sagarin_rating, fei, team_rankings; total from fei"
2026-10-24T04:00:00.000Z,8,Virginia Tech,Clemson,"Memorial Stadium (Clemson, SC)",no,81500,,,,,769.12,862.85,,,4.028084438185134,50.48,,,,,,,"blend of 5 margin source(s) (fitted weights): espn_fpi, sagarin_predictor, sagarin_rating, fei, team_rankings; total from fei"
2026-10-24T04:00:00.000Z,8,Miami (OH),Central Michigan,Kelly/Shorts Stadium,no,30255,,,,,621.37,540.01,,,-1.313929864406382,47.6,,,,,,,"blend of 5 margin source(s) (fitted weights): espn_fpi, sagarin_predictor, sagarin_rating, fei, team_rankings; total from fei"
2026-10-24T04:00:00.000Z,8,Iowa State,Arizona,Arizona Stadium,no,50782,,,,,669.55,699.59,,,7.925601765784414,51.08,,,,,,,"blend of 5 margin source(s) (fitted weights): espn_fpi, sagarin_predictor, sagarin_rating, fei, team_rankings; total from fei"
2026-10-24T04:00:00.000Z,8,Old Dominion,Louisiana Tech,Joe Aillet Stadium,no,28019,,,,,544.25,543.02,,,-0.37796151244253284,46.760000000000005,,,,,,,"blend of 5 margin source(s) (fitted weights): espn_fpi, sagarin_predictor, sagarin_rating, fei, team_rankings; total from fei"
2026-10-24T04:00:00.000Z,8,Houston,Utah,Rice-Eccles Stadium,no,51444,,,,,695.93,695.72,-6.5,50.5,8.26713672264281,55.64,home,medium,over,medium,,0.00652294863415348,"blend of 5 margin source(s) (fitted weights): espn_fpi, sagarin_predictor, sagarin_rating, fei, team_rankings; total from fei"
2026-10-24T04:00:00.000Z,8,Baylor,Kansas,Memorial Stadium,no,47000,,,,,723.28,684.51,,,1.3019785994886421,62.120000000000005,,,,,,,"blend of 5 margin source(s) (fitted weights): espn_fpi, sagarin_predictor, sagarin_rating, fei, team_rankings; total from fei"
2026-10-24T04:00:00.000Z,8,Texas A&M,Alabama,Bryant-Denny Stadium,no,101821,,,,,933,973.53,-2.5,54.5,3.9433098268983926,52.16,home,medium,under,medium,,0.033843587059774416,"blend of 5 margin source(s) (fitted weights): espn_fpi, sagarin_predictor, sagarin_rating, fei, team_rankings; total from fei"
2026-10-24T04:00:00.000Z,8,Rice,Florida Atlantic,FAU Stadium,no,29419,,,,,589.89,593.36,,,2.830626988387691,52.4,,,,,,,"blend of 5 margin source(s) (fitted weights): espn_fpi, sagarin_predictor, sagarin_rating, fei, team_rankings; total from fei"
2026-10-24T04:00:00.000Z,8,Indiana,Michigan,Michigan Stadium,no,107601,,,,,735.26,890.02,6,52.5,-6.143448264381145,53.36,away,low,over,low,,0.041294941494744164,"blend of 5 margin source(s) (fitted weights): espn_fpi, sagarin_predictor, sagarin_rating, fei, team_rankings; total from fei"
2026-10-24T04:00:00.000Z,8,Louisiana,Southern Miss,M. M. Roberts Stadium,no,36000,,,,,590.94,602.63,,,3.3106279574618447,,,,,,,,"blend of 4 margin source(s) (fitted weights): espn_fpi, sagarin_predictor, sagarin_rating, team_rankings"
2026-10-24T04:00:00.000Z,8,Eastern Michigan,Ohio,Peden Stadium,no,24000,,,,,580.64,522.84,,,7.404766472663134,54.32,,,,,,,"blend of 5 margin source(s) (fitted weights): espn_fpi, sagarin_predictor, sagarin_rating, fei, team_rankings; total from fei"
2026-10-24T04:00:00.000Z,8,Akron,Kent State,Dix Stadium,no,25319,,,,,546.84,522.83,,,-1.5741983512754734,54.08,,,,,,,"blend of 5 margin source(s) (fitted weights): espn_fpi, sagarin_predictor, sagarin_rating, fei, team_rankings; total from fei"
2026-10-24T04:00:00.000Z,8,Iowa,Minnesota,Huntington Bank Stadium,no,50850,,,,,722.73,728.79,,,-4.189313226908375,43.879999999999995,,,,,,,"blend of 5 margin source(s) (fitted weights): espn_fpi, sagarin_predictor, sagarin_rating, fei, team_rankings; total from fei"
2026-10-24T04:00:00.000Z,8,USC,Wisconsin,Camp Randall Stadium,no,80321,,,,,899,767.68,,,-6.8420886660626365,55.760000000000005,,,,,,,"blend of 5 margin source(s) (fitted weights): espn_fpi, sagarin_predictor, sagarin_rating, fei, team_rankings; total from fei"
2026-10-24T04:00:00.000Z,8,Kansas State,Arizona State,Mountain America Stadium,no,65870,,,,,718.67,722,,,0.6038454763671655,51.8,,,,,,,"blend of 5 margin source(s) (fitted weights): espn_fpi, sagarin_predictor, sagarin_rating, fei, team_rankings; total from fei"
2026-10-24T04:00:00.000Z,8,Ole Miss,Texas,DKR-Texas Memorial Stadium,no,100119,,,,,885.72,985.17,-8.5,54.5,11.03305699355753,55.28,home,medium,over,low,,0.029014001923666655,"blend of 5 margin source(s) (fitted weights): espn_fpi, sagarin_predictor, sagarin_rating, fei, team_rankings; total from fei"
2026-10-24T04:00:00.000Z,8,Hawai'i,Northern Illinois,Huskie Stadium,no,23595,,,,,556.82,536.58,,,-5.449076265853991,52.519999999999996,,,,,,,"blend of 5 margin source(s) (fitted weights): espn_fpi, sagarin_predictor, sagarin_rating, fei, team_rankings; total from fei"
2026-10-24T04:00:00.000Z,8,Oregon,Illinois,"Memorial Stadium (Champaign, IL)",no,60670,,,,,984.33,704.01,,,-12.747242923039632,57.8,,,,,,,"blend of 5 margin source(s) (fitted weights): espn_fpi, sagarin_predictor, sagarin_rating, fei, team_rankings; total from fei"
2026-10-24T04:00:00.000Z,8,Michigan State,UCLA,Rose Bowl,no,88565,,,,,685.02,774.45,,,5.960515572926031,54.44,,,,,,,"blend of 5 margin source(s) (fitted weights): espn_fpi, sagarin_predictor, sagarin_rating, fei, team_rankings; total from fei"
2026-10-24T04:00:00.000Z,8,Boston College,Georgia Tech,Bobby Dodd Stadium,no,55000,,,,,660,751.65,,,9.945987158241383,57.2,,,,,,,"blend of 5 margin source(s) (fitted weights): espn_fpi, sagarin_predictor, sagarin_rating, fei, team_rankings; total from fei"
2026-10-24T04:00:00.000Z,8,Rutgers,Northwestern,Ryan Field,no,35000,,,,,709.04,688.32,,,8.422212751508937,56.239999999999995,,,,,,,"blend of 5 margin source(s) (fitted weights): espn_fpi, sagarin_predictor, sagarin_rating, fei, team_rankings; total from fei"
2026-10-24T04:00:00.000Z,8,BYU,UCF,FBC Mortgage Stadium,no,44206,,,,,689.42,672.14,,,-5.620343369067756,51.68,,,,,,,"blend of 3 margin source(s) (fitted weights): espn_fpi, fei, team_rankings; total from fei"
2026-10-24T16:00:00.000Z,8,LSU,Auburn,Jordan-Hare Stadium,no,87451,,,,,931.76,828.19,,,-5.666421527824958,46.879999999999995,,,,,,,"blend of 5 margin source(s) (fitted weights): espn_fpi, sagarin_predictor, sagarin_rating, fei, team_rankings; total from fei"
2026-10-24T19:30:00.000Z,8,North Texas,Navy,Navy-Marine Corps Memorial Stadium,no,34000,,,,,602.08,195.68,,,6.560145315853112,61.16,,,,,,,"blend of 5 margin source(s) (fitted weights): espn_fpi, sagarin_predictor, sagarin_rating, fei, team_rankings; total from fei"
2026-10-24T21:00:00.000Z,8,San José State,Nevada,Mackay Stadium,no,27000,,,,,569.25,549.99,,,4.4043055125883255,50.84,,,,,,,"blend of 5 margin source(s) (fitted weights): espn_fpi, sagarin_predictor, sagarin_rating, fei, team_rankings; total from fei"
2026-10-24T22:00:00.000Z,8,Boise State,Washington State,Gesa Field,no,32952,,,,,641.17,630.29,,,-4.64725557919483,48.32,,,,,,,"blend of 5 margin source(s) (fitted weights): espn_fpi, sagarin_predictor, sagarin_rating, fei, team_rankings; total from fei"
2026-10-24T22:30:00.000Z,8,San Diego State,Colorado State,Canvas Stadium,no,36500,,,,,609.22,640.31,,,-5.559793761856626,47.36,,,,,,,"blend of 5 margin source(s) (fitted weights): espn_fpi, sagarin_predictor, sagarin_rating, fei, team_rankings; total from fei"
2026-10-24T23:00:00.000Z,8,Georgia State,Arkansas State,Centennial Bank Stadium,no,30382,,,,,573.83,606.22,,,4.680417583287021,53.36,,,,,,,"blend of 5 margin source(s) (fitted weights): espn_fpi, sagarin_predictor, sagarin_rating, fei, team_rankings; total from fei"
2026-10-24T23:30:00.000Z,8,Utah State,Texas State,Bobcat Stadium (TX),no,30000,,,,,543.98,624.81,,,5.137647495590955,58.879999999999995,,,,,,,"blend of 5 margin source(s) (fitted weights): espn_fpi, sagarin_predictor, sagarin_rating, fei, team_rankings; total from fei"
2026-10-25T02:00:00.000Z,8,North Dakota State,New Mexico,University Stadium (NM),no,39224,,,,,515.59,568.19,,,3.771284606990739,52.400000000000006,,,,,,,"blend of 5 margin source(s) (fitted weights): espn_fpi, sagarin_predictor, sagarin_rating, fei, team_rankings; total from fei"
2026-10-27T23:00:00.000Z,9,Delaware,Western Kentucky,Houchens Industries-L.T. Smith Stadium,no,22113,,,,,483.48,611.52,,,1.756097912255907,54.32,,,,,,,"blend of 5 margin source(s) (fitted weights): espn_fpi, sagarin_predictor, sagarin_rating, fei, team_rankings; total from fei"
2026-10-28T00:00:00.000Z,9,Sam Houston,Missouri State,Plaster Sports Complex,no,17337,,,,,554.47,549.92,,,5.170871170111946,54.56,,,,,,,"blend of 5 margin source(s) (fitted weights): espn_fpi, sagarin_predictor, sagarin_rating, fei, team_rankings; total from fei"
2026-10-28T23:00:00.000Z,9,Kennesaw State,Middle Tennessee,"Johnny ""Red"" Floyd Stadium",no,30788,,,,,502.86,571.5,,,-4.805677026459988,54.2,,,,,,,"blend of 5 margin source(s) (fitted weights): espn_fpi, sagarin_predictor, sagarin_rating, fei, team_rankings; total from fei"
2026-10-29T00:00:00.000Z,9,Jacksonville State,New Mexico State,Aggie Memorial Stadium,no,28853,,,,,602.83,460.38,,,0.7383410411611777,50.6,,,,,,,"blend of 5 margin source(s) (fitted weights): espn_fpi, sagarin_predictor, sagarin_rating, fei, team_rankings; total from fei"
2026-10-29T23:30:00.000Z,9,Troy,James Madison,Bridgeforth Stadium,no,24877,,,,,596.19,588.31,,,9.930075010933265,46.040000000000006,,,,,,,"blend of 4 margin source(s) (fitted weights): sagarin_predictor, sagarin_rating, fei, team_rankings; total from fei"
2026-10-29T23:30:00.000Z,9,Florida Atlantic,North Texas,DATCU Stadium,no,30850,,,,,593.36,602.08,,,9.56322819032846,61.519999999999996,,,,,,,"blend of 5 margin source(s) (fitted weights): espn_fpi, sagarin_predictor, sagarin_rating, fei, team_rankings; total from fei"
2026-10-30T23:00:00.000Z,9,Tulane,Charlotte,Jerry Richardson Stadium,no,15300,,,,,665.11,576.77,,,-13.092014880687067,50.36,,,,,,,"blend of 4 margin source(s) (fitted weights): sagarin_predictor, sagarin_rating, fei, team_rankings; total from fei"
2026-10-30T23:30:00.000Z,9,Baylor,UCF,FBC Mortgage Stadium,no,44206,,,,,723.28,672.14,,,0.7841427548658348,53.239999999999995,,,,,,,"blend of 3 margin source(s) (fitted weights): espn_fpi, fei, team_rankings; total from fei"
2026-10-31T02:30:00.000Z,9,Kent State,Sacramento State,Hornet Stadium,no,21195,,,,,522.83,561.42,,,5.013538271297903,55.28,,,,,,,"blend of 5 margin source(s) (fitted weights): espn_fpi, sagarin_predictor, sagarin_rating, fei, team_rankings; total from fei"
2026-10-31T04:00:00.000Z,9,Oklahoma State,Iowa State,Jack Trice Stadium,no,61500,,,,,672.69,669.55,,,4.623437518562546,49.76,,,,,,,"blend of 5 margin source(s) (fitted weights): espn_fpi, sagarin_predictor, sagarin_rating, fei, team_rankings; total from fei"
2026-10-31T04:00:00.000Z,9,Utah,Cincinnati,Nippert Stadium,no,40000,,,,,695.72,634.28,,,-4.4724378103957685,58.400000000000006,,,,,,,"blend of 5 margin source(s) (fitted weights): espn_fpi, sagarin_predictor, sagarin_rating, fei, team_rankings; total from fei"
2026-10-31T04:00:00.000Z,9,Army,Memphis,Simmons Bank Liberty Stadium,no,58325,,,,,303.83,670.31,,,5.198282811813673,53.72,,,,,,,"blend of 5 margin source(s) (fitted weights): espn_fpi, sagarin_predictor, sagarin_rating, fei, team_rankings; total from fei"
2026-10-31T04:00:00.000Z,9,Arizona,Texas Tech,Jones AT&T Stadium,no,60454,,,,,699.59,767.89,,,12.267550969512396,45.92,,,,,,,"blend of 5 margin source(s) (fitted weights): espn_fpi, sagarin_predictor, sagarin_rating, fei, team_rankings; total from fei"
2026-10-31T04:00:00.000Z,9,Auburn,Ole Miss,Vaught-Hemingway Stadium,no,64038,,,,,828.19,885.72,,,7.5826375153021,53.72,,,,,,,"blend of 5 margin source(s) (fitted weights): espn_fpi, sagarin_predictor, sagarin_rating, fei, team_rankings; total from fei"
2026-10-31T04:00:00.000Z,9,Illinois,Maryland,SECU Stadium,no,51802,,,,,704.01,719.64,,,-1.5405493910213812,51.8,,,,,,,"blend of 5 margin source(s) (fitted weights): espn_fpi, sagarin_predictor, sagarin_rating, fei, team_rankings; total from fei"
2026-10-31T04:00:00.000Z,9,App State,Georgia Southern,Allen E. Paulson Stadium,no,25000,,,,,621.61,634.19,,,0.9769076002879024,61.4,,,,,,,"blend of 4 margin source(s) (fitted weights): espn_fpi, sagarin_predictor, sagarin_rating, fei; total from fei"
2026-10-31T04:00:00.000Z,9,Wisconsin,Iowa,Kinnick Stadium,no,69250,,,,,767.68,722.73,,,8.210499797233151,38.959999999999994,,,,,,,"blend of 5 margin source(s) (fitted weights): espn_fpi, sagarin_predictor, sagarin_rating, fei, team_rankings; total from fei"
2026-10-31T04:00:00.000Z,9,Marshall,Old Dominion,S.B. Ballard Stadium,no,20118,,,,,594.71,544.25,,,7.964501081517947,46.64,,,,,,,"blend of 5 margin source(s) (fitted weights): espn_fpi, sagarin_predictor, sagarin_rating, fei, team_rankings; total from fei"
2026-10-31T04:00:00.000Z,9,Miami,North Carolina,Kenan Stadium,no,50500,,,,,885.94,767.89,,,-14.84202481272785,51.32,,,,,,,"blend of 5 margin source(s) (fitted weights): espn_fpi, sagarin_predictor, sagarin_rating, fei, team_rankings; total from fei"
2026-10-31T04:00:00.000Z,9,Oregon State,Fresno State,Valley Children's Stadium,no,41031,,,,,635.79,609.75,,,3.6841366512936804,46.760000000000005,,,,,,,"blend of 5 margin source(s) (fitted weights): espn_fpi, sagarin_predictor, sagarin_rating, fei, team_rankings; total from fei"
2026-10-31T04:00:00.000Z,9,Purdue,Penn State,Beaver Stadium,no,106572,,,,,698.33,774.04,,,18.23664238864756,52.879999999999995,,,,,,,"blend of 5 margin source(s) (fitted weights): espn_fpi, sagarin_predictor, sagarin_rating, fei, team_rankings; total from fei"
2026-10-31T04:00:00.000Z,9,Northwestern,Oregon,Autzen Stadium,no,54000,,,,,688.32,984.33,,,21.79743820873143,53,,,,,,,"blend of 5 margin source(s) (fitted weights): espn_fpi, sagarin_predictor, sagarin_rating, fei, team_rankings; total from fei"
2026-10-31T04:00:00.000Z,9,Arizona State,BYU,LaVell Edwards Stadium,no,63470,,,,,722,689.42,,,8.19102487344816,53.239999999999995,,,,,,,"blend of 5 margin source(s) (fitted weights): espn_fpi, sagarin_predictor, sagarin_rating, fei, team_rankings; total from fei"
2026-10-31T04:00:00.000Z,9,Clemson,Florida State,Doak Campbell Stadium,no,67277,,,,,862.85,800.2,1.5,51.5,1.9332532316042133,53.36,home,high,over,low,home,0.05241628984337254,"blend of 5 margin source(s) (fitted weights): espn_fpi, sagarin_predictor, sagarin_rating, fei, team_rankings; total from fei"
2026-10-31T04:00:00.000Z,9,Washington,Nebraska,"Memorial Stadium (Lincoln, NE)",no,85458,,,,,777.63,787.45,,,-0.021169310463828417,54.08,,,,,,,"blend of 5 margin source(s) (fitted weights): espn_fpi, sagarin_predictor, sagarin_rating, fei, team_rankings; total from fei"
2026-10-31T04:00:00.000Z,9,Kansas State,Colorado,Folsom Field,no,50183,,,,,718.67,731.62,,,-3.636164167861792,51.56,,,,,,,"blend of 5 margin source(s) (fitted weights): espn_fpi, sagarin_predictor, sagarin_rating, fei, team_rankings; total from fei"
2026-10-31T04:00:00.000Z,9,Nevada,UCLA,Rose Bowl,no,88565,,,,,549.99,774.45,,,14.355658421863673,51.44,,,,,,,"blend of 5 margin source(s) (fitted weights): espn_fpi, sagarin_predictor, sagarin_rating, fei, team_rankings; total from fei"
2026-10-31T04:00:00.000Z,9,Stanford,Louisville,L&N Federal Credit Union Stadium,no,60000,,,,,705.81,739.97,,,15.365247193344448,47.84,,,,,,,"blend of 5 margin source(s) (fitted weights): espn_fpi, sagarin_predictor, sagarin_rating, fei, team_rankings; total from fei"
2026-10-31T04:00:00.000Z,9,California,NC State,Carter-Finley Stadium,no,58000,,,,,751.92,757.14,,,3.5442111980606086,51.8,,,,,,,"blend of 5 margin source(s) (fitted weights): espn_fpi, sagarin_predictor, sagarin_rating, fei, team_rankings; total from fei"
2026-10-31T04:00:00.000Z,9,South Carolina,Oklahoma,"Memorial Stadium (Norman, OK)",no,86112,,,,,862.87,851.14,,,7.192971115880107,43.64,,,,,,,"blend of 5 margin source(s) (fitted weights): espn_fpi, sagarin_predictor, sagarin_rating, fei, team_rankings; total from fei"
2026-10-31T04:00:00.000Z,9,Missouri,Arkansas,Razorback Stadium,no,80000,,,,,808.36,745.48,,,-3.917861620696538,56,,,,,,,"blend of 5 margin source(s) (fitted weights): espn_fpi, sagarin_predictor, sagarin_rating, fei, team_rankings; total from fei"
2026-10-31T04:00:00.000Z,9,Georgia Tech,Pittsburgh,Acrisure Stadium,no,68400,,,,,751.65,675.02,,,7.9146130603121545,51.68,,,,,,,"blend of 5 margin source(s) (fitted weights): espn_fpi, sagarin_predictor, sagarin_rating, fei, team_rankings; total from fei"
2026-10-31T04:00:00.000Z,9,Boston College,Duke,Wallace Wade Stadium,no,40004,,,,,660,668.47,,,9.784953872374643,58.64,,,,,,,"blend of 5 margin source(s) (fitted weights): espn_fpi, sagarin_predictor, sagarin_rating, fei, team_rankings; total from fei"
2026-10-31T04:00:00.000Z,9,Minnesota,Indiana,"Memorial Stadium (Bloomington, IN)",no,52656,,,,,728.79,735.26,,,20.481115990349696,50.96,,,,,,,"blend of 5 margin source(s) (fitted weights): espn_fpi, sagarin_predictor, sagarin_rating, fei, team_rankings; total from fei"
2026-10-31T04:00:00.000Z,9,UAB,South Florida,Raymond James Stadium,no,65828,,,,,606.18,703.81,,,14.281392129374542,56.959999999999994,,,,,,,"blend of 5 margin source(s) (fitted weights): espn_fpi, sagarin_predictor, sagarin_rating, fei, team_rankings; total from fei"
2026-10-31T04:00:00.000Z,9,Southern Miss,UL Monroe,Malone Stadium,no,27617,,,,,602.63,505.49,,,-13.279991309048626,,,,,,,,"blend of 4 margin source(s) (fitted weights): espn_fpi, sagarin_predictor, sagarin_rating, team_rankings"
2026-10-31T04:00:00.000Z,9,New Mexico,San José State,CEFCU Stadium,no,30456,,,,,568.19,569.25,,,-4.460494330578874,52.760000000000005,,,,,,,"blend of 5 margin source(s) (fitted weights): espn_fpi, sagarin_predictor, sagarin_rating, fei, team_rankings; total from fei"
2026-10-31T04:00:00.000Z,9,Michigan,Rutgers,SHI Stadium,no,52454,,,,,890.02,709.04,,,-13.26866685581206,60.2,,,,,,,"blend of 5 margin source(s) (fitted weights): espn_fpi, sagarin_predictor, sagarin_rating, fei, team_rankings; total from fei"
2026-10-31T04:00:00.000Z,9,Virginia,Wake Forest,Allegacy Federal Credit Union Stadium,no,31500,,,,,700.18,680.87,,,-3.30628535772735,46.76,,,,,,,"blend of 5 margin source(s) (fitted weights): espn_fpi, sagarin_predictor, sagarin_rating, fei, team_rankings; total from fei"
2026-10-31T04:00:00.000Z,9,SMU,Syracuse,JMA Wireless Dome,yes,49057,,,,,764.5,745.61,,,-6.217400303281271,50.72,,,,,,,"blend of 5 margin source(s) (fitted weights): espn_fpi, sagarin_predictor, sagarin_rating, fei, team_rankings; total from fei"
2026-10-31T04:00:00.000Z,9,Ohio State,USC,Los Angeles Memorial Coliseum,no,77500,,,,,964.27,899,7.5,54.5,-9.6392688463282,61.040000000000006,away,medium,over,high,,0.006978157210694558,"blend of 5 margin source(s) (fitted weights): espn_fpi, sagarin_predictor, sagarin_rating, fei, team_rankings; total from fei"
2026-10-31T04:00:00.000Z,9,Coastal Carolina,Georgia State,Center Parc Stadium,no,25000,,,,,573.96,573.83,,,0.4376965862233858,54.44,,,,,,,"blend of 5 margin source(s) (fitted weights): espn_fpi, sagarin_predictor, sagarin_rating, fei, team_rankings; total from fei"
2026-10-31T04:00:00.000Z,9,Louisiana Tech,South Alabama,Hancock Whitney Stadium,no,25450,,,,,543.02,573.38,,,0.8647705664434683,53.24,,,,,,,"blend of 5 margin source(s) (fitted weights): espn_fpi, sagarin_predictor, sagarin_rating, fei, team_rankings; total from fei"
2026-10-31T04:00:00.000Z,9,Kansas,TCU,Amon G. Carter Stadium,no,46000,,,,,684.51,730.79,,,2.855136035288379,57.92,,,,,,,"blend of 5 margin source(s) (fitted weights): espn_fpi, sagarin_predictor, sagarin_rating, fei, team_rankings; total from fei"
2026-10-31T04:00:00.000Z,9,Mississippi State,Texas,DKR-Texas Memorial Stadium,no,100119,,,,,804.53,985.17,,,19.16825768741685,51.31999999999999,,,,,,,"blend of 5 margin source(s) (fitted weights): espn_fpi, sagarin_predictor, sagarin_rating, fei, team_rankings; total from fei"
2026-10-31T04:00:00.000Z,9,Temple,East Carolina,Dowdy-Ficklen Stadium,no,50000,,,,,631.07,623.79,,,7.986256101574287,53.959999999999994,,,,,,,"blend of 5 margin source(s) (fitted weights): espn_fpi, sagarin_predictor, sagarin_rating, fei, team_rankings; total from fei"
2026-10-31T16:00:00.000Z,9,Notre Dame,Navy,Gillette Stadium,no,68756,,,,,953.03,195.68,,,-22.248338355283668,54.32000000000001,,,,,,,"blend of 5 margin source(s) (fitted weights): espn_fpi, sagarin_predictor, sagarin_rating, fei, team_rankings; total from fei"
2026-10-31T16:00:00.000Z,9,Bowling Green,Western Michigan,Waldo Stadium,no,30200,,,,,568.33,572.2,,,12.921598994341526,44.120000000000005,,,,,,,"blend of 5 margin source(s) (fitted weights): espn_fpi, sagarin_predictor, sagarin_rating, fei, team_rankings; total from fei"
2026-10-31T19:00:00.000Z,9,UConn,Air Force,Falcon Stadium,no,46692,,,,,652.56,272.35,,,5.0356567378622605,62.72,,,,,,,"blend of 5 margin source(s) (fitted weights): espn_fpi, sagarin_predictor, sagarin_rating, fei, team_rankings; total from fei"
2026-10-31T19:30:00.000Z,9,Florida International,Liberty,Williams Stadium (VA),no,25000,,,,,607.56,633.35,,,6.9283977468550875,53,,,,,,,"blend of 2 margin source(s) (fitted weights): espn_fpi, fei; total from fei"
2026-10-31T19:30:00.000Z,9,UTEP,North Dakota State,Fargodome,yes,18700,,,,,585.76,515.59,,,15.924594439621806,49.879999999999995,,,,,,,"blend of 5 margin source(s) (fitted weights): espn_fpi, sagarin_predictor, sagarin_rating, fei, team_rankings; total from fei"
2026-10-31T19:30:00.000Z,9,Florida,Georgia,Mercedes-Benz Stadium,yes,75000,,,,,891.07,1003.67,-12.5,53.5,12.698472899495766,52.64,home,low,under,low,,-0.0255650795872836,"blend of 5 margin source(s) (fitted weights): espn_fpi, sagarin_predictor, sagarin_rating, fei, team_rankings; total from fei"
2026-10-31T19:30:00.000Z,9,Colorado State,Utah State,Maverik Stadium,no,25513,,,,,640.31,543.98,,,2.829588170781901,54.8,,,,,,,"blend of 5 margin source(s) (fitted weights): espn_fpi, sagarin_predictor, sagarin_rating, fei, team_rankings; total from fei"
2026-10-31T23:00:00.000Z,9,Washington State,San Diego State,Snapdragon Stadium,no,35000,,,,,630.29,609.22,,,4.418974057360261,44,,,,,,,"blend of 5 margin source(s) (fitted weights): espn_fpi, sagarin_predictor, sagarin_rating, fei, team_rankings; total from fei"
2026-11-01T02:00:00.000Z,9,Texas State,Boise State,Albertsons Stadium,no,36387,,,,,624.81,641.17,,,13.386916921059335,55.760000000000005,,,,,,,"blend of 5 margin source(s) (fitted weights): espn_fpi, sagarin_predictor, sagarin_rating, fei, team_rankings; total from fei"
2026-11-01T02:30:00.000Z,9,Northern Illinois,UNLV,Allegiant Stadium,yes,65000,,,,,536.58,696.03,,,16.879015598511614,53.84,,,,,,,"blend of 5 margin source(s) (fitted weights): espn_fpi, sagarin_predictor, sagarin_rating, fei, team_rankings; total from fei"
2026-11-04T00:00:00.000Z,10,Buffalo,Miami (OH),Yager Stadium,no,24286,,,,,549.31,621.37,,,5.419495590197996,44.120000000000005,,,,,,,"blend of 5 margin source(s) (fitted weights): espn_fpi, sagarin_predictor, sagarin_rating, fei, team_rankings; total from fei"
2026-11-04T00:00:00.000Z,10,Ohio,Akron,InfoCision Stadium,no,30000,,,,,522.84,546.84,,,-4.538074153913904,51.56,,,,,,,"blend of 5 margin source(s) (fitted weights): espn_fpi, sagarin_predictor, sagarin_rating, fei, team_rankings; total from fei"
2026-11-04T05:00:00.000Z,10,Toledo,Sacramento State,Hornet Stadium,no,21195,,,,,556.26,561.42,,,-10.691963518023535,49.64,,,,,,,"blend of 5 margin source(s) (fitted weights): espn_fpi, sagarin_predictor, sagarin_rating, fei, team_rankings; total from fei"
2026-11-04T05:00:00.000Z,10,Ball State,Massachusetts,Warren McGuirk Alumni Stadium,no,17000,,,,,563.88,525.94,,,3.1278612818330744,51.8,,,,,,,"blend of 5 margin source(s) (fitted weights): espn_fpi, sagarin_predictor, sagarin_rating, fei, team_rankings; total from fei"
2026-11-04T05:00:00.000Z,10,Central Michigan,Eastern Michigan,Ford Field,yes,64500,,,,,540.01,580.64,,,2.776553029230341,51.68,,,,,,,"blend of 5 margin source(s) (fitted weights): espn_fpi, sagarin_predictor, sagarin_rating, fei, team_rankings; total from fei"
2026-11-06T01:00:00.000Z,10,UTSA,Florida Atlantic,FAU Stadium,no,29419,,,,,655.82,593.36,,,-6.61633714108976,56.959999999999994,,,,,,,"blend of 5 margin source(s) (fitted weights): espn_fpi, sagarin_predictor, sagarin_rating, fei, team_rankings; total from fei"
2026-11-06T01:00:00.000Z,10,James Madison,Southern Miss,M. M. Roberts Stadium,no,36000,,,,,588.31,602.63,,,-1.6903165519850347,,,,,,,,"blend of 4 margin source(s) (fitted weights): espn_fpi, sagarin_predictor, sagarin_rating, team_rankings"
2026-11-07T00:00:00.000Z,10,Virginia Tech,SMU,Gerald J. Ford Stadium,no,32000,,,,,769.12,764.5,,,6.697420471185365,54.68,,,,,,,"blend of 5 margin source(s) (fitted weights): espn_fpi, sagarin_predictor, sagarin_rating, fei, team_rankings; total from fei"
2026-11-07T00:30:00.000Z,10,South Florida,East Carolina,Dowdy-Ficklen Stadium,no,50000,,,,,703.81,623.79,,,1.4162263025454687,52.519999999999996,,,,,,,"blend of 5 margin source(s) (fitted weights): espn_fpi, sagarin_predictor, sagarin_rating, fei, team_rankings; total from fei"
2026-11-07T01:00:00.000Z,10,Nebraska,Illinois,"Memorial Stadium (Champaign, IL)",no,60670,,,,,787.45,704.01,,,1.1005562099153794,54.92,,,,,,,"blend of 5 margin source(s) (fitted weights): espn_fpi, sagarin_predictor, sagarin_rating, fei, team_rankings; total from fei"
2026-11-07T02:00:00.000Z,10,New Mexico,Nevada,Mackay Stadium,no,27000,,,,,568.19,549.99,,,-2.650535035280715,49.04,,,,,,,"blend of 5 margin source(s) (fitted weights): espn_fpi, sagarin_predictor, sagarin_rating, fei, team_rankings; total from fei"
2026-11-07T03:15:00.000Z,10,TCU,Arizona,Arizona Stadium,no,50782,,,,,730.79,699.59,,,5.104027519149123,51.08,,,,,,,"blend of 5 margin source(s) (fitted weights): espn_fpi, sagarin_predictor, sagarin_rating, fei, team_rankings; total from fei"
2026-11-07T05:00:00.000Z,10,Texas,Missouri,Memorial Stadium,no,71168,,,,,985.17,808.36,,,-10.913216472600237,48.559999999999995,,,,,,,"blend of 5 margin source(s) (fitted weights): espn_fpi, sagarin_predictor, sagarin_rating, fei, team_rankings; total from fei"
2026-11-07T05:00:00.000Z,10,Oklahoma State,Kansas State,Bill Snyder Family Stadium,no,50000,,,,,672.69,718.67,,,11.746444525794214,50.96,,,,,,,"blend of 5 margin source(s) (fitted weights): espn_fpi, sagarin_predictor, sagarin_rating, fei, team_rankings; total from fei"
2026-11-07T05:00:00.000Z,10,Old Dominion,Coastal Carolina,Brooks Stadium (SC),no,21000,,,,,544.25,573.96,,,-3.4791150071597747,48.44,,,,,,,"blend of 5 margin source(s) (fitted weights): espn_fpi, sagarin_predictor, sagarin_rating, fei, team_rankings; total from fei"
2026-11-07T05:00:00.000Z,10,Penn State,Washington,Husky Stadium,no,70138,,,,,774.04,777.63,,,-1.2581737113507443,54.2,,,,,,,"blend of 5 margin source(s) (fitted weights): espn_fpi, sagarin_predictor, sagarin_rating, fei, team_rankings; total from fei"
2026-11-07T05:00:00.000Z,10,Duke,NC State,Carter-Finley Stadium,no,58000,,,,,668.47,757.14,,,-0.7810854332797466,57.56,,,,,,,"blend of 5 margin source(s) (fitted weights): espn_fpi, sagarin_predictor, sagarin_rating, fei, team_rankings; total from fei"
2026-11-07T05:00:00.000Z,10,Georgia State,App State,Kidd Brewer Stadium,no,30000,,,,,573.83,621.61,,,7.991855810872669,57.2,,,,,,,"blend of 5 margin source(s) (fitted weights): espn_fpi, sagarin_predictor, sagarin_rating, fei, team_rankings; total from fei"
2026-11-07T05:00:00.000Z,10,Rice,North Texas,DATCU Stadium,no,30850,,,,,589.89,602.08,,,9.799508961425985,56.72,,,,,,,"blend of 5 margin source(s) (fitted weights): espn_fpi, sagarin_predictor, sagarin_rating, fei, team_rankings; total from fei"
2026-11-07T05:00:00.000Z,10,Iowa State,Baylor,McLane Stadium,no,45140,,,,,669.55,723.28,,,6.447498263728767,54.44,,,,,,,"blend of 5 margin source(s) (fitted weights): espn_fpi, sagarin_predictor, sagarin_rating, fei, team_rankings; total from fei"
2026-11-07T05:00:00.000Z,10,Louisville,Georgia Tech,Bobby Dodd Stadium,no,55000,,,,,739.97,751.65,,,-3.1607473760423703,52.879999999999995,,,,,,,"blend of 5 margin source(s) (fitted weights): espn_fpi, sagarin_predictor, sagarin_rating, fei, team_rankings; total from fei"
2026-11-07T05:00:00.000Z,10,Kentucky,Tennessee,Neyland Stadium,no,102455,,,,,786.65,885.9,,,10.663537888499572,52.28,,,,,,,"blend of 5 margin source(s) (fitted weights): espn_fpi, sagarin_predictor, sagarin_rating, fei, team_rankings; total from fei"
2026-11-07T05:00:00.000Z,10,Texas A&M,South Carolina,Williams-Brice Stadium,no,80250,,,,,933,862.87,,,-3.348730292182143,47.239999999999995,,,,,,,"blend of 5 margin source(s) (fitted weights): espn_fpi, sagarin_predictor, sagarin_rating, fei, team_rankings; total from fei"
2026-11-07T05:00:00.000Z,10,Tulsa,Tulane,Yulman Stadium,no,30000,,,,,622.84,665.11,,,8.100860084614048,50.36,,,,,,,"blend of 5 margin source(s) (fitted weights): espn_fpi, sagarin_predictor, sagarin_rating, fei, team_rankings; total from fei"
2026-11-07T05:00:00.000Z,10,Louisiana Tech,Troy,Veterans Memorial Stadium (AL),no,30000,,,,,543.02,596.19,,,4.311637012697644,45.8,,,,,,,"blend of 4 margin source(s) (fitted weights): sagarin_predictor, sagarin_rating, fei, team_rankings; total from fei"
2026-11-07T05:00:00.000Z,10,Florida State,Boston College,"Alumni Stadium (Chestnut Hill, MA)",no,44500,,,,,800.2,660,,,-7.693304819964948,58.16,,,,,,,"blend of 5 margin source(s) (fitted weights): espn_fpi, sagarin_predictor, sagarin_rating, fei, team_rankings; total from fei"
2026-11-07T05:00:00.000Z,10,South Alabama,Louisiana,Cajun Field,no,41426,,,,,573.38,590.94,,,4.224721374909207,55.400000000000006,,,,,,,"blend of 5 margin source(s) (fitted weights): espn_fpi, sagarin_predictor, sagarin_rating, fei, team_rankings; total from fei"
2026-11-07T05:00:00.000Z,10,Oregon,Ohio State,Ohio Stadium,no,102780,,,,,984.33,964.27,-6,52.5,7.114981284570866,54.92,home,medium,over,medium,,-0.019066135898052727,"blend of 5 margin source(s) (fitted weights): espn_fpi, sagarin_predictor, sagarin_rating, fei, team_rankings; total from fei"
2026-11-07T05:00:00.000Z,10,Northern Illinois,San José State,CEFCU Stadium,no,30456,,,,,536.58,569.25,,,8.420774984658621,52.4,,,,,,,"blend of 5 margin source(s) (fitted weights): espn_fpi, sagarin_predictor, sagarin_rating, fei, team_rankings; total from fei"
2026-11-07T05:00:00.000Z,10,Vanderbilt,Mississippi State,Davis Wade Stadium,no,61337,,,,,727.39,804.53,,,1.4299012551413293,60.32000000000001,,,,,,,"blend of 5 margin source(s) (fitted weights): espn_fpi, sagarin_predictor, sagarin_rating, fei, team_rankings; total from fei"
2026-11-07T05:00:00.000Z,10,Iowa,Northwestern,Ryan Field,no,35000,,,,,722.73,688.32,,,-5.075484474403614,42.32,,,,,,,"blend of 5 margin source(s) (fitted weights): espn_fpi, sagarin_predictor, sagarin_rating, fei, team_rankings; total from fei"
2026-11-07T05:00:00.000Z,10,Oklahoma,Florida,Ben Hill Griffin Stadium,no,88548,,,,,851.14,891.07,,,-2.120453220195156,46.4,,,,,,,"blend of 5 margin source(s) (fitted weights): espn_fpi, sagarin_predictor, sagarin_rating, fei, team_rankings; total from fei"
2026-11-07T05:00:00.000Z,10,Michigan State,Michigan,Michigan Stadium,no,107601,,,,,685.02,890.02,-16.5,50.5,14.55340342209508,54.2,away,medium,over,medium,,-0.049236500035306774,"blend of 5 margin source(s) (fitted weights): espn_fpi, sagarin_predictor, sagarin_rating, fei, team_rankings; total from fei"
2026-11-07T05:00:00.000Z,10,UCF,Kansas,Memorial Stadium,no,47000,,,,,672.14,684.51,,,2.8702604078696794,56.72,,,,,,,"blend of 3 margin source(s) (fitted weights): espn_fpi, fei, team_rankings; total from fei"
2026-11-07T05:00:00.000Z,10,Arkansas,Auburn,Jordan-Hare Stadium,no,87451,,,,,745.48,828.19,,,9.187114670887972,54.2,,,,,,,"blend of 5 margin source(s) (fitted weights): espn_fpi, sagarin_predictor, sagarin_rating, fei, team_rankings; total from fei"
2026-11-07T05:00:00.000Z,10,Charlotte,UAB,Protective Stadium,no,45000,,,,,576.77,606.18,,,7.090337243463334,54.2,,,,,,,"blend of 4 margin source(s) (fitted weights): sagarin_predictor, sagarin_rating, fei, team_rankings; total from fei"
2026-11-07T05:00:00.000Z,10,Marshall,Georgia Southern,Allen E. Paulson Stadium,no,25000,,,,,594.71,634.19,,,3.4736834155392815,56.84,,,,,,,"blend of 4 margin source(s) (fitted weights): espn_fpi, sagarin_predictor, sagarin_rating, fei; total from fei"
2026-11-07T05:00:00.000Z,10,Colorado,Arizona State,Mountain America Stadium,no,65870,,,,,731.62,722,,,6.834355861519122,50.72,,,,,,,"blend of 5 margin source(s) (fitted weights): espn_fpi, sagarin_predictor, sagarin_rating, fei, team_rankings; total from fei"
2026-11-07T05:00:00.000Z,10,Rutgers,Wisconsin,Camp Randall Stadium,no,80321,,,,,709.04,767.68,,,10.47588986325973,52.879999999999995,,,,,,,"blend of 5 margin source(s) (fitted weights): espn_fpi, sagarin_predictor, sagarin_rating, fei, team_rankings; total from fei"
2026-11-07T05:00:00.000Z,10,UCLA,Minnesota,Huntington Bank Stadium,no,50850,,,,,774.45,728.79,,,2.0382587750709953,53.120000000000005,,,,,,,"blend of 5 margin source(s) (fitted weights): espn_fpi, sagarin_predictor, sagarin_rating, fei, team_rankings; total from fei"
2026-11-07T05:00:00.000Z,10,Cincinnati,Houston,TDECU Stadium,no,40000,,,,,634.28,695.93,,,3.988339739623458,57.8,,,,,,,"blend of 5 margin source(s) (fitted weights): espn_fpi, sagarin_predictor, sagarin_rating, fei, team_rankings; total from fei"
2026-11-07T05:00:00.000Z,10,Georgia,Ole Miss,Vaught-Hemingway Stadium,no,64038,,,,,1003.67,885.72,4.5,55.5,-4.4532136639157045,59,home,low,over,medium,,0.04785640648291212,"blend of 5 margin source(s) (fitted weights): espn_fpi, sagarin_predictor, sagarin_rating, fei, team_rankings; total from fei"
2026-11-07T05:00:00.000Z,10,Maryland,Purdue,Ross-Ade Stadium,no,57282,,,,,719.64,698.33,,,-0.9512288819859873,49.64,,,,,,,"blend of 5 margin source(s) (fitted weights): espn_fpi, sagarin_predictor, sagarin_rating, fei, team_rankings; total from fei"
2026-11-07T05:00:00.000Z,10,BYU,Utah,Rice-Eccles Stadium,no,51444,,,,,689.42,695.72,-3,51.5,1.820325178719415,55.879999999999995,away,medium,over,medium,,-0.018201947902491966,"blend of 5 margin source(s) (fitted weights): espn_fpi, sagarin_predictor, sagarin_rating, fei, team_rankings; total from fei"
2026-11-07T05:00:00.000Z,10,Clemson,Syracuse,JMA Wireless Dome,yes,49057,,,,,862.85,745.61,,,-3.54806427028104,46.52,,,,,,,"blend of 5 margin source(s) (fitted weights): espn_fpi, sagarin_predictor, sagarin_rating, fei, team_rankings; total from fei"
2026-11-07T05:00:00.000Z,10,Alabama,LSU,Tiger Stadium (LA),no,102321,,,,,973.53,931.76,-3.5,54.5,1.5151748074171716,51.2,away,medium,under,medium,away,-0.08474367594883392,"blend of 5 margin source(s) (fitted weights): espn_fpi, sagarin_predictor, sagarin_rating, fei, team_rankings; total from fei"
2026-11-07T05:00:00.000Z,10,West Virginia,Texas Tech,Jones AT&T Stadium,no,60454,,,,,707.6,767.89,,,18.75667559077593,45.44,,,,,,,"blend of 5 margin source(s) (fitted weights): espn_fpi, sagarin_predictor, sagarin_rating, fei, team_rankings; total from fei"
2026-11-07T05:00:00.000Z,10,Hawai'i,UTEP,Sun Bowl,no,51500,,,,,556.82,585.76,,,-7.074993562648708,50.36,,,,,,,"blend of 5 margin source(s) (fitted weights): espn_fpi, sagarin_predictor, sagarin_rating, fei, team_rankings; total from fei"
2026-11-07T17:00:00.000Z,10,North Carolina,UConn,Pratt & Whitney Stadium,no,40000,,,,,767.89,652.56,,,-8.614076788022569,54.8,,,,,,,"blend of 5 margin source(s) (fitted weights): espn_fpi, sagarin_predictor, sagarin_rating, fei, team_rankings; total from fei"
2026-11-07T20:00:00.000Z,10,Delaware,Kennesaw State,Fifth Third Stadium,no,11040,,,,,483.48,502.86,,,2.9968430092389706,55.28,,,,,,,"blend of 5 margin source(s) (fitted weights): espn_fpi, sagarin_predictor, sagarin_rating, fei, team_rankings; total from fei"
2026-11-07T20:00:00.000Z,10,UL Monroe,Arkansas State,Centennial Bank Stadium,no,30382,,,,,505.49,606.22,,,11.357740632283512,50.6,,,,,,,"blend of 5 margin source(s) (fitted weights): espn_fpi, sagarin_predictor, sagarin_rating, fei, team_rankings; total from fei"
2026-11-07T20:30:00.000Z,10,Temple,Navy,Navy-Marine Corps Memorial Stadium,no,34000,,,,,631.07,195.68,,,9.859373812309066,57.08,,,,,,,"blend of 5 margin source(s) (fitted weights): espn_fpi, sagarin_predictor, sagarin_rating, fei, team_rankings; total from fei"
2026-11-07T20:30:00.000Z,10,Western Kentucky,Middle Tennessee,"Johnny ""Red"" Floyd Stadium",no,30788,,,,,611.52,571.5,,,-3.564931929476925,53.239999999999995,,,,,,,"blend of 5 margin source(s) (fitted weights): espn_fpi, sagarin_predictor, sagarin_rating, fei, team_rankings; total from fei"
2026-11-07T21:00:00.000Z,10,Missouri State,Florida International,Pitbull Stadium,no,20000,,,,,549.92,607.56,,,4.020316207144455,54.2,,,,,,,"blend of 2 margin source(s) (fitted weights): espn_fpi, fei; total from fei"
2026-11-07T22:00:00.000Z,10,Liberty,New Mexico State,Aggie Memorial Stadium,no,28853,,,,,633.35,460.38,,,-2.4258422912557953,55.16,,,,,,,"blend of 5 margin source(s) (fitted weights): espn_fpi, sagarin_predictor, sagarin_rating, fei, team_rankings; total from fei"
2026-11-07T23:00:00.000Z,10,Boise State,Colorado State,Canvas Stadium,no,36500,,,,,641.17,640.31,,,-10.976767718271525,51.68000000000001,,,,,,,"blend of 5 margin source(s) (fitted weights): espn_fpi, sagarin_predictor, sagarin_rating, fei, team_rankings; total from fei"
2026-11-08T00:00:00.000Z,10,Sam Houston,Jacksonville State,AmFirst Stadium,no,24000,,,,,554.47,602.83,,,8.6079403696456,48.8,,,,,,,"blend of 5 margin source(s) (fitted weights): espn_fpi, sagarin_predictor, sagarin_rating, fei, team_rankings; total from fei"
2026-11-08T00:30:00.000Z,10,Miami,Notre Dame,Notre Dame Stadium,no,80795,,,,,885.94,953.03,-6.5,54.5,5.6625985810781545,51.68,away,low,under,medium,,-0.036733574012795533,"blend of 5 margin source(s) (fitted weights): espn_fpi, sagarin_predictor, sagarin_rating, fei, team_rankings; total from fei"
2026-11-08T00:30:00.000Z,10,Air Force,Army,Michie Stadium,no,38000,,,,,272.35,303.83,,,5.971135317576101,59.96,,,,,,,"blend of 5 margin source(s) (fitted weights): espn_fpi, sagarin_predictor, sagarin_rating, fei, team_rankings; total from fei"
2026-11-08T02:30:00.000Z,10,Fresno State,Utah State,Maverik Stadium,no,25513,,,,,609.75,543.98,,,-0.24486318773386118,49.28,,,,,,,"blend of 5 margin source(s) (fitted weights): espn_fpi, sagarin_predictor, sagarin_rating, fei, team_rankings; total from fei"
2026-11-08T03:30:00.000Z,10,Wyoming,UNLV,Allegiant Stadium,yes,65000,,,,,528.29,696.03,,,15.090159622360037,49.760000000000005,,,,,,,"blend of 5 margin source(s) (fitted weights): espn_fpi, sagarin_predictor, sagarin_rating, fei, team_rankings; total from fei"
2026-11-08T03:30:00.000Z,10,Texas State,Oregon State,Reser Stadium,no,43363,,,,,624.81,635.79,,,1.8004639100098883,56.36,,,,,,,"blend of 5 margin source(s) (fitted weights): espn_fpi, sagarin_predictor, sagarin_rating, fei, team_rankings; total from fei"
2026-11-11T00:00:00.000Z,11,Kent State,Bowling Green,Doyt L. Perry Stadium,no,24000,,,,,522.83,568.33,,,8.91343671833588,50.36,,,,,,,"blend of 5 margin source(s) (fitted weights): espn_fpi, sagarin_predictor, sagarin_rating, fei, team_rankings; total from fei"
2026-11-11T00:00:00.000Z,11,Ohio,Miami (OH),Yager Stadium,no,24286,,,,,522.84,621.37,,,1.5099952316735705,50.24,,,,,,,"blend of 5 margin source(s) (fitted weights): espn_fpi, sagarin_predictor, sagarin_rating, fei, team_rankings; total from fei"
2026-11-11T00:00:00.000Z,11,Western Michigan,Akron,InfoCision Stadium,no,30000,,,,,572.2,546.84,,,-9.883452492241268,47.84,,,,,,,"blend of 5 margin source(s) (fitted weights): espn_fpi, sagarin_predictor, sagarin_rating, fei, team_rankings; total from fei"
2026-11-11T05:00:00.000Z,11,Massachusetts,Toledo,Glass Bowl,no,26038,,,,,525.94,556.26,,,15.481285299795854,51.8,,,,,,,"blend of 5 margin source(s) (fitted weights): espn_fpi, sagarin_predictor, sagarin_rating, fei, team_rankings; total from fei"
2026-11-11T05:00:00.000Z,11,Buffalo,Ball State,Scheumann Stadium,no,22500,,,,,549.31,563.88,,,-2.5120707216822775,44.6,,,,,,,"blend of 5 margin source(s) (fitted weights): espn_fpi, sagarin_predictor, sagarin_rating, fei, team_rankings; total from fei"
2026-11-11T05:00:00.000Z,11,Sacramento State,Central Michigan,Kelly/Shorts Stadium,no,30255,,,,,561.42,540.01,,,6.483492035738995,50.120000000000005,,,,,,,"blend of 5 margin source(s) (fitted weights): espn_fpi, sagarin_predictor, sagarin_rating, fei, team_rankings; total from fei"
2026-11-13T01:00:00.000Z,11,Memphis,South Florida,Raymond James Stadium,no,65828,,,,,670.31,703.81,,,0.34767403246345824,54.8,,,,,,,"blend of 5 margin source(s) (fitted weights): espn_fpi, sagarin_predictor, sagarin_rating, fei, team_rankings; total from fei"
2026-11-13T02:00:00.000Z,11,Louisiana,UL Monroe,Malone Stadium,no,27617,,,,,590.94,505.49,,,-9.241579464262696,52.16,,,,,,,"blend of 5 margin source(s) (fitted weights): espn_fpi, sagarin_predictor, sagarin_rating, fei, team_rankings; total from fei"
2026-11-14T00:00:00.000Z,11,Florida State,Pittsburgh,Acrisure Stadium,no,68400,,,,,800.2,675.02,,,4.9786029640082585,52.64,,,,,,,"blend of 5 margin source(s) (fitted weights): espn_fpi, sagarin_predictor, sagarin_rating, fei, team_rankings; total from fei"
2026-11-14T02:00:00.000Z,11,Illinois,UCLA,Rose Bowl,no,88565,,,,,704.01,774.45,,,0.17510205589311284,56.36,,,,,,,"blend of 5 margin source(s) (fitted weights): espn_fpi, sagarin_predictor, sagarin_rating, fei, team_rankings; total from fei"
2026-11-14T03:15:00.000Z,11,Houston,Colorado,Folsom Field,no,50183,,,,,695.93,731.62,,,-0.7955305391733933,52.76,,,,,,,"blend of 5 margin source(s) (fitted weights): espn_fpi, sagarin_predictor, sagarin_rating, fei, team_rankings; total from fei"
2026-11-14T05:00:00.000Z,11,Minnesota,Penn State,Beaver Stadium,no,106572,,,,,728.79,774.04,,,13.531503284676077,51.8,,,,,,,"blend of 5 margin source(s) (fitted weights): espn_fpi, sagarin_predictor, sagarin_rating, fei, team_rankings; total from fei"
2026-11-14T05:00:00.000Z,11,Utah,Arizona,Arizona Stadium,no,50782,,,,,695.72,699.59,,,-2.029562118111499,54.08,,,,,,,"blend of 5 margin source(s) (fitted weights): espn_fpi, sagarin_predictor, sagarin_rating, fei, team_rankings; total from fei"
2026-11-14T05:00:00.000Z,11,Michigan,Oregon,Autzen Stadium,no,54000,,,,,890.02,984.33,-13.5,53.5,11.762291669847976,56.96,away,medium,over,medium,away,-0.05346109097136742,"blend of 5 margin source(s) (fitted weights): espn_fpi, sagarin_predictor, sagarin_rating, fei, team_rankings; total from fei"
2026-11-14T05:00:00.000Z,11,Missouri,Georgia,Sanford Stadium,no,92746,,,,,808.36,1003.67,,,14.710758012119072,52.28,,,,,,,"blend of 5 margin source(s) (fitted weights): espn_fpi, sagarin_predictor, sagarin_rating, fei, team_rankings; total from fei"
2026-11-14T05:00:00.000Z,11,Georgia Tech,Clemson,"Memorial Stadium (Clemson, SC)",no,81500,,,,,751.65,862.85,,,6.191449299280014,52.400000000000006,,,,,,,"blend of 5 margin source(s) (fitted weights): espn_fpi, sagarin_predictor, sagarin_rating, fei, team_rankings; total from fei"
2026-11-14T05:00:00.000Z,11,Arizona State,UCF,FBC Mortgage Stadium,no,44206,,,,,722,672.14,,,-0.2618638484667576,49.4,,,,,,,"blend of 3 margin source(s) (fitted weights): espn_fpi, fei, team_rankings; total from fei"
2026-11-14T05:00:00.000Z,11,UAB,Temple,Lincoln Financial Field,no,69879,,,,,606.18,631.07,,,7.711362330345728,58.4,,,,,,,"blend of 5 margin source(s) (fitted weights): espn_fpi, sagarin_predictor, sagarin_rating, fei, team_rankings; total from fei"
2026-11-14T05:00:00.000Z,11,Cincinnati,Iowa State,Jack Trice Stadium,no,61500,,,,,634.28,669.55,,,-0.2940336389198137,55.4,,,,,,,"blend of 5 margin source(s) (fitted weights): espn_fpi, sagarin_predictor, sagarin_rating, fei, team_rankings; total from fei"
2026-11-14T05:00:00.000Z,11,Duke,Miami,Hard Rock Stadium,no,64767,,,,,668.47,885.94,-21,55.5,20.022003014295745,56.480000000000004,away,low,over,low,,-0.017841277495645902,"blend of 5 margin source(s) (fitted weights): espn_fpi, sagarin_predictor, sagarin_rating, fei, team_rankings; total from fei"
2026-11-14T05:00:00.000Z,11,Nevada,Northern Illinois,Huskie Stadium,no,23595,,,,,549.99,536.58,,,-5.042041845376451,48.67999999999999,,,,,,,"blend of 5 margin source(s) (fitted weights): espn_fpi, sagarin_predictor, sagarin_rating, fei, team_rankings; total from fei"
2026-11-14T05:00:00.000Z,11,Southern Miss,Louisiana Tech,Joe Aillet Stadium,no,28019,,,,,602.63,543.02,,,2.527828597815072,,,,,,,,"blend of 4 margin source(s) (fitted weights): espn_fpi, sagarin_predictor, sagarin_rating, team_rankings"
2026-11-14T05:00:00.000Z,11,North Texas,UTSA,Alamodome,yes,36582,,,,,602.08,655.82,,,4.836147602631799,61.28,,,,,,,"blend of 5 margin source(s) (fitted weights): espn_fpi, sagarin_predictor, sagarin_rating, fei, team_rankings; total from fei"
2026-11-14T05:00:00.000Z,11,California,Virginia,Scott Stadium,no,61500,,,,,751.92,700.18,,,12.644762256116689,49.28,,,,,,,"blend of 5 margin source(s) (fitted weights): espn_fpi, sagarin_predictor, sagarin_rating, fei, team_rankings; total from fei"
2026-11-14T05:00:00.000Z,11,Florida Atlantic,Tulsa,Chapman Stadium,no,30000,,,,,593.36,622.84,,,8.264393980305048,53.24,,,,,,,"blend of 5 margin source(s) (fitted weights): espn_fpi, sagarin_predictor, sagarin_rating, fei, team_rankings; total from fei"
2026-11-14T05:00:00.000Z,11,USC,Indiana,"Memorial Stadium (Bloomington, IN)",no,52656,,,,,899,735.26,-10,58.5,9.877175242741338,61.16,away,low,over,medium,away,-0.0552541623927123,"blend of 5 margin source(s) (fitted weights): espn_fpi, sagarin_predictor, sagarin_rating, fei, team_rankings; total from fei"
2026-11-14T05:00:00.000Z,11,Arkansas State,Coastal Carolina,Brooks Stadium (SC),no,21000,,,,,606.22,573.96,,,2.664924482360092,51.32,,,,,,,"blend of 5 margin source(s) (fitted weights): espn_fpi, sagarin_predictor, sagarin_rating, fei, team_rankings; total from fei"
2026-11-14T05:00:00.000Z,11,Ole Miss,Oklahoma,"Memorial Stadium (Norman, OK)",no,86112,,,,,885.72,851.14,-4,53.5,4.252578853775757,52.76,home,low,under,low,,-0.03210618704140833,"blend of 5 margin source(s) (fitted weights): espn_fpi, sagarin_predictor, sagarin_rating, fei, team_rankings; total from fei"
2026-11-14T05:00:00.000Z,11,Louisville,North Carolina,Kenan Stadium,no,50500,,,,,739.97,767.89,,,-3.3304948949215474,49.16,,,,,,,"blend of 5 margin source(s) (fitted weights): espn_fpi, sagarin_predictor, sagarin_rating, fei, team_rankings; total from fei"
2026-11-14T05:00:00.000Z,11,Texas Tech,Oklahoma State,Boone Pickens Stadium,no,55509,,,,,767.89,672.69,15.5,61.5,-14.439205384698688,44.6,home,medium,under,high,,0.023408817685517003,"blend of 5 margin source(s) (fitted weights): espn_fpi, sagarin_predictor, sagarin_rating, fei, team_rankings; total from fei"
2026-11-14T05:00:00.000Z,11,South Carolina,Arkansas,Razorback Stadium,no,80000,,,,,862.87,745.48,,,-6.0463212722152235,53.599999999999994,,,,,,,"blend of 5 margin source(s) (fitted weights): espn_fpi, sagarin_predictor, sagarin_rating, fei, team_rankings; total from fei"
2026-11-14T05:00:00.000Z,11,Wake Forest,SMU,Gerald J. Ford Stadium,no,32000,,,,,680.87,764.5,,,9.197330785678329,49.76,,,,,,,"blend of 5 margin source(s) (fitted weights): espn_fpi, sagarin_predictor, sagarin_rating, fei, team_rankings; total from fei"
2026-11-14T05:00:00.000Z,11,Auburn,Mississippi State,Davis Wade Stadium,no,61337,,,,,828.19,804.53,,,-0.5525631785572208,49.760000000000005,,,,,,,"blend of 5 margin source(s) (fitted weights): espn_fpi, sagarin_predictor, sagarin_rating, fei, team_rankings; total from fei"
2026-11-14T05:00:00.000Z,11,Alabama,Vanderbilt,FirstBank Stadium,no,40351,,,,,973.53,727.39,,,-8.728057371396503,60.08,,,,,,,"blend of 5 margin source(s) (fitted weights): espn_fpi, sagarin_predictor, sagarin_rating, fei, team_rankings; total from fei"
2026-11-14T05:00:00.000Z,11,Tennessee,Texas A&M,Kyle Field,no,102733,,,,,885.9,933,-8.5,55.5,6.487704836747944,55.04,away,medium,under,low,away,-0.09337440260279128,"blend of 5 margin source(s) (fitted weights): espn_fpi, sagarin_predictor, sagarin_rating, fei, team_rankings; total from fei"
2026-11-14T05:00:00.000Z,11,Tulane,Rice,Rice Stadium,no,47000,,,,,665.11,589.89,,,-8.81849618414612,49.519999999999996,,,,,,,"blend of 5 margin source(s) (fitted weights): espn_fpi, sagarin_predictor, sagarin_rating, fei, team_rankings; total from fei"
2026-11-14T05:00:00.000Z,11,Wisconsin,Maryland,SECU Stadium,no,51802,,,,,767.68,719.64,,,0.26727634833928726,43.64,,,,,,,"blend of 5 margin source(s) (fitted weights): espn_fpi, sagarin_predictor, sagarin_rating, fei, team_rankings; total from fei"
2026-11-14T05:00:00.000Z,11,Kansas,West Virginia,Milan Puskar Stadium,no,60000,,,,,684.51,707.6,,,-1.1243072841162012,58.28,,,,,,,"blend of 5 margin source(s) (fitted weights): espn_fpi, sagarin_predictor, sagarin_rating, fei, team_rankings; total from fei"
2026-11-14T05:00:00.000Z,11,East Carolina,Charlotte,Jerry Richardson Stadium,no,15300,,,,,623.79,576.77,,,-11.548216071804987,49.760000000000005,,,,,,,"blend of 4 margin source(s) (fitted weights): sagarin_predictor, sagarin_rating, fei, team_rankings; total from fei"
2026-11-14T05:00:00.000Z,11,Purdue,Iowa,Kinnick Stadium,no,69250,,,,,698.33,722.73,,,14.083144765460183,44.96,,,,,,,"blend of 5 margin source(s) (fitted weights): espn_fpi, sagarin_predictor, sagarin_rating, fei, team_rankings; total from fei"
2026-11-14T05:00:00.000Z,11,Stanford,Virginia Tech,Lane Stadium,no,65632,,,,,705.81,769.12,,,11.773518461106793,51.92,,,,,,,"blend of 5 margin source(s) (fitted weights): espn_fpi, sagarin_predictor, sagarin_rating, fei, team_rankings; total from fei"
2026-11-14T05:00:00.000Z,11,Baylor,BYU,LaVell Edwards Stadium,no,63470,,,,,723.28,689.42,,,9.470379093318229,57.08,,,,,,,"blend of 5 margin source(s) (fitted weights): espn_fpi, sagarin_predictor, sagarin_rating, fei, team_rankings; total from fei"
2026-11-14T05:00:00.000Z,11,Northwestern,Ohio State,Ohio Stadium,no,102780,,,,,688.32,964.27,,,26.31807327601213,49.28,,,,,,,"blend of 5 margin source(s) (fitted weights): espn_fpi, sagarin_predictor, sagarin_rating, fei, team_rankings; total from fei"
2026-11-14T05:00:00.000Z,11,App State,Marshall,Joan C. Edwards Stadium,no,38016,,,,,621.61,594.71,,,0.05679261499660343,53.36,,,,,,,"blend of 5 margin source(s) (fitted weights): espn_fpi, sagarin_predictor, sagarin_rating, fei, team_rankings; total from fei"
2026-11-14T05:00:00.000Z,11,Washington,Michigan State,Spartan Stadium,no,75005,,,,,777.63,685.02,,,-7.300372834871533,54.2,,,,,,,"blend of 5 margin source(s) (fitted weights): espn_fpi, sagarin_predictor, sagarin_rating, fei, team_rankings; total from fei"
2026-11-14T05:00:00.000Z,11,Kansas State,TCU,Amon G. Carter Stadium,no,46000,,,,,718.67,730.79,,,-1.7070865433062115,51.44,,,,,,,"blend of 5 margin source(s) (fitted weights): espn_fpi, sagarin_predictor, sagarin_rating, fei, team_rankings; total from fei"
2026-11-14T05:00:00.000Z,11,Florida,Kentucky,Kroger Field,no,61000,,,,,891.07,786.65,,,-3.3089530250093313,47.24,,,,,,,"blend of 5 margin source(s) (fitted weights): espn_fpi, sagarin_predictor, sagarin_rating, fei, team_rankings; total from fei"
2026-11-14T05:00:00.000Z,11,Troy,South Alabama,Hancock Whitney Stadium,no,25450,,,,,596.19,573.38,,,1.0476565218795724,50,,,,,,,"blend of 4 margin source(s) (fitted weights): sagarin_predictor, sagarin_rating, fei, team_rankings; total from fei"
2026-11-14T05:00:00.000Z,11,Wyoming,UTEP,Sun Bowl,no,51500,,,,,528.29,585.76,,,-0.8204270556561299,44,,,,,,,"blend of 5 margin source(s) (fitted weights): espn_fpi, sagarin_predictor, sagarin_rating, fei, team_rankings; total from fei"
2026-11-14T05:00:00.000Z,11,Syracuse,NC State,Carter-Finley Stadium,no,58000,,,,,745.61,757.14,,,1.6031886864348708,50.239999999999995,,,,,,,"blend of 5 margin source(s) (fitted weights): espn_fpi, sagarin_predictor, sagarin_rating, fei, team_rankings; total from fei"
2026-11-14T05:00:00.000Z,11,Texas,LSU,Tiger Stadium (LA),no,102321,,,,,985.17,931.76,2.5,54.5,-2.571888111874009,48.44,away,low,under,high,,-0.0003600366601523852,"blend of 5 margin source(s) (fitted weights): espn_fpi, sagarin_predictor, sagarin_rating, fei, team_rankings; total from fei"
2026-11-14T05:00:00.000Z,11,Nebraska,Rutgers,SHI Stadium,no,52454,,,,,787.45,709.04,,,-8.588813175414852,59,,,,,,,"blend of 5 margin source(s) (fitted weights): espn_fpi, sagarin_predictor, sagarin_rating, fei, team_rankings; total from fei"
2026-11-14T05:00:00.000Z,11,Georgia Southern,Georgia State,Center Parc Stadium,no,25000,,,,,634.19,573.83,,,-1.1738243370863943,60.68,,,,,,,"blend of 4 margin source(s) (fitted weights): espn_fpi, sagarin_predictor, sagarin_rating, fei; total from fei"
2026-11-14T17:00:00.000Z,11,James Madison,UConn,Pratt & Whitney Stadium,no,40000,,,,,588.31,652.56,,,-4.093941559878867,53.84,,,,,,,"blend of 5 margin source(s) (fitted weights): espn_fpi, sagarin_predictor, sagarin_rating, fei, team_rankings; total from fei"
2026-11-14T19:00:00.000Z,11,Kennesaw State,Sam Houston,Elliott T. Bowers Stadium,no,14000,,,,,502.86,554.47,,,-6.2729840129182675,51.44,,,,,,,"blend of 5 margin source(s) (fitted weights): espn_fpi, sagarin_predictor, sagarin_rating, fei, team_rankings; total from fei"
2026-11-14T20:00:00.000Z,11,Florida International,Delaware,Delaware Stadium,no,22000,,,,,607.56,483.48,,,6.953407280253282,51.8,,,,,,,"blend of 2 margin source(s) (fitted weights): espn_fpi, fei; total from fei"
2026-11-14T20:00:00.000Z,11,New Mexico State,Missouri State,Plaster Sports Complex,no,17337,,,,,460.38,549.92,,,1.0132821938854994,56.36,,,,,,,"blend of 5 margin source(s) (fitted weights): espn_fpi, sagarin_predictor, sagarin_rating, fei, team_rankings; total from fei"
2026-11-14T20:30:00.000Z,11,Jacksonville State,Western Kentucky,Houchens Industries-L.T. Smith Stadium,no,22113,,,,,602.83,611.52,,,4.207337198160101,50.96,,,,,,,"blend of 5 margin source(s) (fitted weights): espn_fpi, sagarin_predictor, sagarin_rating, fei, team_rankings; total from fei"
2026-11-14T20:30:00.000Z,11,Middle Tennessee,Liberty,Williams Stadium (VA),no,25000,,,,,571.5,633.35,,,10.304816715604296,56.120000000000005,,,,,,,"blend of 5 margin source(s) (fitted weights): espn_fpi, sagarin_predictor, sagarin_rating, fei, team_rankings; total from fei"
2026-11-14T20:30:00.000Z,11,Boston College,Notre Dame,Notre Dame Stadium,no,80795,,,,,660,953.03,,,30.280863033168206,53.84,,,,,,,"blend of 5 margin source(s) (fitted weights): espn_fpi, sagarin_predictor, sagarin_rating, fei, team_rankings; total from fei"
2026-11-14T21:00:00.000Z,11,Fresno State,Texas State,Bobcat Stadium (TX),no,30000,,,,,609.75,624.81,,,2.298438090566929,51.68,,,,,,,"blend of 5 margin source(s) (fitted weights): espn_fpi, sagarin_predictor, sagarin_rating, fei, team_rankings; total from fei"
2026-11-14T23:00:00.000Z,11,Oregon State,Boise State,Albertsons Stadium,no,36387,,,,,635.79,641.17,,,14.180799228339609,50.84,,,,,,,"blend of 5 margin source(s) (fitted weights): espn_fpi, sagarin_predictor, sagarin_rating, fei, team_rankings; total from fei"
2026-11-15T00:00:00.000Z,11,San José State,Air Force,Falcon Stadium,no,46692,,,,,569.25,272.35,,,6.3968767870830945,60.92,,,,,,,"blend of 5 margin source(s) (fitted weights): espn_fpi, sagarin_predictor, sagarin_rating, fei, team_rankings; total from fei"
2026-11-15T00:30:00.000Z,11,UNLV,New Mexico,University Stadium (NM),no,39224,,,,,696.03,568.19,,,1.1909461513062118,54.2,,,,,,,"blend of 5 margin source(s) (fitted weights): espn_fpi, sagarin_predictor, sagarin_rating, fei, team_rankings; total from fei"
2026-11-15T02:30:00.000Z,11,Utah State,San Diego State,Snapdragon Stadium,no,35000,,,,,543.98,609.22,,,10.513244242945223,49.040000000000006,,,,,,,"blend of 5 margin source(s) (fitted weights): espn_fpi, sagarin_predictor, sagarin_rating, fei, team_rankings; total from fei"
2026-11-15T03:30:00.000Z,11,Colorado State,Washington State,Gesa Field,no,32952,,,,,640.31,630.29,,,8.92385835636686,49.760000000000005,,,,,,,"blend of 5 margin source(s) (fitted weights): espn_fpi, sagarin_predictor, sagarin_rating, fei, team_rankings; total from fei"
2026-11-15T04:59:00.000Z,11,North Dakota State,Hawai'i,Clarence T.C. Ching Athletics Complex,no,15194,,,,,515.59,556.82,,,-1.0665622251026021,54.32,,,,,,,"blend of 5 margin source(s) (fitted weights): espn_fpi, sagarin_predictor, sagarin_rating, fei, team_rankings; total from fei"
2026-11-18T00:00:00.000Z,12,Eastern Michigan,Western Michigan,Waldo Stadium,no,30200,,,,,580.64,572.2,,,12.750144810990498,50.6,,,,,,,"blend of 5 margin source(s) (fitted weights): espn_fpi, sagarin_predictor, sagarin_rating, fei, team_rankings; total from fei"
2026-11-18T00:00:00.000Z,12,Miami (OH),Kent State,Dix Stadium,no,25319,,,,,621.37,522.83,,,-7.6222677368629475,52.760000000000005,,,,,,,"blend of 5 margin source(s) (fitted weights): espn_fpi, sagarin_predictor, sagarin_rating, fei, team_rankings; total from fei"
2026-11-18T00:00:00.000Z,12,Ball State,Ohio,Peden Stadium,no,24000,,,,,563.88,522.84,,,11.610263514787036,50.72,,,,,,,"blend of 5 margin source(s) (fitted weights): espn_fpi, sagarin_predictor, sagarin_rating, fei, team_rankings; total from fei"
2026-11-18T05:00:00.000Z,12,Akron,Massachusetts,Warren McGuirk Alumni Stadium,no,17000,,,,,546.84,525.94,,,1.2443643555402772,52.64,,,,,,,"blend of 5 margin source(s) (fitted weights): espn_fpi, sagarin_predictor, sagarin_rating, fei, team_rankings; total from fei"
2026-11-18T05:00:00.000Z,12,Central Michigan,Buffalo,UB Stadium,no,30270,,,,,540.01,549.31,,,3.6774729260788828,45.08,,,,,,,"blend of 5 margin source(s) (fitted weights): espn_fpi, sagarin_predictor, sagarin_rating, fei, team_rankings; total from fei"
2026-11-20T00:30:00.000Z,12,Rice,Temple,Lincoln Financial Field,no,69879,,,,,589.89,631.07,,,6.500280464970032,52.64,,,,,,,"blend of 5 margin source(s) (fitted weights): espn_fpi, sagarin_predictor, sagarin_rating, fei, team_rankings; total from fei"
2026-11-20T23:00:00.000Z,12,Iowa State,UCF,FBC Mortgage Stadium,no,44206,,,,,669.55,672.14,,,4.229317772309828,49.04,,,,,,,"blend of 3 margin source(s) (fitted weights): espn_fpi, fei, team_rankings; total from fei"
2026-11-21T00:30:00.000Z,12,Clemson,Duke,Wallace Wade Stadium,no,40004,,,,,862.85,668.47,,,-1.163790150566424,53.84,,,,,,,"blend of 5 margin source(s) (fitted weights): espn_fpi, sagarin_predictor, sagarin_rating, fei, team_rankings; total from fei"
2026-11-21T00:30:00.000Z,12,Bowling Green,Toledo,Glass Bowl,no,26038,,,,,568.33,556.26,,,11.98075750556589,44.72,,,,,,,"blend of 5 margin source(s) (fitted weights): espn_fpi, sagarin_predictor, sagarin_rating, fei, team_rankings; total from fei"
2026-11-21T01:00:00.000Z,12,Oregon,Michigan State,Spartan Stadium,no,75005,,,,,984.33,685.02,,,-18.532656440072554,55.879999999999995,,,,,,,"blend of 5 margin source(s) (fitted weights): espn_fpi, sagarin_predictor, sagarin_rating, fei, team_rankings; total from fei"
2026-11-21T01:00:00.000Z,12,UTEP,Air Force,Falcon Stadium,no,46692,,,,,585.76,272.35,,,13.849222851246271,56.6,,,,,,,"blend of 5 margin source(s) (fitted weights): espn_fpi, sagarin_predictor, sagarin_rating, fei, team_rankings; total from fei"
2026-11-21T05:00:00.000Z,12,Hawai'i,Nevada,Mackay Stadium,no,27000,,,,,556.82,549.99,,,2.1873117968126263,50.959999999999994,,,,,,,"blend of 5 margin source(s) (fitted weights): espn_fpi, sagarin_predictor, sagarin_rating, fei, team_rankings; total from fei"
2026-11-21T05:00:00.000Z,12,Virginia Tech,Miami,Hard Rock Stadium,no,64767,,,,,769.12,885.94,-16.5,56.5,17.69760486733412,53.12,home,medium,under,medium,,-0.010519257659585501,"blend of 5 margin source(s) (fitted weights): espn_fpi, sagarin_predictor, sagarin_rating, fei, team_rankings; total from fei"
2026-11-21T05:00:00.000Z,12,Charlotte,Tulsa,Chapman Stadium,no,30000,,,,,576.77,622.84,,,10.316618586061011,49.28,,,,,,,"blend of 4 margin source(s) (fitted weights): sagarin_predictor, sagarin_rating, fei, team_rankings; total from fei"
2026-11-21T05:00:00.000Z,12,Pittsburgh,Louisville,L&N Federal Credit Union Stadium,no,60000,,,,,675.02,739.97,,,3.029172967600713,45.68,,,,,,,"blend of 5 margin source(s) (fitted weights): espn_fpi, sagarin_predictor, sagarin_rating, fei, team_rankings; total from fei"
2026-11-21T05:00:00.000Z,12,NC State,Florida State,Doak Campbell Stadium,no,67277,,,,,757.14,800.2,,,9.066821250030713,57.08,,,,,,,"blend of 5 margin source(s) (fitted weights): espn_fpi, sagarin_predictor, sagarin_rating, fei, team_rankings; total from fei"
2026-11-21T05:00:00.000Z,12,Texas A&M,Oklahoma,"Memorial Stadium (Norman, OK)",no,86112,,,,,933,851.14,-2.5,51.5,1.2498946064077985,46.88,away,medium,under,medium,,-0.032358926322522574,"blend of 5 margin source(s) (fitted weights): espn_fpi, sagarin_predictor, sagarin_rating, fei, team_rankings; total from fei"
2026-11-21T05:00:00.000Z,12,Colorado,Cincinnati,Nippert Stadium,no,40000,,,,,731.62,634.28,,,4.590229451420433,55.519999999999996,,,,,,,"blend of 5 margin source(s) (fitted weights): espn_fpi, sagarin_predictor, sagarin_rating, fei, team_rankings; total from fei"
2026-11-21T05:00:00.000Z,12,Kentucky,Missouri,Memorial Stadium,no,71168,,,,,786.65,808.36,,,6.485360346966358,46.879999999999995,,,,,,,"blend of 5 margin source(s) (fitted weights): espn_fpi, sagarin_predictor, sagarin_rating, fei, team_rankings; total from fei"
2026-11-21T05:00:00.000Z,12,Ohio State,Nebraska,"Memorial Stadium (Lincoln, NE)",no,85458,,,,,964.27,787.45,,,-15.774087982945545,52.04,,,,,,,"blend of 5 margin source(s) (fitted weights): espn_fpi, sagarin_predictor, sagarin_rating, fei, team_rankings; total from fei"
2026-11-21T05:00:00.000Z,12,Rutgers,Penn State,Beaver Stadium,no,106572,,,,,709.04,774.04,,,20.245541066390093,59.12,,,,,,,"blend of 5 margin source(s) (fitted weights): espn_fpi, sagarin_predictor, sagarin_rating, fei, team_rankings; total from fei"
2026-11-21T05:00:00.000Z,12,Arkansas State,Louisiana Tech,Joe Aillet Stadium,no,28019,,,,,606.22,543.02,,,5.766077977077335,49.64,,,,,,,"blend of 5 margin source(s) (fitted weights): espn_fpi, sagarin_predictor, sagarin_rating, fei, team_rankings; total from fei"
2026-11-21T05:00:00.000Z,12,Wake Forest,Georgia Tech,Bobby Dodd Stadium,no,55000,,,,,680.87,751.65,,,2.9308916706882506,52.04,,,,,,,"blend of 5 margin source(s) (fitted weights): espn_fpi, sagarin_predictor, sagarin_rating, fei, team_rankings; total from fei"
2026-11-21T05:00:00.000Z,12,Utah,TCU,Amon G. Carter Stadium,no,46000,,,,,695.72,730.79,,,-4.539243419970456,53.239999999999995,,,,,,,"blend of 5 margin source(s) (fitted weights): espn_fpi, sagarin_predictor, sagarin_rating, fei, team_rankings; total from fei"
2026-11-21T05:00:00.000Z,12,Texas Tech,Baylor,McLane Stadium,no,45140,,,,,767.89,723.28,,,-8.55696203698771,49.28,,,,,,,"blend of 5 margin source(s) (fitted weights): espn_fpi, sagarin_predictor, sagarin_rating, fei, team_rankings; total from fei"
2026-11-21T05:00:00.000Z,12,UL Monroe,App State,Kidd Brewer Stadium,no,30000,,,,,505.49,621.61,,,14.66917885986916,54.44,,,,,,,"blend of 5 margin source(s) (fitted weights): espn_fpi, sagarin_predictor, sagarin_rating, fei, team_rankings; total from fei"
2026-11-21T05:00:00.000Z,12,Houston,West Virginia,Milan Puskar Stadium,no,60000,,,,,695.93,707.6,,,-2.845896234022395,53,,,,,,,"blend of 5 margin source(s) (fitted weights): espn_fpi, sagarin_predictor, sagarin_rating, fei, team_rankings; total from fei"
2026-11-21T05:00:00.000Z,12,Iowa,Illinois,"Memorial Stadium (Champaign, IL)",no,60670,,,,,722.73,704.01,,,-1.2139816232921503,47.120000000000005,,,,,,,"blend of 5 margin source(s) (fitted weights): espn_fpi, sagarin_predictor, sagarin_rating, fei, team_rankings; total from fei"
2026-11-21T05:00:00.000Z,12,Indiana,Washington,Husky Stadium,no,70138,,,,,735.26,777.63,,,-8.207786417024359,53.36,,,,,,,"blend of 5 margin source(s) (fitted weights): espn_fpi, sagarin_predictor, sagarin_rating, fei, team_rankings; total from fei"
2026-11-21T05:00:00.000Z,12,BYU,Kansas,Memorial Stadium,no,47000,,,,,689.42,684.51,,,-5.574054276539419,60.56,,,,,,,"blend of 5 margin source(s) (fitted weights): espn_fpi, sagarin_predictor, sagarin_rating, fei, team_rankings; total from fei"
2026-11-21T05:00:00.000Z,12,Vanderbilt,Florida,Ben Hill Griffin Stadium,no,88548,,,,,727.39,891.07,,,6.508535148000921,57.92,,,,,,,"blend of 5 margin source(s) (fitted weights): espn_fpi, sagarin_predictor, sagarin_rating, fei, team_rankings; total from fei"
2026-11-21T05:00:00.000Z,12,Coastal Carolina,Louisiana,Cajun Field,no,41426,,,,,573.96,590.94,,,5.596299218779754,52.879999999999995,,,,,,,"blend of 5 margin source(s) (fitted weights): espn_fpi, sagarin_predictor, sagarin_rating, fei, team_rankings; total from fei"
2026-11-21T05:00:00.000Z,12,Wisconsin,Purdue,Ross-Ade Stadium,no,57282,,,,,767.68,698.33,,,-3.278298750936865,46.64,,,,,,,"blend of 5 margin source(s) (fitted weights): espn_fpi, sagarin_predictor, sagarin_rating, fei, team_rankings; total from fei"
2026-11-21T05:00:00.000Z,12,Oklahoma State,Arizona State,Mountain America Stadium,no,65870,,,,,672.69,722,,,9.755943784871214,50.12,,,,,,,"blend of 5 margin source(s) (fitted weights): espn_fpi, sagarin_predictor, sagarin_rating, fei, team_rankings; total from fei"
2026-11-21T05:00:00.000Z,12,Georgia Southern,Troy,Veterans Memorial Stadium (AL),no,30000,,,,,634.19,596.19,,,5.417830040381257,53.72,,,,,,,"blend of 3 margin source(s) (fitted weights): sagarin_predictor, sagarin_rating, fei; total from fei"
2026-11-21T05:00:00.000Z,12,South Florida,Florida Atlantic,FAU Stadium,no,29419,,,,,703.81,593.36,,,-7.645337058320993,56,,,,,,,"blend of 5 margin source(s) (fitted weights): espn_fpi, sagarin_predictor, sagarin_rating, fei, team_rankings; total from fei"
2026-11-21T05:00:00.000Z,12,North Texas,Tulane,Yulman Stadium,no,30000,,,,,602.08,665.11,,,6.802025874590634,58.64,,,,,,,"blend of 5 margin source(s) (fitted weights): espn_fpi, sagarin_predictor, sagarin_rating, fei, team_rankings; total from fei"
2026-11-21T05:00:00.000Z,12,Arizona,Kansas State,Bill Snyder Family Stadium,no,50000,,,,,699.59,718.67,,,4.386097676027587,52.28,,,,,,,"blend of 5 margin source(s) (fitted weights): espn_fpi, sagarin_predictor, sagarin_rating, fei, team_rankings; total from fei"
2026-11-21T05:00:00.000Z,12,Northwestern,Minnesota,Huntington Bank Stadium,no,50850,,,,,688.32,728.79,,,3.480517464785404,48.92,,,,,,,"blend of 5 margin source(s) (fitted weights): espn_fpi, sagarin_predictor, sagarin_rating, fei, team_rankings; total from fei"
2026-11-21T05:00:00.000Z,12,Maryland,USC,Los Angeles Memorial Coliseum,no,77500,,,,,719.64,899,,,14.357850969593848,58.760000000000005,,,,,,,"blend of 5 margin source(s) (fitted weights): espn_fpi, sagarin_predictor, sagarin_rating, fei, team_rankings; total from fei"
2026-11-21T05:00:00.000Z,12,Arkansas,Texas,DKR-Texas Memorial Stadium,no,100119,,,,,745.48,985.17,,,22.61411674516727,55.760000000000005,,,,,,,"blend of 5 margin source(s) (fitted weights): espn_fpi, sagarin_predictor, sagarin_rating, fei, team_rankings; total from fei"
2026-11-21T05:00:00.000Z,12,UTSA,UAB,Protective Stadium,no,45000,,,,,655.82,606.18,,,-8.06369977756298,57.92,,,,,,,"blend of 5 margin source(s) (fitted weights): espn_fpi, sagarin_predictor, sagarin_rating, fei, team_rankings; total from fei"
2026-11-21T05:00:00.000Z,12,North Carolina,Virginia,Scott Stadium,no,61500,,,,,767.89,700.18,,,8.328179857788776,49.879999999999995,,,,,,,"blend of 5 margin source(s) (fitted weights): espn_fpi, sagarin_predictor, sagarin_rating, fei, team_rankings; total from fei"
2026-11-21T05:00:00.000Z,12,Georgia,South Carolina,Williams-Brice Stadium,no,80250,,,,,1003.67,862.87,,,-7.393605926020054,49.88,,,,,,,"blend of 5 margin source(s) (fitted weights): espn_fpi, sagarin_predictor, sagarin_rating, fei, team_rankings; total from fei"
2026-11-21T05:00:00.000Z,12,Georgia State,Marshall,Joan C. Edwards Stadium,no,38016,,,,,573.83,594.71,,,5.454302208579104,52.64,,,,,,,"blend of 5 margin source(s) (fitted weights): espn_fpi, sagarin_predictor, sagarin_rating, fei, team_rankings; total from fei"
2026-11-21T05:00:00.000Z,12,UCLA,Michigan,Michigan Stadium,no,107601,,,,,774.45,890.02,,,11.187234066459212,55.52,,,,,,,"blend of 5 margin source(s) (fitted weights): espn_fpi, sagarin_predictor, sagarin_rating, fei, team_rankings; total from fei"
2026-11-21T05:00:00.000Z,12,Stanford,California,California Memorial Stadium,no,62467,,,,,705.81,751.92,,,5.1238236828048205,49.519999999999996,,,,,,,"blend of 5 margin source(s) (fitted weights): espn_fpi, sagarin_predictor, sagarin_rating, fei, team_rankings; total from fei"
2026-11-21T05:00:00.000Z,12,South Alabama,Southern Miss,M. M. Roberts Stadium,no,36000,,,,,573.38,602.63,,,5.7783794271170805,,,,,,,,"blend of 4 margin source(s) (fitted weights): espn_fpi, sagarin_predictor, sagarin_rating, team_rankings"
2026-11-21T05:00:00.000Z,12,Syracuse,Boston College,"Alumni Stadium (Chestnut Hill, MA)",no,44500,,,,,745.61,660,,,-2.211987318079695,51.32,,,,,,,"blend of 5 margin source(s) (fitted weights): espn_fpi, sagarin_predictor, sagarin_rating, fei, team_rankings; total from fei"
2026-11-21T05:00:00.000Z,12,LSU,Tennessee,Neyland Stadium,no,102455,,,,,931.76,885.9,1.5,57.5,-1.5688046019028428,54.08,away,low,under,medium,,-0.01731474688979745,"blend of 5 margin source(s) (fitted weights): espn_fpi, sagarin_predictor, sagarin_rating, fei, team_rankings; total from fei"
2026-11-21T17:00:00.000Z,12,East Carolina,Army,Michie Stadium,no,38000,,,,,623.79,303.83,,,3.415201722338063,51.44,,,,,,,"blend of 5 margin source(s) (fitted weights): espn_fpi, sagarin_predictor, sagarin_rating, fei, team_rankings; total from fei"
2026-11-21T17:00:00.000Z,12,Memphis,Navy,Navy-Marine Corps Memorial Stadium,no,34000,,,,,670.31,195.68,,,1.0426718284535408,55.64,,,,,,,"blend of 5 margin source(s) (fitted weights): espn_fpi, sagarin_predictor, sagarin_rating, fei, team_rankings; total from fei"
2026-11-21T18:00:00.000Z,12,Western Kentucky,Liberty,Williams Stadium (VA),no,25000,,,,,611.52,633.35,,,4.145538568837206,55.52,,,,,,,"blend of 5 margin source(s) (fitted weights): espn_fpi, sagarin_predictor, sagarin_rating, fei, team_rankings; total from fei"
2026-11-21T19:00:00.000Z,12,Missouri State,Jacksonville State,AmFirst Stadium,no,24000,,,,,549.92,602.83,,,6.031415416823821,55.04,,,,,,,"blend of 5 margin source(s) (fitted weights): espn_fpi, sagarin_predictor, sagarin_rating, fei, team_rankings; total from fei"
2026-11-21T19:00:00.000Z,12,Middle Tennessee,Sam Houston,Elliott T. Bowers Stadium,no,14000,,,,,571.5,554.47,,,1.1270392308318864,51.08,,,,,,,"blend of 5 margin source(s) (fitted weights): espn_fpi, sagarin_predictor, sagarin_rating, fei, team_rankings; total from fei"
2026-11-21T20:00:00.000Z,12,Delaware,New Mexico State,Aggie Memorial Stadium,no,28853,,,,,483.48,460.38,,,-1.7128982447430166,53.96,,,,,,,"blend of 5 margin source(s) (fitted weights): espn_fpi, sagarin_predictor, sagarin_rating, fei, team_rankings; total from fei"
2026-11-21T20:00:00.000Z,12,Florida International,Kennesaw State,Fifth Third Stadium,no,11040,,,,,607.56,502.86,,,7.5602179828891956,51.08,,,,,,,"blend of 2 margin source(s) (fitted weights): espn_fpi, fei; total from fei"
2026-11-21T20:30:00.000Z,12,Old Dominion,UConn,Pratt & Whitney Stadium,no,40000,,,,,544.25,652.56,,,-0.83161085281209,51.32,,,,,,,"blend of 5 margin source(s) (fitted weights): espn_fpi, sagarin_predictor, sagarin_rating, fei, team_rankings; total from fei"
2026-11-21T21:00:00.000Z,12,Northern Illinois,North Dakota State,Fargodome,yes,18700,,,,,536.58,515.59,,,14.298677142827088,52.04,,,,,,,"blend of 5 margin source(s) (fitted weights): espn_fpi, sagarin_predictor, sagarin_rating, fei, team_rankings; total from fei"
2026-11-21T23:00:00.000Z,12,Washington State,Texas State,Bobcat Stadium (TX),no,30000,,,,,630.29,624.81,,,-0.9566226899940053,53.84,,,,,,,"blend of 5 margin source(s) (fitted weights): espn_fpi, sagarin_predictor, sagarin_rating, fei, team_rankings; total from fei"
2026-11-22T00:00:00.000Z,12,UNLV,San José State,CEFCU Stadium,no,30456,,,,,696.03,569.25,,,-5.86389439656283,56,,,,,,,"blend of 5 margin source(s) (fitted weights): espn_fpi, sagarin_predictor, sagarin_rating, fei, team_rankings; total from fei"
2026-11-22T00:30:00.000Z,12,SMU,Notre Dame,Notre Dame Stadium,no,80795,,,,,764.5,953.03,-17.5,56.5,16.662782977226914,53.239999999999995,away,low,under,medium,,-0.035795966244985045,"blend of 5 margin source(s) (fitted weights): espn_fpi, sagarin_predictor, sagarin_rating, fei, team_rankings; total from fei"
2026-11-22T00:30:00.000Z,12,Colorado State,Fresno State,Valley Children's Stadium,no,41031,,,,,640.31,609.75,,,5.668797575805928,47.599999999999994,,,,,,,"blend of 5 margin source(s) (fitted weights): espn_fpi, sagarin_predictor, sagarin_rating, fei, team_rankings; total from fei"
2026-11-22T02:00:00.000Z,12,New Mexico,Wyoming,War Memorial Stadium,no,29181,,,,,568.19,528.29,,,-8.498067121795753,46.519999999999996,,,,,,,"blend of 5 margin source(s) (fitted weights): espn_fpi, sagarin_predictor, sagarin_rating, fei, team_rankings; total from fei"
2026-11-22T02:30:00.000Z,12,San Diego State,Boise State,Albertsons Stadium,no,36387,,,,,609.22,641.17,,,8.011320173705066,45.92,,,,,,,"blend of 5 margin source(s) (fitted weights): espn_fpi, sagarin_predictor, sagarin_rating, fei, team_rankings; total from fei"
2026-11-22T03:30:00.000Z,12,Utah State,Oregon State,Reser Stadium,no,43363,,,,,543.98,635.79,,,4.3437651883106785,53.96,,,,,,,"blend of 5 margin source(s) (fitted weights): espn_fpi, sagarin_predictor, sagarin_rating, fei, team_rankings; total from fei"
2026-11-24T05:00:00.000Z,13,Miami (OH),Western Michigan,Waldo Stadium,no,30200,,,,,621.37,572.2,,,9.024075541234126,46.519999999999996,,,,,,,"blend of 5 margin source(s) (fitted weights): espn_fpi, sagarin_predictor, sagarin_rating, fei, team_rankings; total from fei"
2026-11-25T00:00:00.000Z,13,Kent State,Eastern Michigan,Rynearson Stadium,no,30200,,,,,522.83,580.64,,,9.084890901686904,56.84,,,,,,,"blend of 5 margin source(s) (fitted weights): espn_fpi, sagarin_predictor, sagarin_rating, fei, team_rankings; total from fei"
2026-11-27T01:00:00.000Z,13,TCU,Texas Tech,Jones AT&T Stadium,no,60454,,,,,730.79,767.89,-16.5,55.5,14.77723227137135,45.08,away,medium,under,high,,-0.04556980745936756,"blend of 5 margin source(s) (fitted weights): espn_fpi, sagarin_predictor, sagarin_rating, fei, team_rankings; total from fei"
2026-11-27T05:00:00.000Z,13,Florida Atlantic,East Carolina,Dowdy-Ficklen Stadium,no,50000,,,,,593.36,623.79,,,11.655909578156628,53.72,,,,,,,"blend of 5 margin source(s) (fitted weights): espn_fpi, sagarin_predictor, sagarin_rating, fei, team_rankings; total from fei"
2026-11-27T05:00:00.000Z,13,Tulane,South Florida,Raymond James Stadium,no,65828,,,,,665.11,703.81,,,1.657467862562563,53.12,,,,,,,"blend of 5 margin source(s) (fitted weights): espn_fpi, sagarin_predictor, sagarin_rating, fei, team_rankings; total from fei"
2026-11-27T05:00:00.000Z,13,Temple,Memphis,Simmons Bank Liberty Stadium,no,58325,,,,,631.07,670.31,,,11.411048201145693,56.24,,,,,,,"blend of 5 margin source(s) (fitted weights): espn_fpi, sagarin_predictor, sagarin_rating, fei, team_rankings; total from fei"
2026-11-27T17:00:00.000Z,13,Toledo,Ohio,Peden Stadium,no,24000,,,,,556.26,522.84,,,-1.810190632261563,50.72,,,,,,,"blend of 5 margin source(s) (fitted weights): espn_fpi, sagarin_predictor, sagarin_rating, fei, team_rankings; total from fei"
2026-11-27T17:00:00.000Z,13,Nebraska,Iowa,Kinnick Stadium,no,69250,,,,,787.45,722.73,,,4.908884050497696,45.08,,,,,,,"blend of 5 margin source(s) (fitted weights): espn_fpi, sagarin_predictor, sagarin_rating, fei, team_rankings; total from fei"
2026-11-27T17:00:00.000Z,13,Mississippi State,Ole Miss,Vaught-Hemingway Stadium,no,64038,,,,,804.53,885.72,-14.5,57.5,10.729546911149484,58.28,away,high,over,low,away,-0.07357370781831918,"blend of 5 margin source(s) (fitted weights): espn_fpi, sagarin_predictor, sagarin_rating, fei, team_rankings; total from fei"
2026-11-27T17:00:00.000Z,13,Buffalo,Akron,InfoCision Stadium,no,30000,,,,,549.31,546.84,,,-0.6285737953894786,45.44,,,,,,,"blend of 5 margin source(s) (fitted weights): espn_fpi, sagarin_predictor, sagarin_rating, fei, team_rankings; total from fei"
2026-11-27T20:00:00.000Z,13,App State,South Alabama,Hancock Whitney Stadium,no,25450,,,,,621.61,573.38,,,0.7250640986449887,57.68,,,,,,,"blend of 5 margin source(s) (fitted weights): espn_fpi, sagarin_predictor, sagarin_rating, fei, team_rankings; total from fei"
2026-11-27T20:30:00.000Z,13,Florida,Florida State,Doak Campbell Stadium,no,67277,,,,,891.07,800.2,4.5,52.5,-2.736176170432834,55.16,home,medium,over,medium,home,0.07683673397254426,"blend of 5 margin source(s) (fitted weights): espn_fpi, sagarin_predictor, sagarin_rating, fei, team_rankings; total from fei"
2026-11-27T20:30:00.000Z,13,North Dakota State,San José State,CEFCU Stadium,no,30456,,,,,515.59,569.25,,,-3.2835559408783026,54.2,,,,,,,"blend of 5 margin source(s) (fitted weights): espn_fpi, sagarin_predictor, sagarin_rating, fei, team_rankings; total from fei"
2026-11-28T00:30:00.000Z,13,Minnesota,Wisconsin,Camp Randall Stadium,no,80321,,,,,728.79,767.68,,,3.7618520815457206,45.56,,,,,,,"blend of 5 margin source(s) (fitted weights): espn_fpi, sagarin_predictor, sagarin_rating, fei, team_rankings; total from fei"
2026-11-28T00:30:00.000Z,13,Texas,Texas A&M,Kyle Field,no,102733,,,,,985.17,933,2.5,53.5,-2.841680311609242,49.4,away,low,under,medium,,-0.006991338521051826,"blend of 5 margin source(s) (fitted weights): espn_fpi, sagarin_predictor, sagarin_rating, fei, team_rankings; total from fei"
2026-11-28T02:00:00.000Z,13,West Virginia,Utah,Rice-Eccles Stadium,no,51444,,,,,707.6,695.72,,,13.707379173955367,53.599999999999994,,,,,,,"blend of 5 margin source(s) (fitted weights): espn_fpi, sagarin_predictor, sagarin_rating, fei, team_rankings; total from fei"
2026-11-28T05:00:00.000Z,13,Penn State,Maryland,SECU Stadium,no,51802,,,,,774.04,719.64,,,-9.502374854791071,49.879999999999995,,,,,,,"blend of 5 margin source(s) (fitted weights): espn_fpi, sagarin_predictor, sagarin_rating, fei, team_rankings; total from fei"
2026-11-28T05:00:00.000Z,13,Michigan State,Rutgers,SHI Stadium,no,52454,,,,,685.02,709.04,,,-1.3096096510071498,59.12,,,,,,,"blend of 5 margin source(s) (fitted weights): espn_fpi, sagarin_predictor, sagarin_rating, fei, team_rankings; total from fei"
2026-11-28T05:00:00.000Z,13,Marshall,UL Monroe,Malone Stadium,no,27617,,,,,594.71,505.49,,,-6.942932822995266,49.879999999999995,,,,,,,"blend of 5 margin source(s) (fitted weights): espn_fpi, sagarin_predictor, sagarin_rating, fei, team_rankings; total from fei"
2026-11-28T05:00:00.000Z,13,Pittsburgh,California,California Memorial Stadium,no,62467,,,,,675.02,751.92,,,-7.212250542938917,47.36,,,,,,,"blend of 5 margin source(s) (fitted weights): espn_fpi, sagarin_predictor, sagarin_rating, fei, team_rankings; total from fei"
2026-11-28T05:00:00.000Z,13,Georgia Tech,Georgia,Sanford Stadium,no,92746,,,,,751.65,1003.67,,,20.965005383522662,57.32,,,,,,,"blend of 5 margin source(s) (fitted weights): espn_fpi, sagarin_predictor, sagarin_rating, fei, team_rankings; total from fei"
2026-11-28T05:00:00.000Z,13,SMU,Stanford,Stanford Stadium,no,50424,,,,,764.5,705.81,,,-10.687900280421662,51.56,,,,,,,"blend of 5 margin source(s) (fitted weights): espn_fpi, sagarin_predictor, sagarin_rating, fei, team_rankings; total from fei"
2026-11-28T05:00:00.000Z,13,Army,Rice,Rice Stadium,no,47000,,,,,303.83,589.89,,,-7.5243534197217175,50.120000000000005,,,,,,,"blend of 5 margin source(s) (fitted weights): espn_fpi, sagarin_predictor, sagarin_rating, fei, team_rankings; total from fei"
2026-11-28T05:00:00.000Z,13,Duke,Wake Forest,Allegacy Federal Credit Union Stadium,no,31500,,,,,668.47,680.87,,,2.4188340497588214,53.480000000000004,,,,,,,"blend of 5 margin source(s) (fitted weights): espn_fpi, sagarin_predictor, sagarin_rating, fei, team_rankings; total from fei"
2026-11-28T05:00:00.000Z,13,NC State,North Carolina,Kenan Stadium,no,50500,,,,,757.14,767.89,1.5,55.5,5.96106363484764,52.400000000000006,home,high,under,medium,home,0.16262850310139232,"blend of 5 margin source(s) (fitted weights): espn_fpi, sagarin_predictor, sagarin_rating, fei, team_rankings; total from fei"
2026-11-28T05:00:00.000Z,13,Coastal Carolina,James Madison,Bridgeforth Stadium,no,24877,,,,,573.96,588.31,,,11.930138148806886,50.96,,,,,,,"blend of 5 margin source(s) (fitted weights): espn_fpi, sagarin_predictor, sagarin_rating, fei, team_rankings; total from fei"
2026-11-28T05:00:00.000Z,13,South Carolina,Clemson,"Memorial Stadium (Clemson, SC)",no,81500,,,,,862.87,862.85,-3,53.5,-2.191257723642261,44.959999999999994,away,high,under,high,away,-0.14783605027417346,"blend of 5 margin source(s) (fitted weights): espn_fpi, sagarin_predictor, sagarin_rating, fei, team_rankings; total from fei"
2026-11-28T05:00:00.000Z,13,Cincinnati,BYU,LaVell Edwards Stadium,no,63470,,,,,634.28,689.42,,,10.435151283546851,58.04,,,,,,,"blend of 5 margin source(s) (fitted weights): espn_fpi, sagarin_predictor, sagarin_rating, fei, team_rankings; total from fei"
2026-11-28T05:00:00.000Z,13,UTEP,Northern Illinois,Huskie Stadium,no,23595,,,,,585.76,536.58,,,4.220263514084882,48.08,,,,,,,"blend of 5 margin source(s) (fitted weights): espn_fpi, sagarin_predictor, sagarin_rating, fei, team_rankings; total from fei"
2026-11-28T05:00:00.000Z,13,Auburn,Alabama,Bryant-Denny Stadium,no,101821,,,,,828.19,973.53,-10,52.5,11.934285372278282,49.519999999999996,home,medium,under,medium,,-0.004699164627350649,"blend of 5 margin source(s) (fitted weights): espn_fpi, sagarin_predictor, sagarin_rating, fei, team_rankings; total from fei"
2026-11-28T05:00:00.000Z,13,Virginia,Virginia Tech,Lane Stadium,no,65632,,,,,700.18,769.12,-1.5,53.5,-0.8063750432343839,51.68,away,medium,under,low,away,-0.052565160163235425,"blend of 5 margin source(s) (fitted weights): espn_fpi, sagarin_predictor, sagarin_rating, fei, team_rankings; total from fei"
2026-11-28T05:00:00.000Z,13,Kansas State,Iowa State,Jack Trice Stadium,no,61500,,,,,718.67,669.55,,,-4.528660789941504,51.44,,,,,,,"blend of 5 margin source(s) (fitted weights): espn_fpi, sagarin_predictor, sagarin_rating, fei, team_rankings; total from fei"
2026-11-28T05:00:00.000Z,13,Kansas,Oklahoma State,Boone Pickens Stadium,no,55509,,,,,684.51,672.69,,,-1.995529512619291,57.44,,,,,,,"blend of 5 margin source(s) (fitted weights): espn_fpi, sagarin_predictor, sagarin_rating, fei, team_rankings; total from fei"
2026-11-28T05:00:00.000Z,13,Washington,Oregon,Autzen Stadium,no,54000,,,,,777.63,984.33,-15.5,54.5,13.826629822491185,56.96,away,medium,over,medium,,-0.03374876077300215,"blend of 5 margin source(s) (fitted weights): espn_fpi, sagarin_predictor, sagarin_rating, fei, team_rankings; total from fei"
2026-11-28T05:00:00.000Z,13,USC,UCLA,Rose Bowl,no,88565,,,,,899,774.45,10.5,55.5,-7.453507088099019,63.31999999999999,home,high,over,high,home,0.11202517161996337,"blend of 5 margin source(s) (fitted weights): espn_fpi, sagarin_predictor, sagarin_rating, fei, team_rankings; total from fei"
2026-11-28T05:00:00.000Z,13,Southern Miss,Old Dominion,S.B. Ballard Stadium,no,20118,,,,,602.63,544.25,,,3.6498393353459337,,,,,,,,"blend of 4 margin source(s) (fitted weights): espn_fpi, sagarin_predictor, sagarin_rating, team_rankings"
2026-11-28T05:00:00.000Z,13,Boston College,Miami,Hard Rock Stadium,no,64767,,,,,660,885.94,,,27.212610669380222,53.36,,,,,,,"blend of 5 margin source(s) (fitted weights): espn_fpi, sagarin_predictor, sagarin_rating, fei, team_rankings; total from fei"
2026-11-28T05:00:00.000Z,13,Arizona State,Arizona,Arizona Stadium,no,50782,,,,,722,699.59,-4.5,52.5,2.7930954994757453,51.44,away,medium,under,low,away,-0.08818459368277809,"blend of 5 margin source(s) (fitted weights): espn_fpi, sagarin_predictor, sagarin_rating, fei, team_rankings; total from fei"
2026-11-28T05:00:00.000Z,13,Louisiana,Georgia State,Center Parc Stadium,no,25000,,,,,590.94,573.83,,,-2.564256415266202,54.92,,,,,,,"blend of 5 margin source(s) (fitted weights): espn_fpi, sagarin_predictor, sagarin_rating, fei, team_rankings; total from fei"
2026-11-28T05:00:00.000Z,13,Navy,Charlotte,Jerry Richardson Stadium,no,15300,,,,,195.68,576.77,,,-12.741450773103438,52.88,,,,,,,"blend of 4 margin source(s) (fitted weights): sagarin_predictor, sagarin_rating, fei, team_rankings; total from fei"
2026-11-28T05:00:00.000Z,13,UAB,North Texas,DATCU Stadium,no,30850,,,,,606.18,602.08,,,11.010590826801682,62.480000000000004,,,,,,,"blend of 5 margin source(s) (fitted weights): espn_fpi, sagarin_predictor, sagarin_rating, fei, team_rankings; total from fei"
2026-11-28T05:00:00.000Z,13,Purdue,Indiana,"Memorial Stadium (Bloomington, IN)",no,52656,,,,,698.33,735.26,,,25.18625509432117,52.040000000000006,,,,,,,"blend of 5 margin source(s) (fitted weights): espn_fpi, sagarin_predictor, sagarin_rating, fei, team_rankings; total from fei"
2026-11-28T05:00:00.000Z,13,UCF,Colorado,Folsom Field,no,50183,,,,,672.14,731.62,,,1.730804381175565,49.160000000000004,,,,,,,"blend of 3 margin source(s) (fitted weights): espn_fpi, fei, team_rankings; total from fei"
2026-11-28T05:00:00.000Z,13,Oklahoma,Missouri,Memorial Stadium,no,71168,,,,,851.14,808.36,,,-4.13273833281846,46.04,,,,,,,"blend of 5 margin source(s) (fitted weights): espn_fpi, sagarin_predictor, sagarin_rating, fei, team_rankings; total from fei"
2026-11-28T05:00:00.000Z,13,Baylor,Houston,TDECU Stadium,no,40000,,,,,723.28,695.93,,,3.023567549394835,56.84,,,,,,,"blend of 5 margin source(s) (fitted weights): espn_fpi, sagarin_predictor, sagarin_rating, fei, team_rankings; total from fei"
2026-11-28T05:00:00.000Z,13,Illinois,Northwestern,Ryan Field,no,35000,,,,,704.01,688.32,3.5,52.5,-1.267156633821297,52.160000000000004,home,medium,under,low,home,0.07767401753358133,"blend of 5 margin source(s) (fitted weights): espn_fpi, sagarin_predictor, sagarin_rating, fei, team_rankings; total from fei"
2026-11-28T05:00:00.000Z,13,Tennessee,Vanderbilt,FirstBank Stadium,no,40351,,,,,885.9,727.39,3,57.5,-3.4857351423304994,62.96,away,low,over,medium,,0.007139493749968251,"blend of 5 margin source(s) (fitted weights): espn_fpi, sagarin_predictor, sagarin_rating, fei, team_rankings; total from fei"
2026-11-28T05:00:00.000Z,13,UConn,Wyoming,War Memorial Stadium,no,29181,,,,,652.56,528.29,,,-2.8044466231475496,50.120000000000005,,,,,,,"blend of 5 margin source(s) (fitted weights): espn_fpi, sagarin_predictor, sagarin_rating, fei, team_rankings; total from fei"
2026-11-28T05:00:00.000Z,13,Louisville,Kentucky,Kroger Field,no,61000,,,,,739.97,786.65,,,-0.7975141343149712,45.92,,,,,,,"blend of 5 margin source(s) (fitted weights): espn_fpi, sagarin_predictor, sagarin_rating, fei, team_rankings; total from fei"
2026-11-28T05:00:00.000Z,13,LSU,Arkansas,Razorback Stadium,no,80000,,,,,931.76,745.48,,,-12.259189981422765,55.879999999999995,,,,,,,"blend of 5 margin source(s) (fitted weights): espn_fpi, sagarin_predictor, sagarin_rating, fei, team_rankings; total from fei"
2026-11-28T05:00:00.000Z,13,Louisiana Tech,Georgia Southern,Allen E. Paulson Stadium,no,25000,,,,,543.02,634.19,,,1.1624476790030116,56.959999999999994,,,,,,,"blend of 4 margin source(s) (fitted weights): espn_fpi, sagarin_predictor, sagarin_rating, fei; total from fei"
2026-11-28T05:00:00.000Z,13,Tulsa,UTSA,Alamodome,yes,36582,,,,,622.84,655.82,,,6.134981812655211,53,,,,,,,"blend of 5 margin source(s) (fitted weights): espn_fpi, sagarin_predictor, sagarin_rating, fei, team_rankings; total from fei"
2026-11-28T05:00:00.000Z,13,Notre Dame,Syracuse,JMA Wireless Dome,yes,49057,,,,,953.03,745.61,,,-20.285837063218015,49.64,,,,,,,"blend of 5 margin source(s) (fitted weights): espn_fpi, sagarin_predictor, sagarin_rating, fei, team_rankings; total from fei"
2026-11-28T17:00:00.000Z,13,Michigan,Ohio State,Ohio Stadium,no,102780,,,,,890.02,964.27,-13.5,46.5,16.282926737128673,53.24,home,medium,over,high,,0.028326766966788042,"blend of 5 margin source(s) (fitted weights): espn_fpi, sagarin_predictor, sagarin_rating, fei, team_rankings; total from fei"
2026-11-28T17:00:00.000Z,13,Massachusetts,Bowling Green,Doyt L. Perry Stadium,no,24000,,,,,525.94,568.33,,,6.094874011520128,48.92,,,,,,,"blend of 5 margin source(s) (fitted weights): espn_fpi, sagarin_predictor, sagarin_rating, fei, team_rankings; total from fei"
2026-11-28T17:00:00.000Z,13,Central Michigan,Ball State,Scheumann Stadium,no,22500,,,,,540.01,563.88,,,-1.42894401289356,48.08,,,,,,,"blend of 5 margin source(s) (fitted weights): espn_fpi, sagarin_predictor, sagarin_rating, fei, team_rankings; total from fei"
2026-11-28T18:00:00.000Z,13,Kennesaw State,Western Kentucky,Houchens Industries-L.T. Smith Stadium,no,22113,,,,,502.86,611.52,,,1.3536011203071028,53.6,,,,,,,"blend of 5 margin source(s) (fitted weights): espn_fpi, sagarin_predictor, sagarin_rating, fei, team_rankings; total from fei"
2026-11-28T19:00:00.000Z,13,Liberty,Missouri State,Plaster Sports Complex,no,17337,,,,,633.35,549.92,,,-4.006906314660462,59.599999999999994,,,,,,,"blend of 5 margin source(s) (fitted weights): espn_fpi, sagarin_predictor, sagarin_rating, fei, team_rankings; total from fei"
2026-11-28T19:00:00.000Z,13,Sam Houston,Florida International,Pitbull Stadium,no,20000,,,,,554.47,607.56,,,6.225639773523292,47.959999999999994,,,,,,,"blend of 2 margin source(s) (fitted weights): espn_fpi, fei; total from fei"
2026-11-28T19:00:00.000Z,13,New Mexico State,Middle Tennessee,"Johnny ""Red"" Floyd Stadium",no,30788,,,,,460.38,571.5,,,-0.09593577247800228,52.879999999999995,,,,,,,"blend of 5 margin source(s) (fitted weights): espn_fpi, sagarin_predictor, sagarin_rating, fei, team_rankings; total from fei"
2026-11-28T20:00:00.000Z,13,Troy,Arkansas State,Centennial Bank Stadium,no,30382,,,,,596.19,606.22,,,-0.6413931331091716,46.400000000000006,,,,,,,"blend of 4 margin source(s) (fitted weights): sagarin_predictor, sagarin_rating, fei, team_rankings; total from fei"
2026-11-28T20:30:00.000Z,13,Jacksonville State,Delaware,Delaware Stadium,no,22000,,,,,602.83,483.48,,,5.04558550319436,52.64,,,,,,,"blend of 5 margin source(s) (fitted weights): espn_fpi, sagarin_predictor, sagarin_rating, fei, team_rankings; total from fei"
2026-11-28T21:30:00.000Z,13,Air Force,New Mexico,University Stadium (NM),no,39224,,,,,272.35,568.19,,,5.846656195366276,59.120000000000005,,,,,,,"blend of 5 margin source(s) (fitted weights): espn_fpi, sagarin_predictor, sagarin_rating, fei, team_rankings; total from fei"
2026-11-29T02:00:00.000Z,13,Nevada,UNLV,Allegiant Stadium,yes,65000,,,,,549.99,696.03,,,9.242627535845003,52.28,,,,,,,"blend of 5 margin source(s) (fitted weights): espn_fpi, sagarin_predictor, sagarin_rating, fei, team_rankings; total from fei"
2026-11-29T04:00:00.000Z,13,Sacramento State,Hawai'i,Clarence T.C. Ching Athletics Complex,no,15194,,,,,561.42,556.82,,,13.052547356612553,53.239999999999995,,,,,,,"blend of 5 margin source(s) (fitted weights): espn_fpi, sagarin_predictor, sagarin_rating, fei, team_rankings; total from fei"
2026-12-12T20:00:00.000Z,15,Navy,Army,MetLife Stadium,no,82500,,,,,195.68,303.83,2.5,37.5,1.542084011603284,54.56,home,high,over,high,home,0.10188283441299911,"blend of 5 margin source(s) (fitted weights): espn_fpi, sagarin_predictor, sagarin_rating, fei, team_rankings; total from fei"
