kickoff_utc,week,away_team,home_team,venue,dome,capacity,wind_mph,wind_dir,temp_f,precip_pct,away_talent,home_talent,market_spread_home,market_total,model_margin_adjusted,model_total,ats_pick,ats_confidence,total_pick,total_confidence,ml_pick,ml_edge,adjustment_notes
2026-08-29T16:00:00.000Z,1,North Carolina,TCU,Aviva Stadium,no,51700,,,,,,,-7.5,48.5,6.634461213885408,55.160000000000004,away,low,over,high,,-0.013401456471857864,"blend of 3 margin source(s) (fitted weights): espn_fpi, fei, team_rankings; total from fei"
2026-08-29T19:00:00.000Z,1,San José State,USC,Los Angeles Memorial Coliseum,no,77500,,,,,,,-38.5,59.5,27.23109983322449,60.08,away,high,over,low,,-0.017329604830901513,"blend of 3 margin source(s) (fitted weights): espn_fpi, fei, team_rankings; total from fei"
2026-08-29T19:30:00.000Z,1,NC State,Virginia,Scott Stadium,no,61500,,,,,,,-5.5,54.5,4.364617049408212,51.08,away,medium,under,medium,,0.036376088208837976,"blend of 3 margin source(s) (fitted weights): espn_fpi, fei, team_rankings; total from fei"
2026-08-29T21:30:00.000Z,1,Jacksonville State,North Dakota State,Fargodome,yes,18700,,,,,,,-7.5,48.5,0.11007953731077702,53.72,away,high,over,medium,away,-0.23417789997127747,"blend of 3 margin source(s) (fitted weights): espn_fpi, fei, team_rankings; total from fei"
2026-08-29T22:30:00.000Z,1,Sacramento State,Eastern Michigan,Rynearson Stadium,no,30200,,,,,,,-8.5,53.5,0.1547302135365665,57.56,away,high,over,medium,away,-0.2330646174927652,"blend of 3 margin source(s) (fitted weights): espn_fpi, fei, team_rankings; total from fei"
2026-08-29T23:00:00.000Z,1,Hawai'i,Stanford,Stanford Stadium,no,50424,,,,,,,-4.5,50.5,2.9389607584932085,50.480000000000004,away,medium,under,low,,-0.03383093731311937,"blend of 3 margin source(s) (fitted weights): espn_fpi, fei, team_rankings; total from fei"
2026-08-29T23:00:00.000Z,1,New Mexico State,Florida State,Doak Campbell Stadium,no,67277,,,,,,,-31.5,52.5,24.112306710658448,53.480000000000004,away,high,over,low,,-0.032537345060187794,"blend of 3 margin source(s) (fitted weights): espn_fpi, fei, team_rankings; total from fei"
2026-08-30T02:00:00.000Z,1,Memphis,UNLV,Allegiant Stadium,yes,65000,,,,,,,-6,57.5,3.688666577697535,56.6,away,medium,under,low,,-0.015536147792317934,"blend of 3 margin source(s) (fitted weights): espn_fpi, fei, team_rankings; total from fei"
2026-09-03T22:00:00.000Z,1,Massachusetts,Rutgers,SHI Stadium,no,52454,,,,,,,-30.5,,20.868971002787994,60.56,away,high,,,,,"blend of 3 margin source(s) (fitted weights): espn_fpi, fei, team_rankings; total from fei"
2026-09-03T23:00:00.000Z,1,Akron,Wake Forest,Allegacy Federal Credit Union Stadium,no,31500,,,,,,,-22.5,49.5,20.066519111211754,47.24,away,medium,under,medium,,-0.02594509233718323,"blend of 3 margin source(s) (fitted weights): espn_fpi, fei, team_rankings; total from fei"
2026-09-04T00:00:00.000Z,1,Colorado,Georgia Tech,Bobby Dodd Stadium,no,55000,,,,,,,-7,50.5,3.5764210879420246,54.68,away,high,over,medium,away,-0.12813275962898207,"blend of 3 margin source(s) (fitted weights): espn_fpi, fei, team_rankings; total from fei"
2026-09-04T01:00:00.000Z,1,UAB,Illinois,"Memorial Stadium (Champaign, IL)",no,60670,,,,,,,-27.5,56.5,21.1416711340559,58.04,away,high,over,low,,-0.047693738216580295,"blend of 3 margin source(s) (fitted weights): espn_fpi, fei, team_rankings; total from fei"
2026-09-04T22:30:00.000Z,1,San José State,Eastern Michigan,Rynearson Stadium,no,30200,,,,,,,-4.5,53.5,-0.16523727297212343,55.519999999999996,away,high,over,medium,away,-0.09531492745648157,"blend of 3 margin source(s) (fitted weights): espn_fpi, fei, team_rankings; total from fei"
2026-09-05T00:00:00.000Z,1,UTEP,Oklahoma,"Memorial Stadium (Norman, OK)",no,86112,,,,,,,-41.5,50.5,30.905732171872895,44.599999999999994,away,high,under,medium,,,"blend of 3 margin source(s) (fitted weights): espn_fpi, fei, team_rankings; total from fei"
2026-09-05T00:00:00.000Z,1,Toledo,Michigan State,Spartan Stadium,no,75005,,,,,,,-11.5,49.5,4.333362472175125,50.36,away,high,over,low,away,-0.15829007177495658,"blend of 3 margin source(s) (fitted weights): espn_fpi, fei, team_rankings; total from fei"
2026-09-05T01:00:00.000Z,1,Miami,Stanford,Stanford Stadium,no,50424,,,,,,,23.5,49.5,-18.140847305353628,49.28,home,high,under,low,away,-0.3811154818011725,"blend of 3 margin source(s) (fitted weights): espn_fpi, fei, team_rankings; total from fei"
2026-09-05T01:00:00.000Z,1,Fresno State,USC,Los Angeles Memorial Coliseum,no,77500,,,,,,,-22.5,51.5,18.75499309289989,55.16,away,high,over,medium,home,0.3862313859031512,"blend of 3 margin source(s) (fitted weights): espn_fpi, fei, team_rankings; total from fei"
2026-09-05T16:00:00.000Z,1,North Texas,Indiana,"Memorial Stadium (Bloomington, IN)",no,52656,,,,,,,-41.5,55.5,24.989518661628807,58.64,away,high,over,medium,,,"blend of 3 margin source(s) (fitted weights): espn_fpi, fei, team_rankings; total from fei"
2026-09-05T16:00:00.000Z,1,Liberty,James Madison,Bridgeforth Stadium,no,24877,,,,,,,-6,51.5,9.47542357246785,53.96,home,high,over,medium,home,0.03425749944315104,"blend of 3 margin source(s) (fitted weights): espn_fpi, fei, team_rankings; total from fei"
2026-09-05T16:00:00.000Z,1,Ohio,Nebraska,"Memorial Stadium (Lincoln, NE)",no,85458,,,,,,,-23.5,47.5,14.558624080211814,53.36,away,high,over,medium,away,-0.10835012718439296,"blend of 3 margin source(s) (fitted weights): espn_fpi, fei, team_rankings; total from fei"
2026-09-05T16:00:00.000Z,1,East Carolina,Alabama,Bryant-Denny Stadium,no,101821,,,,,,,-28.5,54.5,19.819193205428757,52.040000000000006,away,high,under,medium,away,-0.05164850052509817,"blend of 3 margin source(s) (fitted weights): espn_fpi, fei, team_rankings; total from fei"
2026-09-05T16:00:00.000Z,1,Coastal Carolina,West Virginia,Milan Puskar Stadium,no,60000,,,,,,,-21.5,58.5,12.13887318409359,51.68,away,high,under,high,home,0.2898127644350287,"blend of 3 margin source(s) (fitted weights): espn_fpi, fei, team_rankings; total from fei"
2026-09-05T16:00:00.000Z,1,Oregon State,Houston,TDECU Stadium,no,40000,,,,,,,-20.5,50.5,13.865685176402913,53.239999999999995,away,high,over,medium,away,-0.07761518919170152,"blend of 3 margin source(s) (fitted weights): espn_fpi, fei, team_rankings; total from fei"
2026-09-05T16:00:00.000Z,1,Miami (OH),Pittsburgh,Acrisure Stadium,no,68400,,,,,,,-16.5,50.5,14.221914316241321,45.56,away,medium,under,medium,,-0.03449416431268271,"blend of 3 margin source(s) (fitted weights): espn_fpi, fei, team_rankings; total from fei"
2026-09-05T16:30:00.000Z,1,Ball State,Ohio State,Ohio Stadium,no,102780,,,,,,,-50.5,56.5,41.89758610143309,49.4,away,high,under,high,,,"blend of 3 margin source(s) (fitted weights): espn_fpi, fei, team_rankings; total from fei"
2026-09-05T16:45:00.000Z,1,Kent State,South Carolina,Williams-Brice Stadium,no,80250,,,,,,,-36.5,53.5,26.86962336062873,51.44,away,high,under,medium,home,0.45345824011153546,"blend of 3 margin source(s) (fitted weights): espn_fpi, fei, team_rankings; total from fei"
2026-09-05T19:30:00.000Z,1,Marshall,Penn State,Beaver Stadium,no,106572,,,,,,,-24.5,54.5,21.137889385031098,50.96,away,high,under,medium,,-0.014161295466648682,"blend of 3 margin source(s) (fitted weights): espn_fpi, fei, team_rankings; total from fei"
2026-09-05T19:30:00.000Z,1,Tulane,Duke,Wallace Wade Stadium,no,40004,,,,,,,-10,52.5,3.318900350456894,56.599999999999994,away,high,over,medium,away,-0.20615772924835418,"blend of 3 margin source(s) (fitted weights): espn_fpi, fei, team_rankings; total from fei"
2026-09-05T19:30:00.000Z,1,Baylor,Auburn,Mercedes-Benz Stadium,yes,75000,,,,,,,-6.5,59.5,7.41953534780849,51.92,home,low,under,high,,-0.03096742601293756,"blend of 3 margin source(s) (fitted weights): espn_fpi, fei, team_rankings; total from fei"
2026-09-05T19:30:00.000Z,1,Boise State,Oregon,Autzen Stadium,no,54000,,,,,,,-24.5,53.5,20.87454597282869,54.44,away,high,over,low,,-0.03992458513968966,"blend of 3 margin source(s) (fitted weights): espn_fpi, fei, team_rankings; total from fei"
2026-09-05T19:30:00.000Z,1,Texas State,Texas,DKR-Texas Memorial Stadium,no,100119,,,,,,,-30.5,60.5,26.277793076999433,54.8,away,high,under,medium,home,0.4519802102330323,"blend of 3 margin source(s) (fitted weights): espn_fpi, fei, team_rankings; total from fei"
2026-09-05T19:30:00.000Z,1,Boston College,Cincinnati,Nippert Stadium,no,40000,,,,,,,-7.5,54.5,8.95976852973979,58.04,home,medium,over,medium,,0.01209330435673961,"blend of 3 margin source(s) (fitted weights): espn_fpi, fei, team_rankings; total from fei"
2026-09-05T19:45:00.000Z,1,Oklahoma State,Tulsa,Chapman Stadium,no,30000,,,,,,,13.5,61.5,-6.758067121825617,49.28,home,high,under,high,home,0.14205428939842196,"blend of 3 margin source(s) (fitted weights): espn_fpi, fei, team_rankings; total from fei"
2026-09-05T20:15:00.000Z,1,Northern Illinois,Iowa,Kinnick Stadium,no,69250,,,,,,,-30.5,45.5,23.705833598648653,43.76,away,high,under,low,,-0.032148769862044624,"blend of 3 margin source(s) (fitted weights): espn_fpi, fei, team_rankings; total from fei"
2026-09-05T22:00:00.000Z,1,Wyoming,Colorado State,Canvas Stadium,no,36500,,,,,,,-4,47.5,2.2394000545716626,47.599999999999994,away,medium,over,low,away,-0.06545438982622753,"blend of 3 margin source(s) (fitted weights): espn_fpi, fei, team_rankings; total from fei"
2026-09-05T23:00:00.000Z,1,Sam Houston,Troy,Veterans Memorial Stadium (AL),no,30000,,,,,,,-15.5,51.5,10.423728030853393,45.44,away,high,under,high,away,-0.14190339298956645,"blend of 2 margin source(s) (fitted weights): fei, team_rankings; total from fei"
2026-09-05T23:00:00.000Z,1,Florida International,South Florida,Raymond James Stadium,no,65828,,,,,,,-12.5,54.5,13.850121032966364,51.2,home,medium,under,medium,,0.02337246190673037,"blend of 2 margin source(s) (fitted weights): espn_fpi, fei; total from fei"
2026-09-05T23:00:00.000Z,1,Arkansas State,Memphis,Simmons Bank Liberty Stadium,no,58325,,,,,,,-9.5,55.5,10.403554258743185,52.76,home,low,under,medium,,-0.03573483449513226,"blend of 3 margin source(s) (fitted weights): espn_fpi, fei, team_rankings; total from fei"
2026-09-05T23:00:00.000Z,1,Missouri State,Texas A&M,Kyle Field,no,102733,,,,,,,-39.5,52.5,27.668434355713167,55.64,away,high,over,medium,,,"blend of 3 margin source(s) (fitted weights): espn_fpi, fei, team_rankings; total from fei"
2026-09-05T23:30:00.000Z,1,Western Michigan,Michigan,Michigan Stadium,no,107601,,,,,,,-26.5,47.5,19.4732747101582,50.84,away,high,over,medium,away,-0.07008042360832845,"blend of 3 margin source(s) (fitted weights): espn_fpi, fei, team_rankings; total from fei"
2026-09-05T23:30:00.000Z,1,Clemson,LSU,Tiger Stadium (LA),no,102321,,,,,,,-9.5,50.5,6.928702212526636,47.239999999999995,away,medium,under,medium,away,-0.12081264490633448,"blend of 3 margin source(s) (fitted weights): espn_fpi, fei, team_rankings; total from fei"
2026-09-05T23:30:00.000Z,1,UL Monroe,Mississippi State,Davis Wade Stadium,no,61337,,,,,,,-28.5,55.5,21.740642126885586,52.64,away,high,under,medium,,-0.04160868029319831,"blend of 3 margin source(s) (fitted weights): espn_fpi, fei, team_rankings; total from fei"
2026-09-05T23:45:00.000Z,1,Florida Atlantic,Florida,Ben Hill Griffin Stadium,no,88548,,,,,,,-26.5,58.5,21.399196535428963,53.36,away,high,under,medium,,-0.022983286509051903,"blend of 3 margin source(s) (fitted weights): espn_fpi, fei, team_rankings; total from fei"
2026-09-06T02:00:00.000Z,1,Central Michigan,New Mexico,University Stadium (NM),no,39224,,,,,,,-12.5,,9.13386288538955,49.760000000000005,away,high,,,,,"blend of 3 margin source(s) (fitted weights): espn_fpi, fei, team_rankings; total from fei"
2026-09-06T02:00:00.000Z,1,UNLV,Hawai'i,Clarence T.C. Ching Athletics Complex,no,15194,,,,,,,2.5,58.5,-1.3104666394463935,55.76,home,medium,under,medium,,-0.00017107252513770543,"blend of 3 margin source(s) (fitted weights): espn_fpi, fei, team_rankings; total from fei"
2026-09-06T02:30:00.000Z,1,Western Kentucky,Nevada,Mackay Stadium,no,27000,,,,,,,2.5,52.5,-3.9845900188656342,49.879999999999995,away,medium,under,medium,,-0.03629002143619575,"blend of 3 margin source(s) (fitted weights): espn_fpi, fei, team_rankings; total from fei"
2026-09-06T02:30:00.000Z,1,UCLA,California,California Memorial Stadium,no,62467,,,,,,,1.5,54.5,2.3329404312440034,53,home,high,under,low,home,0.047129611281832906,"blend of 3 margin source(s) (fitted weights): espn_fpi, fei, team_rankings; total from fei"
2026-09-06T20:00:00.000Z,1,Washington State,Washington,Husky Stadium,no,70138,,,,,,,-22.5,50.5,13.457330844089729,50.84,away,high,over,low,away,-0.11335816714004543,"blend of 3 margin source(s) (fitted weights): espn_fpi, fei, team_rankings; total from fei"
2026-09-06T23:30:00.000Z,1,Wisconsin,Notre Dame,Lambeau Field,no,80735,,,,,,,-20.5,47.5,20.315955571833985,46.400000000000006,away,low,under,low,,-0.015708674049939364,"blend of 3 margin source(s) (fitted weights): espn_fpi, fei, team_rankings; total from fei"
2026-09-06T23:30:00.000Z,1,Louisville,Ole Miss,Nissan Stadium,no,69143,,,,,,,-6.5,55.5,8.538749743099629,54.56,home,medium,under,low,,0.0030536534008429594,"blend of 3 margin source(s) (fitted weights): espn_fpi, fei, team_rankings; total from fei"
2026-09-07T23:30:00.000Z,1,SMU,Florida State,Doak Campbell Stadium,no,67277,,,,,,,2.5,52.5,1.550548604385931,56.12,home,high,over,medium,home,0.10209290599787862,"blend of 3 margin source(s) (fitted weights): espn_fpi, fei, team_rankings; total from fei"
2026-09-11T23:30:00.000Z,2,Rutgers,Boston College,"Alumni Stadium (Chestnut Hill, MA)",no,44500,,,,,,,,,0.03835416619480159,60.32,,,,,,,"blend of 3 margin source(s) (fitted weights): espn_fpi, fei, team_rankings; total from fei"
2026-09-12T00:00:00.000Z,2,Missouri,Kansas,Memorial Stadium,no,47000,,,,,,,,,-4.402489252112355,57.2,,,,,,,"blend of 3 margin source(s) (fitted weights): espn_fpi, fei, team_rankings; total from fei"
2026-09-12T04:00:00.000Z,2,New Mexico State,Hawai'i,Clarence T.C. Ching Athletics Complex,no,15194,,,,,,,,,12.566184620820259,51.32000000000001,,,,,,,"blend of 3 margin source(s) (fitted weights): espn_fpi, fei, team_rankings; total from fei"
2026-09-12T04:00:00.000Z,2,Southern Miss,Auburn,Jordan-Hare Stadium,no,87451,,,,,,,,,18.218506099280503,46.16,,,,,,,"blend of 3 margin source(s) (fitted weights): espn_fpi, fei, team_rankings; total from fei"
2026-09-12T16:00:00.000Z,2,Old Dominion,Virginia Tech,Lane Stadium,no,65632,,,,,,,,,8.979310538454278,49.760000000000005,,,,,,,"blend of 3 margin source(s) (fitted weights): espn_fpi, fei, team_rankings; total from fei"
2026-09-12T16:00:00.000Z,2,Washington State,Kansas State,Bill Snyder Family Stadium,no,50000,,,,,,,,,9.895959367576602,49.519999999999996,,,,,,,"blend of 3 margin source(s) (fitted weights): espn_fpi, fei, team_rankings; total from fei"
2026-09-12T16:00:00.000Z,2,Oregon,Oklahoma State,Boone Pickens Stadium,no,55509,,,,,,,,,-18.176069243592387,53.96,,,,,,,"blend of 3 margin source(s) (fitted weights): espn_fpi, fei, team_rankings; total from fei"
2026-09-12T16:00:00.000Z,2,Arizona State,Texas A&M,Kyle Field,no,102733,,,,,,,,,14.14885274780378,50.72,,,,,,,"blend of 3 margin source(s) (fitted weights): espn_fpi, fei, team_rankings; total from fei"
2026-09-12T16:00:00.000Z,2,Oklahoma,Michigan,Michigan Stadium,no,107601,,,,,,,-2.5,45.5,1.7651189447942015,49.28,away,low,over,medium,,-0.027193747902467535,"blend of 3 margin source(s) (fitted weights): espn_fpi, fei, team_rankings; total from fei"
2026-09-12T16:00:00.000Z,2,South Florida,Army,Michie Stadium,no,38000,,,,,,,,,-0.9478454182038449,53.72,,,,,,,"blend of 3 margin source(s) (fitted weights): espn_fpi, fei, team_rankings; total from fei"
2026-09-12T16:00:00.000Z,2,Penn State,Temple,Lincoln Financial Field,no,69879,,,,,,,,,-17.409785706496134,55.4,,,,,,,"blend of 3 margin source(s) (fitted weights): espn_fpi, fei, team_rankings; total from fei"
2026-09-12T16:00:00.000Z,2,App State,East Carolina,Dowdy-Ficklen Stadium,no,50000,,,,,,,,,10.852396473550911,54.08,,,,,,,"blend of 3 margin source(s) (fitted weights): espn_fpi, fei, team_rankings; total from fei"
2026-09-12T16:00:00.000Z,2,Wake Forest,Purdue,Ross-Ade Stadium,no,57282,,,,,,,,,-1.2473882482617702,48.92,,,,,,,"blend of 3 margin source(s) (fitted weights): espn_fpi, fei, team_rankings; total from fei"
2026-09-12T16:45:00.000Z,2,Western Kentucky,Georgia,Sanford Stadium,no,92746,,,,,,,,,27.49464306334885,54.2,,,,,,,"blend of 3 margin source(s) (fitted weights): espn_fpi, fei, team_rankings; total from fei"
2026-09-12T19:30:00.000Z,2,Utah State,Washington,Husky Stadium,no,70138,,,,,,,,,17.421044596371363,55.879999999999995,,,,,,,"blend of 3 margin source(s) (fitted weights): espn_fpi, fei, team_rankings; total from fei"
2026-09-12T19:30:00.000Z,2,Eastern Michigan,Michigan State,Spartan Stadium,no,75005,,,,,,,,,16.039986757172464,56.12,,,,,,,"blend of 3 margin source(s) (fitted weights): espn_fpi, fei, team_rankings; total from fei"
2026-09-12T19:30:00.000Z,2,California,Syracuse,JMA Wireless Dome,yes,49057,,,,,,,,,0.8858156249120551,48.68000000000001,,,,,,,"blend of 3 margin source(s) (fitted weights): espn_fpi, fei, team_rankings; total from fei"
2026-09-12T19:30:00.000Z,2,Maryland,UConn,Pratt & Whitney Stadium,no,40000,,,,,,,,,-7.316850637160371,52.4,,,,,,,"blend of 3 margin source(s) (fitted weights): espn_fpi, fei, team_rankings; total from fei"
2026-09-12T19:30:00.000Z,2,Duke,Illinois,"Memorial Stadium (Champaign, IL)",no,60670,,,,,,,,,5.966954392704703,59.36,,,,,,,"blend of 3 margin source(s) (fitted weights): espn_fpi, fei, team_rankings; total from fei"
2026-09-12T19:30:00.000Z,2,Alabama,Kentucky,Kroger Field,no,61000,,,,,,,,,-10.30738284054284,49.4,,,,,,,"blend of 3 margin source(s) (fitted weights): espn_fpi, fei, team_rankings; total from fei"
2026-09-12T19:30:00.000Z,2,Mississippi State,Minnesota,Huntington Bank Stadium,no,50850,,,,,,,,,0.4881335306401438,52.4,,,,,,,"blend of 3 margin source(s) (fitted weights): espn_fpi, fei, team_rankings; total from fei"
2026-09-12T19:30:00.000Z,2,UTSA,Texas State,Bobcat Stadium (TX),no,30000,,,,,,,,,2.0879129664307783,59,,,,,,,"blend of 3 margin source(s) (fitted weights): espn_fpi, fei, team_rankings; total from fei"
2026-09-12T19:30:00.000Z,2,Rice,Notre Dame,Notre Dame Stadium,no,80795,,,,,,,,,35.92740892535465,49.879999999999995,,,,,,,"blend of 3 margin source(s) (fitted weights): espn_fpi, fei, team_rankings; total from fei"
2026-09-12T19:30:00.000Z,2,Arizona,BYU,LaVell Edwards Stadium,no,63470,,,,,,,,,6.974086674896776,53.72,,,,,,,"blend of 3 margin source(s) (fitted weights): espn_fpi, fei, team_rankings; total from fei"
2026-09-12T19:30:00.000Z,2,UCF,Pittsburgh,Acrisure Stadium,no,68400,,,,,,,,,6.714768392408134,46.16,,,,,,,"blend of 3 margin source(s) (fitted weights): espn_fpi, fei, team_rankings; total from fei"
2026-09-12T19:30:00.000Z,2,UL Monroe,UAB,Protective Stadium,no,45000,,,,,,,,,5.781169445420664,55.04,,,,,,,"blend of 3 margin source(s) (fitted weights): espn_fpi, fei, team_rankings; total from fei"
2026-09-12T19:45:00.000Z,2,UNLV,North Texas,DATCU Stadium,no,30850,,,,,,,,,-1.0557861331614942,61.879999999999995,,,,,,,"blend of 3 margin source(s) (fitted weights): espn_fpi, fei, team_rankings; total from fei"
2026-09-12T20:15:00.000Z,2,Delaware,Vanderbilt,FirstBank Stadium,no,40351,,,,,,,,,18.409192997428146,61.16,,,,,,,"blend of 3 margin source(s) (fitted weights): espn_fpi, fei, team_rankings; total from fei"
2026-09-12T22:00:00.000Z,2,Jacksonville State,Ohio,Peden Stadium,no,24000,,,,,,,,,3.9807407383443336,52.64,,,,,,,"blend of 3 margin source(s) (fitted weights): espn_fpi, fei, team_rankings; total from fei"
2026-09-12T22:00:00.000Z,2,Memphis,Boise State,Albertsons Stadium,no,36387,,,,,,,,,6.7071553894529945,52.76,,,,,,,"blend of 3 margin source(s) (fitted weights): espn_fpi, fei, team_rankings; total from fei"
2026-09-12T22:00:00.000Z,2,Buffalo,Florida International,Pitbull Stadium,no,20000,,,,,,,,,1.1302655754559114,44.599999999999994,,,,,,,"blend of 2 margin source(s) (fitted weights): espn_fpi, fei; total from fei"
2026-09-12T23:00:00.000Z,2,Middle Tennessee,Marshall,Joan C. Edwards Stadium,no,38016,,,,,,,,,9.793313878996397,51.32,,,,,,,"blend of 3 margin source(s) (fitted weights): espn_fpi, fei, team_rankings; total from fei"
2026-09-12T23:00:00.000Z,2,Tennessee,Georgia Tech,Bobby Dodd Stadium,no,55000,,,,,,,,,-7.117867529009069,59.239999999999995,,,,,,,"blend of 3 margin source(s) (fitted weights): espn_fpi, fei, team_rankings; total from fei"
2026-09-12T23:00:00.000Z,2,Tulsa,Sam Houston,Elliott T. Bowers Stadium,no,14000,,,,,,,,,-4.930792806135288,48.8,,,,,,,"blend of 3 margin source(s) (fitted weights): espn_fpi, fei, team_rankings; total from fei"
2026-09-12T23:00:00.000Z,2,South Alabama,Tulane,Yulman Stadium,no,30000,,,,,,,,,12.953335642367321,54.44,,,,,,,"blend of 3 margin source(s) (fitted weights): espn_fpi, fei, team_rankings; total from fei"
2026-09-12T23:00:00.000Z,2,Bowling Green,Nebraska,"Memorial Stadium (Lincoln, NE)",no,85458,,,,,,,,,20.40132101407009,47.36,,,,,,,"blend of 3 margin source(s) (fitted weights): espn_fpi, fei, team_rankings; total from fei"
2026-09-12T23:00:00.000Z,2,Georgia State,Kennesaw State,Fifth Third Stadium,no,11040,,,,,,,,,6.877451944322723,55.519999999999996,,,,,,,"blend of 3 margin source(s) (fitted weights): espn_fpi, fei, team_rankings; total from fei"
2026-09-12T23:15:00.000Z,2,San Diego State,UCLA,Rose Bowl,no,88565,,,,,,,,,2.748812149277074,48.67999999999999,,,,,,,"blend of 3 margin source(s) (fitted weights): espn_fpi, fei, team_rankings; total from fei"
2026-09-12T23:30:00.000Z,2,Louisiana Tech,LSU,Tiger Stadium (LA),no,102321,,,,,,,,,25.521532768443688,48.8,,,,,,,"blend of 3 margin source(s) (fitted weights): espn_fpi, fei, team_rankings; total from fei"
2026-09-12T23:30:00.000Z,2,Iowa State,Iowa,Kinnick Stadium,no,69250,,,,,,,,,10.219737823949973,43.76,,,,,,,"blend of 3 margin source(s) (fitted weights): espn_fpi, fei, team_rankings; total from fei"
2026-09-12T23:30:00.000Z,2,Ohio State,Texas,DKR-Texas Memorial Stadium,no,100119,,,,,,,-1.5,47.5,-1.840288056054865,49.76,away,high,over,medium,away,-0.06752375112236464,"blend of 3 margin source(s) (fitted weights): espn_fpi, fei, team_rankings; total from fei"
2026-09-12T23:30:00.000Z,2,Navy,Florida Atlantic,FAU Stadium,no,29419,,,,,,,,,-6.814793411504432,56.84,,,,,,,"blend of 3 margin source(s) (fitted weights): espn_fpi, fei, team_rankings; total from fei"
2026-09-12T23:30:00.000Z,2,Texas Tech,Oregon State,Reser Stadium,no,43363,,,,,,,,,-19.665533629242937,45.68,,,,,,,"blend of 3 margin source(s) (fitted weights): espn_fpi, fei, team_rankings; total from fei"
2026-09-12T23:30:00.000Z,2,Georgia Southern,Clemson,"Memorial Stadium (Clemson, SC)",no,81500,,,,,,,,,20.80094780268454,55.400000000000006,,,,,,,"blend of 2 margin source(s) (fitted weights): espn_fpi, fei; total from fei"
2026-09-12T23:45:00.000Z,2,Charlotte,Ole Miss,Vaught-Hemingway Stadium,no,64038,,,,,,,,,24.920412905440102,55.76,,,,,,,"blend of 2 margin source(s) (fitted weights): fei, team_rankings; total from fei"
2026-09-13T02:00:00.000Z,2,North Dakota State,Air Force,Falcon Stadium,no,46692,,,,,,,,,7.211914346217053,61.64,,,,,,,"blend of 3 margin source(s) (fitted weights): espn_fpi, fei, team_rankings; total from fei"
2026-09-13T02:15:00.000Z,2,Arkansas,Utah,Rice-Eccles Stadium,no,51444,,,,,,,,,8.016762893075384,59.72,,,,,,,"blend of 3 margin source(s) (fitted weights): espn_fpi, fei, team_rankings; total from fei"
2026-09-13T02:30:00.000Z,2,Sacramento State,Fresno State,Valley Children's Stadium,no,41031,,,,,,,,,11.344596665506085,49.040000000000006,,,,,,,"blend of 3 margin source(s) (fitted weights): espn_fpi, fei, team_rankings; total from fei"
2026-09-13T03:00:00.000Z,2,Louisiana,USC,Los Angeles Memorial Coliseum,no,77500,,,,,,,,,23.595863498751786,60.8,,,,,,,"blend of 3 margin source(s) (fitted weights): espn_fpi, fei, team_rankings; total from fei"
2026-09-17T23:30:00.000Z,3,Syracuse,Pittsburgh,Acrisure Stadium,no,68400,,,,,,,,,9.768082610225743,45.8,,,,,,,"blend of 3 margin source(s) (fitted weights): espn_fpi, fei, team_rankings; total from fei"
2026-09-18T23:30:00.000Z,3,Miami,Wake Forest,Allegacy Federal Credit Union Stadium,no,31500,,,,,,,,,-12.138013135195525,48.2,,,,,,,"blend of 3 margin source(s) (fitted weights): espn_fpi, fei, team_rankings; total from fei"
2026-09-19T00:00:00.000Z,3,Houston,Texas Tech,Jones AT&T Stadium,no,60454,,,,,,,,,13.44541576885841,47.480000000000004,,,,,,,"blend of 3 margin source(s) (fitted weights): espn_fpi, fei, team_rankings; total from fei"
2026-09-19T15:30:00.000Z,3,Coastal Carolina,Delaware,Delaware Stadium,no,22000,,,,,,,,,4.411618054382111,54.2,,,,,,,"blend of 3 margin source(s) (fitted weights): espn_fpi, fei, team_rankings; total from fei"
2026-09-19T16:00:00.000Z,3,Kent State,Ohio State,Ohio Stadium,no,102780,,,,,,,,,42.58375521736391,55.040000000000006,,,,,,,"blend of 3 margin source(s) (fitted weights): espn_fpi, fei, team_rankings; total from fei"
2026-09-19T16:00:00.000Z,3,Akron,Minnesota,Huntington Bank Stadium,no,50850,,,,,,,,,18.6511870282659,49.879999999999995,,,,,,,"blend of 3 margin source(s) (fitted weights): espn_fpi, fei, team_rankings; total from fei"
2026-09-19T16:00:00.000Z,3,Tulane,Kansas State,Bill Snyder Family Stadium,no,50000,,,,,,,,,6.653766089967418,52.04,,,,,,,"blend of 3 margin source(s) (fitted weights): espn_fpi, fei, team_rankings; total from fei"
2026-09-19T16:00:00.000Z,3,Georgia,Arkansas,Razorback Stadium,no,80000,,,,,,,,,-14.198103919243696,59.480000000000004,,,,,,,"blend of 3 margin source(s) (fitted weights): espn_fpi, fei, team_rankings; total from fei"
2026-09-19T16:00:00.000Z,3,Bowling Green,Iowa State,Jack Trice Stadium,no,61500,,,,,,,,,15.74893575685812,46.040000000000006,,,,,,,"blend of 3 margin source(s) (fitted weights): espn_fpi, fei, team_rankings; total from fei"
2026-09-19T16:00:00.000Z,3,Buffalo,Penn State,Beaver Stadium,no,106572,,,,,,,,,24.38096002092178,47.36,,,,,,,"blend of 3 margin source(s) (fitted weights): espn_fpi, fei, team_rankings; total from fei"
2026-09-19T16:00:00.000Z,3,North Carolina,Clemson,"Memorial Stadium (Clemson, SC)",no,81500,,,,,,,,,11.07195407859803,50.84,,,,,,,"blend of 3 margin source(s) (fitted weights): espn_fpi, fei, team_rankings; total from fei"
2026-09-19T16:00:00.000Z,3,Arizona State,Kansas,Wembley Stadium,no,90000,,,,,,,,,0.9919086984856865,58.28,,,,,,,"blend of 3 margin source(s) (fitted weights): espn_fpi, fei, team_rankings; total from fei"
2026-09-19T16:30:00.000Z,3,Eastern Michigan,Wisconsin,Camp Randall Stadium,no,80321,,,,,,,,,19.96352092863499,49.88,,,,,,,"blend of 3 margin source(s) (fitted weights): espn_fpi, fei, team_rankings; total from fei"
2026-09-19T16:45:00.000Z,3,NC State,Vanderbilt,FirstBank Stadium,no,40351,,,,,,,,,6.627156315447373,59.96,,,,,,,"blend of 3 margin source(s) (fitted weights): espn_fpi, fei, team_rankings; total from fei"
2026-09-19T16:45:00.000Z,3,Troy,Missouri,Memorial Stadium,no,71168,,,,,,,,,12.91998766919933,45.67999999999999,,,,,,,"blend of 2 margin source(s) (fitted weights): fei, team_rankings; total from fei"
2026-09-19T17:00:00.000Z,3,Wyoming,Central Michigan,Kelly/Shorts Stadium,no,30255,,,,,,,,,2.193609793421307,45.32,,,,,,,"blend of 3 margin source(s) (fitted weights): espn_fpi, fei, team_rankings; total from fei"
2026-09-19T19:00:00.000Z,3,Temple,Toledo,Glass Bowl,no,26038,,,,,,,,,8.764109011446873,52.64,,,,,,,"blend of 3 margin source(s) (fitted weights): espn_fpi, fei, team_rankings; total from fei"
2026-09-19T19:30:00.000Z,3,Florida State,Alabama,Bryant-Denny Stadium,no,101821,,,,,,,,,11.73432360768048,55.88,,,,,,,"blend of 3 margin source(s) (fitted weights): espn_fpi, fei, team_rankings; total from fei"
2026-09-19T19:30:00.000Z,3,SMU,Louisville,L&N Federal Credit Union Stadium,no,60000,,,,,,,,,1.3117587879966068,50.6,,,,,,,"blend of 3 margin source(s) (fitted weights): espn_fpi, fei, team_rankings; total from fei"
2026-09-19T19:30:00.000Z,3,USC,Rutgers,SHI Stadium,no,52454,,,,,,,,,-11.606065309150914,66.68,,,,,,,"blend of 3 margin source(s) (fitted weights): espn_fpi, fei, team_rankings; total from fei"
2026-09-19T19:30:00.000Z,3,Miami (OH),Cincinnati,TQL Stadium,no,26000,,,,,,,,,12.105599273879669,53.599999999999994,,,,,,,"blend of 3 margin source(s) (fitted weights): espn_fpi, fei, team_rankings; total from fei"
2026-09-19T19:30:00.000Z,3,Utah State,Utah,Rice-Eccles Stadium,no,51444,,,,,,,,,17.186035767563457,56.36,,,,,,,"blend of 3 margin source(s) (fitted weights): espn_fpi, fei, team_rankings; total from fei"
2026-09-19T19:30:00.000Z,3,Kentucky,Texas A&M,Kyle Field,no,102733,,,,,,,,,14.208809382834545,47.72,,,,,,,"blend of 3 margin source(s) (fitted weights): espn_fpi, fei, team_rankings; total from fei"
2026-09-19T19:30:00.000Z,3,UTEP,Michigan,Michigan Stadium,no,107601,,,,,,,,,30.1223286779943,50.6,,,,,,,"blend of 3 margin source(s) (fitted weights): espn_fpi, fei, team_rankings; total from fei"
2026-09-19T20:00:00.000Z,3,Louisiana Tech,Baylor,McLane Stadium,no,45140,,,,,,,,,15.487845560471705,53.84,,,,,,,"blend of 3 margin source(s) (fitted weights): espn_fpi, fei, team_rankings; total from fei"
2026-09-19T20:00:00.000Z,3,Western Kentucky,Indiana,"Memorial Stadium (Bloomington, IN)",no,52656,,,,,,,,,25.99713212690852,52.04,,,,,,,"blend of 3 margin source(s) (fitted weights): espn_fpi, fei, team_rankings; total from fei"
2026-09-19T20:00:00.000Z,3,Ball State,Liberty,Williams Stadium (VA),no,25000,,,,,,,,,10.691806234904917,53,,,,,,,"blend of 3 margin source(s) (fitted weights): espn_fpi, fei, team_rankings; total from fei"
2026-09-19T20:00:00.000Z,3,Stanford,Duke,Wallace Wade Stadium,no,40004,,,,,,,,,8.411657493803975,54.56,,,,,,,"blend of 3 margin source(s) (fitted weights): espn_fpi, fei, team_rankings; total from fei"
2026-09-19T20:15:00.000Z,3,Mississippi State,South Carolina,Williams-Brice Stadium,no,80250,,,,,,,,,7.859922265851847,49.16,,,,,,,"blend of 3 margin source(s) (fitted weights): espn_fpi, fei, team_rankings; total from fei"
2026-09-19T22:00:00.000Z,3,East Carolina,Old Dominion,S.B. Ballard Stadium,no,20118,,,,,,,,,0.1305981725214403,47.36,,,,,,,"blend of 3 margin source(s) (fitted weights): espn_fpi, fei, team_rankings; total from fei"
2026-09-19T22:00:00.000Z,3,Charlotte,App State,Kidd Brewer Stadium,no,30000,,,,,,,,,8.222537860026293,53.599999999999994,,,,,,,"blend of 2 margin source(s) (fitted weights): fei, team_rankings; total from fei"
2026-09-19T22:00:00.000Z,3,Florida International,Florida Atlantic,FAU Stadium,no,29419,,,,,,,,,4.203905802295642,52.4,,,,,,,"blend of 2 margin source(s) (fitted weights): espn_fpi, fei; total from fei"
2026-09-19T22:30:00.000Z,3,Marshall,Missouri State,Plaster Sports Complex,no,17337,,,,,,,,,0.07049487541716837,54.8,,,,,,,"blend of 3 margin source(s) (fitted weights): espn_fpi, fei, team_rankings; total from fei"
2026-09-19T23:00:00.000Z,3,Nevada,Middle Tennessee,"Johnny ""Red"" Floyd Stadium",no,30788,,,,,,,,,-0.5158030151103135,50.480000000000004,,,,,,,"blend of 3 margin source(s) (fitted weights): espn_fpi, fei, team_rankings; total from fei"
2026-09-19T23:00:00.000Z,3,Ohio,South Alabama,Hancock Whitney Stadium,no,25450,,,,,,,,,-0.07449015514775026,55.64,,,,,,,"blend of 3 margin source(s) (fitted weights): espn_fpi, fei, team_rankings; total from fei"
2026-09-19T23:00:00.000Z,3,Western Michigan,Rice,Rice Stadium,no,47000,,,,,,,,,-5.730273291907964,47,,,,,,,"blend of 3 margin source(s) (fitted weights): espn_fpi, fei, team_rankings; total from fei"
2026-09-19T23:00:00.000Z,3,Florida,Auburn,Jordan-Hare Stadium,no,87451,,,,,,,,,2.808822667580813,47.36,,,,,,,"blend of 3 margin source(s) (fitted weights): espn_fpi, fei, team_rankings; total from fei"
2026-09-19T23:00:00.000Z,3,Georgia State,UCF,FBC Mortgage Stadium,no,44206,,,,,,,,,16.614026842031766,52.16,,,,,,,"blend of 3 margin source(s) (fitted weights): espn_fpi, fei, team_rankings; total from fei"
2026-09-19T23:00:00.000Z,3,UConn,Southern Miss,M. M. Roberts Stadium,no,36000,,,,,,,,,5.293724158119429,52.64,,,,,,,"blend of 3 margin source(s) (fitted weights): espn_fpi, fei, team_rankings; total from fei"
2026-09-19T23:00:00.000Z,3,Georgia Southern,Jacksonville State,AmFirst Stadium,no,24000,,,,,,,,,3.262985121776455,58.16,,,,,,,"blend of 2 margin source(s) (fitted weights): espn_fpi, fei; total from fei"
2026-09-19T23:30:00.000Z,3,West Virginia,Virginia,Bank of America Stadium,no,73778,,,,,,,,,8.419398601677514,49.760000000000005,,,,,,,"blend of 3 margin source(s) (fitted weights): espn_fpi, fei, team_rankings; total from fei"
2026-09-19T23:30:00.000Z,3,Michigan State,Notre Dame,Notre Dame Stadium,no,80795,,,,,,,,,24.239489743296502,52.64,,,,,,,"blend of 3 margin source(s) (fitted weights): espn_fpi, fei, team_rankings; total from fei"
2026-09-19T23:30:00.000Z,3,New Mexico,Oklahoma,"Memorial Stadium (Norman, OK)",no,86112,,,,,,,,,20.793872985568058,47.120000000000005,,,,,,,"blend of 3 margin source(s) (fitted weights): espn_fpi, fei, team_rankings; total from fei"
2026-09-19T23:30:00.000Z,3,Virginia Tech,Maryland,SECU Stadium,no,51802,,,,,,,,,-0.4079262284820444,50.84,,,,,,,"blend of 3 margin source(s) (fitted weights): espn_fpi, fei, team_rankings; total from fei"
2026-09-19T23:30:00.000Z,3,BYU,Colorado State,Canvas Stadium,no,36500,,,,,,,,,-18.7712866510928,54.32,,,,,,,"blend of 3 margin source(s) (fitted weights): espn_fpi, fei, team_rankings; total from fei"
2026-09-19T23:30:00.000Z,3,LSU,Ole Miss,Vaught-Hemingway Stadium,no,64038,,,,,,,,,1.615927754925852,55.400000000000006,,,,,,,"blend of 3 margin source(s) (fitted weights): espn_fpi, fei, team_rankings; total from fei"
2026-09-19T23:30:00.000Z,3,Colorado,Northwestern,Lanny and Sharon Martin Stadium,no,12023,,,,,,,,,1.5321611752068873,48.92,,,,,,,"blend of 3 margin source(s) (fitted weights): espn_fpi, fei, team_rankings; total from fei"
2026-09-19T23:45:00.000Z,3,Kennesaw State,Tennessee,Neyland Stadium,no,102455,,,,,,,,,23.5893183814851,57.08,,,,,,,"blend of 3 margin source(s) (fitted weights): espn_fpi, fei, team_rankings; total from fei"
2026-09-20T00:00:00.000Z,3,Arkansas State,TCU,Amon G. Carter Stadium,no,46000,,,,,,,,,17.097190942704916,52.4,,,,,,,"blend of 3 margin source(s) (fitted weights): espn_fpi, fei, team_rankings; total from fei"
2026-09-20T00:00:00.000Z,3,UAB,Louisiana,Cajun Field,no,41426,,,,,,,,,7.853103510163374,56.24,,,,,,,"blend of 3 margin source(s) (fitted weights): espn_fpi, fei, team_rankings; total from fei"
2026-09-20T00:00:00.000Z,3,UTSA,Texas,DKR-Texas Memorial Stadium,no,100119,,,,,,,,,25.817183604757417,52.519999999999996,,,,,,,"blend of 3 margin source(s) (fitted weights): espn_fpi, fei, team_rankings; total from fei"
2026-09-20T02:00:00.000Z,3,North Texas,Texas State,Bobcat Stadium (TX),no,30000,,,,,,,,,2.239621798313132,63.56,,,,,,,"blend of 3 margin source(s) (fitted weights): espn_fpi, fei, team_rankings; total from fei"
2026-09-20T02:00:00.000Z,3,James Madison,San Diego State,Snapdragon Stadium,no,35000,,,,,,,,,2.515562989755598,45.56,,,,,,,"blend of 3 margin source(s) (fitted weights): espn_fpi, fei, team_rankings; total from fei"
2026-09-20T02:30:00.000Z,3,North Dakota State,Sacramento State,Hornet Stadium,no,21195,,,,,,,,,1.1460226705224126,56,,,,,,,"blend of 3 margin source(s) (fitted weights): espn_fpi, fei, team_rankings; total from fei"
2026-09-20T02:30:00.000Z,3,Northern Illinois,Arizona,Arizona Stadium,no,50782,,,,,,,,,20.909789388190514,51.08,,,,,,,"blend of 3 margin source(s) (fitted weights): espn_fpi, fei, team_rankings; total from fei"
2026-09-20T03:00:00.000Z,3,Purdue,UCLA,Rose Bowl,no,88565,,,,,,,,,3.903473163562342,54.2,,,,,,,"blend of 3 margin source(s) (fitted weights): espn_fpi, fei, team_rankings; total from fei"
2026-09-20T03:00:00.000Z,3,Fresno State,San José State,CEFCU Stadium,no,30456,,,,,,,,,-5.927584301651802,47,,,,,,,"blend of 3 margin source(s) (fitted weights): espn_fpi, fei, team_rankings; total from fei"
2026-09-24T23:30:00.000Z,4,Liberty,Coastal Carolina,Brooks Stadium (SC),no,21000,,,,,,,,,-0.4282128708345305,55.400000000000006,,,,,,,"blend of 3 margin source(s) (fitted weights): espn_fpi, fei, team_rankings; total from fei"
2026-09-25T20:00:00.000Z,4,Army,Temple,Lincoln Financial Field,no,69879,,,,,,,,,-2.0022514838055634,55.16,,,,,,,"blend of 3 margin source(s) (fitted weights): espn_fpi, fei, team_rankings; total from fei"
2026-09-25T23:00:00.000Z,4,Navy,UAB,Protective Stadium,no,45000,,,,,,,,,-9.692442415026225,57.8,,,,,,,"blend of 3 margin source(s) (fitted weights): espn_fpi, fei, team_rankings; total from fei"
2026-09-26T00:00:00.000Z,4,Northwestern,Indiana,"Memorial Stadium (Bloomington, IN)",no,52656,,,,,,,,,20.52329007866591,49.400000000000006,,,,,,,"blend of 3 margin source(s) (fitted weights): espn_fpi, fei, team_rankings; total from fei"
2026-09-26T02:30:00.000Z,4,Clemson,California,California Memorial Stadium,no,62467,,,,,,,,,-7.564721528591319,48.08,,,,,,,"blend of 3 margin source(s) (fitted weights): espn_fpi, fei, team_rankings; total from fei"
2026-09-26T04:00:00.000Z,4,Southern Miss,Tulane,Yulman Stadium,no,30000,,,,,,,,,10.63422159966164,49.28,,,,,,,"blend of 3 margin source(s) (fitted weights): espn_fpi, fei, team_rankings; total from fei"
2026-09-26T04:00:00.000Z,4,Minnesota,Washington,Husky Stadium,no,70138,,,,,,,,,10.720392622615385,52.879999999999995,,,,,,,"blend of 3 margin source(s) (fitted weights): espn_fpi, fei, team_rankings; total from fei"
2026-09-26T04:00:00.000Z,4,Missouri,Mississippi State,Davis Wade Stadium,no,61337,,,,,,,,,-3.743520811520935,51.56,,,,,,,"blend of 3 margin source(s) (fitted weights): espn_fpi, fei, team_rankings; total from fei"
2026-09-26T04:00:00.000Z,4,Ball State,Kent State,Dix Stadium,no,25319,,,,,,,,,1.8623533227419888,53.239999999999995,,,,,,,"blend of 3 margin source(s) (fitted weights): espn_fpi, fei, team_rankings; total from fei"
2026-09-26T04:00:00.000Z,4,Massachusetts,Sacramento State,Hornet Stadium,no,21195,,,,,,,,,10.021013869551329,56,,,,,,,"blend of 3 margin source(s) (fitted weights): espn_fpi, fei, team_rankings; total from fei"
2026-09-26T04:00:00.000Z,4,Notre Dame,Purdue,Ross-Ade Stadium,no,57282,,,,,,,,,-20.070989040379978,52.400000000000006,,,,,,,"blend of 3 margin source(s) (fitted weights): espn_fpi, fei, team_rankings; total from fei"
2026-09-26T04:00:00.000Z,4,Delaware,Virginia,Scott Stadium,no,61500,,,,,,,,,16.146653731388987,52.28,,,,,,,"blend of 3 margin source(s) (fitted weights): espn_fpi, fei, team_rankings; total from fei"
2026-09-26T04:00:00.000Z,4,Oklahoma State,West Virginia,Milan Puskar Stadium,no,60000,,,,,,,,,1.5413092652722562,50.120000000000005,,,,,,,"blend of 3 margin source(s) (fitted weights): espn_fpi, fei, team_rankings; total from fei"
2026-09-26T04:00:00.000Z,4,Louisiana,Charlotte,Jerry Richardson Stadium,no,15300,,,,,,,,,-3.9601203517032495,51.32,,,,,,,"blend of 2 margin source(s) (fitted weights): fei, team_rankings; total from fei"
2026-09-26T04:00:00.000Z,4,Iowa,Michigan,Michigan Stadium,no,107601,,,,,,,,,6.859730613256099,46.28,,,,,,,"blend of 3 margin source(s) (fitted weights): espn_fpi, fei, team_rankings; total from fei"
2026-09-26T04:00:00.000Z,4,Missouri State,SMU,Gerald J. Ford Stadium,no,32000,,,,,,,,,20.676225356046242,57.56,,,,,,,"blend of 3 margin source(s) (fitted weights): espn_fpi, fei, team_rankings; total from fei"
2026-09-26T04:00:00.000Z,4,Boise State,Western Michigan,Waldo Stadium,no,30200,,,,,,,,,-4.212172925206225,48.32,,,,,,,"blend of 3 margin source(s) (fitted weights): espn_fpi, fei, team_rankings; total from fei"
2026-09-26T04:00:00.000Z,4,UNLV,Akron,InfoCision Stadium,no,30000,,,,,,,,,-12.435190822006845,53.6,,,,,,,"blend of 3 margin source(s) (fitted weights): espn_fpi, fei, team_rankings; total from fei"
2026-09-26T04:00:00.000Z,4,South Carolina,Alabama,Bryant-Denny Stadium,no,101821,,,,,,,,,10.930716555274312,48.92,,,,,,,"blend of 3 margin source(s) (fitted weights): espn_fpi, fei, team_rankings; total from fei"
2026-09-26T04:00:00.000Z,4,San Diego State,Toledo,Glass Bowl,no,26038,,,,,,,,,0.5375655653142738,44.599999999999994,,,,,,,"blend of 3 margin source(s) (fitted weights): espn_fpi, fei, team_rankings; total from fei"
2026-09-26T04:00:00.000Z,4,Texas A&M,LSU,Tiger Stadium (LA),no,102321,,,,,,,,,1.242371776503461,49.519999999999996,,,,,,,"blend of 3 margin source(s) (fitted weights): espn_fpi, fei, team_rankings; total from fei"
2026-09-26T04:00:00.000Z,4,Kansas State,Cincinnati,Nippert Stadium,no,40000,,,,,,,,,0.13735216014592533,56.599999999999994,,,,,,,"blend of 3 margin source(s) (fitted weights): espn_fpi, fei, team_rankings; total from fei"
2026-09-26T04:00:00.000Z,4,TCU,UCF,FBC Mortgage Stadium,no,44206,,,,,,,,,-1.7366212598218338,51.199999999999996,,,,,,,"blend of 3 margin source(s) (fitted weights): espn_fpi, fei, team_rankings; total from fei"
2026-09-26T04:00:00.000Z,4,Illinois,Ohio State,Ohio Stadium,no,102780,,,,,,,,,20.94037810866884,54.08,,,,,,,"blend of 3 margin source(s) (fitted weights): espn_fpi, fei, team_rankings; total from fei"
2026-09-26T04:00:00.000Z,4,Air Force,Nevada,Mackay Stadium,no,27000,,,,,,,,,-3.231648537664664,57.2,,,,,,,"blend of 3 margin source(s) (fitted weights): espn_fpi, fei, team_rankings; total from fei"
2026-09-26T04:00:00.000Z,4,Virginia Tech,Boston College,"Alumni Stadium (Chestnut Hill, MA)",no,44500,,,,,,,,,-4.159571142178986,55.28,,,,,,,"blend of 3 margin source(s) (fitted weights): espn_fpi, fei, team_rankings; total from fei"
2026-09-26T04:00:00.000Z,4,Vanderbilt,Auburn,Jordan-Hare Stadium,no,87451,,,,,,,,,4.010890404050464,55.76,,,,,,,"blend of 3 margin source(s) (fitted weights): espn_fpi, fei, team_rankings; total from fei"
2026-09-26T04:00:00.000Z,4,Sam Houston,Texas Tech,Jones AT&T Stadium,no,60454,,,,,,,,,34.41009159820116,44.12,,,,,,,"blend of 3 margin source(s) (fitted weights): espn_fpi, fei, team_rankings; total from fei"
2026-09-26T04:00:00.000Z,4,Northern Illinois,Georgia State,Center Parc Stadium,no,25000,,,,,,,,,2.037340496953504,53.36,,,,,,,"blend of 3 margin source(s) (fitted weights): espn_fpi, fei, team_rankings; total from fei"
2026-09-26T04:00:00.000Z,4,Oregon,USC,Los Angeles Memorial Coliseum,no,77500,,,,,,,,,-5.224200220187793,63.440000000000005,,,,,,,"blend of 3 margin source(s) (fitted weights): espn_fpi, fei, team_rankings; total from fei"
2026-09-26T04:00:00.000Z,4,App State,NC State,Carter-Finley Stadium,no,58000,,,,,,,,,14.91762210209512,55.76,,,,,,,"blend of 3 margin source(s) (fitted weights): espn_fpi, fei, team_rankings; total from fei"
2026-09-26T04:00:00.000Z,4,Oklahoma,Georgia,Sanford Stadium,no,92746,,,,,,,,,8.916771812994405,49.519999999999996,,,,,,,"blend of 3 margin source(s) (fitted weights): espn_fpi, fei, team_rankings; total from fei"
2026-09-26T04:00:00.000Z,4,Houston,Georgia Southern,Allen E. Paulson Stadium,no,25000,,,,,,,,,-10.473556591780685,59.96,,,,,,,"blend of 2 margin source(s) (fitted weights): espn_fpi, fei; total from fei"
2026-09-26T04:00:00.000Z,4,Kennesaw State,Arkansas State,Centennial Bank Stadium,no,30382,,,,,,,,,2.021572530844357,52.400000000000006,,,,,,,"blend of 3 margin source(s) (fitted weights): espn_fpi, fei, team_rankings; total from fei"
2026-09-26T04:00:00.000Z,4,Ole Miss,Florida,Ben Hill Griffin Stadium,no,88548,,,,,,,,,-1.9418574053245554,55.879999999999995,,,,,,,"blend of 3 margin source(s) (fitted weights): espn_fpi, fei, team_rankings; total from fei"
2026-09-26T04:00:00.000Z,4,UConn,Miami (OH),Yager Stadium,no,24286,,,,,,,,,5.5164198566691445,52.400000000000006,,,,,,,"blend of 3 margin source(s) (fitted weights): espn_fpi, fei, team_rankings; total from fei"
2026-09-26T04:00:00.000Z,4,South Florida,Bowling Green,Doyt L. Perry Stadium,no,24000,,,,,,,,,-9.165400792443577,48.32,,,,,,,"blend of 3 margin source(s) (fitted weights): espn_fpi, fei, team_rankings; total from fei"
2026-09-26T04:00:00.000Z,4,Wake Forest,Louisville,L&N Federal Credit Union Stadium,no,60000,,,,,,,,,7.462582222143154,46.04,,,,,,,"blend of 3 margin source(s) (fitted weights): espn_fpi, fei, team_rankings; total from fei"
2026-09-26T04:00:00.000Z,4,James Madison,Old Dominion,S.B. Ballard Stadium,no,20118,,,,,,,,,-0.19313160163506082,47,,,,,,,"blend of 3 margin source(s) (fitted weights): espn_fpi, fei, team_rankings; total from fei"
2026-09-26T04:00:00.000Z,4,Nebraska,Michigan State,Spartan Stadium,no,75005,,,,,,,,,-3.6370680786867187,53,,,,,,,"blend of 3 margin source(s) (fitted weights): espn_fpi, fei, team_rankings; total from fei"
2026-09-26T04:00:00.000Z,4,Florida Atlantic,UL Monroe,Malone Stadium,no,27617,,,,,,,,,-3.561773571596859,54.08,,,,,,,"blend of 3 margin source(s) (fitted weights): espn_fpi, fei, team_rankings; total from fei"
2026-09-26T04:00:00.000Z,4,Utah,Iowa State,Jack Trice Stadium,no,61500,,,,,,,,,-5.307168085873972,53.24,,,,,,,"blend of 3 margin source(s) (fitted weights): espn_fpi, fei, team_rankings; total from fei"
2026-09-26T04:00:00.000Z,4,Wisconsin,Penn State,Beaver Stadium,no,106572,,,,,,,,,10.582869806102813,46.879999999999995,,,,,,,"blend of 3 margin source(s) (fitted weights): espn_fpi, fei, team_rankings; total from fei"
2026-09-26T04:00:00.000Z,4,UCLA,Maryland,SECU Stadium,no,51802,,,,,,,,,3.113877569304505,51.2,,,,,,,"blend of 3 margin source(s) (fitted weights): espn_fpi, fei, team_rankings; total from fei"
2026-09-26T04:00:00.000Z,4,Colorado,Baylor,McLane Stadium,no,45140,,,,,,,,,5.00771913960975,54.56,,,,,,,"blend of 3 margin source(s) (fitted weights): espn_fpi, fei, team_rankings; total from fei"
2026-09-26T04:00:00.000Z,4,Colorado State,UTSA,Alamodome,yes,36582,,,,,,,,,9.914874217942078,54.92,,,,,,,"blend of 3 margin source(s) (fitted weights): espn_fpi, fei, team_rankings; total from fei"
2026-09-26T16:00:00.000Z,4,Texas,Tennessee,Neyland Stadium,no,102455,,,,,,,,,-4.694969095914267,53.959999999999994,,,,,,,"blend of 3 margin source(s) (fitted weights): espn_fpi, fei, team_rankings; total from fei"
2026-09-26T16:45:00.000Z,4,South Alabama,Kentucky,Kroger Field,no,61000,,,,,,,,,15.346158158830058,51.2,,,,,,,"blend of 3 margin source(s) (fitted weights): espn_fpi, fei, team_rankings; total from fei"
2026-09-26T19:00:00.000Z,4,Hawai'i,Wyoming,War Memorial Stadium,no,29181,,,,,,,,,-4.102317618328091,47.84,,,,,,,"blend of 3 margin source(s) (fitted weights): espn_fpi, fei, team_rankings; total from fei"
2026-09-26T19:30:00.000Z,4,New Mexico,New Mexico State,Aggie Memorial Stadium,no,28853,,,,,,,,,-7.048727487939034,50,,,,,,,"blend of 3 margin source(s) (fitted weights): espn_fpi, fei, team_rankings; total from fei"
2026-09-26T22:30:00.000Z,4,Central Michigan,Miami,Hard Rock Stadium,no,64767,,,,,,,,,30.634083204772015,49.88,,,,,,,"blend of 3 margin source(s) (fitted weights): espn_fpi, fei, team_rankings; total from fei"
2026-09-26T23:00:00.000Z,4,Middle Tennessee,Jacksonville State,AmFirst Stadium,no,24000,,,,,,,,,9.168069862611137,52.64,,,,,,,"blend of 3 margin source(s) (fitted weights): espn_fpi, fei, team_rankings; total from fei"
2026-09-26T23:30:00.000Z,4,Troy,Utah State,Maverik Stadium,no,25513,,,,,,,,,3.5743371681465317,49.52,,,,,,,"blend of 2 margin source(s) (fitted weights): fei, team_rankings; total from fei"
2026-09-26T23:30:00.000Z,4,Arizona,Washington State,Gesa Field,no,32952,,,,,,,,,-5.144757788208486,49.16,,,,,,,"blend of 3 margin source(s) (fitted weights): espn_fpi, fei, team_rankings; total from fei"
2026-09-27T00:00:00.000Z,4,Tulsa,Arkansas,Razorback Stadium,no,80000,,,,,,,,,14.822763565170597,56.239999999999995,,,,,,,"blend of 3 margin source(s) (fitted weights): espn_fpi, fei, team_rankings; total from fei"
2026-09-27T01:00:00.000Z,4,Oregon State,UTEP,Sun Bowl,no,51500,,,,,,,,,-5.324267031239157,48.68,,,,,,,"blend of 3 margin source(s) (fitted weights): espn_fpi, fei, team_rankings; total from fei"
2026-09-27T02:00:00.000Z,4,Rice,Fresno State,Valley Children's Stadium,no,41031,,,,,,,,,11.934843754200791,44.84,,,,,,,"blend of 3 margin source(s) (fitted weights): espn_fpi, fei, team_rankings; total from fei"
2026-09-27T02:30:00.000Z,4,Georgia Tech,Stanford,Stanford Stadium,no,50424,,,,,,,,,-3.826208243489731,53.120000000000005,,,,,,,"blend of 3 margin source(s) (fitted weights): espn_fpi, fei, team_rankings; total from fei"
2026-10-02T00:00:00.000Z,5,Western Kentucky,New Mexico State,Aggie Memorial Stadium,no,28853,,,,,,,,,-6.716206784479848,50.84,,,,,,,"blend of 3 margin source(s) (fitted weights): espn_fpi, fei, team_rankings; total from fei"
2026-10-02T01:00:00.000Z,5,North Texas,Tulsa,Chapman Stadium,no,30000,,,,,,,,,-2.5338378863451574,57.56,,,,,,,"blend of 3 margin source(s) (fitted weights): espn_fpi, fei, team_rankings; total from fei"
2026-10-02T23:00:00.000Z,5,Liberty,Delaware,Delaware Stadium,no,22000,,,,,,,,,1.4348827448747838,57.2,,,,,,,"blend of 3 margin source(s) (fitted weights): espn_fpi, fei, team_rankings; total from fei"
2026-10-02T23:00:00.000Z,5,Pittsburgh,Virginia Tech,Lane Stadium,no,65632,,,,,,,,,0.7290548860959379,49.760000000000005,,,,,,,"blend of 3 margin source(s) (fitted weights): espn_fpi, fei, team_rankings; total from fei"
2026-10-03T00:00:00.000Z,5,Penn State,Northwestern,Ryan Field,no,35000,,,,,,,,,-8.214355988444943,50.24,,,,,,,"blend of 3 margin source(s) (fitted weights): espn_fpi, fei, team_rankings; total from fei"
2026-10-03T04:00:00.000Z,5,Stanford,Wake Forest,Allegacy Federal Credit Union Stadium,no,31500,,,,,,,,,8.551356608830897,46.28,,,,,,,"blend of 3 margin source(s) (fitted weights): espn_fpi, fei, team_rankings; total from fei"
2026-10-03T04:00:00.000Z,5,Baylor,Arizona State,Mountain America Stadium,no,65870,,,,,,,,,2.2880299996831317,54.8,,,,,,,"blend of 3 margin source(s) (fitted weights): espn_fpi, fei, team_rankings; total from fei"
2026-10-03T04:00:00.000Z,5,Auburn,Tennessee,Neyland Stadium,no,102455,,,,,,,,,5.912601445551251,52.400000000000006,,,,,,,"blend of 3 margin source(s) (fitted weights): espn_fpi, fei, team_rankings; total from fei"
2026-10-03T04:00:00.000Z,5,Kentucky,South Carolina,Williams-Brice Stadium,no,80250,,,,,,,,,7.022233601286924,44.48,,,,,,,"blend of 3 margin source(s) (fitted weights): espn_fpi, fei, team_rankings; total from fei"
2026-10-03T04:00:00.000Z,5,Toledo,Ball State,Scheumann Stadium,no,22500,,,,,,,,,-10.47774616907865,47.6,,,,,,,"blend of 3 margin source(s) (fitted weights): espn_fpi, fei, team_rankings; total from fei"
2026-10-03T04:00:00.000Z,5,Virginia,Florida State,Doak Campbell Stadium,no,67277,,,,,,,,,4.752071797141455,53.239999999999995,,,,,,,"blend of 3 margin source(s) (fitted weights): espn_fpi, fei, team_rankings; total from fei"
2026-10-03T04:00:00.000Z,5,Maryland,Nebraska,"Memorial Stadium (Lincoln, NE)",no,85458,,,,,,,,,7.742351274940139,49.760000000000005,,,,,,,"blend of 3 margin source(s) (fitted weights): espn_fpi, fei, team_rankings; total from fei"
2026-10-03T04:00:00.000Z,5,Texas Tech,Colorado,Folsom Field,no,50183,,,,,,,,,-11.268781304600711,45.2,,,,,,,"blend of 3 margin source(s) (fitted weights): espn_fpi, fei, team_rankings; total from fei"
2026-10-03T04:00:00.000Z,5,Marshall,James Madison,Bridgeforth Stadium,no,24877,,,,,,,,,9.439084134911969,49.16,,,,,,,"blend of 3 margin source(s) (fitted weights): espn_fpi, fei, team_rankings; total from fei"
2026-10-03T04:00:00.000Z,5,San José State,Hawai'i,Clarence T.C. Ching Athletics Complex,no,15194,,,,,,,,,9.800321068054533,52.760000000000005,,,,,,,"blend of 3 margin source(s) (fitted weights): espn_fpi, fei, team_rankings; total from fei"
2026-10-03T04:00:00.000Z,5,Georgia Southern,Coastal Carolina,Brooks Stadium (SC),no,21000,,,,,,,,,0.8816186091113258,58.64,,,,,,,"blend of 2 margin source(s) (fitted weights): espn_fpi, fei; total from fei"
2026-10-03T04:00:00.000Z,5,UCF,Houston,TDECU Stadium,no,40000,,,,,,,,,6.0788652799128515,51.44,,,,,,,"blend of 3 margin source(s) (fitted weights): espn_fpi, fei, team_rankings; total from fei"
2026-10-03T04:00:00.000Z,5,UTEP,New Mexico,University Stadium (NM),no,39224,,,,,,,,,12.660381624977639,48.44,,,,,,,"blend of 3 margin source(s) (fitted weights): espn_fpi, fei, team_rankings; total from fei"
2026-10-03T04:00:00.000Z,5,Bowling Green,Miami (OH),Yager Stadium,no,24286,,,,,,,,,8.310016519965927,44.24,,,,,,,"blend of 3 margin source(s) (fitted weights): espn_fpi, fei, team_rankings; total from fei"
2026-10-03T04:00:00.000Z,5,UL Monroe,South Alabama,Hancock Whitney Stadium,no,25450,,,,,,,,,9.780695071293245,54.2,,,,,,,"blend of 3 margin source(s) (fitted weights): espn_fpi, fei, team_rankings; total from fei"
2026-10-03T04:00:00.000Z,5,West Virginia,Iowa State,Jack Trice Stadium,no,61500,,,,,,,,,4.135937107928542,50.599999999999994,,,,,,,"blend of 3 margin source(s) (fitted weights): espn_fpi, fei, team_rankings; total from fei"
2026-10-03T04:00:00.000Z,5,Florida,Missouri,Memorial Stadium,no,71168,,,,,,,,,3.071715270053498,49.16,,,,,,,"blend of 3 margin source(s) (fitted weights): espn_fpi, fei, team_rankings; total from fei"
2026-10-03T04:00:00.000Z,5,Boston College,SMU,Gerald J. Ford Stadium,no,32000,,,,,,,,,14.326595617929605,54.92,,,,,,,"blend of 3 margin source(s) (fitted weights): espn_fpi, fei, team_rankings; total from fei"
2026-10-03T04:00:00.000Z,5,Cincinnati,Arizona,Arizona Stadium,no,50782,,,,,,,,,5.305536015177156,56.24,,,,,,,"blend of 3 margin source(s) (fitted weights): espn_fpi, fei, team_rankings; total from fei"
2026-10-03T04:00:00.000Z,5,Memphis,Charlotte,Jerry Richardson Stadium,no,15300,,,,,,,,,-10.257428415462687,52.28,,,,,,,"blend of 2 margin source(s) (fitted weights): fei, team_rankings; total from fei"
2026-10-03T04:00:00.000Z,5,UTSA,Rice,Rice Stadium,no,47000,,,,,,,,,-6.019880104079588,52.16,,,,,,,"blend of 3 margin source(s) (fitted weights): espn_fpi, fei, team_rankings; total from fei"
2026-10-03T04:00:00.000Z,5,Temple,South Florida,Raymond James Stadium,no,65828,,,,,,,,,10.595664218027803,56.239999999999995,,,,,,,"blend of 3 margin source(s) (fitted weights): espn_fpi, fei, team_rankings; total from fei"
2026-10-03T04:00:00.000Z,5,Western Michigan,Buffalo,UB Stadium,no,30270,,,,,,,,,-3.9169101532062705,44,,,,,,,"blend of 3 margin source(s) (fitted weights): espn_fpi, fei, team_rankings; total from fei"
2026-10-03T04:00:00.000Z,5,Notre Dame,North Carolina,Kenan Stadium,no,50500,,,,,,,,,-17.341807995580343,53.96,,,,,,,"blend of 3 margin source(s) (fitted weights): espn_fpi, fei, team_rankings; total from fei"
2026-10-03T04:00:00.000Z,5,Old Dominion,Georgia State,Center Parc Stadium,no,25000,,,,,,,,,-7.432972266063167,50.48,,,,,,,"blend of 3 margin source(s) (fitted weights): espn_fpi, fei, team_rankings; total from fei"
2026-10-03T04:00:00.000Z,5,Arkansas State,Louisiana,Cajun Field,no,41426,,,,,,,,,4.0681470247396945,51.8,,,,,,,"blend of 3 margin source(s) (fitted weights): espn_fpi, fei, team_rankings; total from fei"
2026-10-03T04:00:00.000Z,5,Vanderbilt,Georgia,Sanford Stadium,no,92746,,,,,,,,,15.136598106945343,61.04,,,,,,,"blend of 3 margin source(s) (fitted weights): espn_fpi, fei, team_rankings; total from fei"
2026-10-03T04:00:00.000Z,5,Michigan State,Wisconsin,Camp Randall Stadium,no,80321,,,,,,,,,6.472056610135318,46.879999999999995,,,,,,,"blend of 3 margin source(s) (fitted weights): espn_fpi, fei, team_rankings; total from fei"
2026-10-03T04:00:00.000Z,5,BYU,TCU,Amon G. Carter Stadium,no,46000,,,,,,,,,-2.3988425869345864,55.040000000000006,,,,,,,"blend of 3 margin source(s) (fitted weights): espn_fpi, fei, team_rankings; total from fei"
2026-10-03T04:00:00.000Z,5,Eastern Michigan,Massachusetts,Warren McGuirk Alumni Stadium,no,17000,,,,,,,,,-2.5301767670694972,57.559999999999995,,,,,,,"blend of 3 margin source(s) (fitted weights): espn_fpi, fei, team_rankings; total from fei"
2026-10-03T04:00:00.000Z,5,Ohio,Kent State,Dix Stadium,no,25319,,,,,,,,,-7.124244194332291,56.36,,,,,,,"blend of 3 margin source(s) (fitted weights): espn_fpi, fei, team_rankings; total from fei"
2026-10-03T04:00:00.000Z,5,Middle Tennessee,Kansas,Memorial Stadium,no,47000,,,,,,,,,19.27825418346304,59.72,,,,,,,"blend of 3 margin source(s) (fitted weights): espn_fpi, fei, team_rankings; total from fei"
2026-10-03T04:00:00.000Z,5,Washington,USC,Los Angeles Memorial Coliseum,no,77500,,,,,,,,,6.829490612867517,61.76,,,,,,,"blend of 3 margin source(s) (fitted weights): espn_fpi, fei, team_rankings; total from fei"
2026-10-03T04:00:00.000Z,5,Miami,Clemson,"Memorial Stadium (Clemson, SC)",no,81500,,,,,,,,,-4.681311137405225,48.56,,,,,,,"blend of 3 margin source(s) (fitted weights): espn_fpi, fei, team_rankings; total from fei"
2026-10-03T04:00:00.000Z,5,Alabama,Mississippi State,Davis Wade Stadium,no,61337,,,,,,,,,-11.145071505107765,54.08,,,,,,,"blend of 3 margin source(s) (fitted weights): espn_fpi, fei, team_rankings; total from fei"
2026-10-03T04:00:00.000Z,5,Louisville,NC State,Carter-Finley Stadium,no,58000,,,,,,,,,-1.2323317141419496,50.239999999999995,,,,,,,"blend of 3 margin source(s) (fitted weights): espn_fpi, fei, team_rankings; total from fei"
2026-10-03T04:00:00.000Z,5,Michigan,Minnesota,Huntington Bank Stadium,no,50850,,,,,,,,,-9.515071951775585,52.879999999999995,,,,,,,"blend of 3 margin source(s) (fitted weights): espn_fpi, fei, team_rankings; total from fei"
2026-10-03T04:00:00.000Z,5,Army,Louisiana Tech,Joe Aillet Stadium,no,28019,,,,,,,,,-2.2705869231504208,50.84,,,,,,,"blend of 3 margin source(s) (fitted weights): espn_fpi, fei, team_rankings; total from fei"
2026-10-03T04:00:00.000Z,5,Arkansas,Texas A&M,Kyle Field,no,102733,,,,,,,,,14.63826605470003,56.84,,,,,,,"blend of 3 margin source(s) (fitted weights): espn_fpi, fei, team_rankings; total from fei"
2026-10-03T04:00:00.000Z,5,Akron,Central Michigan,Kelly/Shorts Stadium,no,30255,,,,,,,,,6.667493918980867,48.92,,,,,,,"blend of 3 margin source(s) (fitted weights): espn_fpi, fei, team_rankings; total from fei"
2026-10-03T04:00:00.000Z,5,Ohio State,Iowa,Kinnick Stadium,no,69250,,,,,,,,,-12.785011937409006,44.24,,,,,,,"blend of 3 margin source(s) (fitted weights): espn_fpi, fei, team_rankings; total from fei"
2026-10-03T04:00:00.000Z,5,Purdue,Illinois,"Memorial Stadium (Champaign, IL)",no,60670,,,,,,,,,9.623165964612351,54.8,,,,,,,"blend of 3 margin source(s) (fitted weights): espn_fpi, fei, team_rankings; total from fei"
2026-10-03T16:00:00.000Z,5,Navy,Air Force,Falcon Stadium,no,46692,,,,,,,,,-2.2771734888223945,61.879999999999995,,,,,,,"blend of 3 margin source(s) (fitted weights): espn_fpi, fei, team_rankings; total from fei"
2026-10-03T16:00:00.000Z,5,Syracuse,UConn,Pratt & Whitney Stadium,no,40000,,,,,,,,,-4.873206685339126,52.64,,,,,,,"blend of 3 margin source(s) (fitted weights): espn_fpi, fei, team_rankings; total from fei"
2026-10-03T19:30:00.000Z,5,California,UNLV,Allegiant Stadium,yes,65000,,,,,,,,,2.670780996287303,54.08,,,,,,,"blend of 3 margin source(s) (fitted weights): espn_fpi, fei, team_rankings; total from fei"
2026-10-03T19:30:00.000Z,5,Wyoming,North Dakota State,Fargodome,yes,18700,,,,,,,,,3.030096147933648,49.04,,,,,,,"blend of 3 margin source(s) (fitted weights): espn_fpi, fei, team_rankings; total from fei"
2026-10-03T22:00:00.000Z,5,Oregon State,Colorado State,Canvas Stadium,no,36500,,,,,,,,,-1.7519580305007163,52.28,,,,,,,"blend of 3 margin source(s) (fitted weights): espn_fpi, fei, team_rankings; total from fei"
2026-10-03T23:30:00.000Z,5,Utah State,Boise State,Albertsons Stadium,no,36387,,,,,,,,,11.148711895270775,53.36,,,,,,,"blend of 3 margin source(s) (fitted weights): espn_fpi, fei, team_rankings; total from fei"
2026-10-04T00:00:00.000Z,5,Indiana,Rutgers,SHI Stadium,no,52454,,,,,,,,,-16.870963273221868,58.28,,,,,,,"blend of 3 margin source(s) (fitted weights): espn_fpi, fei, team_rankings; total from fei"
2026-10-04T01:30:00.000Z,5,Fresno State,Washington State,Gesa Field,no,32952,,,,,,,,,3.5652165132882416,44.24,,,,,,,"blend of 3 margin source(s) (fitted weights): espn_fpi, fei, team_rankings; total from fei"
2026-10-04T02:30:00.000Z,5,Texas State,San Diego State,Snapdragon Stadium,no,35000,,,,,,,,,6.354765390076772,51.44,,,,,,,"blend of 3 margin source(s) (fitted weights): espn_fpi, fei, team_rankings; total from fei"
2026-10-07T00:00:00.000Z,6,Southern Miss,Troy,Veterans Memorial Stadium (AL),no,30000,,,,,,,,,6.174478913560124,44.84,,,,,,,"blend of 2 margin source(s) (fitted weights): fei, team_rankings; total from fei"
2026-10-07T23:00:00.000Z,6,Jacksonville State,Kennesaw State,Fifth Third Stadium,no,11040,,,,,,,,,1.6701089119033252,53,,,,,,,"blend of 3 margin source(s) (fitted weights): espn_fpi, fei, team_rankings; total from fei"
2026-10-07T23:30:00.000Z,6,New Mexico State,Florida International,Pitbull Stadium,no,20000,,,,,,,,,4.815334660869626,48.32,,,,,,,"blend of 2 margin source(s) (fitted weights): espn_fpi, fei; total from fei"
2026-10-08T23:00:00.000Z,6,Sam Houston,Liberty,Williams Stadium (VA),no,25000,,,,,,,,,11.713598634665296,53.36,,,,,,,"blend of 3 margin source(s) (fitted weights): espn_fpi, fei, team_rankings; total from fei"
2026-10-08T23:00:00.000Z,6,Missouri State,Western Kentucky,Houchens Industries-L.T. Smith Stadium,no,22113,,,,,,,,,7.379196472926374,56.72,,,,,,,"blend of 3 margin source(s) (fitted weights): espn_fpi, fei, team_rankings; total from fei"
2026-10-08T23:30:00.000Z,6,South Florida,UTSA,Alamodome,yes,36582,,,,,,,,,-0.6177093737115624,55.760000000000005,,,,,,,"blend of 3 margin source(s) (fitted weights): espn_fpi, fei, team_rankings; total from fei"
2026-10-08T23:30:00.000Z,6,South Alabama,Arkansas State,Centennial Bank Stadium,no,30382,,,,,,,,,2.3339532982238995,53.84,,,,,,,"blend of 3 margin source(s) (fitted weights): espn_fpi, fei, team_rankings; total from fei"
2026-10-09T23:00:00.000Z,6,Florida State,Louisville,L&N Federal Credit Union Stadium,no,60000,,,,,,,,,2.309732622283474,52.4,,,,,,,"blend of 3 margin source(s) (fitted weights): espn_fpi, fei, team_rankings; total from fei"
2026-10-10T01:00:00.000Z,6,Wyoming,San José State,CEFCU Stadium,no,30456,,,,,,,,,1.9475638662919514,47,,,,,,,"blend of 3 margin source(s) (fitted weights): espn_fpi, fei, team_rankings; total from fei"
2026-10-10T01:00:00.000Z,6,Iowa,Washington,Husky Stadium,no,70138,,,,,,,,,2.968006406750302,46.28,,,,,,,"blend of 3 margin source(s) (fitted weights): espn_fpi, fei, team_rankings; total from fei"
2026-10-10T01:00:00.000Z,6,Washington State,Utah State,Maverik Stadium,no,25513,,,,,,,,,-1.4151913136088343,51.44,,,,,,,"blend of 3 margin source(s) (fitted weights): espn_fpi, fei, team_rankings; total from fei"
2026-10-10T02:15:00.000Z,6,Iowa State,BYU,LaVell Edwards Stadium,no,63470,,,,,,,,,11.849257849715809,52.879999999999995,,,,,,,"blend of 3 margin source(s) (fitted weights): espn_fpi, fei, team_rankings; total from fei"
2026-10-10T04:00:00.000Z,6,Kent State,Western Michigan,Waldo Stadium,no,30200,,,,,,,,,14.63667674438,52.64,,,,,,,"blend of 3 margin source(s) (fitted weights): espn_fpi, fei, team_rankings; total from fei"
2026-10-10T04:00:00.000Z,6,LSU,Kentucky,Kroger Field,no,61000,,,,,,,,,-7.805613843319613,46.76,,,,,,,"blend of 3 margin source(s) (fitted weights): espn_fpi, fei, team_rankings; total from fei"
2026-10-10T04:00:00.000Z,6,Wake Forest,NC State,Carter-Finley Stadium,no,58000,,,,,,,,,3.681728069328406,49.400000000000006,,,,,,,"blend of 3 margin source(s) (fitted weights): espn_fpi, fei, team_rankings; total from fei"
2026-10-10T04:00:00.000Z,6,Houston,Kansas State,Bill Snyder Family Stadium,no,50000,,,,,,,,,3.4792807873333,53.84,,,,,,,"blend of 3 margin source(s) (fitted weights): espn_fpi, fei, team_rankings; total from fei"
2026-10-10T04:00:00.000Z,6,Coastal Carolina,Marshall,Joan C. Edwards Stadium,no,38016,,,,,,,,,5.561597185736013,50.6,,,,,,,"blend of 3 margin source(s) (fitted weights): espn_fpi, fei, team_rankings; total from fei"
2026-10-10T04:00:00.000Z,6,Rice,East Carolina,Dowdy-Ficklen Stadium,no,50000,,,,,,,,,14.171788135347839,48.92,,,,,,,"blend of 3 margin source(s) (fitted weights): espn_fpi, fei, team_rankings; total from fei"
2026-10-10T04:00:00.000Z,6,UAB,Memphis,Simmons Bank Liberty Stadium,no,58325,,,,,,,,,14.18851074416687,57.2,,,,,,,"blend of 3 margin source(s) (fitted weights): espn_fpi, fei, team_rankings; total from fei"
2026-10-10T04:00:00.000Z,6,USC,Penn State,Beaver Stadium,no,106572,,,,,,,,,0.6015311898683858,60.68,,,,,,,"blend of 3 margin source(s) (fitted weights): espn_fpi, fei, team_rankings; total from fei"
2026-10-10T04:00:00.000Z,6,Virginia Tech,California,California Memorial Stadium,no,62467,,,,,,,,,-1.1888633665425437,52.64,,,,,,,"blend of 3 margin source(s) (fitted weights): espn_fpi, fei, team_rankings; total from fei"
2026-10-10T04:00:00.000Z,6,Louisiana,Louisiana Tech,Joe Aillet Stadium,no,28019,,,,,,,,,1.4222286654335892,51.2,,,,,,,"blend of 3 margin source(s) (fitted weights): espn_fpi, fei, team_rankings; total from fei"
2026-10-10T04:00:00.000Z,6,Texas A&M,Missouri,Memorial Stadium,no,71168,,,,,,,,,-3.6574099198601386,49.64,,,,,,,"blend of 3 margin source(s) (fitted weights): espn_fpi, fei, team_rankings; total from fei"
2026-10-10T04:00:00.000Z,6,UConn,Temple,Lincoln Financial Field,no,69879,,,,,,,,,3.421707227137389,57.92,,,,,,,"blend of 3 margin source(s) (fitted weights): espn_fpi, fei, team_rankings; total from fei"
2026-10-10T04:00:00.000Z,6,Ole Miss,Vanderbilt,FirstBank Stadium,no,40351,,,,,,,,,-3.143925141794208,64.28,,,,,,,"blend of 3 margin source(s) (fitted weights): espn_fpi, fei, team_rankings; total from fei"
2026-10-10T04:00:00.000Z,6,Kansas,Utah,Rice-Eccles Stadium,no,51444,,,,,,,,,9.083963326366245,60.92,,,,,,,"blend of 3 margin source(s) (fitted weights): espn_fpi, fei, team_rankings; total from fei"
2026-10-10T04:00:00.000Z,6,Hawai'i,Arizona State,Mountain America Stadium,no,65870,,,,,,,,,10.484497053333797,52.28,,,,,,,"blend of 3 margin source(s) (fitted weights): espn_fpi, fei, team_rankings; total from fei"
2026-10-10T04:00:00.000Z,6,UCF,Oklahoma State,Boone Pickens Stadium,no,55509,,,,,,,,,1.9000942558766027,48.56,,,,,,,"blend of 3 margin source(s) (fitted weights): espn_fpi, fei, team_rankings; total from fei"
2026-10-10T04:00:00.000Z,6,Miami (OH),Massachusetts,Warren McGuirk Alumni Stadium,no,17000,,,,,,,,,-10.115927108824526,51.32,,,,,,,"blend of 3 margin source(s) (fitted weights): espn_fpi, fei, team_rankings; total from fei"
2026-10-10T04:00:00.000Z,6,Sacramento State,Bowling Green,Doyt L. Perry Stadium,no,24000,,,,,,,,,1.978986473998461,48.92,,,,,,,"blend of 3 margin source(s) (fitted weights): espn_fpi, fei, team_rankings; total from fei"
2026-10-10T04:00:00.000Z,6,Indiana,Nebraska,"Memorial Stadium (Lincoln, NE)",no,85458,,,,,,,,,-10.435657795735583,52.16,,,,,,,"blend of 3 margin source(s) (fitted weights): espn_fpi, fei, team_rankings; total from fei"
2026-10-10T04:00:00.000Z,6,Old Dominion,App State,Kidd Brewer Stadium,no,30000,,,,,,,,,-3.3374273300539574,51.2,,,,,,,"blend of 3 margin source(s) (fitted weights): espn_fpi, fei, team_rankings; total from fei"
2026-10-10T04:00:00.000Z,6,James Madison,Georgia Southern,Allen E. Paulson Stadium,no,25000,,,,,,,,,-5.666458862373545,57.2,,,,,,,"blend of 2 margin source(s) (fitted weights): espn_fpi, fei; total from fei"
2026-10-10T04:00:00.000Z,6,Georgia,Alabama,Bryant-Denny Stadium,no,101821,,,,,,,,,-0.9127419681625717,54.8,,,,,,,"blend of 3 margin source(s) (fitted weights): espn_fpi, fei, team_rankings; total from fei"
2026-10-10T04:00:00.000Z,6,North Carolina,Pittsburgh,Acrisure Stadium,no,68400,,,,,,,,,6.515563469126113,50.12,,,,,,,"blend of 3 margin source(s) (fitted weights): espn_fpi, fei, team_rankings; total from fei"
2026-10-10T04:00:00.000Z,6,Arizona,West Virginia,Milan Puskar Stadium,no,60000,,,,,,,,,-3.9140634054019783,51.44,,,,,,,"blend of 3 margin source(s) (fitted weights): espn_fpi, fei, team_rankings; total from fei"
2026-10-10T04:00:00.000Z,6,Charlotte,North Texas,DATCU Stadium,no,30850,,,,,,,,,15.897176470552516,57.56,,,,,,,"blend of 2 margin source(s) (fitted weights): fei, team_rankings; total from fei"
2026-10-10T04:00:00.000Z,6,Tennessee,Arkansas,Razorback Stadium,no,80000,,,,,,,,,-6.436475223227267,61.400000000000006,,,,,,,"blend of 3 margin source(s) (fitted weights): espn_fpi, fei, team_rankings; total from fei"
2026-10-10T04:00:00.000Z,6,Illinois,Michigan State,Spartan Stadium,no,75005,,,,,,,,,-3.5975769128376855,55.04,,,,,,,"blend of 3 margin source(s) (fitted weights): espn_fpi, fei, team_rankings; total from fei"
2026-10-10T04:00:00.000Z,6,Buffalo,Toledo,Glass Bowl,no,26038,,,,,,,,,10.638238448526923,44.599999999999994,,,,,,,"blend of 3 margin source(s) (fitted weights): espn_fpi, fei, team_rankings; total from fei"
2026-10-10T04:00:00.000Z,6,Syracuse,Virginia,Scott Stadium,no,61500,,,,,,,,,9.817071463298387,47.84,,,,,,,"blend of 3 margin source(s) (fitted weights): espn_fpi, fei, team_rankings; total from fei"
2026-10-10T04:00:00.000Z,6,Minnesota,Purdue,Ross-Ade Stadium,no,57282,,,,,,,,,0.1679438346840862,51.56,,,,,,,"blend of 3 margin source(s) (fitted weights): espn_fpi, fei, team_rankings; total from fei"
2026-10-10T04:00:00.000Z,6,Nevada,UTEP,Sun Bowl,no,51500,,,,,,,,,-0.6977035866344234,46.519999999999996,,,,,,,"blend of 3 margin source(s) (fitted weights): espn_fpi, fei, team_rankings; total from fei"
2026-10-10T04:00:00.000Z,6,Ball State,Northwestern,Ryan Field,no,35000,,,,,,,,,18.554634191701364,47.480000000000004,,,,,,,"blend of 3 margin source(s) (fitted weights): espn_fpi, fei, team_rankings; total from fei"
2026-10-10T04:00:00.000Z,6,Eastern Michigan,Akron,InfoCision Stadium,no,30000,,,,,,,,,1.3893565971390056,54.2,,,,,,,"blend of 3 margin source(s) (fitted weights): espn_fpi, fei, team_rankings; total from fei"
2026-10-10T04:00:00.000Z,6,Central Michigan,Ohio,Peden Stadium,no,24000,,,,,,,,,7.255669994218695,51.2,,,,,,,"blend of 3 margin source(s) (fitted weights): espn_fpi, fei, team_rankings; total from fei"
2026-10-10T04:00:00.000Z,6,Maryland,Ohio State,Ohio Stadium,no,102780,,,,,,,,,26.094715779087146,48.92,,,,,,,"blend of 3 margin source(s) (fitted weights): espn_fpi, fei, team_rankings; total from fei"
2026-10-10T04:00:00.000Z,6,UCLA,Oregon,Autzen Stadium,no,54000,,,,,,,,,23.79971133476986,57.199999999999996,,,,,,,"blend of 3 margin source(s) (fitted weights): espn_fpi, fei, team_rankings; total from fei"
2026-10-10T04:00:00.000Z,6,South Carolina,Florida,Ben Hill Griffin Stadium,no,88548,,,,,,,,,3.0059730303067838,46.760000000000005,,,,,,,"blend of 3 margin source(s) (fitted weights): espn_fpi, fei, team_rankings; total from fei"
2026-10-10T04:00:00.000Z,6,Duke,Georgia Tech,Bobby Dodd Stadium,no,55000,,,,,,,,,3.060118065704151,60.32,,,,,,,"blend of 3 margin source(s) (fitted weights): espn_fpi, fei, team_rankings; total from fei"
2026-10-10T16:00:00.000Z,6,Tulane,Army,Michie Stadium,no,38000,,,,,,,,,-2.8584197308197212,52.040000000000006,,,,,,,"blend of 3 margin source(s) (fitted weights): espn_fpi, fei, team_rankings; total from fei"
2026-10-10T19:30:00.000Z,6,Texas,Oklahoma,Cotton Bowl,no,92100,,,,,,,,,-3.301589774219446,45.8,,,,,,,"blend of 3 margin source(s) (fitted weights): espn_fpi, fei, team_rankings; total from fei"
2026-10-10T19:30:00.000Z,6,Stanford,Notre Dame,Notre Dame Stadium,no,80795,,,,,,,,,27.37495740094911,49.760000000000005,,,,,,,"blend of 3 margin source(s) (fitted weights): espn_fpi, fei, team_rankings; total from fei"
2026-10-10T19:30:00.000Z,6,Tulsa,Navy,Navy-Marine Corps Memorial Stadium,no,34000,,,,,,,,,10.696023744705261,52.879999999999995,,,,,,,"blend of 3 margin source(s) (fitted weights): espn_fpi, fei, team_rankings; total from fei"
2026-10-10T22:00:00.000Z,6,San Diego State,Oregon State,Reser Stadium,no,43363,,,,,,,,,-3.862982350584919,46.519999999999996,,,,,,,"blend of 3 margin source(s) (fitted weights): espn_fpi, fei, team_rankings; total from fei"
2026-10-10T23:00:00.000Z,6,North Dakota State,UNLV,Allegiant Stadium,yes,65000,,,,,,,,,12.576777864532033,56.96,,,,,,,"blend of 3 margin source(s) (fitted weights): espn_fpi, fei, team_rankings; total from fei"
2026-10-10T23:30:00.000Z,6,Air Force,Northern Illinois,Huskie Stadium,no,23595,,,,,,,,,-4.372587658209541,58.760000000000005,,,,,,,"blend of 3 margin source(s) (fitted weights): espn_fpi, fei, team_rankings; total from fei"
2026-10-11T02:30:00.000Z,6,Boise State,Fresno State,Valley Children's Stadium,no,41031,,,,,,,,,-3.1046473402589894,46.16,,,,,,,"blend of 3 margin source(s) (fitted weights): espn_fpi, fei, team_rankings; total from fei"
2026-10-13T23:00:00.000Z,7,Delaware,Middle Tennessee,"Johnny ""Red"" Floyd Stadium",no,30788,,,,,,,,,-3.5462898702968992,54.92,,,,,,,"blend of 3 margin source(s) (fitted weights): espn_fpi, fei, team_rankings; total from fei"
2026-10-14T00:00:00.000Z,7,Florida International,Jacksonville State,AmFirst Stadium,no,24000,,,,,,,,,6.555721970103987,49.519999999999996,,,,,,,"blend of 2 margin source(s) (fitted weights): espn_fpi, fei; total from fei"
2026-10-14T23:30:00.000Z,7,Kennesaw State,Missouri State,Plaster Sports Complex,no,17337,,,,,,,,,1.5741524185718987,57.68000000000001,,,,,,,"blend of 3 margin source(s) (fitted weights): espn_fpi, fei, team_rankings; total from fei"
2026-10-15T00:00:00.000Z,7,Western Kentucky,Sam Houston,Elliott T. Bowers Stadium,no,14000,,,,,,,,,-9.005539665873531,50.480000000000004,,,,,,,"blend of 3 margin source(s) (fitted weights): espn_fpi, fei, team_rankings; total from fei"
2026-10-15T23:30:00.000Z,7,East Carolina,UAB,Protective Stadium,no,45000,,,,,,,,,-9.833873419816726,54.68,,,,,,,"blend of 3 margin source(s) (fitted weights): espn_fpi, fei, team_rankings; total from fei"
2026-10-15T23:30:00.000Z,7,Georgia Southern,Old Dominion,S.B. Ballard Stadium,no,20118,,,,,,,,,8.025102334012702,54.68,,,,,,,"blend of 2 margin source(s) (fitted weights): espn_fpi, fei; total from fei"
2026-10-16T00:00:00.000Z,7,Colorado State,Texas State,Bobcat Stadium (TX),no,30000,,,,,,,,,9.454264745700062,57.2,,,,,,,"blend of 3 margin source(s) (fitted weights): espn_fpi, fei, team_rankings; total from fei"
2026-10-16T23:30:00.000Z,7,Memphis,Tulane,Yulman Stadium,no,30000,,,,,,,,,5.312872962745834,53.36,,,,,,,"blend of 3 margin source(s) (fitted weights): espn_fpi, fei, team_rankings; total from fei"
2026-10-17T00:00:00.000Z,7,App State,Coastal Carolina,Brooks Stadium (SC),no,21000,,,,,,,,,1.27248980440503,55.16,,,,,,,"blend of 3 margin source(s) (fitted weights): espn_fpi, fei, team_rankings; total from fei"
2026-10-17T00:00:00.000Z,7,Washington,Purdue,Ross-Ade Stadium,no,57282,,,,,,,,,-8.0039263492585,53.96,,,,,,,"blend of 3 margin source(s) (fitted weights): espn_fpi, fei, team_rankings; total from fei"
2026-10-17T04:00:00.000Z,7,Cincinnati,West Virginia,Milan Puskar Stadium,no,60000,,,,,,,,,-1.157049828897622,55.760000000000005,,,,,,,"blend of 3 margin source(s) (fitted weights): espn_fpi, fei, team_rankings; total from fei"
2026-10-17T04:00:00.000Z,7,Louisiana Tech,UL Monroe,Malone Stadium,no,27617,,,,,,,,,-4.862411866326436,50,,,,,,,"blend of 3 margin source(s) (fitted weights): espn_fpi, fei, team_rankings; total from fei"
2026-10-17T04:00:00.000Z,7,Mississippi State,LSU,Tiger Stadium (LA),no,102321,,,,,,,,,13.74034738523013,51.44,,,,,,,"blend of 3 margin source(s) (fitted weights): espn_fpi, fei, team_rankings; total from fei"
2026-10-17T04:00:00.000Z,7,Arizona State,Texas Tech,Jones AT&T Stadium,no,60454,,,,,,,,,14.167121919999023,45.44,,,,,,,"blend of 3 margin source(s) (fitted weights): espn_fpi, fei, team_rankings; total from fei"
2026-10-17T04:00:00.000Z,7,Oklahoma State,Houston,TDECU Stadium,no,40000,,,,,,,,,6.727293462709049,52.16,,,,,,,"blend of 3 margin source(s) (fitted weights): espn_fpi, fei, team_rankings; total from fei"
2026-10-17T04:00:00.000Z,7,Kansas,Kansas State,Bill Snyder Family Stadium,no,50000,,,,,,,,,5.757600678661022,59.120000000000005,,,,,,,"blend of 3 margin source(s) (fitted weights): espn_fpi, fei, team_rankings; total from fei"
2026-10-17T04:00:00.000Z,7,Florida,Texas,DKR-Texas Memorial Stadium,no,100119,,,,,,,,,13.41639320904633,48.92,,,,,,,"blend of 3 margin source(s) (fitted weights): espn_fpi, fei, team_rankings; total from fei"
2026-10-17T04:00:00.000Z,7,Georgia Tech,Virginia Tech,Lane Stadium,no,65632,,,,,,,,,3.25746976240989,56.96,,,,,,,"blend of 3 margin source(s) (fitted weights): espn_fpi, fei, team_rankings; total from fei"
2026-10-17T04:00:00.000Z,7,Georgia State,James Madison,Bridgeforth Stadium,no,24877,,,,,,,,,15.27167118371662,53,,,,,,,"blend of 3 margin source(s) (fitted weights): espn_fpi, fei, team_rankings; total from fei"
2026-10-17T04:00:00.000Z,7,TCU,Baylor,McLane Stadium,no,45140,,,,,,,,,1.3325078692672765,56.6,,,,,,,"blend of 3 margin source(s) (fitted weights): espn_fpi, fei, team_rankings; total from fei"
2026-10-17T04:00:00.000Z,7,Akron,Miami (OH),Yager Stadium,no,24286,,,,,,,,,11.293438621961617,47.959999999999994,,,,,,,"blend of 3 margin source(s) (fitted weights): espn_fpi, fei, team_rankings; total from fei"
2026-10-17T04:00:00.000Z,7,Ball State,Bowling Green,Doyt L. Perry Stadium,no,24000,,,,,,,,,5.692423021888801,44.72,,,,,,,"blend of 3 margin source(s) (fitted weights): espn_fpi, fei, team_rankings; total from fei"
2026-10-17T04:00:00.000Z,7,Alabama,Tennessee,Neyland Stadium,no,102455,,,,,,,,,-1.751841850508261,56.72,,,,,,,"blend of 3 margin source(s) (fitted weights): espn_fpi, fei, team_rankings; total from fei"
2026-10-17T04:00:00.000Z,7,Arkansas,Vanderbilt,FirstBank Stadium,no,40351,,,,,,,,,6.707073128316742,64.75999999999999,,,,,,,"blend of 3 margin source(s) (fitted weights): espn_fpi, fei, team_rankings; total from fei"
2026-10-17T04:00:00.000Z,7,Navy,UTSA,Alamodome,yes,36582,,,,,,,,,-0.36490971045935416,56.6,,,,,,,"blend of 3 margin source(s) (fitted weights): espn_fpi, fei, team_rankings; total from fei"
2026-10-17T04:00:00.000Z,7,Missouri,Ole Miss,Vaught-Hemingway Stadium,no,64038,,,,,,,,,6.515709451289455,55.519999999999996,,,,,,,"blend of 3 margin source(s) (fitted weights): espn_fpi, fei, team_rankings; total from fei"
2026-10-17T04:00:00.000Z,7,Rutgers,Maryland,SECU Stadium,no,51802,,,,,,,,,3.7899990798917456,55.88,,,,,,,"blend of 3 margin source(s) (fitted weights): espn_fpi, fei, team_rankings; total from fei"
2026-10-17T04:00:00.000Z,7,Auburn,Georgia,Sanford Stadium,no,92746,,,,,,,,,13.67423014156768,50.480000000000004,,,,,,,"blend of 3 margin source(s) (fitted weights): espn_fpi, fei, team_rankings; total from fei"
2026-10-17T04:00:00.000Z,7,Kent State,South Florida,Raymond James Stadium,no,65828,,,,,,,,,18.092515368935988,56.839999999999996,,,,,,,"blend of 3 margin source(s) (fitted weights): espn_fpi, fei, team_rankings; total from fei"
2026-10-17T04:00:00.000Z,7,North Carolina,Duke,Wallace Wade Stadium,no,40004,,,,,,,,,3.4755529657808113,58.760000000000005,,,,,,,"blend of 3 margin source(s) (fitted weights): espn_fpi, fei, team_rankings; total from fei"
2026-10-17T04:00:00.000Z,7,Wisconsin,UCLA,Rose Bowl,no,88565,,,,,,,,,-0.9486051823292478,48.2,,,,,,,"blend of 3 margin source(s) (fitted weights): espn_fpi, fei, team_rankings; total from fei"
2026-10-17T04:00:00.000Z,7,Western Michigan,Central Michigan,Kelly/Shorts Stadium,no,30255,,,,,,,,,-4.574012789575213,47.480000000000004,,,,,,,"blend of 3 margin source(s) (fitted weights): espn_fpi, fei, team_rankings; total from fei"
2026-10-17T04:00:00.000Z,7,Nebraska,Oregon,Autzen Stadium,no,54000,,,,,,,,,18.040527367870816,55.760000000000005,,,,,,,"blend of 3 margin source(s) (fitted weights): espn_fpi, fei, team_rankings; total from fei"
2026-10-17T04:00:00.000Z,7,Arkansas State,Southern Miss,M. M. Roberts Stadium,no,36000,,,,,,,,,5.082205621827379,48.68,,,,,,,"blend of 3 margin source(s) (fitted weights): espn_fpi, fei, team_rankings; total from fei"
2026-10-17T04:00:00.000Z,7,Florida State,Miami,Hard Rock Stadium,no,64767,,,,,,,,,12.082208412681442,54.56,,,,,,,"blend of 3 margin source(s) (fitted weights): espn_fpi, fei, team_rankings; total from fei"
2026-10-17T04:00:00.000Z,7,Ohio,Sacramento State,Hornet Stadium,no,21195,,,,,,,,,-2.7246385305111445,54.92,,,,,,,"blend of 3 margin source(s) (fitted weights): espn_fpi, fei, team_rankings; total from fei"
2026-10-17T04:00:00.000Z,7,Tulsa,Rice,Rice Stadium,no,47000,,,,,,,,,-0.7858109471792778,48.44,,,,,,,"blend of 3 margin source(s) (fitted weights): espn_fpi, fei, team_rankings; total from fei"
2026-10-17T04:00:00.000Z,7,Louisville,Syracuse,JMA Wireless Dome,yes,49057,,,,,,,,,-6.684786128032123,47,,,,,,,"blend of 3 margin source(s) (fitted weights): espn_fpi, fei, team_rankings; total from fei"
2026-10-17T04:00:00.000Z,7,Troy,Louisiana,Cajun Field,no,41426,,,,,,,,,1.1998684067930778,47.96,,,,,,,"blend of 2 margin source(s) (fitted weights): fei, team_rankings; total from fei"
2026-10-17T04:00:00.000Z,7,New Mexico,Hawai'i,Clarence T.C. Ching Athletics Complex,no,15194,,,,,,,,,2.9689346942084267,52.28,,,,,,,"blend of 3 margin source(s) (fitted weights): espn_fpi, fei, team_rankings; total from fei"
2026-10-17T04:00:00.000Z,7,Penn State,Michigan,Michigan Stadium,no,107601,,,,,,,,,4.106269719788287,54.2,,,,,,,"blend of 3 margin source(s) (fitted weights): espn_fpi, fei, team_rankings; total from fei"
2026-10-17T04:00:00.000Z,7,Toledo,Eastern Michigan,Rynearson Stadium,no,30200,,,,,,,,,-9.158101846324541,53.36,,,,,,,"blend of 3 margin source(s) (fitted weights): espn_fpi, fei, team_rankings; total from fei"
2026-10-17T04:00:00.000Z,7,Massachusetts,Buffalo,UB Stadium,no,30270,,,,,,,,,11.244129919558311,48.8,,,,,,,"blend of 3 margin source(s) (fitted weights): espn_fpi, fei, team_rankings; total from fei"
2026-10-17T04:00:00.000Z,7,Northwestern,Michigan State,Spartan Stadium,no,75005,,,,,,,,,1.3535193268980077,50.239999999999995,,,,,,,"blend of 3 margin source(s) (fitted weights): espn_fpi, fei, team_rankings; total from fei"
2026-10-17T04:00:00.000Z,7,Virginia,SMU,Gerald J. Ford Stadium,no,32000,,,,,,,,,5.750045631428323,51.44,,,,,,,"blend of 3 margin source(s) (fitted weights): espn_fpi, fei, team_rankings; total from fei"
2026-10-17T04:00:00.000Z,7,Notre Dame,BYU,LaVell Edwards Stadium,no,63470,,,,,,,,,-8.30850419476035,53.84,,,,,,,"blend of 3 margin source(s) (fitted weights): espn_fpi, fei, team_rankings; total from fei"
2026-10-17T04:00:00.000Z,7,Pittsburgh,Boston College,"Alumni Stadium (Chestnut Hill, MA)",no,44500,,,,,,,,,-5.979038694755847,50,,,,,,,"blend of 3 margin source(s) (fitted weights): espn_fpi, fei, team_rankings; total from fei"
2026-10-17T04:00:00.000Z,7,Utah,Colorado,Folsom Field,no,50183,,,,,,,,,-4.629008970780822,53.36,,,,,,,"blend of 3 margin source(s) (fitted weights): espn_fpi, fei, team_rankings; total from fei"
2026-10-17T04:00:00.000Z,7,Kentucky,Oklahoma,"Memorial Stadium (Norman, OK)",no,86112,,,,,,,,,12.497442750402197,44.120000000000005,,,,,,,"blend of 3 margin source(s) (fitted weights): espn_fpi, fei, team_rankings; total from fei"
2026-10-17T04:00:00.000Z,7,Ohio State,Indiana,"Memorial Stadium (Bloomington, IN)",no,52656,,,,,,,,,-2.8196618310658312,51.32,,,,,,,"blend of 3 margin source(s) (fitted weights): espn_fpi, fei, team_rankings; total from fei"
2026-10-17T04:00:00.000Z,7,Wake Forest,California,California Memorial Stadium,no,62467,,,,,,,,,-0.108019530801023,47.72,,,,,,,"blend of 3 margin source(s) (fitted weights): espn_fpi, fei, team_rankings; total from fei"
2026-10-17T04:00:00.000Z,7,Charlotte,Temple,Lincoln Financial Field,no,69879,,,,,,,,,7.40134206844736,53.48,,,,,,,"blend of 2 margin source(s) (fitted weights): fei, team_rankings; total from fei"
2026-10-17T04:00:00.000Z,7,San José State,UTEP,Sun Bowl,no,51500,,,,,,,,,-0.7319503737859343,48.92,,,,,,,"blend of 3 margin source(s) (fitted weights): espn_fpi, fei, team_rankings; total from fei"
2026-10-17T16:00:00.000Z,7,Florida Atlantic,Army,Michie Stadium,no,38000,,,,,,,,,8.668270095225594,54.92,,,,,,,"blend of 3 margin source(s) (fitted weights): espn_fpi, fei, team_rankings; total from fei"
2026-10-17T19:30:00.000Z,7,Northern Illinois,Wyoming,War Memorial Stadium,no,29181,,,,,,,,,4.324666918750031,46.16,,,,,,,"blend of 3 margin source(s) (fitted weights): espn_fpi, fei, team_rankings; total from fei"
2026-10-17T19:30:00.000Z,7,UNLV,Air Force,Falcon Stadium,no,46692,,,,,,,,,-2.8163410796421777,62.6,,,,,,,"blend of 3 margin source(s) (fitted weights): espn_fpi, fei, team_rankings; total from fei"
2026-10-17T22:00:00.000Z,7,Washington State,Oregon State,Reser Stadium,no,43363,,,,,,,,,-2.3519617188140205,48.92,,,,,,,"blend of 3 margin source(s) (fitted weights): espn_fpi, fei, team_rankings; total from fei"
2026-10-17T23:00:00.000Z,7,Nevada,North Dakota State,Fargodome,yes,18700,,,,,,,,,3.665301507466005,51.56,,,,,,,"blend of 3 margin source(s) (fitted weights): espn_fpi, fei, team_rankings; total from fei"
2026-10-18T02:30:00.000Z,7,Fresno State,San Diego State,Snapdragon Stadium,no,35000,,,,,,,,,5.076237145059142,41.84,,,,,,,"blend of 3 margin source(s) (fitted weights): espn_fpi, fei, team_rankings; total from fei"
2026-10-20T23:00:00.000Z,8,Missouri State,Delaware,Delaware Stadium,no,22000,,,,,,,,,3.8765708705745294,58.4,,,,,,,"blend of 3 margin source(s) (fitted weights): espn_fpi, fei, team_rankings; total from fei"
2026-10-20T23:00:00.000Z,8,Middle Tennessee,Florida International,Pitbull Stadium,no,20000,,,,,,,,,5.128371279292635,50.72,,,,,,,"blend of 2 margin source(s) (fitted weights): espn_fpi, fei; total from fei"
2026-10-20T23:30:00.000Z,8,South Alabama,Marshall,Joan C. Edwards Stadium,no,38016,,,,,,,,,4.364560749207071,53.120000000000005,,,,,,,"blend of 3 margin source(s) (fitted weights): espn_fpi, fei, team_rankings; total from fei"
2026-10-22T00:00:00.000Z,8,New Mexico State,Sam Houston,Elliott T. Bowers Stadium,no,14000,,,,,,,,,0.2591895572791154,48.68000000000001,,,,,,,"blend of 3 margin source(s) (fitted weights): espn_fpi, fei, team_rankings; total from fei"
2026-10-22T23:00:00.000Z,8,Liberty,Kennesaw State,Fifth Third Stadium,no,11040,,,,,,,,,1.0812043330739525,56.48,,,,,,,"blend of 3 margin source(s) (fitted weights): espn_fpi, fei, team_rankings; total from fei"
2026-10-22T23:00:00.000Z,8,James Madison,App State,Kidd Brewer Stadium,no,30000,,,,,,,,,-6.079081370361817,53.72,,,,,,,"blend of 3 margin source(s) (fitted weights): espn_fpi, fei, team_rankings; total from fei"
2026-10-22T23:30:00.000Z,8,East Carolina,Memphis,Simmons Bank Liberty Stadium,no,58325,,,,,,,,,1.8061148856773455,52.760000000000005,,,,,,,"blend of 3 margin source(s) (fitted weights): espn_fpi, fei, team_rankings; total from fei"
2026-10-23T22:00:00.000Z,8,Massachusetts,UConn,Pratt & Whitney Stadium,no,40000,,,,,,,,,12.245074568173774,57.080000000000005,,,,,,,"blend of 3 margin source(s) (fitted weights): espn_fpi, fei, team_rankings; total from fei"
2026-10-23T23:00:00.000Z,8,Duke,Virginia,Scott Stadium,no,61500,,,,,,,,,5.637521795090741,55.16,,,,,,,"blend of 3 margin source(s) (fitted weights): espn_fpi, fei, team_rankings; total from fei"
2026-10-24T00:30:00.000Z,8,Army,Tulsa,Chapman Stadium,no,30000,,,,,,,,,-2.3554106737352294,50.959999999999994,,,,,,,"blend of 3 margin source(s) (fitted weights): espn_fpi, fei, team_rankings; total from fei"
2026-10-24T01:00:00.000Z,8,Air Force,Wyoming,War Memorial Stadium,no,29181,,,,,,,,,-2.5964431781323056,54.68,,,,,,,"blend of 3 margin source(s) (fitted weights): espn_fpi, fei, team_rankings; total from fei"
2026-10-24T02:30:00.000Z,8,NC State,Stanford,Stanford Stadium,no,50424,,,,,,,,,-4.587517362140908,50.480000000000004,,,,,,,"blend of 3 margin source(s) (fitted weights): espn_fpi, fei, team_rankings; total from fei"
2026-10-24T04:00:00.000Z,8,Sacramento State,Ball State,Scheumann Stadium,no,22500,,,,,,,,,-1.1649141092175404,51.8,,,,,,,"blend of 3 margin source(s) (fitted weights): espn_fpi, fei, team_rankings; total from fei"
2026-10-24T04:00:00.000Z,8,Oklahoma,Mississippi State,Davis Wade Stadium,no,61337,,,,,,,,,-8.238086537621527,48.8,,,,,,,"blend of 3 margin source(s) (fitted weights): espn_fpi, fei, team_rankings; total from fei"
2026-10-24T04:00:00.000Z,8,Western Michigan,Toledo,Glass Bowl,no,26038,,,,,,,,,4.172805856647849,47,,,,,,,"blend of 3 margin source(s) (fitted weights): espn_fpi, fei, team_rankings; total from fei"
2026-10-24T04:00:00.000Z,8,Bowling Green,Buffalo,UB Stadium,no,30270,,,,,,,,,4.341174453354121,41.72,,,,,,,"blend of 3 margin source(s) (fitted weights): espn_fpi, fei, team_rankings; total from fei"
2026-10-24T04:00:00.000Z,8,California,SMU,Gerald J. Ford Stadium,no,32000,,,,,,,,,11.355887842293168,52.28,,,,,,,"blend of 3 margin source(s) (fitted weights): espn_fpi, fei, team_rankings; total from fei"
2026-10-24T04:00:00.000Z,8,Pittsburgh,Miami,Hard Rock Stadium,no,64767,,,,,,,,,14.334746624222738,47.84,,,,,,,"blend of 3 margin source(s) (fitted weights): espn_fpi, fei, team_rankings; total from fei"
2026-10-24T04:00:00.000Z,8,UTSA,Tulane,Yulman Stadium,no,30000,,,,,,,,,7.625328563673036,54.08,,,,,,,"blend of 3 margin source(s) (fitted weights): espn_fpi, fei, team_rankings; total from fei"
2026-10-24T04:00:00.000Z,8,San José State,Nevada,Mackay Stadium,no,27000,,,,,,,,,2.514275651521289,49.519999999999996,,,,,,,"blend of 3 margin source(s) (fitted weights): espn_fpi, fei, team_rankings; total from fei"
2026-10-24T04:00:00.000Z,8,West Virginia,TCU,Amon G. Carter Stadium,no,46000,,,,,,,,,8.48930749336417,52.760000000000005,,,,,,,"blend of 3 margin source(s) (fitted weights): espn_fpi, fei, team_rankings; total from fei"
2026-10-24T04:00:00.000Z,8,Vanderbilt,Kentucky,Kroger Field,no,61000,,,,,,,,,-1.1805715791056623,55.64,,,,,,,"blend of 3 margin source(s) (fitted weights): espn_fpi, fei, team_rankings; total from fei"
2026-10-24T04:00:00.000Z,8,Texas Tech,Cincinnati,Nippert Stadium,no,40000,,,,,,,,,-9.828782821379189,50.239999999999995,,,,,,,"blend of 3 margin source(s) (fitted weights): espn_fpi, fei, team_rankings; total from fei"
2026-10-24T04:00:00.000Z,8,UL Monroe,Troy,Veterans Memorial Stadium (AL),no,30000,,,,,,,,,8.802390493860866,46.760000000000005,,,,,,,"blend of 2 margin source(s) (fitted weights): fei, team_rankings; total from fei"
2026-10-24T04:00:00.000Z,8,Colorado,Oklahoma State,Boone Pickens Stadium,no,55509,,,,,,,,,1.2901618277244427,49.879999999999995,,,,,,,"blend of 3 margin source(s) (fitted weights): espn_fpi, fei, team_rankings; total from fei"
2026-10-24T04:00:00.000Z,8,Syracuse,North Carolina,Kenan Stadium,no,50500,,,,,,,,,5.801041579772429,51.44,,,,,,,"blend of 3 margin source(s) (fitted weights): espn_fpi, fei, team_rankings; total from fei"
2026-10-24T04:00:00.000Z,8,Tennessee,South Carolina,Williams-Brice Stadium,no,80250,,,,,,,,,-1.5333073887476552,51.8,,,,,,,"blend of 3 margin source(s) (fitted weights): espn_fpi, fei, team_rankings; total from fei"
2026-10-24T04:00:00.000Z,8,Virginia Tech,Clemson,"Memorial Stadium (Clemson, SC)",no,81500,,,,,,,,,8.924380600721573,50.48,,,,,,,"blend of 3 margin source(s) (fitted weights): espn_fpi, fei, team_rankings; total from fei"
2026-10-24T04:00:00.000Z,8,Miami (OH),Central Michigan,Kelly/Shorts Stadium,no,30255,,,,,,,,,-2.0774222643079505,47.6,,,,,,,"blend of 3 margin source(s) (fitted weights): espn_fpi, fei, team_rankings; total from fei"
2026-10-24T04:00:00.000Z,8,Iowa State,Arizona,Arizona Stadium,no,50782,,,,,,,,,7.423693613491832,51.08,,,,,,,"blend of 3 margin source(s) (fitted weights): espn_fpi, fei, team_rankings; total from fei"
2026-10-24T04:00:00.000Z,8,Old Dominion,Louisiana Tech,Joe Aillet Stadium,no,28019,,,,,,,,,-3.237661855413999,46.760000000000005,,,,,,,"blend of 3 margin source(s) (fitted weights): espn_fpi, fei, team_rankings; total from fei"
2026-10-24T04:00:00.000Z,8,Houston,Utah,Rice-Eccles Stadium,no,51444,,,,,,,,,6.805643435038524,55.64,,,,,,,"blend of 3 margin source(s) (fitted weights): espn_fpi, fei, team_rankings; total from fei"
2026-10-24T04:00:00.000Z,8,Baylor,Kansas,Memorial Stadium,no,47000,,,,,,,,,0.7314162594960207,62.120000000000005,,,,,,,"blend of 3 margin source(s) (fitted weights): espn_fpi, fei, team_rankings; total from fei"
2026-10-24T04:00:00.000Z,8,Texas A&M,Alabama,Bryant-Denny Stadium,no,101821,,,,,,,,,3.744140773726689,52.16,,,,,,,"blend of 3 margin source(s) (fitted weights): espn_fpi, fei, team_rankings; total from fei"
2026-10-24T04:00:00.000Z,8,Rice,Florida Atlantic,FAU Stadium,no,29419,,,,,,,,,4.667041280380108,52.4,,,,,,,"blend of 3 margin source(s) (fitted weights): espn_fpi, fei, team_rankings; total from fei"
2026-10-24T04:00:00.000Z,8,Indiana,Michigan,Michigan Stadium,no,107601,,,,,,,,,-3.1056194930870786,53.36,,,,,,,"blend of 3 margin source(s) (fitted weights): espn_fpi, fei, team_rankings; total from fei"
2026-10-24T04:00:00.000Z,8,Louisiana,Southern Miss,M. M. Roberts Stadium,no,36000,,,,,,,,,3.562581035760483,50.239999999999995,,,,,,,"blend of 3 margin source(s) (fitted weights): espn_fpi, fei, team_rankings; total from fei"
2026-10-24T04:00:00.000Z,8,Eastern Michigan,Ohio,Peden Stadium,no,24000,,,,,,,,,10.215475632992973,56.480000000000004,,,,,,,"blend of 3 margin source(s) (fitted weights): espn_fpi, fei, team_rankings; total from fei"
2026-10-24T04:00:00.000Z,8,Akron,Kent State,Dix Stadium,no,25319,,,,,,,,,1.7018748415216742,54.08,,,,,,,"blend of 3 margin source(s) (fitted weights): espn_fpi, fei, team_rankings; total from fei"
2026-10-24T04:00:00.000Z,8,Iowa,Minnesota,Huntington Bank Stadium,no,50850,,,,,,,,,-5.203863777192283,43.879999999999995,,,,,,,"blend of 3 margin source(s) (fitted weights): espn_fpi, fei, team_rankings; total from fei"
2026-10-24T04:00:00.000Z,8,USC,Wisconsin,Camp Randall Stadium,no,80321,,,,,,,,,-7.432816177561626,54.44,,,,,,,"blend of 3 margin source(s) (fitted weights): espn_fpi, fei, team_rankings; total from fei"
2026-10-24T04:00:00.000Z,8,Kansas State,Arizona State,Mountain America Stadium,no,65870,,,,,,,,,0.8960579388716877,51.8,,,,,,,"blend of 3 margin source(s) (fitted weights): espn_fpi, fei, team_rankings; total from fei"
2026-10-24T04:00:00.000Z,8,Ole Miss,Texas,DKR-Texas Memorial Stadium,no,100119,,,,,,,,,8.926013365048977,55.28,,,,,,,"blend of 3 margin source(s) (fitted weights): espn_fpi, fei, team_rankings; total from fei"
2026-10-24T04:00:00.000Z,8,Hawai'i,Northern Illinois,Huskie Stadium,no,23595,,,,,,,,,-5.878462098405325,51.92,,,,,,,"blend of 3 margin source(s) (fitted weights): espn_fpi, fei, team_rankings; total from fei"
2026-10-24T04:00:00.000Z,8,Oregon,Illinois,"Memorial Stadium (Champaign, IL)",no,60670,,,,,,,,,-12.982973656374256,57.8,,,,,,,"blend of 3 margin source(s) (fitted weights): espn_fpi, fei, team_rankings; total from fei"
2026-10-24T04:00:00.000Z,8,Michigan State,UCLA,Rose Bowl,no,88565,,,,,,,,,2.9749289891332698,54.44,,,,,,,"blend of 3 margin source(s) (fitted weights): espn_fpi, fei, team_rankings; total from fei"
2026-10-24T04:00:00.000Z,8,Boston College,Georgia Tech,Bobby Dodd Stadium,no,55000,,,,,,,,,8.547668695787493,57.2,,,,,,,"blend of 3 margin source(s) (fitted weights): espn_fpi, fei, team_rankings; total from fei"
2026-10-24T04:00:00.000Z,8,Georgia State,Arkansas State,Centennial Bank Stadium,no,30382,,,,,,,,,6.350502036494283,53.36,,,,,,,"blend of 3 margin source(s) (fitted weights): espn_fpi, fei, team_rankings; total from fei"
2026-10-24T04:00:00.000Z,8,Rutgers,Northwestern,Ryan Field,no,35000,,,,,,,,,3.9932405105743576,56.239999999999995,,,,,,,"blend of 3 margin source(s) (fitted weights): espn_fpi, fei, team_rankings; total from fei"
2026-10-24T04:00:00.000Z,8,North Dakota State,New Mexico,University Stadium (NM),no,39224,,,,,,,,,8.297376530877209,53.48,,,,,,,"blend of 3 margin source(s) (fitted weights): espn_fpi, fei, team_rankings; total from fei"
2026-10-24T04:00:00.000Z,8,BYU,UCF,FBC Mortgage Stadium,no,44206,,,,,,,,,-6.683986285429217,51.68,,,,,,,"blend of 3 margin source(s) (fitted weights): espn_fpi, fei, team_rankings; total from fei"
2026-10-24T16:00:00.000Z,8,LSU,Auburn,Jordan-Hare Stadium,no,87451,,,,,,,,,-2.6141518601634877,46.879999999999995,,,,,,,"blend of 3 margin source(s) (fitted weights): espn_fpi, fei, team_rankings; total from fei"
2026-10-24T19:30:00.000Z,8,North Texas,Navy,Navy-Marine Corps Memorial Stadium,no,34000,,,,,,,,,5.613663419687306,61.16,,,,,,,"blend of 3 margin source(s) (fitted weights): espn_fpi, fei, team_rankings; total from fei"
2026-10-24T22:00:00.000Z,8,Boise State,Washington State,Gesa Field,no,32952,,,,,,,,,-2.0879532656435464,48.32,,,,,,,"blend of 3 margin source(s) (fitted weights): espn_fpi, fei, team_rankings; total from fei"
2026-10-24T23:30:00.000Z,8,Utah State,Texas State,Bobcat Stadium (TX),no,30000,,,,,,,,,4.217013871321358,58.879999999999995,,,,,,,"blend of 3 margin source(s) (fitted weights): espn_fpi, fei, team_rankings; total from fei"
2026-10-25T01:30:00.000Z,8,San Diego State,Colorado State,Canvas Stadium,no,36500,,,,,,,,,-8.163462819758436,47.36,,,,,,,"blend of 3 margin source(s) (fitted weights): espn_fpi, fei, team_rankings; total from fei"
2026-10-27T23:00:00.000Z,9,Delaware,Western Kentucky,Houchens Industries-L.T. Smith Stadium,no,22113,,,,,,,,,6.051148041024644,54.32,,,,,,,"blend of 3 margin source(s) (fitted weights): espn_fpi, fei, team_rankings; total from fei"
2026-10-28T00:00:00.000Z,9,Sam Houston,Missouri State,Plaster Sports Complex,no,17337,,,,,,,,,9.27191050896555,54.56,,,,,,,"blend of 3 margin source(s) (fitted weights): espn_fpi, fei, team_rankings; total from fei"
2026-10-28T23:00:00.000Z,9,Kennesaw State,Middle Tennessee,"Johnny ""Red"" Floyd Stadium",no,30788,,,,,,,,,-3.1926114584960676,54.2,,,,,,,"blend of 3 margin source(s) (fitted weights): espn_fpi, fei, team_rankings; total from fei"
2026-10-29T00:00:00.000Z,9,Jacksonville State,New Mexico State,Aggie Memorial Stadium,no,28853,,,,,,,,,-3.7383162970966444,50.239999999999995,,,,,,,"blend of 3 margin source(s) (fitted weights): espn_fpi, fei, team_rankings; total from fei"
2026-10-29T23:30:00.000Z,9,Troy,James Madison,Bridgeforth Stadium,no,24877,,,,,,,,,10.31270489882315,46.040000000000006,,,,,,,"blend of 2 margin source(s) (fitted weights): fei, team_rankings; total from fei"
2026-10-29T23:30:00.000Z,9,Florida Atlantic,North Texas,DATCU Stadium,no,30850,,,,,,,,,8.84669730783552,61.519999999999996,,,,,,,"blend of 3 margin source(s) (fitted weights): espn_fpi, fei, team_rankings; total from fei"
2026-10-30T23:00:00.000Z,9,Tulane,Charlotte,Jerry Richardson Stadium,no,15300,,,,,,,,,-10.932208771402507,50.36,,,,,,,"blend of 2 margin source(s) (fitted weights): fei, team_rankings; total from fei"
2026-10-30T23:30:00.000Z,9,Baylor,UCF,FBC Mortgage Stadium,no,44206,,,,,,,,,-0.5206066904163136,53.239999999999995,,,,,,,"blend of 3 margin source(s) (fitted weights): espn_fpi, fei, team_rankings; total from fei"
2026-10-31T02:30:00.000Z,9,Kent State,Sacramento State,Hornet Stadium,no,21195,,,,,,,,,6.948128102493948,57.44,,,,,,,"blend of 3 margin source(s) (fitted weights): espn_fpi, fei, team_rankings; total from fei"
2026-10-31T04:00:00.000Z,9,Oklahoma State,Iowa State,Jack Trice Stadium,no,61500,,,,,,,,,3.1287239345280025,49.76,,,,,,,"blend of 3 margin source(s) (fitted weights): espn_fpi, fei, team_rankings; total from fei"
2026-10-31T04:00:00.000Z,9,Utah,Cincinnati,Nippert Stadium,no,40000,,,,,,,,,-3.1890104875592984,58.400000000000006,,,,,,,"blend of 3 margin source(s) (fitted weights): espn_fpi, fei, team_rankings; total from fei"
2026-10-31T04:00:00.000Z,9,Army,Memphis,Simmons Bank Liberty Stadium,no,58325,,,,,,,,,5.191114084092281,53.96,,,,,,,"blend of 3 margin source(s) (fitted weights): espn_fpi, fei, team_rankings; total from fei"
2026-10-31T04:00:00.000Z,9,Arizona,Texas Tech,Jones AT&T Stadium,no,60454,,,,,,,,,12.168814122220429,45.92,,,,,,,"blend of 3 margin source(s) (fitted weights): espn_fpi, fei, team_rankings; total from fei"
2026-10-31T04:00:00.000Z,9,Auburn,Ole Miss,Vaught-Hemingway Stadium,no,64038,,,,,,,,,6.778602053762136,53.72,,,,,,,"blend of 3 margin source(s) (fitted weights): espn_fpi, fei, team_rankings; total from fei"
2026-10-31T04:00:00.000Z,9,Illinois,Maryland,SECU Stadium,no,51802,,,,,,,,,-2.605815231745507,51.8,,,,,,,"blend of 3 margin source(s) (fitted weights): espn_fpi, fei, team_rankings; total from fei"
2026-10-31T04:00:00.000Z,9,App State,Georgia Southern,Allen E. Paulson Stadium,no,25000,,,,,,,,,2.9541340609267985,61.4,,,,,,,"blend of 2 margin source(s) (fitted weights): espn_fpi, fei; total from fei"
2026-10-31T04:00:00.000Z,9,Wisconsin,Iowa,Kinnick Stadium,no,69250,,,,,,,,,7.829408912635001,38.959999999999994,,,,,,,"blend of 3 margin source(s) (fitted weights): espn_fpi, fei, team_rankings; total from fei"
2026-10-31T04:00:00.000Z,9,Marshall,Old Dominion,S.B. Ballard Stadium,no,20118,,,,,,,,,6.697430094604109,46.64,,,,,,,"blend of 3 margin source(s) (fitted weights): espn_fpi, fei, team_rankings; total from fei"
2026-10-31T04:00:00.000Z,9,Miami,North Carolina,Kenan Stadium,no,50500,,,,,,,,,-13.204742777330459,53.480000000000004,,,,,,,"blend of 3 margin source(s) (fitted weights): espn_fpi, fei, team_rankings; total from fei"
2026-10-31T04:00:00.000Z,9,Oregon State,Fresno State,Valley Children's Stadium,no,41031,,,,,,,,,6.432312521544173,46.760000000000005,,,,,,,"blend of 3 margin source(s) (fitted weights): espn_fpi, fei, team_rankings; total from fei"
2026-10-31T04:00:00.000Z,9,Purdue,Penn State,Beaver Stadium,no,106572,,,,,,,,,15.434948151994405,52.879999999999995,,,,,,,"blend of 3 margin source(s) (fitted weights): espn_fpi, fei, team_rankings; total from fei"
2026-10-31T04:00:00.000Z,9,Northwestern,Oregon,Autzen Stadium,no,54000,,,,,,,,,23.031114773455542,53,,,,,,,"blend of 3 margin source(s) (fitted weights): espn_fpi, fei, team_rankings; total from fei"
2026-10-31T04:00:00.000Z,9,Arizona State,BYU,LaVell Edwards Stadium,no,63470,,,,,,,,,8.972394472675369,53.239999999999995,,,,,,,"blend of 3 margin source(s) (fitted weights): espn_fpi, fei, team_rankings; total from fei"
2026-10-31T04:00:00.000Z,9,Clemson,Florida State,Doak Campbell Stadium,no,67277,,,,,,,,,0.24467004074218013,51.92,,,,,,,"blend of 3 margin source(s) (fitted weights): espn_fpi, fei, team_rankings; total from fei"
2026-10-31T04:00:00.000Z,9,Washington,Nebraska,"Memorial Stadium (Lincoln, NE)",no,85458,,,,,,,,,-0.8897916574699098,54.08,,,,,,,"blend of 3 margin source(s) (fitted weights): espn_fpi, fei, team_rankings; total from fei"
2026-10-31T04:00:00.000Z,9,Kansas State,Colorado,Folsom Field,no,50183,,,,,,,,,-1.3026463230755985,51.56,,,,,,,"blend of 3 margin source(s) (fitted weights): espn_fpi, fei, team_rankings; total from fei"
2026-10-31T04:00:00.000Z,9,Nevada,UCLA,Rose Bowl,no,88565,,,,,,,,,13.786880383139525,51.44,,,,,,,"blend of 3 margin source(s) (fitted weights): espn_fpi, fei, team_rankings; total from fei"
2026-10-31T04:00:00.000Z,9,Stanford,Louisville,L&N Federal Credit Union Stadium,no,60000,,,,,,,,,13.46541639230125,47.120000000000005,,,,,,,"blend of 3 margin source(s) (fitted weights): espn_fpi, fei, team_rankings; total from fei"
2026-10-31T04:00:00.000Z,9,California,NC State,Carter-Finley Stadium,no,58000,,,,,,,,,6.338270038802229,51.92,,,,,,,"blend of 3 margin source(s) (fitted weights): espn_fpi, fei, team_rankings; total from fei"
2026-10-31T04:00:00.000Z,9,South Carolina,Oklahoma,"Memorial Stadium (Norman, OK)",no,86112,,,,,,,,,8.023731587788074,43.64,,,,,,,"blend of 3 margin source(s) (fitted weights): espn_fpi, fei, team_rankings; total from fei"
2026-10-31T04:00:00.000Z,9,Missouri,Arkansas,Razorback Stadium,no,80000,,,,,,,,,-3.335288818821499,56,,,,,,,"blend of 3 margin source(s) (fitted weights): espn_fpi, fei, team_rankings; total from fei"
2026-10-31T04:00:00.000Z,9,Georgia Tech,Pittsburgh,Acrisure Stadium,no,68400,,,,,,,,,5.076937314986749,51.68,,,,,,,"blend of 3 margin source(s) (fitted weights): espn_fpi, fei, team_rankings; total from fei"
2026-10-31T04:00:00.000Z,9,Boston College,Duke,Wallace Wade Stadium,no,40004,,,,,,,,,8.036073068756142,58.64,,,,,,,"blend of 3 margin source(s) (fitted weights): espn_fpi, fei, team_rankings; total from fei"
2026-10-31T04:00:00.000Z,9,Minnesota,Indiana,"Memorial Stadium (Bloomington, IN)",no,52656,,,,,,,,,20.266258760881055,50.96,,,,,,,"blend of 3 margin source(s) (fitted weights): espn_fpi, fei, team_rankings; total from fei"
2026-10-31T04:00:00.000Z,9,UAB,South Florida,Raymond James Stadium,no,65828,,,,,,,,,15.042286955624025,56.959999999999994,,,,,,,"blend of 3 margin source(s) (fitted weights): espn_fpi, fei, team_rankings; total from fei"
2026-10-31T04:00:00.000Z,9,Southern Miss,UL Monroe,Malone Stadium,no,27617,,,,,,,,,-7.002764236653329,49.04,,,,,,,"blend of 3 margin source(s) (fitted weights): espn_fpi, fei, team_rankings; total from fei"
2026-10-31T04:00:00.000Z,9,New Mexico,San José State,CEFCU Stadium,no,30456,,,,,,,,,-4.28286393517331,51.44,,,,,,,"blend of 3 margin source(s) (fitted weights): espn_fpi, fei, team_rankings; total from fei"
2026-10-31T04:00:00.000Z,9,Michigan,Rutgers,SHI Stadium,no,52454,,,,,,,,,-11.216821341461994,60.2,,,,,,,"blend of 3 margin source(s) (fitted weights): espn_fpi, fei, team_rankings; total from fei"
2026-10-31T04:00:00.000Z,9,Virginia,Wake Forest,Allegacy Federal Credit Union Stadium,no,31500,,,,,,,,,-0.4007778027182243,46.879999999999995,,,,,,,"blend of 3 margin source(s) (fitted weights): espn_fpi, fei, team_rankings; total from fei"
2026-10-31T04:00:00.000Z,9,SMU,Syracuse,JMA Wireless Dome,yes,49057,,,,,,,,,-7.92154977870831,50.72,,,,,,,"blend of 3 margin source(s) (fitted weights): espn_fpi, fei, team_rankings; total from fei"
2026-10-31T04:00:00.000Z,9,Ohio State,USC,Los Angeles Memorial Coliseum,no,77500,,,,,,,,,-8.084559795136784,59.72,,,,,,,"blend of 3 margin source(s) (fitted weights): espn_fpi, fei, team_rankings; total from fei"
2026-10-31T04:00:00.000Z,9,Coastal Carolina,Georgia State,Center Parc Stadium,no,25000,,,,,,,,,-0.2709898630686448,54.44,,,,,,,"blend of 3 margin source(s) (fitted weights): espn_fpi, fei, team_rankings; total from fei"
2026-10-31T04:00:00.000Z,9,Louisiana Tech,South Alabama,Hancock Whitney Stadium,no,25450,,,,,,,,,2.3697607662940112,53.24,,,,,,,"blend of 3 margin source(s) (fitted weights): espn_fpi, fei, team_rankings; total from fei"
2026-10-31T04:00:00.000Z,9,Kansas,TCU,Amon G. Carter Stadium,no,46000,,,,,,,,,5.581643187255097,60.08,,,,,,,"blend of 3 margin source(s) (fitted weights): espn_fpi, fei, team_rankings; total from fei"
2026-10-31T04:00:00.000Z,9,Mississippi State,Texas,DKR-Texas Memorial Stadium,no,100119,,,,,,,,,19.185243627859368,51.31999999999999,,,,,,,"blend of 3 margin source(s) (fitted weights): espn_fpi, fei, team_rankings; total from fei"
2026-10-31T04:00:00.000Z,9,Temple,East Carolina,Dowdy-Ficklen Stadium,no,50000,,,,,,,,,10.484295559566096,53.959999999999994,,,,,,,"blend of 3 margin source(s) (fitted weights): espn_fpi, fei, team_rankings; total from fei"
2026-10-31T16:00:00.000Z,9,Notre Dame,Navy,Gillette Stadium,no,68756,,,,,,,,,-19.348529356124512,54.32000000000001,,,,,,,"blend of 3 margin source(s) (fitted weights): espn_fpi, fei, team_rankings; total from fei"
2026-10-31T16:00:00.000Z,9,Bowling Green,Western Michigan,Waldo Stadium,no,30200,,,,,,,,,10.806607045233193,44.120000000000005,,,,,,,"blend of 3 margin source(s) (fitted weights): espn_fpi, fei, team_rankings; total from fei"
2026-10-31T19:00:00.000Z,9,UConn,Air Force,Falcon Stadium,no,46692,,,,,,,,,6.390353415744994,62.72,,,,,,,"blend of 3 margin source(s) (fitted weights): espn_fpi, fei, team_rankings; total from fei"
2026-10-31T19:30:00.000Z,9,Florida International,Liberty,Williams Stadium (VA),no,25000,,,,,,,,,7.130002958039263,53,,,,,,,"blend of 2 margin source(s) (fitted weights): espn_fpi, fei; total from fei"
2026-10-31T19:30:00.000Z,9,UTEP,North Dakota State,Fargodome,yes,18700,,,,,,,,,6.911527532773226,50.96,,,,,,,"blend of 3 margin source(s) (fitted weights): espn_fpi, fei, team_rankings; total from fei"
2026-10-31T19:30:00.000Z,9,Florida,Georgia,Mercedes-Benz Stadium,yes,75000,,,,,,,,,13.934530370475699,52.64,,,,,,,"blend of 3 margin source(s) (fitted weights): espn_fpi, fei, team_rankings; total from fei"
2026-10-31T19:30:00.000Z,9,Colorado State,Utah State,Maverik Stadium,no,25513,,,,,,,,,7.785773313051499,54.8,,,,,,,"blend of 3 margin source(s) (fitted weights): espn_fpi, fei, team_rankings; total from fei"
2026-10-31T23:00:00.000Z,9,Washington State,San Diego State,Snapdragon Stadium,no,35000,,,,,,,,,4.059543070443697,44,,,,,,,"blend of 3 margin source(s) (fitted weights): espn_fpi, fei, team_rankings; total from fei"
2026-11-01T02:00:00.000Z,9,Texas State,Boise State,Albertsons Stadium,no,36387,,,,,,,,,9.480220462622217,55.760000000000005,,,,,,,"blend of 3 margin source(s) (fitted weights): espn_fpi, fei, team_rankings; total from fei"
2026-11-01T02:30:00.000Z,9,Northern Illinois,UNLV,Allegiant Stadium,yes,65000,,,,,,,,,14.834496053870115,54.08,,,,,,,"blend of 3 margin source(s) (fitted weights): espn_fpi, fei, team_rankings; total from fei"
2026-11-04T00:00:00.000Z,10,Buffalo,Miami (OH),Yager Stadium,no,24286,,,,,,,,,6.517364505284603,44.120000000000005,,,,,,,"blend of 3 margin source(s) (fitted weights): espn_fpi, fei, team_rankings; total from fei"
2026-11-04T00:00:00.000Z,10,Ohio,Akron,InfoCision Stadium,no,30000,,,,,,,,,-6.2775965971811685,51.56,,,,,,,"blend of 3 margin source(s) (fitted weights): espn_fpi, fei, team_rankings; total from fei"
2026-11-04T05:00:00.000Z,10,Toledo,Sacramento State,Hornet Stadium,no,21195,,,,,,,,,-6.7643096211883105,51.8,,,,,,,"blend of 3 margin source(s) (fitted weights): espn_fpi, fei, team_rankings; total from fei"
2026-11-04T05:00:00.000Z,10,Ball State,Massachusetts,Warren McGuirk Alumni Stadium,no,17000,,,,,,,,,-1.2105324443153913,51.8,,,,,,,"blend of 3 margin source(s) (fitted weights): espn_fpi, fei, team_rankings; total from fei"
2026-11-04T05:00:00.000Z,10,Central Michigan,Eastern Michigan,Ford Field,yes,64500,,,,,,,,,-0.41128320010147845,53.84,,,,,,,"blend of 3 margin source(s) (fitted weights): espn_fpi, fei, team_rankings; total from fei"
2026-11-06T01:00:00.000Z,10,UTSA,Florida Atlantic,FAU Stadium,no,29419,,,,,,,,,-3.901361262372279,56.959999999999994,,,,,,,"blend of 3 margin source(s) (fitted weights): espn_fpi, fei, team_rankings; total from fei"
2026-11-06T01:00:00.000Z,10,James Madison,Southern Miss,M. M. Roberts Stadium,no,36000,,,,,,,,,-3.8389635253949628,48.32,,,,,,,"blend of 3 margin source(s) (fitted weights): espn_fpi, fei, team_rankings; total from fei"
2026-11-07T00:00:00.000Z,10,Virginia Tech,SMU,Gerald J. Ford Stadium,no,32000,,,,,,,,,7.618502037077822,54.68,,,,,,,"blend of 3 margin source(s) (fitted weights): espn_fpi, fei, team_rankings; total from fei"
2026-11-07T00:30:00.000Z,10,South Florida,East Carolina,Dowdy-Ficklen Stadium,no,50000,,,,,,,,,2.4371537802110925,52.519999999999996,,,,,,,"blend of 3 margin source(s) (fitted weights): espn_fpi, fei, team_rankings; total from fei"
2026-11-07T01:00:00.000Z,10,Nebraska,Illinois,"Memorial Stadium (Champaign, IL)",no,60670,,,,,,,,,2.5090312728237625,54.92,,,,,,,"blend of 3 margin source(s) (fitted weights): espn_fpi, fei, team_rankings; total from fei"
2026-11-07T02:00:00.000Z,10,New Mexico,Nevada,Mackay Stadium,no,27000,,,,,,,,,-4.31711072232482,49.04,,,,,,,"blend of 3 margin source(s) (fitted weights): espn_fpi, fei, team_rankings; total from fei"
2026-11-07T03:15:00.000Z,10,TCU,Arizona,Arizona Stadium,no,50782,,,,,,,,,3.070323228056206,53.239999999999995,,,,,,,"blend of 3 margin source(s) (fitted weights): espn_fpi, fei, team_rankings; total from fei"
2026-11-07T05:00:00.000Z,10,Texas,Missouri,Memorial Stadium,no,71168,,,,,,,,,-7.796155500320036,48.559999999999995,,,,,,,"blend of 3 margin source(s) (fitted weights): espn_fpi, fei, team_rankings; total from fei"
2026-11-07T05:00:00.000Z,10,Oklahoma State,Kansas State,Bill Snyder Family Stadium,no,50000,,,,,,,,,7.658051811369551,50.96,,,,,,,"blend of 3 margin source(s) (fitted weights): espn_fpi, fei, team_rankings; total from fei"
2026-11-07T05:00:00.000Z,10,Old Dominion,Coastal Carolina,Brooks Stadium (SC),no,21000,,,,,,,,,-4.613459964321725,48.44,,,,,,,"blend of 3 margin source(s) (fitted weights): espn_fpi, fei, team_rankings; total from fei"
2026-11-07T05:00:00.000Z,10,Penn State,Washington,Husky Stadium,no,70138,,,,,,,,,0.2145455132824917,54.2,,,,,,,"blend of 3 margin source(s) (fitted weights): espn_fpi, fei, team_rankings; total from fei"
2026-11-07T05:00:00.000Z,10,Duke,NC State,Carter-Finley Stadium,no,58000,,,,,,,,,3.8214271843553282,57.68,,,,,,,"blend of 3 margin source(s) (fitted weights): espn_fpi, fei, team_rankings; total from fei"
2026-11-07T05:00:00.000Z,10,Georgia State,App State,Kidd Brewer Stadium,no,30000,,,,,,,,,6.644067374682009,57.2,,,,,,,"blend of 3 margin source(s) (fitted weights): espn_fpi, fei, team_rankings; total from fei"
2026-11-07T05:00:00.000Z,10,Rice,North Texas,DATCU Stadium,no,30850,,,,,,,,,10.96521614954283,56.72,,,,,,,"blend of 3 margin source(s) (fitted weights): espn_fpi, fei, team_rankings; total from fei"
2026-11-07T05:00:00.000Z,10,Iowa State,Baylor,McLane Stadium,no,45140,,,,,,,,,5.685878254702902,54.44,,,,,,,"blend of 3 margin source(s) (fitted weights): espn_fpi, fei, team_rankings; total from fei"
2026-11-07T05:00:00.000Z,10,Louisville,Georgia Tech,Bobby Dodd Stadium,no,55000,,,,,,,,,-1.9936408327931265,52.879999999999995,,,,,,,"blend of 3 margin source(s) (fitted weights): espn_fpi, fei, team_rankings; total from fei"
2026-11-07T05:00:00.000Z,10,Kentucky,Tennessee,Neyland Stadium,no,102455,,,,,,,,,11.104063428707377,52.28,,,,,,,"blend of 3 margin source(s) (fitted weights): espn_fpi, fei, team_rankings; total from fei"
2026-11-07T05:00:00.000Z,10,Texas A&M,South Carolina,Williams-Brice Stadium,no,80250,,,,,,,,,-4.638053342874826,47.239999999999995,,,,,,,"blend of 3 margin source(s) (fitted weights): espn_fpi, fei, team_rankings; total from fei"
2026-11-07T05:00:00.000Z,10,Tulsa,Tulane,Yulman Stadium,no,30000,,,,,,,,,12.859397720573345,50.36,,,,,,,"blend of 3 margin source(s) (fitted weights): espn_fpi, fei, team_rankings; total from fei"
2026-11-07T05:00:00.000Z,10,Louisiana Tech,Troy,Veterans Memorial Stadium (AL),no,30000,,,,,,,,,4.797629810552476,45.8,,,,,,,"blend of 2 margin source(s) (fitted weights): fei, team_rankings; total from fei"
2026-11-07T05:00:00.000Z,10,Florida State,Boston College,"Alumni Stadium (Chestnut Hill, MA)",no,44500,,,,,,,,,-8.231576906297143,56.72,,,,,,,"blend of 3 margin source(s) (fitted weights): espn_fpi, fei, team_rankings; total from fei"
2026-11-07T05:00:00.000Z,10,Western Kentucky,Middle Tennessee,"Johnny ""Red"" Floyd Stadium",no,30788,,,,,,,,,-7.048915472648744,53.239999999999995,,,,,,,"blend of 3 margin source(s) (fitted weights): espn_fpi, fei, team_rankings; total from fei"
2026-11-07T05:00:00.000Z,10,Delaware,Kennesaw State,Fifth Third Stadium,no,11040,,,,,,,,,2.1948440268719684,55.28,,,,,,,"blend of 3 margin source(s) (fitted weights): espn_fpi, fei, team_rankings; total from fei"
2026-11-07T05:00:00.000Z,10,South Alabama,Louisiana,Cajun Field,no,41426,,,,,,,,,3.853577884290795,55.400000000000006,,,,,,,"blend of 3 margin source(s) (fitted weights): espn_fpi, fei, team_rankings; total from fei"
2026-11-07T05:00:00.000Z,10,Oregon,Ohio State,Ohio Stadium,no,102780,,,,,,,,,5.408882013621789,54.92,,,,,,,"blend of 3 margin source(s) (fitted weights): espn_fpi, fei, team_rankings; total from fei"
2026-11-07T05:00:00.000Z,10,Northern Illinois,San José State,CEFCU Stadium,no,30456,,,,,,,,,3.7237083463691847,51.08,,,,,,,"blend of 3 margin source(s) (fitted weights): espn_fpi, fei, team_rankings; total from fei"
2026-11-07T05:00:00.000Z,10,Vanderbilt,Mississippi State,Davis Wade Stadium,no,61337,,,,,,,,,-2.018260243670587,60.32000000000001,,,,,,,"blend of 3 margin source(s) (fitted weights): espn_fpi, fei, team_rankings; total from fei"
2026-11-07T05:00:00.000Z,10,Iowa,Northwestern,Ryan Field,no,35000,,,,,,,,,-5.460895094977135,42.32,,,,,,,"blend of 3 margin source(s) (fitted weights): espn_fpi, fei, team_rankings; total from fei"
2026-11-07T05:00:00.000Z,10,Oklahoma,Florida,Ben Hill Griffin Stadium,no,88548,,,,,,,,,-2.4692361188084924,46.4,,,,,,,"blend of 3 margin source(s) (fitted weights): espn_fpi, fei, team_rankings; total from fei"
2026-11-07T05:00:00.000Z,10,Michigan State,Michigan,Michigan Stadium,no,107601,,,,,,,,,16.064151258680823,54.2,,,,,,,"blend of 3 margin source(s) (fitted weights): espn_fpi, fei, team_rankings; total from fei"
2026-11-07T05:00:00.000Z,10,UCF,Kansas,Memorial Stadium,no,47000,,,,,,,,,3.8005453885851317,56.72,,,,,,,"blend of 3 margin source(s) (fitted weights): espn_fpi, fei, team_rankings; total from fei"
2026-11-07T05:00:00.000Z,10,Arkansas,Auburn,Jordan-Hare Stadium,no,87451,,,,,,,,,8.16944109369441,54.2,,,,,,,"blend of 3 margin source(s) (fitted weights): espn_fpi, fei, team_rankings; total from fei"
2026-11-07T05:00:00.000Z,10,Charlotte,UAB,Protective Stadium,no,45000,,,,,,,,,6.534042435815673,54.2,,,,,,,"blend of 2 margin source(s) (fitted weights): fei, team_rankings; total from fei"
2026-11-07T05:00:00.000Z,10,Marshall,Georgia Southern,Allen E. Paulson Stadium,no,25000,,,,,,,,,1.2203864442763483,56.84,,,,,,,"blend of 2 margin source(s) (fitted weights): espn_fpi, fei; total from fei"
2026-11-07T05:00:00.000Z,10,Colorado,Arizona State,Mountain America Stadium,no,65870,,,,,,,,,4.747226700620082,50.72,,,,,,,"blend of 3 margin source(s) (fitted weights): espn_fpi, fei, team_rankings; total from fei"
2026-11-07T05:00:00.000Z,10,Rutgers,Wisconsin,Camp Randall Stadium,no,80321,,,,,,,,,6.721771570262085,52.879999999999995,,,,,,,"blend of 3 margin source(s) (fitted weights): espn_fpi, fei, team_rankings; total from fei"
2026-11-07T05:00:00.000Z,10,UCLA,Minnesota,Huntington Bank Stadium,no,50850,,,,,,,,,3.5741503177719673,53.120000000000005,,,,,,,"blend of 3 margin source(s) (fitted weights): espn_fpi, fei, team_rankings; total from fei"
2026-11-07T05:00:00.000Z,10,UL Monroe,Arkansas State,Centennial Bank Stadium,no,30382,,,,,,,,,9.566125930844347,50.6,,,,,,,"blend of 3 margin source(s) (fitted weights): espn_fpi, fei, team_rankings; total from fei"
2026-11-07T05:00:00.000Z,10,Cincinnati,Houston,TDECU Stadium,no,40000,,,,,,,,,4.028934368539171,57.8,,,,,,,"blend of 3 margin source(s) (fitted weights): espn_fpi, fei, team_rankings; total from fei"
2026-11-07T05:00:00.000Z,10,Georgia,Ole Miss,Vaught-Hemingway Stadium,no,64038,,,,,,,,,-4.347105649132745,59,,,,,,,"blend of 3 margin source(s) (fitted weights): espn_fpi, fei, team_rankings; total from fei"
2026-11-07T05:00:00.000Z,10,Liberty,New Mexico State,Aggie Memorial Stadium,no,28853,,,,,,,,,-4.327220875926018,53.72,,,,,,,"blend of 3 margin source(s) (fitted weights): espn_fpi, fei, team_rankings; total from fei"
2026-11-07T05:00:00.000Z,10,Maryland,Purdue,Ross-Ade Stadium,no,57282,,,,,,,,,0.6282165831515508,49.64,,,,,,,"blend of 3 margin source(s) (fitted weights): espn_fpi, fei, team_rankings; total from fei"
2026-11-07T05:00:00.000Z,10,BYU,Utah,Rice-Eccles Stadium,no,51444,,,,,,,,,1.1034775521765603,55.879999999999995,,,,,,,"blend of 3 margin source(s) (fitted weights): espn_fpi, fei, team_rankings; total from fei"
2026-11-07T05:00:00.000Z,10,Clemson,Syracuse,JMA Wireless Dome,yes,49057,,,,,,,,,-9.227428342352063,46.52,,,,,,,"blend of 3 margin source(s) (fitted weights): espn_fpi, fei, team_rankings; total from fei"
2026-11-07T05:00:00.000Z,10,Alabama,LSU,Tiger Stadium (LA),no,102321,,,,,,,,,0.046753441449571886,51.2,,,,,,,"blend of 3 margin source(s) (fitted weights): espn_fpi, fei, team_rankings; total from fei"
2026-11-07T05:00:00.000Z,10,Missouri State,Florida International,Pitbull Stadium,no,20000,,,,,,,,,0.33649403990785737,54.2,,,,,,,"blend of 2 margin source(s) (fitted weights): espn_fpi, fei; total from fei"
2026-11-07T05:00:00.000Z,10,West Virginia,Texas Tech,Jones AT&T Stadium,no,60454,,,,,,,,,18.631399966295202,45.44,,,,,,,"blend of 3 margin source(s) (fitted weights): espn_fpi, fei, team_rankings; total from fei"
2026-11-07T05:00:00.000Z,10,Hawai'i,UTEP,Sun Bowl,no,51500,,,,,,,,,-7.983749003167669,49.760000000000005,,,,,,,"blend of 3 margin source(s) (fitted weights): espn_fpi, fei, team_rankings; total from fei"
2026-11-07T17:00:00.000Z,10,North Carolina,UConn,Pratt & Whitney Stadium,no,40000,,,,,,,,,-8.125725826438757,56.96,,,,,,,"blend of 3 margin source(s) (fitted weights): espn_fpi, fei, team_rankings; total from fei"
2026-11-07T20:30:00.000Z,10,Temple,Navy,Navy-Marine Corps Memorial Stadium,no,34000,,,,,,,,,10.342864554775595,57.08,,,,,,,"blend of 3 margin source(s) (fitted weights): espn_fpi, fei, team_rankings; total from fei"
2026-11-07T23:00:00.000Z,10,Boise State,Colorado State,Canvas Stadium,no,36500,,,,,,,,,-11.288917892303878,51.68000000000001,,,,,,,"blend of 3 margin source(s) (fitted weights): espn_fpi, fei, team_rankings; total from fei"
2026-11-08T00:00:00.000Z,10,Sam Houston,Jacksonville State,AmFirst Stadium,no,24000,,,,,,,,,11.124694055835924,49.879999999999995,,,,,,,"blend of 3 margin source(s) (fitted weights): espn_fpi, fei, team_rankings; total from fei"
2026-11-08T00:30:00.000Z,10,Miami,Notre Dame,Notre Dame Stadium,no,80795,,,,,,,,,6.685587656922686,51.68,,,,,,,"blend of 3 margin source(s) (fitted weights): espn_fpi, fei, team_rankings; total from fei"
2026-11-08T00:30:00.000Z,10,Air Force,Army,Michie Stadium,no,38000,,,,,,,,,4.130650172543556,59.96,,,,,,,"blend of 3 margin source(s) (fitted weights): espn_fpi, fei, team_rankings; total from fei"
2026-11-08T02:30:00.000Z,10,Fresno State,Utah State,Maverik Stadium,no,25513,,,,,,,,,-0.39849723899339096,49.28,,,,,,,"blend of 3 margin source(s) (fitted weights): espn_fpi, fei, team_rankings; total from fei"
2026-11-08T03:30:00.000Z,10,Wyoming,UNLV,Allegiant Stadium,yes,65000,,,,,,,,,13.05835157379288,50,,,,,,,"blend of 3 margin source(s) (fitted weights): espn_fpi, fei, team_rankings; total from fei"
2026-11-08T03:30:00.000Z,10,Texas State,Oregon State,Reser Stadium,no,43363,,,,,,,,,-0.05673939918094767,56.36,,,,,,,"blend of 3 margin source(s) (fitted weights): espn_fpi, fei, team_rankings; total from fei"
2026-11-10T05:00:00.000Z,11,Kent State,Bowling Green,Doyt L. Perry Stadium,no,24000,,,,,,,,,6.37859213781961,50.36,,,,,,,"blend of 3 margin source(s) (fitted weights): espn_fpi, fei, team_rankings; total from fei"
2026-11-10T05:00:00.000Z,11,Ohio,Miami (OH),Yager Stadium,no,24286,,,,,,,,,2.4673195861076485,50.24,,,,,,,"blend of 3 margin source(s) (fitted weights): espn_fpi, fei, team_rankings; total from fei"
2026-11-10T05:00:00.000Z,11,Western Michigan,Akron,InfoCision Stadium,no,30000,,,,,,,,,-8.692984269883283,47.84,,,,,,,"blend of 3 margin source(s) (fitted weights): espn_fpi, fei, team_rankings; total from fei"
2026-11-11T05:00:00.000Z,11,Massachusetts,Toledo,Glass Bowl,no,26038,,,,,,,,,19.333845929412437,51.8,,,,,,,"blend of 3 margin source(s) (fitted weights): espn_fpi, fei, team_rankings; total from fei"
2026-11-11T05:00:00.000Z,11,Buffalo,Ball State,Scheumann Stadium,no,22500,,,,,,,,,-2.3880301592245288,44.6,,,,,,,"blend of 3 margin source(s) (fitted weights): espn_fpi, fei, team_rankings; total from fei"
2026-11-11T05:00:00.000Z,11,Sacramento State,Central Michigan,Kelly/Shorts Stadium,no,30255,,,,,,,,,3.114535852310843,52.28,,,,,,,"blend of 3 margin source(s) (fitted weights): espn_fpi, fei, team_rankings; total from fei"
2026-11-13T01:00:00.000Z,11,Memphis,South Florida,Raymond James Stadium,no,65828,,,,,,,,,3.4022986501299566,55.04,,,,,,,"blend of 3 margin source(s) (fitted weights): espn_fpi, fei, team_rankings; total from fei"
2026-11-13T02:00:00.000Z,11,Louisiana,UL Monroe,Malone Stadium,no,27617,,,,,,,,,-5.988705639565645,52.16,,,,,,,"blend of 3 margin source(s) (fitted weights): espn_fpi, fei, team_rankings; total from fei"
2026-11-14T00:00:00.000Z,11,Florida State,Pittsburgh,Acrisure Stadium,no,68400,,,,,,,,,0.295984227131499,51.2,,,,,,,"blend of 3 margin source(s) (fitted weights): espn_fpi, fei, team_rankings; total from fei"
2026-11-14T02:00:00.000Z,11,Illinois,UCLA,Rose Bowl,no,88565,,,,,,,,,-3.171170362377212,56.36,,,,,,,"blend of 3 margin source(s) (fitted weights): espn_fpi, fei, team_rankings; total from fei"
2026-11-14T03:15:00.000Z,11,Houston,Colorado,Folsom Field,no,50183,,,,,,,,,-0.3718879744150967,52.76,,,,,,,"blend of 3 margin source(s) (fitted weights): espn_fpi, fei, team_rankings; total from fei"
2026-11-14T05:00:00.000Z,11,Minnesota,Penn State,Beaver Stadium,no,106572,,,,,,,,,13.054369548005688,51.8,,,,,,,"blend of 3 margin source(s) (fitted weights): espn_fpi, fei, team_rankings; total from fei"
2026-11-14T05:00:00.000Z,11,Jacksonville State,Western Kentucky,Houchens Industries-L.T. Smith Stadium,no,22113,,,,,,,,,5.526412926056,52.04,,,,,,,"blend of 3 margin source(s) (fitted weights): espn_fpi, fei, team_rankings; total from fei"
2026-11-14T05:00:00.000Z,11,Utah,Arizona,Arizona Stadium,no,50782,,,,,,,,,-0.4319969110549414,54.08,,,,,,,"blend of 3 margin source(s) (fitted weights): espn_fpi, fei, team_rankings; total from fei"
2026-11-14T05:00:00.000Z,11,Michigan,Oregon,Autzen Stadium,no,54000,,,,,,,,,10.710489065222315,56.96,,,,,,,"blend of 3 margin source(s) (fitted weights): espn_fpi, fei, team_rankings; total from fei"
2026-11-14T05:00:00.000Z,11,Missouri,Georgia,Sanford Stadium,no,92746,,,,,,,,,13.411337539094998,52.28,,,,,,,"blend of 3 margin source(s) (fitted weights): espn_fpi, fei, team_rankings; total from fei"
2026-11-14T05:00:00.000Z,11,Georgia Tech,Clemson,"Memorial Stadium (Clemson, SC)",no,81500,,,,,,,,,9.633327924458666,52.400000000000006,,,,,,,"blend of 3 margin source(s) (fitted weights): espn_fpi, fei, team_rankings; total from fei"
2026-11-14T05:00:00.000Z,11,Arizona State,UCF,FBC Mortgage Stadium,no,44206,,,,,,,,,-0.2601142514266469,49.4,,,,,,,"blend of 3 margin source(s) (fitted weights): espn_fpi, fei, team_rankings; total from fei"
2026-11-14T05:00:00.000Z,11,UAB,Temple,Lincoln Financial Field,no,69879,,,,,,,,,6.9951451762690215,58.4,,,,,,,"blend of 3 margin source(s) (fitted weights): espn_fpi, fei, team_rankings; total from fei"
2026-11-14T05:00:00.000Z,11,Cincinnati,Iowa State,Jack Trice Stadium,no,61500,,,,,,,,,0.4303648403581221,55.4,,,,,,,"blend of 3 margin source(s) (fitted weights): espn_fpi, fei, team_rankings; total from fei"
2026-11-14T05:00:00.000Z,11,Kennesaw State,Sam Houston,Elliott T. Bowers Stadium,no,14000,,,,,,,,,-5.149235651720856,51.44,,,,,,,"blend of 3 margin source(s) (fitted weights): espn_fpi, fei, team_rankings; total from fei"
2026-11-14T05:00:00.000Z,11,Duke,Miami,Hard Rock Stadium,no,64767,,,,,,,,,17.374757127568042,56.480000000000004,,,,,,,"blend of 3 margin source(s) (fitted weights): espn_fpi, fei, team_rankings; total from fei"
2026-11-14T05:00:00.000Z,11,Nevada,Northern Illinois,Huskie Stadium,no,23595,,,,,,,,,1.4075833181279225,48.67999999999999,,,,,,,"blend of 3 margin source(s) (fitted weights): espn_fpi, fei, team_rankings; total from fei"
2026-11-14T05:00:00.000Z,11,Southern Miss,Louisiana Tech,Joe Aillet Stadium,no,28019,,,,,,,,,0.40817006834590414,48.08,,,,,,,"blend of 3 margin source(s) (fitted weights): espn_fpi, fei, team_rankings; total from fei"
2026-11-14T05:00:00.000Z,11,North Texas,UTSA,Alamodome,yes,36582,,,,,,,,,2.7002312705551548,61.28,,,,,,,"blend of 3 margin source(s) (fitted weights): espn_fpi, fei, team_rankings; total from fei"
2026-11-14T05:00:00.000Z,11,California,Virginia,Scott Stadium,no,61500,,,,,,,,,8.15436464953764,49.400000000000006,,,,,,,"blend of 3 margin source(s) (fitted weights): espn_fpi, fei, team_rankings; total from fei"
2026-11-14T05:00:00.000Z,11,Florida Atlantic,Tulsa,Chapman Stadium,no,30000,,,,,,,,,3.7643369828175652,53.24,,,,,,,"blend of 3 margin source(s) (fitted weights): espn_fpi, fei, team_rankings; total from fei"
2026-11-14T05:00:00.000Z,11,USC,Indiana,"Memorial Stadium (Bloomington, IN)",no,52656,,,,,,,,,7.813420402743753,59.84,,,,,,,"blend of 3 margin source(s) (fitted weights): espn_fpi, fei, team_rankings; total from fei"
2026-11-14T05:00:00.000Z,11,Arkansas State,Coastal Carolina,Brooks Stadium (SC),no,21000,,,,,,,,,1.566055142592757,51.32,,,,,,,"blend of 3 margin source(s) (fitted weights): espn_fpi, fei, team_rankings; total from fei"
2026-11-14T05:00:00.000Z,11,Ole Miss,Oklahoma,"Memorial Stadium (Norman, OK)",no,86112,,,,,,,,,3.0759011521567343,52.76,,,,,,,"blend of 3 margin source(s) (fitted weights): espn_fpi, fei, team_rankings; total from fei"
2026-11-14T05:00:00.000Z,11,Louisville,North Carolina,Kenan Stadium,no,50500,,,,,,,,,-3.4322669869324907,51.32,,,,,,,"blend of 3 margin source(s) (fitted weights): espn_fpi, fei, team_rankings; total from fei"
2026-11-14T05:00:00.000Z,11,Texas Tech,Oklahoma State,Boone Pickens Stadium,no,55509,,,,,,,,,-12.52714191554907,44.6,,,,,,,"blend of 3 margin source(s) (fitted weights): espn_fpi, fei, team_rankings; total from fei"
2026-11-14T05:00:00.000Z,11,South Carolina,Arkansas,Razorback Stadium,no,80000,,,,,,,,,-2.3546453958068123,53.599999999999994,,,,,,,"blend of 3 margin source(s) (fitted weights): espn_fpi, fei, team_rankings; total from fei"
2026-11-14T05:00:00.000Z,11,Wake Forest,SMU,Gerald J. Ford Stadium,no,32000,,,,,,,,,8.699345872819347,49.76,,,,,,,"blend of 3 margin source(s) (fitted weights): espn_fpi, fei, team_rankings; total from fei"
2026-11-14T05:00:00.000Z,11,Auburn,Mississippi State,Davis Wade Stadium,no,61337,,,,,,,,,-3.4806282090482528,49.760000000000005,,,,,,,"blend of 3 margin source(s) (fitted weights): espn_fpi, fei, team_rankings; total from fei"
2026-11-14T05:00:00.000Z,11,Alabama,Vanderbilt,FirstBank Stadium,no,40351,,,,,,,,,-6.578288822764381,60.08,,,,,,,"blend of 3 margin source(s) (fitted weights): espn_fpi, fei, team_rankings; total from fei"
2026-11-14T05:00:00.000Z,11,Tennessee,Texas A&M,Kyle Field,no,102733,,,,,,,,,5.653268392799968,55.04,,,,,,,"blend of 3 margin source(s) (fitted weights): espn_fpi, fei, team_rankings; total from fei"
2026-11-14T05:00:00.000Z,11,Tulane,Rice,Rice Stadium,no,47000,,,,,,,,,-11.096686229079825,49.519999999999996,,,,,,,"blend of 3 margin source(s) (fitted weights): espn_fpi, fei, team_rankings; total from fei"
2026-11-14T05:00:00.000Z,11,Florida International,Delaware,Delaware Stadium,no,22000,,,,,,,,,6.042562179424179,51.8,,,,,,,"blend of 2 margin source(s) (fitted weights): espn_fpi, fei; total from fei"
2026-11-14T05:00:00.000Z,11,Wisconsin,Maryland,SECU Stadium,no,51802,,,,,,,,,-0.3832500516975441,43.64,,,,,,,"blend of 3 margin source(s) (fitted weights): espn_fpi, fei, team_rankings; total from fei"
2026-11-14T05:00:00.000Z,11,Kansas,West Virginia,Milan Puskar Stadium,no,60000,,,,,,,,,-0.35914186743627285,58.28,,,,,,,"blend of 3 margin source(s) (fitted weights): espn_fpi, fei, team_rankings; total from fei"
2026-11-14T05:00:00.000Z,11,East Carolina,Charlotte,Jerry Richardson Stadium,no,15300,,,,,,,,,-10.090865613658146,49.760000000000005,,,,,,,"blend of 2 margin source(s) (fitted weights): fei, team_rankings; total from fei"
2026-11-14T05:00:00.000Z,11,Purdue,Iowa,Kinnick Stadium,no,69250,,,,,,,,,12.681487258526591,44.96,,,,,,,"blend of 3 margin source(s) (fitted weights): espn_fpi, fei, team_rankings; total from fei"
2026-11-14T05:00:00.000Z,11,Stanford,Virginia Tech,Lane Stadium,no,65632,,,,,,,,,9.632200444572419,51.2,,,,,,,"blend of 3 margin source(s) (fitted weights): espn_fpi, fei, team_rankings; total from fei"
2026-11-14T05:00:00.000Z,11,Baylor,BYU,LaVell Edwards Stadium,no,63470,,,,,,,,,8.711902033685703,57.08,,,,,,,"blend of 3 margin source(s) (fitted weights): espn_fpi, fei, team_rankings; total from fei"
2026-11-14T05:00:00.000Z,11,Northwestern,Ohio State,Ohio Stadium,no,102780,,,,,,,,,25.891474348404532,49.28,,,,,,,"blend of 3 margin source(s) (fitted weights): espn_fpi, fei, team_rankings; total from fei"
2026-11-14T05:00:00.000Z,11,App State,Marshall,Joan C. Edwards Stadium,no,38016,,,,,,,,,4.285564551468244,53.36,,,,,,,"blend of 3 margin source(s) (fitted weights): espn_fpi, fei, team_rankings; total from fei"
2026-11-14T05:00:00.000Z,11,Washington,Michigan State,Spartan Stadium,no,75005,,,,,,,,,-7.075382174829429,54.2,,,,,,,"blend of 3 margin source(s) (fitted weights): espn_fpi, fei, team_rankings; total from fei"
2026-11-14T05:00:00.000Z,11,Kansas State,TCU,Amon G. Carter Stadium,no,46000,,,,,,,,,2.3725649472668744,53.6,,,,,,,"blend of 3 margin source(s) (fitted weights): espn_fpi, fei, team_rankings; total from fei"
2026-11-14T05:00:00.000Z,11,Florida,Kentucky,Kroger Field,no,61000,,,,,,,,,-2.3826393155753136,47.24,,,,,,,"blend of 3 margin source(s) (fitted weights): espn_fpi, fei, team_rankings; total from fei"
2026-11-14T05:00:00.000Z,11,Troy,South Alabama,Hancock Whitney Stadium,no,25450,,,,,,,,,1.305989110101336,50,,,,,,,"blend of 2 margin source(s) (fitted weights): fei, team_rankings; total from fei"
2026-11-14T05:00:00.000Z,11,Wyoming,UTEP,Sun Bowl,no,51500,,,,,,,,,-1.3329089461667811,44,,,,,,,"blend of 3 margin source(s) (fitted weights): espn_fpi, fei, team_rankings; total from fei"
2026-11-14T05:00:00.000Z,11,Syracuse,NC State,Carter-Finley Stadium,no,58000,,,,,,,,,8.000976852562973,50.36,,,,,,,"blend of 3 margin source(s) (fitted weights): espn_fpi, fei, team_rankings; total from fei"
2026-11-14T05:00:00.000Z,11,New Mexico State,Missouri State,Plaster Sports Complex,no,17337,,,,,,,,,6.982577627571869,54.92,,,,,,,"blend of 3 margin source(s) (fitted weights): espn_fpi, fei, team_rankings; total from fei"
2026-11-14T05:00:00.000Z,11,Texas,LSU,Tiger Stadium (LA),no,102321,,,,,,,,,-2.896373803956433,48.44,,,,,,,"blend of 3 margin source(s) (fitted weights): espn_fpi, fei, team_rankings; total from fei"
2026-11-14T05:00:00.000Z,11,Nebraska,Rutgers,SHI Stadium,no,52454,,,,,,,,,-3.886783038813488,59,,,,,,,"blend of 3 margin source(s) (fitted weights): espn_fpi, fei, team_rankings; total from fei"
2026-11-14T05:00:00.000Z,11,Georgia Southern,Georgia State,Center Parc Stadium,no,25000,,,,,,,,,-1.9126557619333373,60.68,,,,,,,"blend of 2 margin source(s) (fitted weights): espn_fpi, fei; total from fei"
2026-11-14T17:00:00.000Z,11,James Madison,UConn,Pratt & Whitney Stadium,no,40000,,,,,,,,,-6.584165244841591,53.84,,,,,,,"blend of 3 margin source(s) (fitted weights): espn_fpi, fei, team_rankings; total from fei"
2026-11-14T20:30:00.000Z,11,Middle Tennessee,Liberty,Williams Stadium (VA),no,25000,,,,,,,,,9.756974441440512,56.120000000000005,,,,,,,"blend of 3 margin source(s) (fitted weights): espn_fpi, fei, team_rankings; total from fei"
2026-11-14T20:30:00.000Z,11,Boston College,Notre Dame,Notre Dame Stadium,no,80795,,,,,,,,,26.999372975901267,53.84,,,,,,,"blend of 3 margin source(s) (fitted weights): espn_fpi, fei, team_rankings; total from fei"
2026-11-14T21:00:00.000Z,11,Fresno State,Texas State,Bobcat Stadium (TX),no,30000,,,,,,,,,1.2699941936551702,51.68,,,,,,,"blend of 3 margin source(s) (fitted weights): espn_fpi, fei, team_rankings; total from fei"
2026-11-14T23:00:00.000Z,11,Oregon State,Boise State,Albertsons Stadium,no,36387,,,,,,,,,12.08548230047596,50.84,,,,,,,"blend of 3 margin source(s) (fitted weights): espn_fpi, fei, team_rankings; total from fei"
2026-11-15T00:00:00.000Z,11,San José State,Air Force,Falcon Stadium,no,46692,,,,,,,,,8.294446627858749,59.6,,,,,,,"blend of 3 margin source(s) (fitted weights): espn_fpi, fei, team_rankings; total from fei"
2026-11-15T00:30:00.000Z,11,UNLV,New Mexico,University Stadium (NM),no,39224,,,,,,,,,-1.7308788949820229,54.44,,,,,,,"blend of 3 margin source(s) (fitted weights): espn_fpi, fei, team_rankings; total from fei"
2026-11-15T02:30:00.000Z,11,Utah State,San Diego State,Snapdragon Stadium,no,35000,,,,,,,,,8.02325682272533,49.040000000000006,,,,,,,"blend of 3 margin source(s) (fitted weights): espn_fpi, fei, team_rankings; total from fei"
2026-11-15T03:30:00.000Z,11,Colorado State,Washington State,Gesa Field,no,32952,,,,,,,,,11.749487065333135,49.760000000000005,,,,,,,"blend of 3 margin source(s) (fitted weights): espn_fpi, fei, team_rankings; total from fei"
2026-11-15T04:00:00.000Z,11,North Dakota State,Hawai'i,Clarence T.C. Ching Athletics Complex,no,15194,,,,,,,,,8.71778878641284,54.8,,,,,,,"blend of 3 margin source(s) (fitted weights): espn_fpi, fei, team_rankings; total from fei"
2026-11-17T05:00:00.000Z,12,Eastern Michigan,Western Michigan,Waldo Stadium,no,30200,,,,,,,,,12.630863305695087,52.760000000000005,,,,,,,"blend of 3 margin source(s) (fitted weights): espn_fpi, fei, team_rankings; total from fei"
2026-11-17T05:00:00.000Z,12,Miami (OH),Kent State,Dix Stadium,no,25319,,,,,,,,,-7.043041341767143,52.760000000000005,,,,,,,"blend of 3 margin source(s) (fitted weights): espn_fpi, fei, team_rankings; total from fei"
2026-11-17T05:00:00.000Z,12,Ball State,Ohio,Peden Stadium,no,24000,,,,,,,,,11.535119955747081,50.72,,,,,,,"blend of 3 margin source(s) (fitted weights): espn_fpi, fei, team_rankings; total from fei"
2026-11-18T05:00:00.000Z,12,Akron,Massachusetts,Warren McGuirk Alumni Stadium,no,17000,,,,,,,,,-1.3710109255357046,52.64,,,,,,,"blend of 3 margin source(s) (fitted weights): espn_fpi, fei, team_rankings; total from fei"
2026-11-18T05:00:00.000Z,12,Central Michigan,Buffalo,UB Stadium,no,30270,,,,,,,,,3.2056250750417408,45.08,,,,,,,"blend of 3 margin source(s) (fitted weights): espn_fpi, fei, team_rankings; total from fei"
2026-11-19T05:00:00.000Z,12,Arkansas State,Louisiana Tech,Joe Aillet Stadium,no,28019,,,,,,,,,2.941853251500485,49.64,,,,,,,"blend of 3 margin source(s) (fitted weights): espn_fpi, fei, team_rankings; total from fei"
2026-11-20T00:30:00.000Z,12,Rice,Temple,Lincoln Financial Field,no,69879,,,,,,,,,6.23601501445454,52.64,,,,,,,"blend of 3 margin source(s) (fitted weights): espn_fpi, fei, team_rankings; total from fei"
2026-11-20T23:00:00.000Z,12,Iowa State,UCF,FBC Mortgage Stadium,no,44206,,,,,,,,,2.61674912561379,49.04,,,,,,,"blend of 3 margin source(s) (fitted weights): espn_fpi, fei, team_rankings; total from fei"
2026-11-21T00:30:00.000Z,12,Clemson,Duke,Wallace Wade Stadium,no,40004,,,,,,,,,-5.04787867414442,53.84,,,,,,,"blend of 3 margin source(s) (fitted weights): espn_fpi, fei, team_rankings; total from fei"
2026-11-21T00:30:00.000Z,12,Bowling Green,Toledo,Glass Bowl,no,26038,,,,,,,,,12.430890463208247,44.72,,,,,,,"blend of 3 margin source(s) (fitted weights): espn_fpi, fei, team_rankings; total from fei"
2026-11-21T01:00:00.000Z,12,Oregon,Michigan State,Spartan Stadium,no,75005,,,,,,,,,-19.129073007884738,55.879999999999995,,,,,,,"blend of 3 margin source(s) (fitted weights): espn_fpi, fei, team_rankings; total from fei"
2026-11-21T01:00:00.000Z,12,UTEP,Air Force,Falcon Stadium,no,46692,,,,,,,,,11.574919440317487,56.6,,,,,,,"blend of 3 margin source(s) (fitted weights): espn_fpi, fei, team_rankings; total from fei"
2026-11-21T05:00:00.000Z,12,Delaware,New Mexico State,Aggie Memorial Stadium,no,28853,,,,,,,,,-3.213581182128001,52.519999999999996,,,,,,,"blend of 3 margin source(s) (fitted weights): espn_fpi, fei, team_rankings; total from fei"
2026-11-21T05:00:00.000Z,12,Hawai'i,Nevada,Mackay Stadium,no,27000,,,,,,,,,-4.737522977860448,50.36,,,,,,,"blend of 3 margin source(s) (fitted weights): espn_fpi, fei, team_rankings; total from fei"
2026-11-21T05:00:00.000Z,12,Virginia Tech,Miami,Hard Rock Stadium,no,64767,,,,,,,,,16.1542141767996,53.12,,,,,,,"blend of 3 margin source(s) (fitted weights): espn_fpi, fei, team_rankings; total from fei"
2026-11-21T05:00:00.000Z,12,Charlotte,Tulsa,Chapman Stadium,no,30000,,,,,,,,,7.062832592357151,49.28,,,,,,,"blend of 2 margin source(s) (fitted weights): fei, team_rankings; total from fei"
2026-11-21T05:00:00.000Z,12,Pittsburgh,Louisville,L&N Federal Credit Union Stadium,no,60000,,,,,,,,,4.562270833824772,45.68,,,,,,,"blend of 3 margin source(s) (fitted weights): espn_fpi, fei, team_rankings; total from fei"
2026-11-21T05:00:00.000Z,12,NC State,Florida State,Doak Campbell Stadium,no,67277,,,,,,,,,6.56816640787687,55.76,,,,,,,"blend of 3 margin source(s) (fitted weights): espn_fpi, fei, team_rankings; total from fei"
2026-11-21T05:00:00.000Z,12,Texas A&M,Oklahoma,"Memorial Stadium (Norman, OK)",no,86112,,,,,,,,,0.8371558062404505,46.88,,,,,,,"blend of 3 margin source(s) (fitted weights): espn_fpi, fei, team_rankings; total from fei"
2026-11-21T05:00:00.000Z,12,Colorado,Cincinnati,Nippert Stadium,no,40000,,,,,,,,,3.9885209218943207,55.519999999999996,,,,,,,"blend of 3 margin source(s) (fitted weights): espn_fpi, fei, team_rankings; total from fei"
2026-11-21T05:00:00.000Z,12,Kentucky,Missouri,Memorial Stadium,no,71168,,,,,,,,,8.002877024301611,46.879999999999995,,,,,,,"blend of 3 margin source(s) (fitted weights): espn_fpi, fei, team_rankings; total from fei"
2026-11-21T05:00:00.000Z,12,Missouri State,Jacksonville State,AmFirst Stadium,no,24000,,,,,,,,,4.401305985543171,56.120000000000005,,,,,,,"blend of 3 margin source(s) (fitted weights): espn_fpi, fei, team_rankings; total from fei"
2026-11-21T05:00:00.000Z,12,Ohio State,Nebraska,"Memorial Stadium (Lincoln, NE)",no,85458,,,,,,,,,-15.80384206547421,52.04,,,,,,,"blend of 3 margin source(s) (fitted weights): espn_fpi, fei, team_rankings; total from fei"
2026-11-21T05:00:00.000Z,12,Middle Tennessee,Sam Houston,Elliott T. Bowers Stadium,no,14000,,,,,,,,,0.5918982454480117,51.08,,,,,,,"blend of 3 margin source(s) (fitted weights): espn_fpi, fei, team_rankings; total from fei"
2026-11-21T05:00:00.000Z,12,Rutgers,Penn State,Beaver Stadium,no,106572,,,,,,,,,14.756118937692097,59.12,,,,,,,"blend of 3 margin source(s) (fitted weights): espn_fpi, fei, team_rankings; total from fei"
2026-11-21T05:00:00.000Z,12,Wake Forest,Georgia Tech,Bobby Dodd Stadium,no,55000,,,,,,,,,2.9204189506772296,52.04,,,,,,,"blend of 3 margin source(s) (fitted weights): espn_fpi, fei, team_rankings; total from fei"
2026-11-21T05:00:00.000Z,12,Utah,TCU,Amon G. Carter Stadium,no,46000,,,,,,,,,-0.9537977004383489,55.4,,,,,,,"blend of 3 margin source(s) (fitted weights): espn_fpi, fei, team_rankings; total from fei"
2026-11-21T05:00:00.000Z,12,Western Kentucky,Liberty,Williams Stadium (VA),no,25000,,,,,,,,,0.15953653011896884,55.52,,,,,,,"blend of 3 margin source(s) (fitted weights): espn_fpi, fei, team_rankings; total from fei"
2026-11-21T05:00:00.000Z,12,Texas Tech,Baylor,McLane Stadium,no,45140,,,,,,,,,-8.809584603663758,49.28,,,,,,,"blend of 3 margin source(s) (fitted weights): espn_fpi, fei, team_rankings; total from fei"
2026-11-21T05:00:00.000Z,12,UL Monroe,App State,Kidd Brewer Stadium,no,30000,,,,,,,,,9.859691269032073,54.44,,,,,,,"blend of 3 margin source(s) (fitted weights): espn_fpi, fei, team_rankings; total from fei"
2026-11-21T05:00:00.000Z,12,Houston,West Virginia,Milan Puskar Stadium,no,60000,,,,,,,,,-2.6374617587639944,53,,,,,,,"blend of 3 margin source(s) (fitted weights): espn_fpi, fei, team_rankings; total from fei"
2026-11-21T05:00:00.000Z,12,Iowa,Illinois,"Memorial Stadium (Champaign, IL)",no,60670,,,,,,,,,-0.5097988552414425,47.120000000000005,,,,,,,"blend of 3 margin source(s) (fitted weights): espn_fpi, fei, team_rankings; total from fei"
2026-11-21T05:00:00.000Z,12,Indiana,Washington,Husky Stadium,no,70138,,,,,,,,,-6.997343699592875,53.36,,,,,,,"blend of 3 margin source(s) (fitted weights): espn_fpi, fei, team_rankings; total from fei"
2026-11-21T05:00:00.000Z,12,BYU,Kansas,Memorial Stadium,no,47000,,,,,,,,,-5.431963335516884,60.56,,,,,,,"blend of 3 margin source(s) (fitted weights): espn_fpi, fei, team_rankings; total from fei"
2026-11-21T05:00:00.000Z,12,Vanderbilt,Florida,Ben Hill Griffin Stadium,no,88548,,,,,,,,,3.7505901751424493,57.92,,,,,,,"blend of 3 margin source(s) (fitted weights): espn_fpi, fei, team_rankings; total from fei"
2026-11-21T05:00:00.000Z,12,Coastal Carolina,Louisiana,Cajun Field,no,41426,,,,,,,,,5.050614320819736,52.879999999999995,,,,,,,"blend of 3 margin source(s) (fitted weights): espn_fpi, fei, team_rankings; total from fei"
2026-11-21T05:00:00.000Z,12,Wisconsin,Purdue,Ross-Ade Stadium,no,57282,,,,,,,,,-2.303555907218792,46.64,,,,,,,"blend of 3 margin source(s) (fitted weights): espn_fpi, fei, team_rankings; total from fei"
2026-11-21T05:00:00.000Z,12,Oklahoma State,Arizona State,Mountain America Stadium,no,65870,,,,,,,,,6.005587311568441,50.12,,,,,,,"blend of 3 margin source(s) (fitted weights): espn_fpi, fei, team_rankings; total from fei"
2026-11-21T05:00:00.000Z,12,Georgia Southern,Troy,Veterans Memorial Stadium (AL),no,30000,,,,,,,,,5.308522438672797,53.72,,,,,,,blend of 1 margin source(s) (fitted weights): fei; total from fei
2026-11-21T05:00:00.000Z,12,South Florida,Florida Atlantic,FAU Stadium,no,29419,,,,,,,,,-7.06759307475664,56,,,,,,,"blend of 3 margin source(s) (fitted weights): espn_fpi, fei, team_rankings; total from fei"
2026-11-21T05:00:00.000Z,12,North Texas,Tulane,Yulman Stadium,no,30000,,,,,,,,,7.77703739555539,58.64,,,,,,,"blend of 3 margin source(s) (fitted weights): espn_fpi, fei, team_rankings; total from fei"
2026-11-21T05:00:00.000Z,12,Arizona,Kansas State,Bill Snyder Family Stadium,no,50000,,,,,,,,,2.2026791406953157,52.28,,,,,,,"blend of 3 margin source(s) (fitted weights): espn_fpi, fei, team_rankings; total from fei"
2026-11-21T05:00:00.000Z,12,Northwestern,Minnesota,Huntington Bank Stadium,no,50850,,,,,,,,,2.8055537564576474,48.92,,,,,,,"blend of 3 margin source(s) (fitted weights): espn_fpi, fei, team_rankings; total from fei"
2026-11-21T05:00:00.000Z,12,Maryland,USC,Los Angeles Memorial Coliseum,no,77500,,,,,,,,,15.461633545277564,57.44,,,,,,,"blend of 3 margin source(s) (fitted weights): espn_fpi, fei, team_rankings; total from fei"
2026-11-21T05:00:00.000Z,12,Arkansas,Texas,DKR-Texas Memorial Stadium,no,100119,,,,,,,,,18.777011635159926,55.760000000000005,,,,,,,"blend of 3 margin source(s) (fitted weights): espn_fpi, fei, team_rankings; total from fei"
2026-11-21T05:00:00.000Z,12,UTSA,UAB,Protective Stadium,no,45000,,,,,,,,,-6.779010265894071,57.92,,,,,,,"blend of 3 margin source(s) (fitted weights): espn_fpi, fei, team_rankings; total from fei"
2026-11-21T05:00:00.000Z,12,North Carolina,Virginia,Scott Stadium,no,61500,,,,,,,,,6.564552322198754,52.16,,,,,,,"blend of 3 margin source(s) (fitted weights): espn_fpi, fei, team_rankings; total from fei"
2026-11-21T05:00:00.000Z,12,Georgia,South Carolina,Williams-Brice Stadium,no,80250,,,,,,,,,-9.294936084764085,49.88,,,,,,,"blend of 3 margin source(s) (fitted weights): espn_fpi, fei, team_rankings; total from fei"
2026-11-21T05:00:00.000Z,12,Georgia State,Marshall,Joan C. Edwards Stadium,no,38016,,,,,,,,,8.381109487477453,52.64,,,,,,,"blend of 3 margin source(s) (fitted weights): espn_fpi, fei, team_rankings; total from fei"
2026-11-21T05:00:00.000Z,12,UCLA,Michigan,Michigan Stadium,no,107601,,,,,,,,,15.63774470822035,55.52,,,,,,,"blend of 3 margin source(s) (fitted weights): espn_fpi, fei, team_rankings; total from fei"
2026-11-21T05:00:00.000Z,12,Stanford,California,California Memorial Stadium,no,62467,,,,,,,,,5.894814639357078,48.8,,,,,,,"blend of 3 margin source(s) (fitted weights): espn_fpi, fei, team_rankings; total from fei"
2026-11-21T05:00:00.000Z,12,Florida International,Kennesaw State,Fifth Third Stadium,no,11040,,,,,,,,,5.701104059394403,51.08,,,,,,,"blend of 2 margin source(s) (fitted weights): espn_fpi, fei; total from fei"
2026-11-21T05:00:00.000Z,12,South Alabama,Southern Miss,M. M. Roberts Stadium,no,36000,,,,,,,,,4.8676364813784785,52.28,,,,,,,"blend of 3 margin source(s) (fitted weights): espn_fpi, fei, team_rankings; total from fei"
2026-11-21T05:00:00.000Z,12,Syracuse,Boston College,"Alumni Stadium (Chestnut Hill, MA)",no,44500,,,,,,,,,1.240521476797099,51.32,,,,,,,"blend of 3 margin source(s) (fitted weights): espn_fpi, fei, team_rankings; total from fei"
2026-11-21T05:00:00.000Z,12,LSU,Tennessee,Neyland Stadium,no,102455,,,,,,,,,0.7499271467149655,54.08,,,,,,,"blend of 3 margin source(s) (fitted weights): espn_fpi, fei, team_rankings; total from fei"
2026-11-21T17:00:00.000Z,12,East Carolina,Army,Michie Stadium,no,38000,,,,,,,,,-0.8364767597421376,51.44,,,,,,,"blend of 3 margin source(s) (fitted weights): espn_fpi, fei, team_rankings; total from fei"
2026-11-21T17:00:00.000Z,12,Memphis,Navy,Navy-Marine Corps Memorial Stadium,no,34000,,,,,,,,,3.1494989868777497,55.88,,,,,,,"blend of 3 margin source(s) (fitted weights): espn_fpi, fei, team_rankings; total from fei"
2026-11-21T20:30:00.000Z,12,Old Dominion,UConn,Pratt & Whitney Stadium,no,40000,,,,,,,,,-3.842511204533734,51.32,,,,,,,"blend of 3 margin source(s) (fitted weights): espn_fpi, fei, team_rankings; total from fei"
2026-11-21T21:00:00.000Z,12,Northern Illinois,North Dakota State,Fargodome,yes,18700,,,,,,,,,4.8062406280108805,53.120000000000005,,,,,,,"blend of 3 margin source(s) (fitted weights): espn_fpi, fei, team_rankings; total from fei"
2026-11-21T23:00:00.000Z,12,Washington State,Texas State,Bobcat Stadium (TX),no,30000,,,,,,,,,0.2533001190397255,53.84,,,,,,,"blend of 3 margin source(s) (fitted weights): espn_fpi, fei, team_rankings; total from fei"
2026-11-22T00:30:00.000Z,12,SMU,Notre Dame,Notre Dame Stadium,no,80795,,,,,,,,,15.221299796644459,53.239999999999995,,,,,,,"blend of 3 margin source(s) (fitted weights): espn_fpi, fei, team_rankings; total from fei"
2026-11-22T00:30:00.000Z,12,Colorado State,Fresno State,Valley Children's Stadium,no,41031,,,,,,,,,10.732792990717687,47.599999999999994,,,,,,,"blend of 3 margin source(s) (fitted weights): espn_fpi, fei, team_rankings; total from fei"
2026-11-22T01:00:00.000Z,12,UNLV,San José State,CEFCU Stadium,no,30456,,,,,,,,,-8.562265268828128,54.92,,,,,,,"blend of 3 margin source(s) (fitted weights): espn_fpi, fei, team_rankings; total from fei"
2026-11-22T02:00:00.000Z,12,New Mexico,Wyoming,War Memorial Stadium,no,29181,,,,,,,,,-3.681905362792463,46.519999999999996,,,,,,,"blend of 3 margin source(s) (fitted weights): espn_fpi, fei, team_rankings; total from fei"
2026-11-22T02:30:00.000Z,12,San Diego State,Boise State,Albertsons Stadium,no,36387,,,,,,,,,5.673977511218243,45.92,,,,,,,"blend of 3 margin source(s) (fitted weights): espn_fpi, fei, team_rankings; total from fei"
2026-11-22T03:30:00.000Z,12,Utah State,Oregon State,Reser Stadium,no,43363,,,,,,,,,1.6117520334676134,53.96,,,,,,,"blend of 3 margin source(s) (fitted weights): espn_fpi, fei, team_rankings; total from fei"
2026-11-24T05:00:00.000Z,13,Kent State,Eastern Michigan,Rynearson Stadium,no,30200,,,,,,,,,4.554335877357715,59,,,,,,,"blend of 3 margin source(s) (fitted weights): espn_fpi, fei, team_rankings; total from fei"
2026-11-24T05:00:00.000Z,13,Miami (OH),Western Michigan,Waldo Stadium,no,30200,,,,,,,,,5.0451129639400625,46.519999999999996,,,,,,,"blend of 3 margin source(s) (fitted weights): espn_fpi, fei, team_rankings; total from fei"
2026-11-27T01:00:00.000Z,13,TCU,Texas Tech,Jones AT&T Stadium,no,60454,,,,,,,,,12.690614911603834,47.24,,,,,,,"blend of 3 margin source(s) (fitted weights): espn_fpi, fei, team_rankings; total from fei"
2026-11-27T05:00:00.000Z,13,Toledo,Ohio,Peden Stadium,no,24000,,,,,,,,,-1.491148652004368,50.72,,,,,,,"blend of 3 margin source(s) (fitted weights): espn_fpi, fei, team_rankings; total from fei"
2026-11-27T05:00:00.000Z,13,Florida Atlantic,East Carolina,Dowdy-Ficklen Stadium,no,50000,,,,,,,,,12.053269293640529,53.72,,,,,,,"blend of 3 margin source(s) (fitted weights): espn_fpi, fei, team_rankings; total from fei"
2026-11-27T05:00:00.000Z,13,Tulane,South Florida,Raymond James Stadium,no,65828,,,,,,,,,0.6379481260569221,53.12,,,,,,,"blend of 3 margin source(s) (fitted weights): espn_fpi, fei, team_rankings; total from fei"
2026-11-27T05:00:00.000Z,13,Buffalo,Akron,InfoCision Stadium,no,30000,,,,,,,,,-2.2275516780042137,45.44,,,,,,,"blend of 3 margin source(s) (fitted weights): espn_fpi, fei, team_rankings; total from fei"
2026-11-27T05:00:00.000Z,13,Temple,Memphis,Simmons Bank Liberty Stadium,no,58325,,,,,,,,,9.741888006570644,56.480000000000004,,,,,,,"blend of 3 margin source(s) (fitted weights): espn_fpi, fei, team_rankings; total from fei"
2026-11-27T17:00:00.000Z,13,Nebraska,Iowa,Kinnick Stadium,no,69250,,,,,,,,,5.567352566738005,45.08,,,,,,,"blend of 3 margin source(s) (fitted weights): espn_fpi, fei, team_rankings; total from fei"
2026-11-27T17:00:00.000Z,13,Mississippi State,Ole Miss,Vaught-Hemingway Stadium,no,64038,,,,,,,,,12.807752701483189,58.28,,,,,,,"blend of 3 margin source(s) (fitted weights): espn_fpi, fei, team_rankings; total from fei"
2026-11-27T20:00:00.000Z,13,App State,South Alabama,Hancock Whitney Stadium,no,25450,,,,,,,,,2.4695262409339716,57.68,,,,,,,"blend of 3 margin source(s) (fitted weights): espn_fpi, fei, team_rankings; total from fei"
2026-11-27T20:30:00.000Z,13,Florida,Florida State,Doak Campbell Stadium,no,67277,,,,,,,,,1.2874647946326436,53.72,,,,,,,"blend of 3 margin source(s) (fitted weights): espn_fpi, fei, team_rankings; total from fei"
2026-11-27T20:30:00.000Z,13,North Dakota State,San José State,CEFCU Stadium,no,30456,,,,,,,,,1.4659901570311022,53.96,,,,,,,"blend of 3 margin source(s) (fitted weights): espn_fpi, fei, team_rankings; total from fei"
2026-11-28T00:30:00.000Z,13,Minnesota,Wisconsin,Camp Randall Stadium,no,80321,,,,,,,,,5.020022180575676,45.56,,,,,,,"blend of 3 margin source(s) (fitted weights): espn_fpi, fei, team_rankings; total from fei"
2026-11-28T00:30:00.000Z,13,Texas,Texas A&M,Kyle Field,no,102733,,,,,,,,,-1.5902231417870987,49.4,,,,,,,"blend of 3 margin source(s) (fitted weights): espn_fpi, fei, team_rankings; total from fei"
2026-11-28T02:00:00.000Z,13,West Virginia,Utah,Rice-Eccles Stadium,no,51444,,,,,,,,,11.991627632475314,53.599999999999994,,,,,,,"blend of 3 margin source(s) (fitted weights): espn_fpi, fei, team_rankings; total from fei"
2026-11-28T05:00:00.000Z,13,Penn State,Maryland,SECU Stadium,no,51802,,,,,,,,,-8.417597419127556,49.879999999999995,,,,,,,"blend of 3 margin source(s) (fitted weights): espn_fpi, fei, team_rankings; total from fei"
2026-11-28T05:00:00.000Z,13,Michigan State,Rutgers,SHI Stadium,no,52454,,,,,,,,,2.2988074785460286,59.12,,,,,,,"blend of 3 margin source(s) (fitted weights): espn_fpi, fei, team_rankings; total from fei"
2026-11-28T05:00:00.000Z,13,Marshall,UL Monroe,Malone Stadium,no,27617,,,,,,,,,-6.499688504481921,49.879999999999995,,,,,,,"blend of 3 margin source(s) (fitted weights): espn_fpi, fei, team_rankings; total from fei"
2026-11-28T05:00:00.000Z,13,Pittsburgh,California,California Memorial Stadium,no,62467,,,,,,,,,-3.0083309191194045,47.36,,,,,,,"blend of 3 margin source(s) (fitted weights): espn_fpi, fei, team_rankings; total from fei"
2026-11-28T05:00:00.000Z,13,Georgia Tech,Georgia,Sanford Stadium,no,92746,,,,,,,,,19.976541102371097,57.32,,,,,,,"blend of 3 margin source(s) (fitted weights): espn_fpi, fei, team_rankings; total from fei"
2026-11-28T05:00:00.000Z,13,SMU,Stanford,Stanford Stadium,no,50424,,,,,,,,,-9.605135165631847,50.84,,,,,,,"blend of 3 margin source(s) (fitted weights): espn_fpi, fei, team_rankings; total from fei"
2026-11-28T05:00:00.000Z,13,Army,Rice,Rice Stadium,no,47000,,,,,,,,,-5.689744059587306,50.120000000000005,,,,,,,"blend of 3 margin source(s) (fitted weights): espn_fpi, fei, team_rankings; total from fei"
2026-11-28T05:00:00.000Z,13,Duke,Wake Forest,Allegacy Federal Credit Union Stadium,no,31500,,,,,,,,,2.688221553699718,53.480000000000004,,,,,,,"blend of 3 margin source(s) (fitted weights): espn_fpi, fei, team_rankings; total from fei"
2026-11-28T05:00:00.000Z,13,NC State,North Carolina,Kenan Stadium,no,50500,,,,,,,,,0.3485871658822559,54.68,,,,,,,"blend of 3 margin source(s) (fitted weights): espn_fpi, fei, team_rankings; total from fei"
2026-11-28T05:00:00.000Z,13,Coastal Carolina,James Madison,Bridgeforth Stadium,no,24877,,,,,,,,,12.45215888197518,50.96,,,,,,,"blend of 3 margin source(s) (fitted weights): espn_fpi, fei, team_rankings; total from fei"
2026-11-28T05:00:00.000Z,13,South Carolina,Clemson,"Memorial Stadium (Clemson, SC)",no,81500,,,,,,,,,4.048767784197248,44.959999999999994,,,,,,,"blend of 3 margin source(s) (fitted weights): espn_fpi, fei, team_rankings; total from fei"
2026-11-28T05:00:00.000Z,13,Cincinnati,BYU,LaVell Edwards Stadium,no,63470,,,,,,,,,9.731100251401134,58.04,,,,,,,"blend of 3 margin source(s) (fitted weights): espn_fpi, fei, team_rankings; total from fei"
2026-11-28T05:00:00.000Z,13,Massachusetts,Bowling Green,Doyt L. Perry Stadium,no,24000,,,,,,,,,9.451477904876992,48.92,,,,,,,"blend of 3 margin source(s) (fitted weights): espn_fpi, fei, team_rankings; total from fei"
2026-11-28T05:00:00.000Z,13,UTEP,Northern Illinois,Huskie Stadium,no,23595,,,,,,,,,4.653809343435144,48.08,,,,,,,"blend of 3 margin source(s) (fitted weights): espn_fpi, fei, team_rankings; total from fei"
2026-11-28T05:00:00.000Z,13,Liberty,Missouri State,Plaster Sports Complex,no,17337,,,,,,,,,0.1068343129730529,59.599999999999994,,,,,,,"blend of 3 margin source(s) (fitted weights): espn_fpi, fei, team_rankings; total from fei"
2026-11-28T05:00:00.000Z,13,Auburn,Alabama,Bryant-Denny Stadium,no,101821,,,,,,,,,10.212965734732311,49.519999999999996,,,,,,,"blend of 3 margin source(s) (fitted weights): espn_fpi, fei, team_rankings; total from fei"
2026-11-28T05:00:00.000Z,13,Sacramento State,Hawai'i,Clarence T.C. Ching Athletics Complex,no,15194,,,,,,,,,10.12028855456322,54.8,,,,,,,"blend of 3 margin source(s) (fitted weights): espn_fpi, fei, team_rankings; total from fei"
2026-11-28T05:00:00.000Z,13,Virginia,Virginia Tech,Lane Stadium,no,65632,,,,,,,,,0.6800660330232988,51.8,,,,,,,"blend of 3 margin source(s) (fitted weights): espn_fpi, fei, team_rankings; total from fei"
2026-11-28T05:00:00.000Z,13,Central Michigan,Ball State,Scheumann Stadium,no,22500,,,,,,,,,-1.7309275228555858,48.08,,,,,,,"blend of 3 margin source(s) (fitted weights): espn_fpi, fei, team_rankings; total from fei"
2026-11-28T05:00:00.000Z,13,Kansas State,Iowa State,Jack Trice Stadium,no,61500,,,,,,,,,-1.9808054381687512,51.44,,,,,,,"blend of 3 margin source(s) (fitted weights): espn_fpi, fei, team_rankings; total from fei"
2026-11-28T05:00:00.000Z,13,Kansas,Oklahoma State,Boone Pickens Stadium,no,55509,,,,,,,,,0.648071305964268,57.44,,,,,,,"blend of 3 margin source(s) (fitted weights): espn_fpi, fei, team_rankings; total from fei"
2026-11-28T05:00:00.000Z,13,Troy,Arkansas State,Centennial Bank Stadium,no,30382,,,,,,,,,-1.279389141627945,46.400000000000006,,,,,,,"blend of 2 margin source(s) (fitted weights): fei, team_rankings; total from fei"
2026-11-28T05:00:00.000Z,13,Washington,Oregon,Autzen Stadium,no,54000,,,,,,,,,14.602213271728107,56.96,,,,,,,"blend of 3 margin source(s) (fitted weights): espn_fpi, fei, team_rankings; total from fei"
2026-11-28T05:00:00.000Z,13,USC,UCLA,Rose Bowl,no,88565,,,,,,,,,-10.92994379856367,62,,,,,,,"blend of 3 margin source(s) (fitted weights): espn_fpi, fei, team_rankings; total from fei"
2026-11-28T05:00:00.000Z,13,Southern Miss,Old Dominion,S.B. Ballard Stadium,no,20118,,,,,,,,,6.194354362432702,45.8,,,,,,,"blend of 3 margin source(s) (fitted weights): espn_fpi, fei, team_rankings; total from fei"
2026-11-28T05:00:00.000Z,13,Boston College,Miami,Hard Rock Stadium,no,64767,,,,,,,,,22.862307757651383,53.36,,,,,,,"blend of 3 margin source(s) (fitted weights): espn_fpi, fei, team_rankings; total from fei"
2026-11-28T05:00:00.000Z,13,Arizona State,Arizona,Arizona Stadium,no,50782,,,,,,,,,4.546830236451392,51.44,,,,,,,"blend of 3 margin source(s) (fitted weights): espn_fpi, fei, team_rankings; total from fei"
2026-11-28T05:00:00.000Z,13,Sam Houston,Florida International,Pitbull Stadium,no,20000,,,,,,,,,7.07370959901361,47.959999999999994,,,,,,,"blend of 2 margin source(s) (fitted weights): espn_fpi, fei; total from fei"
2026-11-28T05:00:00.000Z,13,Louisiana,Georgia State,Center Parc Stadium,no,25000,,,,,,,,,-2.773081745215582,54.92,,,,,,,"blend of 3 margin source(s) (fitted weights): espn_fpi, fei, team_rankings; total from fei"
2026-11-28T05:00:00.000Z,13,Navy,Charlotte,Jerry Richardson Stadium,no,15300,,,,,,,,,-9.959213671703338,52.88,,,,,,,"blend of 2 margin source(s) (fitted weights): fei, team_rankings; total from fei"
2026-11-28T05:00:00.000Z,13,UAB,North Texas,DATCU Stadium,no,30850,,,,,,,,,11.724346311357312,62.480000000000004,,,,,,,"blend of 3 margin source(s) (fitted weights): espn_fpi, fei, team_rankings; total from fei"
2026-11-28T05:00:00.000Z,13,Purdue,Indiana,"Memorial Stadium (Bloomington, IN)",no,52656,,,,,,,,,22.646837364869764,52.040000000000006,,,,,,,"blend of 3 margin source(s) (fitted weights): espn_fpi, fei, team_rankings; total from fei"
2026-11-28T05:00:00.000Z,13,UCF,Colorado,Folsom Field,no,50183,,,,,,,,,3.158454866824959,49.160000000000004,,,,,,,"blend of 3 margin source(s) (fitted weights): espn_fpi, fei, team_rankings; total from fei"
2026-11-28T05:00:00.000Z,13,Oklahoma,Missouri,Memorial Stadium,no,71168,,,,,,,,,-1.9460432874277918,46.04,,,,,,,"blend of 3 margin source(s) (fitted weights): espn_fpi, fei, team_rankings; total from fei"
2026-11-28T05:00:00.000Z,13,Baylor,Houston,TDECU Stadium,no,40000,,,,,,,,,3.009736150823741,56.84,,,,,,,"blend of 3 margin source(s) (fitted weights): espn_fpi, fei, team_rankings; total from fei"
2026-11-28T05:00:00.000Z,13,Illinois,Northwestern,Ryan Field,no,35000,,,,,,,,,-2.402573801062893,52.160000000000004,,,,,,,"blend of 3 margin source(s) (fitted weights): espn_fpi, fei, team_rankings; total from fei"
2026-11-28T05:00:00.000Z,13,Tennessee,Vanderbilt,FirstBank Stadium,no,40351,,,,,,,,,-2.277924533583321,62.96,,,,,,,"blend of 3 margin source(s) (fitted weights): espn_fpi, fei, team_rankings; total from fei"
2026-11-28T05:00:00.000Z,13,UConn,Wyoming,War Memorial Stadium,no,29181,,,,,,,,,1.2453877989398872,50.120000000000005,,,,,,,"blend of 3 margin source(s) (fitted weights): espn_fpi, fei, team_rankings; total from fei"
2026-11-28T05:00:00.000Z,13,Louisville,Kentucky,Kroger Field,no,61000,,,,,,,,,-0.8827918551458362,45.92,,,,,,,"blend of 3 margin source(s) (fitted weights): espn_fpi, fei, team_rankings; total from fei"
2026-11-28T05:00:00.000Z,13,LSU,Arkansas,Razorback Stadium,no,80000,,,,,,,,,-8.235070515185097,55.879999999999995,,,,,,,"blend of 3 margin source(s) (fitted weights): espn_fpi, fei, team_rankings; total from fei"
2026-11-28T05:00:00.000Z,13,Kennesaw State,Western Kentucky,Houchens Industries-L.T. Smith Stadium,no,22113,,,,,,,,,6.404826452825474,53.6,,,,,,,"blend of 3 margin source(s) (fitted weights): espn_fpi, fei, team_rankings; total from fei"
2026-11-28T05:00:00.000Z,13,Louisiana Tech,Georgia Southern,Allen E. Paulson Stadium,no,25000,,,,,,,,,2.8743396749927808,56.959999999999994,,,,,,,"blend of 2 margin source(s) (fitted weights): espn_fpi, fei; total from fei"
2026-11-28T05:00:00.000Z,13,Tulsa,UTSA,Alamodome,yes,36582,,,,,,,,,7.78259159557311,53,,,,,,,"blend of 3 margin source(s) (fitted weights): espn_fpi, fei, team_rankings; total from fei"
2026-11-28T05:00:00.000Z,13,New Mexico State,Middle Tennessee,"Johnny ""Red"" Floyd Stadium",no,30788,,,,,,,,,2.215813750503902,51.44,,,,,,,"blend of 3 margin source(s) (fitted weights): espn_fpi, fei, team_rankings; total from fei"
2026-11-28T05:00:00.000Z,13,Notre Dame,Syracuse,JMA Wireless Dome,yes,49057,,,,,,,,,-20.594327136679972,49.64,,,,,,,"blend of 3 margin source(s) (fitted weights): espn_fpi, fei, team_rankings; total from fei"
2026-11-28T17:00:00.000Z,13,Michigan,Ohio State,Ohio Stadium,no,102780,,,,,,,,,13.570848640171302,53.24,,,,,,,"blend of 3 margin source(s) (fitted weights): espn_fpi, fei, team_rankings; total from fei"
2026-11-28T20:30:00.000Z,13,Jacksonville State,Delaware,Delaware Stadium,no,22000,,,,,,,,,2.0237873237041555,53.72,,,,,,,"blend of 3 margin source(s) (fitted weights): espn_fpi, fei, team_rankings; total from fei"
2026-11-28T21:30:00.000Z,13,Air Force,New Mexico,University Stadium (NM),no,39224,,,,,,,,,3.6339846233329536,59.120000000000005,,,,,,,"blend of 3 margin source(s) (fitted weights): espn_fpi, fei, team_rankings; total from fei"
2026-11-29T02:00:00.000Z,13,Nevada,UNLV,Allegiant Stadium,yes,65000,,,,,,,,,13.693556933325237,52.519999999999996,,,,,,,"blend of 3 margin source(s) (fitted weights): espn_fpi, fei, team_rankings; total from fei"
2026-12-12T20:00:00.000Z,15,Navy,Army,MetLife Stadium,no,82500,,,,,,,,,-0.6950457549516367,54.56,,,,,,,"blend of 3 margin source(s) (fitted weights): espn_fpi, fei, team_rankings; total from fei"
