kickoff_utc,week,away_team,home_team,venue,dome,capacity,wind_mph,wind_dir,temp_f,precip_pct,away_talent,home_talent,market_spread_home,market_total,model_margin_adjusted,model_total,ats_pick,ats_confidence,total_pick,total_confidence,ml_pick,ml_edge,adjustment_notes
2026-08-29T16:00:00.000Z,1,North Carolina,TCU,Aviva Stadium,no,51700,5,N,66,82,767.89,730.79,-9.5,46.5,10.033117091903168,55.160000000000004,home,low,over,high,away,-0.013089383564718782,"blend of 4 margin source(s) (fitted weights): sagarin_predictor, sagarin_rating, fei, team_rankings; total from fei"
2026-08-29T19:00:00.000Z,1,San José State,USC,Los Angeles Memorial Coliseum,no,77500,6.7,SSW,91.6,0,569.25,899,-39,60.5,26.70620282926396,60.08,away,high,under,low,away,-0.020491705168560248,"blend of 4 margin source(s) (fitted weights): sagarin_predictor, sagarin_rating, fei, team_rankings; total from fei"
2026-08-29T19:30:00.000Z,1,NC State,Virginia,Scott Stadium,no,61500,4.5,ESE,85.6,5,757.14,700.18,-4,52.5,2.273566126805587,51.08,away,medium,under,low,,-0.014617294727632846,"blend of 4 margin source(s) (fitted weights): sagarin_predictor, sagarin_rating, fei, team_rankings; total from fei"
2026-08-29T21:30:00.000Z,1,Jacksonville State,North Dakota State,Fargodome,yes,18700,,,,,602.83,515.59,-7,46.5,1.3183747598116227,53.72,away,high,over,high,away,-0.20408748551772204,"blend of 4 margin source(s) (fitted weights): sagarin_predictor, sagarin_rating, fei, team_rankings; total from fei"
2026-08-29T22:30:00.000Z,1,Sacramento State,Eastern Michigan,Rynearson Stadium,no,30200,9.5,SW,82,0,561.42,580.64,-9.5,53.5,6.52823388860213,57.56,away,medium,over,medium,away,-0.09244408500644219,"blend of 4 margin source(s) (fitted weights): sagarin_predictor, sagarin_rating, fei, team_rankings; total from fei"
2026-08-29T23:00:00.000Z,1,Hawai'i,Stanford,Stanford Stadium,no,50424,10.8,WNW,77.6,0,556.82,705.81,-4,48.5,6.389508803374854,50.480000000000004,home,medium,over,low,,0.01827600407707619,"blend of 4 margin source(s) (fitted weights): sagarin_predictor, sagarin_rating, fei, team_rankings; total from fei"
2026-08-29T23:00:00.000Z,1,New Mexico State,Florida State,Doak Campbell Stadium,no,67277,3.1,N,81.7,51,460.38,800.2,-32,53.5,23.542632570472367,53.480000000000004,away,high,under,low,away,-0.037224005553599726,"blend of 4 margin source(s) (fitted weights): sagarin_predictor, sagarin_rating, fei, team_rankings; total from fei"
2026-08-30T02:00:00.000Z,1,Memphis,UNLV,Allegiant Stadium,yes,65000,,,,,670.31,696.03,-4.5,56.5,1.2153397478547219,56.6,away,high,over,low,away,-0.10066624002720481,"blend of 4 margin source(s) (fitted weights): sagarin_predictor, sagarin_rating, fei, team_rankings; total from fei"
2026-09-03T22:00:00.000Z,1,Massachusetts,Rutgers,SHI Stadium,no,52454,7,WSW,89.9,20,525.94,709.04,-29.5,52.5,27.220804413249336,60.56,away,medium,over,high,away,-0.007010123258196166,"blend of 4 margin source(s) (fitted weights): sagarin_predictor, sagarin_rating, fei, team_rankings; total from fei"
2026-09-03T23:00:00.000Z,1,Akron,Wake Forest,Allegacy Federal Credit Union Stadium,no,31500,5.8,WSW,96.6,18,546.84,680.87,-23.5,48.5,20.043558220664565,47.24,away,high,under,low,away,-0.04479455546237565,"blend of 4 margin source(s) (fitted weights): sagarin_predictor, sagarin_rating, fei, team_rankings; total from fei"
2026-09-04T00:00:00.000Z,1,Colorado,Georgia Tech,Bobby Dodd Stadium,no,55000,6.5,NW,96,21,731.62,751.65,-6.5,50.5,6.90955289019938,54.68,home,low,over,medium,away,-0.02371920615531664,"blend of 4 margin source(s) (fitted weights): sagarin_predictor, sagarin_rating, fei, team_rankings; total from fei"
2026-09-04T01:00:00.000Z,1,UAB,Illinois,"Memorial Stadium (Champaign, IL)",no,60670,6.9,S,83.7,7,606.18,704.01,-28.5,57,23.133791049348496,58.04,away,high,over,low,away,-0.028610076687098474,"blend of 4 margin source(s) (fitted weights): sagarin_predictor, sagarin_rating, fei, team_rankings; total from fei"
2026-09-04T22:30:00.000Z,1,San José State,Eastern Michigan,Rynearson Stadium,no,30200,19.1,W,98.7,13,569.25,580.64,-4.5,53.5,0.3107471169652157,55.519999999999996,away,high,over,low,away,-0.14972753848520437,"blend of 4 margin source(s) (fitted weights): sagarin_predictor, sagarin_rating, fei, team_rankings; total from fei; wind (19.1mph) downgraded total confidence"
2026-09-05T00:00:00.000Z,1,UTEP,Oklahoma,"Memorial Stadium (Norman, OK)",no,86112,13.5,SSE,98,1,585.76,851.14,-40.5,50.5,31.25127419815272,44.599999999999994,away,high,under,medium,,,"blend of 4 margin source(s) (fitted weights): sagarin_predictor, sagarin_rating, fei, team_rankings; total from fei"
2026-09-05T00:00:00.000Z,1,Toledo,Michigan State,Spartan Stadium,no,75005,12.6,WNW,87.5,11,556.26,685.02,-10,49.5,7.806041036621023,50.36,away,medium,over,low,away,-0.07872039291758426,"blend of 4 margin source(s) (fitted weights): sagarin_predictor, sagarin_rating, fei, team_rankings; total from fei"
2026-09-05T01:00:00.000Z,1,Miami,Stanford,Stanford Stadium,no,50424,9.2,W,67.2,4,885.94,705.81,24.5,48.5,-16.553385349667494,49.28,home,high,over,low,home,0.08610354845629115,"blend of 4 margin source(s) (fitted weights): sagarin_predictor, sagarin_rating, fei, team_rankings; total from fei"
2026-09-05T01:00:00.000Z,1,Fresno State,USC,Los Angeles Memorial Coliseum,no,77500,9,SW,81.5,1,609.75,899,-22.5,51.5,21.263151849252196,55.16,away,medium,over,medium,away,-0.0315739044312886,"blend of 4 margin source(s) (fitted weights): sagarin_predictor, sagarin_rating, fei, team_rankings; total from fei"
2026-09-05T16:00:00.000Z,1,North Texas,Indiana,"Memorial Stadium (Bloomington, IN)",no,52656,8.7,W,94.7,8,602.08,735.26,-40.5,55.5,25.55355680912004,58.64,away,high,over,medium,,,"blend of 4 margin source(s) (fitted weights): sagarin_predictor, sagarin_rating, fei, team_rankings; total from fei"
2026-09-05T16:00:00.000Z,1,Liberty,James Madison,Bridgeforth Stadium,no,24877,13.1,NW,96.3,14,633.35,588.31,-6.5,52.5,9.886953892632594,53.96,home,high,over,low,home,0.05113527940140605,"blend of 4 margin source(s) (fitted weights): sagarin_predictor, sagarin_rating, fei, team_rankings; total from fei"
2026-09-05T16:00:00.000Z,1,Ohio,Nebraska,"Memorial Stadium (Lincoln, NE)",no,85458,7.6,S,81.2,10,522.84,787.45,-23.5,47.5,15.426634698603731,53.36,away,high,over,medium,away,-0.07992407954335778,"blend of 4 margin source(s) (fitted weights): sagarin_predictor, sagarin_rating, fei, team_rankings; total from fei"
2026-09-05T16:00:00.000Z,1,East Carolina,Alabama,Bryant-Denny Stadium,no,101821,4.3,SE,91.4,4,623.79,973.53,-28.5,53.5,21.462618453325895,52.040000000000006,away,high,under,low,away,-0.058340517864871266,"blend of 4 margin source(s) (fitted weights): sagarin_predictor, sagarin_rating, fei, team_rankings; total from fei"
2026-09-05T16:00:00.000Z,1,Coastal Carolina,West Virginia,Milan Puskar Stadium,no,60000,6.5,SW,80.5,15,573.96,707.6,-21.5,56.5,13.888128744907785,51.68,away,high,under,medium,home,0.3211399035654441,"blend of 4 margin source(s) (fitted weights): sagarin_predictor, sagarin_rating, fei, team_rankings; total from fei"
2026-09-05T16:00:00.000Z,1,Oregon State,Houston,TDECU Stadium,no,40000,5,SSW,92,8,635.79,695.93,-21,51.5,14.03339403014633,53.239999999999995,away,high,over,low,away,-0.07475570308005475,"blend of 4 margin source(s) (fitted weights): sagarin_predictor, sagarin_rating, fei, team_rankings; total from fei"
2026-09-05T16:30:00.000Z,1,Ball State,Ohio State,Ohio Stadium,no,102780,4.5,W,88.7,8,563.88,964.27,-51,56.5,42.876590900590124,49.4,away,high,under,high,,,"blend of 4 margin source(s) (fitted weights): sagarin_predictor, sagarin_rating, fei, team_rankings; total from fei"
2026-09-05T16:30:00.000Z,1,Miami (OH),Pittsburgh,Acrisure Stadium,no,68400,5.4,WNW,80.5,10,621.37,675.02,-16,49.5,16.114678025833157,45.56,home,low,under,medium,away,-0.004384813517067543,"blend of 4 margin source(s) (fitted weights): sagarin_predictor, sagarin_rating, fei, team_rankings; total from fei"
2026-09-05T16:45:00.000Z,1,Kent State,South Carolina,Williams-Brice Stadium,no,80250,6.6,WSW,102.4,3,522.83,862.87,-36.5,53,27.274525731238462,51.44,away,high,under,low,home,0.45587090377574846,"blend of 4 margin source(s) (fitted weights): sagarin_predictor, sagarin_rating, fei, team_rankings; total from fei"
2026-09-05T19:30:00.000Z,1,Marshall,Penn State,Beaver Stadium,no,106572,9.8,NW,87.9,15,594.71,774.04,-24.5,54.5,21.42444978543314,50.96,away,high,under,medium,away,-0.011211057684057946,"blend of 4 margin source(s) (fitted weights): sagarin_predictor, sagarin_rating, fei, team_rankings; total from fei"
2026-09-05T19:30:00.000Z,1,Tulane,Duke,Wallace Wade Stadium,no,40004,7.9,WSW,104.5,25,665.11,668.47,-9.5,51.5,5.745418707551563,56.599999999999994,away,high,over,medium,away,-0.1105770096909956,"blend of 4 margin source(s) (fitted weights): sagarin_predictor, sagarin_rating, fei, team_rankings; total from fei"
2026-09-05T19:30:00.000Z,1,Baylor,Auburn,Mercedes-Benz Stadium,yes,75000,,,,,723.28,828.19,-7,59.5,8.596715801384605,51.92,home,medium,under,high,away,-0.013502520643580151,"blend of 4 margin source(s) (fitted weights): sagarin_predictor, sagarin_rating, fei, team_rankings; total from fei"
2026-09-05T19:30:00.000Z,1,Boise State,Oregon,Autzen Stadium,no,54000,2.8,SSW,56.5,10,641.17,984.33,-24.5,52.5,22.889816436265512,54.44,away,medium,over,low,away,-0.015911661406261324,"blend of 4 margin source(s) (fitted weights): sagarin_predictor, sagarin_rating, fei, team_rankings; total from fei"
2026-09-05T19:30:00.000Z,1,Texas State,Texas,DKR-Texas Memorial Stadium,no,100119,8.4,SSE,99.4,6,624.81,985.17,-30.5,60.5,23.667987287491826,54.8,away,high,under,medium,away,-0.027371358235916188,"blend of 4 margin source(s) (fitted weights): sagarin_predictor, sagarin_rating, fei, team_rankings; total from fei"
2026-09-05T19:30:00.000Z,1,Boston College,Cincinnati,Nippert Stadium,no,40000,6.9,WNW,98,11,660,634.28,-7.5,51.5,7.766187258468259,58.04,home,low,over,high,,-0.03945354597904838,"blend of 4 margin source(s) (fitted weights): sagarin_predictor, sagarin_rating, fei, team_rankings; total from fei"
2026-09-05T19:45:00.000Z,1,Oklahoma State,Tulsa,Chapman Stadium,no,30000,12.6,SSE,105.6,6,672.69,622.84,14,60.5,-6.763528258877498,49.28,home,high,under,high,home,0.16789946330955138,"blend of 4 margin source(s) (fitted weights): sagarin_predictor, sagarin_rating, fei, team_rankings; total from fei"
2026-09-05T20:15:00.000Z,1,Northern Illinois,Iowa,Kinnick Stadium,no,69250,10.7,SE,88.5,9,536.58,722.73,-32,45.5,25.57126988166991,43.76,away,high,under,low,away,-0.01792605016650428,"blend of 4 margin source(s) (fitted weights): sagarin_predictor, sagarin_rating, fei, team_rankings; total from fei"
2026-09-05T22:00:00.000Z,1,Wyoming,Colorado State,Canvas Stadium,no,36500,5.2,SSE,84.7,16,528.29,640.31,-3.5,47.5,1.8265000880790145,47.599999999999994,away,medium,over,low,away,-0.07099527291711816,"blend of 4 margin source(s) (fitted weights): sagarin_predictor, sagarin_rating, fei, team_rankings; total from fei"
2026-09-05T23:00:00.000Z,1,Sam Houston,Troy,Veterans Memorial Stadium (AL),no,30000,6.5,S,88.4,24,554.47,596.19,-17,53,12.176010867555906,45.44,away,high,under,high,away,-0.10786434653727794,"blend of 4 margin source(s) (fitted weights): sagarin_predictor, sagarin_rating, fei, team_rankings; total from fei"
2026-09-05T23:00:00.000Z,1,Florida International,South Florida,Raymond James Stadium,no,65828,3.4,SSE,92.8,40,607.56,703.81,-13,54,13.348522438672802,51.2,home,low,under,medium,,0.014657455012381804,blend of 1 margin source(s) (fitted weights): fei; total from fei
2026-09-05T23:00:00.000Z,1,Arkansas State,Memphis,Simmons Bank Liberty Stadium,no,58325,6.5,S,95.6,15,606.22,670.31,-8.5,55.5,11.64629419817178,52.76,home,high,under,medium,,-0.01129988273606164,"blend of 4 margin source(s) (fitted weights): sagarin_predictor, sagarin_rating, fei, team_rankings; total from fei"
2026-09-05T23:00:00.000Z,1,Missouri State,Texas A&M,Kyle Field,no,102733,13.4,SSE,92.9,7,549.92,933,-40.5,52.5,29.596894327301385,55.64,away,high,over,medium,,,"blend of 4 margin source(s) (fitted weights): sagarin_predictor, sagarin_rating, fei, team_rankings; total from fei"
2026-09-05T23:30:00.000Z,1,Western Michigan,Michigan,Michigan Stadium,no,107601,0.9,SSE,66,8,572.2,890.02,-27.5,47.5,22.702661282523536,50.84,away,high,over,medium,away,-0.036255160396930664,"blend of 4 margin source(s) (fitted weights): sagarin_predictor, sagarin_rating, fei, team_rankings; total from fei"
2026-09-05T23:30:00.000Z,1,Clemson,LSU,Tiger Stadium (LA),no,102321,4.8,SW,87.8,33,862.85,931.76,-10.5,51,7.027237124735019,47.239999999999995,away,high,under,medium,away,-0.11857867083585627,"blend of 4 margin source(s) (fitted weights): sagarin_predictor, sagarin_rating, fei, team_rankings; total from fei"
2026-09-05T23:30:00.000Z,1,UL Monroe,Mississippi State,Davis Wade Stadium,no,61337,5.4,S,87.5,12,505.49,804.53,-28.5,55.5,22.23838641188865,52.64,away,high,under,medium,away,-0.03678187639175956,"blend of 4 margin source(s) (fitted weights): sagarin_predictor, sagarin_rating, fei, team_rankings; total from fei"
2026-09-05T23:45:00.000Z,1,Florida Atlantic,Florida,Ben Hill Griffin Stadium,no,88548,4.5,WSW,93.7,34,593.36,891.07,-26.5,59.5,19.692251745821533,53.36,away,high,under,high,away,-0.04165060522681241,"blend of 4 margin source(s) (fitted weights): sagarin_predictor, sagarin_rating, fei, team_rankings; total from fei"
2026-09-06T02:00:00.000Z,1,Central Michigan,New Mexico,University Stadium (NM),no,39224,6.3,E,72.3,12,540.01,568.19,-11.5,47.5,7.6890205914122385,49.760000000000005,away,high,over,medium,away,-0.1252724430243366,"blend of 4 margin source(s) (fitted weights): sagarin_predictor, sagarin_rating, fei, team_rankings; total from fei"
2026-09-06T02:00:00.000Z,1,UNLV,Hawai'i,Clarence T.C. Ching Athletics Complex,no,15194,11,NE,81,26,696.03,556.82,3,58.5,-0.8390657155677743,55.76,home,medium,under,medium,,0.011555875397350923,"blend of 4 margin source(s) (fitted weights): sagarin_predictor, sagarin_rating, fei, team_rankings; total from fei"
2026-09-06T02:30:00.000Z,1,Western Kentucky,Nevada,Mackay Stadium,no,27000,9.3,NW,64.9,6,611.52,549.99,2.5,53,-3.1327030760220476,49.879999999999995,away,low,under,medium,,-0.015570456923807041,"blend of 4 margin source(s) (fitted weights): sagarin_predictor, sagarin_rating, fei, team_rankings; total from fei"
2026-09-06T02:30:00.000Z,1,UCLA,California,California Memorial Stadium,no,62467,7.9,SSW,64.6,2,774.45,751.92,2,54,0.1071584193244483,53,home,medium,under,low,home,-0.00816236341335197,"blend of 4 margin source(s) (fitted weights): sagarin_predictor, sagarin_rating, fei, team_rankings; total from fei"
2026-09-06T20:00:00.000Z,1,Washington State,Washington,Husky Stadium,no,70138,2.7,S,70.5,12,630.29,777.63,-23.5,50.5,15.892663886355965,50.84,away,high,over,low,away,-0.09140035789265444,"blend of 4 margin source(s) (fitted weights): sagarin_predictor, sagarin_rating, fei, team_rankings; total from fei"
2026-09-06T23:30:00.000Z,1,Wisconsin,Notre Dame,Lambeau Field,no,80735,10.9,SE,82.5,7,767.68,953.03,-20.5,47.5,17.495956768890714,46.400000000000006,away,high,under,low,away,-0.050709062175469555,"blend of 4 margin source(s) (fitted weights): sagarin_predictor, sagarin_rating, fei, team_rankings; total from fei"
2026-09-06T23:30:00.000Z,1,Louisville,Ole Miss,Nissan Stadium,no,69143,4.8,SE,87,20,739.97,885.72,-6.5,55.5,9.145358646947301,54.56,home,medium,under,low,,0.016036353607037257,"blend of 4 margin source(s) (fitted weights): sagarin_predictor, sagarin_rating, fei, team_rankings; total from fei"
2026-09-07T23:30:00.000Z,1,SMU,Florida State,Doak Campbell Stadium,no,67277,2,E,90.4,18,764.5,800.2,2.5,53.5,0.9108568593832362,56.12,home,high,over,medium,home,0.08619107828020817,"blend of 4 margin source(s) (fitted weights): sagarin_predictor, sagarin_rating, fei, team_rankings; total from fei"
2026-09-11T23:30:00.000Z,2,Rutgers,Boston College,"Alumni Stadium (Chestnut Hill, MA)",no,44500,,,,,709.04,660,,,-1.6219511854601678,60.32,,,,,,,"blend of 4 margin source(s) (fitted weights): sagarin_predictor, sagarin_rating, fei, team_rankings; total from fei"
2026-09-12T00:00:00.000Z,2,Missouri,Kansas,Memorial Stadium,no,47000,,,,,808.36,684.51,7,53.5,-3.2859423760441753,57.2,home,high,over,medium,home,0.09367225811406982,"blend of 4 margin source(s) (fitted weights): sagarin_predictor, sagarin_rating, fei, team_rankings; total from fei"
2026-09-12T16:00:00.000Z,2,Old Dominion,Virginia Tech,Lane Stadium,no,65632,,,,,544.25,769.12,,,7.658392811336413,49.760000000000005,,,,,,,"blend of 4 margin source(s) (fitted weights): sagarin_predictor, sagarin_rating, fei, team_rankings; total from fei"
2026-09-12T16:00:00.000Z,2,Washington State,Kansas State,Bill Snyder Family Stadium,no,50000,,,,,630.29,718.67,,,11.445212923232841,49.519999999999996,,,,,,,"blend of 4 margin source(s) (fitted weights): sagarin_predictor, sagarin_rating, fei, team_rankings; total from fei"
2026-09-12T16:00:00.000Z,2,Oregon,Oklahoma State,Boone Pickens Stadium,no,55509,,,,,984.33,672.69,18.5,60.5,-19.176299109257023,53.96,away,low,under,high,,0.0023141612024234204,"blend of 4 margin source(s) (fitted weights): sagarin_predictor, sagarin_rating, fei, team_rankings; total from fei"
2026-09-12T16:00:00.000Z,2,Arizona State,Texas A&M,Kyle Field,no,102733,,,,,722,933,-14.5,51.5,12.14249565587091,50.72,away,medium,under,low,away,-0.04121321746390061,"blend of 4 margin source(s) (fitted weights): sagarin_predictor, sagarin_rating, fei, team_rankings; total from fei"
2026-09-12T16:00:00.000Z,2,Oklahoma,Michigan,Michigan Stadium,no,107601,,,,,851.14,890.02,-1.5,46.5,2.9228995224692973,49.28,home,medium,over,medium,home,0.050736782493486454,"blend of 4 margin source(s) (fitted weights): sagarin_predictor, sagarin_rating, fei, team_rankings; total from fei"
2026-09-12T16:00:00.000Z,2,South Florida,Army,Michie Stadium,no,38000,,,,,703.81,303.83,,,1.4159482415135793,53.72,,,,,,,"blend of 4 margin source(s) (fitted weights): sagarin_predictor, sagarin_rating, fei, team_rankings; total from fei"
2026-09-12T16:00:00.000Z,2,Penn State,Temple,Lincoln Financial Field,no,69879,,,,,774.04,631.07,,,-19.240308949867224,55.4,,,,,,,"blend of 4 margin source(s) (fitted weights): sagarin_predictor, sagarin_rating, fei, team_rankings; total from fei"
2026-09-12T16:00:00.000Z,2,App State,East Carolina,Dowdy-Ficklen Stadium,no,50000,,,,,621.61,623.79,,,9.510765666622781,54.08,,,,,,,"blend of 4 margin source(s) (fitted weights): sagarin_predictor, sagarin_rating, fei, team_rankings; total from fei"
2026-09-12T16:00:00.000Z,2,Wake Forest,Purdue,Ross-Ade Stadium,no,57282,,,,,680.87,698.33,,,-0.15061164453397236,48.92,,,,,,,"blend of 4 margin source(s) (fitted weights): sagarin_predictor, sagarin_rating, fei, team_rankings; total from fei"
2026-09-12T16:45:00.000Z,2,Western Kentucky,Georgia,Sanford Stadium,no,92746,,,,,611.52,1003.67,,,28.011174526004087,54.2,,,,,,,"blend of 4 margin source(s) (fitted weights): sagarin_predictor, sagarin_rating, fei, team_rankings; total from fei"
2026-09-12T19:30:00.000Z,2,Utah State,Washington,Husky Stadium,no,70138,,,,,543.98,777.63,,,21.90992129822398,55.879999999999995,,,,,,,"blend of 4 margin source(s) (fitted weights): sagarin_predictor, sagarin_rating, fei, team_rankings; total from fei"
2026-09-12T19:30:00.000Z,2,Eastern Michigan,Michigan State,Spartan Stadium,no,75005,,,,,580.64,685.02,,,15.750555173276975,56.12,,,,,,,"blend of 4 margin source(s) (fitted weights): sagarin_predictor, sagarin_rating, fei, team_rankings; total from fei"
2026-09-12T19:30:00.000Z,2,California,Syracuse,JMA Wireless Dome,yes,49057,,,,,751.92,745.61,,,-0.11889767403001117,48.68000000000001,,,,,,,"blend of 4 margin source(s) (fitted weights): sagarin_predictor, sagarin_rating, fei, team_rankings; total from fei"
2026-09-12T19:30:00.000Z,2,Maryland,UConn,Pratt & Whitney Stadium,no,40000,,,,,719.64,652.56,,,-8.126060857016341,52.4,,,,,,,"blend of 4 margin source(s) (fitted weights): sagarin_predictor, sagarin_rating, fei, team_rankings; total from fei"
2026-09-12T19:30:00.000Z,2,Duke,Illinois,"Memorial Stadium (Champaign, IL)",no,60670,,,,,668.47,704.01,,,8.547301240460776,59.36,,,,,,,"blend of 4 margin source(s) (fitted weights): sagarin_predictor, sagarin_rating, fei, team_rankings; total from fei"
2026-09-12T19:30:00.000Z,2,Alabama,Kentucky,Kroger Field,no,61000,,,,,973.53,786.65,,,-8.184986645365534,49.4,,,,,,,"blend of 4 margin source(s) (fitted weights): sagarin_predictor, sagarin_rating, fei, team_rankings; total from fei"
2026-09-12T19:30:00.000Z,2,Mississippi State,Minnesota,Huntington Bank Stadium,no,50850,,,,,804.53,728.79,,,3.024889754576127,52.4,,,,,,,"blend of 4 margin source(s) (fitted weights): sagarin_predictor, sagarin_rating, fei, team_rankings; total from fei"
2026-09-12T19:30:00.000Z,2,UTSA,Texas State,Bobcat Stadium (TX),no,30000,,,,,655.82,624.81,,,0.08575823680741368,59,,,,,,,"blend of 4 margin source(s) (fitted weights): sagarin_predictor, sagarin_rating, fei, team_rankings; total from fei"
2026-09-12T19:30:00.000Z,2,Rice,Notre Dame,Notre Dame Stadium,no,80795,,,,,589.89,953.03,,,36.17689088634094,49.879999999999995,,,,,,,"blend of 4 margin source(s) (fitted weights): sagarin_predictor, sagarin_rating, fei, team_rankings; total from fei"
2026-09-12T19:30:00.000Z,2,Arizona,BYU,LaVell Edwards Stadium,no,63470,,,,,699.59,689.42,,,6.232577080637191,53.72,,,,,,,"blend of 4 margin source(s) (fitted weights): sagarin_predictor, sagarin_rating, fei, team_rankings; total from fei"
2026-09-12T19:30:00.000Z,2,UCF,Pittsburgh,Acrisure Stadium,no,68400,,,,,672.14,675.02,,,6.220157518372098,46.16,,,,,,,"blend of 2 margin source(s) (fitted weights): fei, team_rankings; total from fei"
2026-09-12T19:30:00.000Z,2,UL Monroe,UAB,Protective Stadium,no,45000,,,,,505.49,606.18,,,4.824899655608405,55.04,,,,,,,"blend of 4 margin source(s) (fitted weights): sagarin_predictor, sagarin_rating, fei, team_rankings; total from fei"
2026-09-12T19:45:00.000Z,2,UNLV,North Texas,DATCU Stadium,no,30850,,,,,696.03,602.08,,,2.1781628180364736,61.879999999999995,,,,,,,"blend of 4 margin source(s) (fitted weights): sagarin_predictor, sagarin_rating, fei, team_rankings; total from fei"
2026-09-12T20:15:00.000Z,2,Delaware,Vanderbilt,FirstBank Stadium,no,40351,,,,,483.48,727.39,,,22.379296259733593,61.16,,,,,,,"blend of 4 margin source(s) (fitted weights): sagarin_predictor, sagarin_rating, fei, team_rankings; total from fei"
2026-09-12T22:00:00.000Z,2,Jacksonville State,Ohio,Peden Stadium,no,24000,,,,,602.83,522.84,,,3.4599371431755155,52.64,,,,,,,"blend of 4 margin source(s) (fitted weights): sagarin_predictor, sagarin_rating, fei, team_rankings; total from fei"
2026-09-12T22:00:00.000Z,2,Memphis,Boise State,Albertsons Stadium,no,36387,,,,,670.31,641.17,,,5.882350696365443,52.76,,,,,,,"blend of 4 margin source(s) (fitted weights): sagarin_predictor, sagarin_rating, fei, team_rankings; total from fei"
2026-09-12T22:00:00.000Z,2,Buffalo,Florida International,Pitbull Stadium,no,20000,,,,,549.31,607.56,,,1.7085224386727984,44.599999999999994,,,,,,,blend of 1 margin source(s) (fitted weights): fei; total from fei
2026-09-12T23:00:00.000Z,2,Middle Tennessee,Marshall,Joan C. Edwards Stadium,no,38016,,,,,571.5,594.71,,,11.330110781557671,51.32,,,,,,,"blend of 4 margin source(s) (fitted weights): sagarin_predictor, sagarin_rating, fei, team_rankings; total from fei"
2026-09-12T23:00:00.000Z,2,Tennessee,Georgia Tech,Bobby Dodd Stadium,no,55000,,,,,885.9,751.65,,,-6.534962111539179,59.239999999999995,,,,,,,"blend of 4 margin source(s) (fitted weights): sagarin_predictor, sagarin_rating, fei, team_rankings; total from fei"
2026-09-12T23:00:00.000Z,2,Tulsa,Sam Houston,Elliott T. Bowers Stadium,no,14000,,,,,622.84,554.47,,,-4.834221729071471,48.8,,,,,,,"blend of 4 margin source(s) (fitted weights): sagarin_predictor, sagarin_rating, fei, team_rankings; total from fei"
2026-09-12T23:00:00.000Z,2,South Alabama,Tulane,Yulman Stadium,no,30000,,,,,573.38,665.11,,,10.489128904770908,54.44,,,,,,,"blend of 4 margin source(s) (fitted weights): sagarin_predictor, sagarin_rating, fei, team_rankings; total from fei"
2026-09-12T23:00:00.000Z,2,Bowling Green,Nebraska,"Memorial Stadium (Lincoln, NE)",no,85458,,,,,568.33,787.45,,,20.560565529332774,47.36,,,,,,,"blend of 4 margin source(s) (fitted weights): sagarin_predictor, sagarin_rating, fei, team_rankings; total from fei"
2026-09-12T23:00:00.000Z,2,Georgia State,Kennesaw State,Fifth Third Stadium,no,11040,,,,,573.83,502.86,,,5.708662195733299,55.519999999999996,,,,,,,"blend of 4 margin source(s) (fitted weights): sagarin_predictor, sagarin_rating, fei, team_rankings; total from fei"
2026-09-12T23:15:00.000Z,2,San Diego State,UCLA,Rose Bowl,no,88565,,,,,609.22,774.45,,,8.94364328577835,48.67999999999999,,,,,,,"blend of 4 margin source(s) (fitted weights): sagarin_predictor, sagarin_rating, fei, team_rankings; total from fei"
2026-09-12T23:30:00.000Z,2,Louisiana Tech,LSU,Tiger Stadium (LA),no,102321,,,,,543.02,931.76,,,24.182034244427,48.8,,,,,,,"blend of 4 margin source(s) (fitted weights): sagarin_predictor, sagarin_rating, fei, team_rankings; total from fei"
2026-09-12T23:30:00.000Z,2,Iowa State,Iowa,Kinnick Stadium,no,69250,,,,,669.55,722.73,-11.5,41.5,9.708631063577108,43.76,away,medium,over,medium,away,-0.1184964063383358,"blend of 4 margin source(s) (fitted weights): sagarin_predictor, sagarin_rating, fei, team_rankings; total from fei"
2026-09-12T23:30:00.000Z,2,Ohio State,Texas,DKR-Texas Memorial Stadium,no,100119,,,,,964.27,985.17,-1.5,47.5,-4.366114638916012,49.76,away,high,over,medium,away,-0.12489216411652271,"blend of 4 margin source(s) (fitted weights): sagarin_predictor, sagarin_rating, fei, team_rankings; total from fei"
2026-09-12T23:30:00.000Z,2,Navy,Florida Atlantic,FAU Stadium,no,29419,,,,,195.68,593.36,,,-4.643760255148316,56.84,,,,,,,"blend of 4 margin source(s) (fitted weights): sagarin_predictor, sagarin_rating, fei, team_rankings; total from fei"
2026-09-12T23:30:00.000Z,2,Texas Tech,Oregon State,Reser Stadium,no,43363,,,,,767.89,635.79,,,-18.568415335932773,45.68,,,,,,,"blend of 4 margin source(s) (fitted weights): sagarin_predictor, sagarin_rating, fei, team_rankings; total from fei"
2026-09-12T23:30:00.000Z,2,Southern Miss,Auburn,Jordan-Hare Stadium,no,87451,,,,,602.63,828.19,,,24.40410423361414,46.16,,,,,,,"blend of 4 margin source(s) (fitted weights): sagarin_predictor, sagarin_rating, fei, team_rankings; total from fei"
2026-09-12T23:30:00.000Z,2,Georgia Southern,Clemson,"Memorial Stadium (Clemson, SC)",no,81500,,,,,634.19,862.85,,,20.617200089188874,55.400000000000006,,,,,,,"blend of 3 margin source(s) (fitted weights): sagarin_predictor, sagarin_rating, fei; total from fei"
2026-09-12T23:45:00.000Z,2,Charlotte,Ole Miss,Vaught-Hemingway Stadium,no,64038,,,,,576.77,885.72,,,34.02013869100549,55.76,,,,,,,"blend of 4 margin source(s) (fitted weights): sagarin_predictor, sagarin_rating, fei, team_rankings; total from fei"
2026-09-13T02:00:00.000Z,2,North Dakota State,Air Force,Falcon Stadium,no,46692,,,,,515.59,272.35,,,7.0225123039307915,61.64,,,,,,,"blend of 4 margin source(s) (fitted weights): sagarin_predictor, sagarin_rating, fei, team_rankings; total from fei"
2026-09-13T02:15:00.000Z,2,Arkansas,Utah,Rice-Eccles Stadium,no,51444,,,,,745.48,695.72,-9.5,54.5,9.619352823468223,59.72,home,low,over,medium,,-0.03975226784600572,"blend of 4 margin source(s) (fitted weights): sagarin_predictor, sagarin_rating, fei, team_rankings; total from fei"
2026-09-13T02:30:00.000Z,2,Sacramento State,Fresno State,Valley Children's Stadium,no,41031,,,,,561.42,609.75,,,14.299398323692447,49.040000000000006,,,,,,,"blend of 4 margin source(s) (fitted weights): sagarin_predictor, sagarin_rating, fei, team_rankings; total from fei"
2026-09-13T03:00:00.000Z,2,Louisiana,USC,Los Angeles Memorial Coliseum,no,77500,,,,,590.94,899,,,25.14625698855324,60.8,,,,,,,"blend of 4 margin source(s) (fitted weights): sagarin_predictor, sagarin_rating, fei, team_rankings; total from fei"
2026-09-13T03:59:00.000Z,2,New Mexico State,Hawai'i,Clarence T.C. Ching Athletics Complex,no,15194,,,,,460.38,556.82,,,10.18389506845407,51.32000000000001,,,,,,,"blend of 4 margin source(s) (fitted weights): sagarin_predictor, sagarin_rating, fei, team_rankings; total from fei"
2026-09-17T23:30:00.000Z,3,Syracuse,Pittsburgh,Acrisure Stadium,no,68400,,,,,745.61,675.02,,,10.48142871919024,45.8,,,,,,,"blend of 4 margin source(s) (fitted weights): sagarin_predictor, sagarin_rating, fei, team_rankings; total from fei"
2026-09-18T23:30:00.000Z,3,Miami,Wake Forest,Allegacy Federal Credit Union Stadium,no,31500,,,,,885.94,680.87,,,-11.275089829198265,48.2,,,,,,,"blend of 4 margin source(s) (fitted weights): sagarin_predictor, sagarin_rating, fei, team_rankings; total from fei"
2026-09-19T00:00:00.000Z,3,Houston,Texas Tech,Jones AT&T Stadium,no,60454,,,,,695.93,767.89,-13.5,,12.45160302191777,47.480000000000004,away,medium,,,,,"blend of 4 margin source(s) (fitted weights): sagarin_predictor, sagarin_rating, fei, team_rankings; total from fei"
2026-09-19T15:30:00.000Z,3,Coastal Carolina,Delaware,Delaware Stadium,no,22000,,,,,573.96,483.48,,,1.2434981600602986,54.2,,,,,,,"blend of 4 margin source(s) (fitted weights): sagarin_predictor, sagarin_rating, fei, team_rankings; total from fei"
2026-09-19T16:00:00.000Z,3,Kent State,Ohio State,Ohio Stadium,no,102780,,,,,522.83,964.27,,,42.83698846810939,55.040000000000006,,,,,,,"blend of 4 margin source(s) (fitted weights): sagarin_predictor, sagarin_rating, fei, team_rankings; total from fei"
2026-09-19T16:00:00.000Z,3,Akron,Minnesota,Huntington Bank Stadium,no,50850,,,,,546.84,728.79,,,22.733932124659955,49.879999999999995,,,,,,,"blend of 4 margin source(s) (fitted weights): sagarin_predictor, sagarin_rating, fei, team_rankings; total from fei"
2026-09-19T16:00:00.000Z,3,North Texas,Texas State,Bobcat Stadium (TX),no,30000,,,,,602.08,624.81,,,1.7761463029137021,63.56,,,,,,,"blend of 4 margin source(s) (fitted weights): sagarin_predictor, sagarin_rating, fei, team_rankings; total from fei"
2026-09-19T16:00:00.000Z,3,Tulane,Kansas State,Bill Snyder Family Stadium,no,50000,,,,,665.11,718.67,,,11.652117591165524,52.04,,,,,,,"blend of 4 margin source(s) (fitted weights): sagarin_predictor, sagarin_rating, fei, team_rankings; total from fei"
2026-09-19T16:00:00.000Z,3,Georgia,Arkansas,Razorback Stadium,no,80000,,,,,1003.67,745.48,,,-12.215156115622438,59.480000000000004,,,,,,,"blend of 4 margin source(s) (fitted weights): sagarin_predictor, sagarin_rating, fei, team_rankings; total from fei"
2026-09-19T16:00:00.000Z,3,Bowling Green,Iowa State,Jack Trice Stadium,no,61500,,,,,568.33,669.55,,,18.383614346890514,46.040000000000006,,,,,,,"blend of 4 margin source(s) (fitted weights): sagarin_predictor, sagarin_rating, fei, team_rankings; total from fei"
2026-09-19T16:00:00.000Z,3,Buffalo,Penn State,Beaver Stadium,no,106572,,,,,549.31,774.04,,,27.719198828518078,47.36,,,,,,,"blend of 4 margin source(s) (fitted weights): sagarin_predictor, sagarin_rating, fei, team_rankings; total from fei"
2026-09-19T16:00:00.000Z,3,North Carolina,Clemson,"Memorial Stadium (Clemson, SC)",no,81500,,,,,767.89,862.85,,,12.022582416120269,50.84,,,,,,,"blend of 4 margin source(s) (fitted weights): sagarin_predictor, sagarin_rating, fei, team_rankings; total from fei"
2026-09-19T16:00:00.000Z,3,Arizona State,Kansas,Wembley Stadium,no,90000,,,,,722,684.51,,,0.9950510974154303,58.28,,,,,,,"blend of 4 margin source(s) (fitted weights): sagarin_predictor, sagarin_rating, fei, team_rankings; total from fei"
2026-09-19T16:30:00.000Z,3,Eastern Michigan,Wisconsin,Camp Randall Stadium,no,80321,,,,,580.64,767.68,,,21.29297458803735,49.88,,,,,,,"blend of 4 margin source(s) (fitted weights): sagarin_predictor, sagarin_rating, fei, team_rankings; total from fei"
2026-09-19T16:45:00.000Z,3,NC State,Vanderbilt,FirstBank Stadium,no,40351,,,,,757.14,727.39,,,5.81811029376367,59.96,,,,,,,"blend of 4 margin source(s) (fitted weights): sagarin_predictor, sagarin_rating, fei, team_rankings; total from fei"
2026-09-19T16:45:00.000Z,3,Troy,Missouri,Memorial Stadium,no,71168,,,,,596.19,808.36,,,19.388723891354044,45.67999999999999,,,,,,,"blend of 4 margin source(s) (fitted weights): sagarin_predictor, sagarin_rating, fei, team_rankings; total from fei"
2026-09-19T17:00:00.000Z,3,Wyoming,Central Michigan,Kelly/Shorts Stadium,no,30255,,,,,528.29,540.01,,,1.5557765373985961,45.32,,,,,,,"blend of 4 margin source(s) (fitted weights): sagarin_predictor, sagarin_rating, fei, team_rankings; total from fei"
2026-09-19T19:00:00.000Z,3,Temple,Toledo,Glass Bowl,no,26038,,,,,631.07,556.26,,,7.586729458287684,52.64,,,,,,,"blend of 4 margin source(s) (fitted weights): sagarin_predictor, sagarin_rating, fei, team_rankings; total from fei"
2026-09-19T19:30:00.000Z,3,Florida State,Alabama,Bryant-Denny Stadium,no,101821,,,,,800.2,973.53,-15.5,52.5,11.942244687588502,55.88,away,high,over,medium,away,-0.05005079783363353,"blend of 4 margin source(s) (fitted weights): sagarin_predictor, sagarin_rating, fei, team_rankings; total from fei"
2026-09-19T19:30:00.000Z,3,SMU,Louisville,L&N Federal Credit Union Stadium,no,60000,,,,,764.5,739.97,-1.5,56.5,1.9015377418587054,50.6,home,low,under,medium,,0.04297165070362763,"blend of 4 margin source(s) (fitted weights): sagarin_predictor, sagarin_rating, fei, team_rankings; total from fei"
2026-09-19T19:30:00.000Z,3,USC,Rutgers,SHI Stadium,no,52454,,,,,899,709.04,,,-10.235102522505272,66.68,,,,,,,"blend of 4 margin source(s) (fitted weights): sagarin_predictor, sagarin_rating, fei, team_rankings; total from fei"
2026-09-19T19:30:00.000Z,3,Miami (OH),Cincinnati,TQL Stadium,no,26000,,,,,621.37,634.28,,,11.883570969375775,53.599999999999994,,,,,,,"blend of 4 margin source(s) (fitted weights): sagarin_predictor, sagarin_rating, fei, team_rankings; total from fei"
2026-09-19T19:30:00.000Z,3,Utah State,Utah,Rice-Eccles Stadium,no,51444,,,,,543.98,695.72,,,20.835379463297226,56.36,,,,,,,"blend of 4 margin source(s) (fitted weights): sagarin_predictor, sagarin_rating, fei, team_rankings; total from fei"
2026-09-19T19:30:00.000Z,3,Kentucky,Texas A&M,Kyle Field,no,102733,,,,,786.65,933,,,12.015503684086681,47.72,,,,,,,"blend of 4 margin source(s) (fitted weights): sagarin_predictor, sagarin_rating, fei, team_rankings; total from fei"
2026-09-19T19:30:00.000Z,3,UTEP,Michigan,Michigan Stadium,no,107601,,,,,585.76,890.02,,,31.53531314857825,50.6,,,,,,,"blend of 4 margin source(s) (fitted weights): sagarin_predictor, sagarin_rating, fei, team_rankings; total from fei"
2026-09-19T20:00:00.000Z,3,Louisiana Tech,Baylor,McLane Stadium,no,45140,,,,,543.02,723.28,,,14.888305490475034,53.84,,,,,,,"blend of 4 margin source(s) (fitted weights): sagarin_predictor, sagarin_rating, fei, team_rankings; total from fei"
2026-09-19T20:00:00.000Z,3,Western Kentucky,Indiana,"Memorial Stadium (Bloomington, IN)",no,52656,,,,,611.52,735.26,,,28.283675322761688,52.04,,,,,,,"blend of 4 margin source(s) (fitted weights): sagarin_predictor, sagarin_rating, fei, team_rankings; total from fei"
2026-09-19T20:00:00.000Z,3,Ball State,Liberty,Williams Stadium (VA),no,25000,,,,,563.88,633.35,,,11.995148181051096,53,,,,,,,"blend of 4 margin source(s) (fitted weights): sagarin_predictor, sagarin_rating, fei, team_rankings; total from fei"
2026-09-19T20:00:00.000Z,3,Stanford,Duke,Wallace Wade Stadium,no,40004,,,,,705.81,668.47,,,7.394503866583513,54.56,,,,,,,"blend of 4 margin source(s) (fitted weights): sagarin_predictor, sagarin_rating, fei, team_rankings; total from fei"
2026-09-19T20:15:00.000Z,3,Mississippi State,South Carolina,Williams-Brice Stadium,no,80250,,,,,804.53,862.87,,,5.93172555279154,49.16,,,,,,,"blend of 4 margin source(s) (fitted weights): sagarin_predictor, sagarin_rating, fei, team_rankings; total from fei"
2026-09-19T22:00:00.000Z,3,East Carolina,Old Dominion,S.B. Ballard Stadium,no,20118,,,,,623.79,544.25,,,2.3369031018897317,47.36,,,,,,,"blend of 4 margin source(s) (fitted weights): sagarin_predictor, sagarin_rating, fei, team_rankings; total from fei"
2026-09-19T22:00:00.000Z,3,Charlotte,App State,Kidd Brewer Stadium,no,30000,,,,,576.77,621.61,,,10.13068087331009,53.599999999999994,,,,,,,"blend of 4 margin source(s) (fitted weights): sagarin_predictor, sagarin_rating, fei, team_rankings; total from fei"
2026-09-19T22:00:00.000Z,3,Florida International,Florida Atlantic,FAU Stadium,no,29419,,,,,607.56,593.36,,,4.708522438672802,52.4,,,,,,,blend of 1 margin source(s) (fitted weights): fei; total from fei
2026-09-19T22:30:00.000Z,3,Marshall,Missouri State,Plaster Sports Complex,no,17337,,,,,594.71,549.92,,,-3.270111509198219,54.8,,,,,,,"blend of 4 margin source(s) (fitted weights): sagarin_predictor, sagarin_rating, fei, team_rankings; total from fei"
2026-09-19T23:00:00.000Z,3,Nevada,Middle Tennessee,"Johnny ""Red"" Floyd Stadium",no,30788,,,,,549.99,571.5,,,-0.4020801711858979,50.480000000000004,,,,,,,"blend of 4 margin source(s) (fitted weights): sagarin_predictor, sagarin_rating, fei, team_rankings; total from fei"
2026-09-19T23:00:00.000Z,3,Ohio,South Alabama,Hancock Whitney Stadium,no,25450,,,,,522.84,573.38,,,1.1358214997455,55.64,,,,,,,"blend of 4 margin source(s) (fitted weights): sagarin_predictor, sagarin_rating, fei, team_rankings; total from fei"
2026-09-19T23:00:00.000Z,3,Western Michigan,Rice,Rice Stadium,no,47000,,,,,572.2,589.89,,,-4.069403250437356,47,,,,,,,"blend of 4 margin source(s) (fitted weights): sagarin_predictor, sagarin_rating, fei, team_rankings; total from fei"
2026-09-19T23:00:00.000Z,3,Florida,Auburn,Jordan-Hare Stadium,no,87451,,,,,891.07,828.19,-1.5,53.5,3.3582606392767205,47.36,home,medium,under,high,home,0.08312370779483158,"blend of 4 margin source(s) (fitted weights): sagarin_predictor, sagarin_rating, fei, team_rankings; total from fei"
2026-09-19T23:00:00.000Z,3,Georgia State,UCF,FBC Mortgage Stadium,no,44206,,,,,573.83,672.14,,,11.72446486168053,52.16,,,,,,,"blend of 2 margin source(s) (fitted weights): fei, team_rankings; total from fei"
2026-09-19T23:00:00.000Z,3,UConn,Southern Miss,M. M. Roberts Stadium,no,36000,,,,,652.56,602.63,,,-1.5792804150929953,52.64,,,,,,,"blend of 4 margin source(s) (fitted weights): sagarin_predictor, sagarin_rating, fei, team_rankings; total from fei"
2026-09-19T23:00:00.000Z,3,Georgia Southern,Jacksonville State,AmFirst Stadium,no,24000,,,,,634.19,602.83,,,4.464539413854804,58.16,,,,,,,"blend of 3 margin source(s) (fitted weights): sagarin_predictor, sagarin_rating, fei; total from fei"
2026-09-19T23:30:00.000Z,3,West Virginia,Virginia,Bank of America Stadium,no,73778,,,,,707.6,700.18,,,6.1901215079280245,49.760000000000005,,,,,,,"blend of 4 margin source(s) (fitted weights): sagarin_predictor, sagarin_rating, fei, team_rankings; total from fei"
2026-09-19T23:30:00.000Z,3,Michigan State,Notre Dame,Notre Dame Stadium,no,80795,,,,,685.02,953.03,,,23.038376183651078,52.64,,,,,,,"blend of 4 margin source(s) (fitted weights): sagarin_predictor, sagarin_rating, fei, team_rankings; total from fei"
2026-09-19T23:30:00.000Z,3,New Mexico,Oklahoma,"Memorial Stadium (Norman, OK)",no,86112,,,,,568.19,851.14,,,21.940688774736216,47.120000000000005,,,,,,,"blend of 4 margin source(s) (fitted weights): sagarin_predictor, sagarin_rating, fei, team_rankings; total from fei"
2026-09-19T23:30:00.000Z,3,Virginia Tech,Maryland,SECU Stadium,no,51802,,,,,769.12,719.64,,,2.8417394313113977,50.84,,,,,,,"blend of 4 margin source(s) (fitted weights): sagarin_predictor, sagarin_rating, fei, team_rankings; total from fei"
2026-09-19T23:30:00.000Z,3,BYU,Colorado State,Canvas Stadium,no,36500,,,,,689.42,640.31,,,-17.347342825142416,54.32,,,,,,,"blend of 4 margin source(s) (fitted weights): sagarin_predictor, sagarin_rating, fei, team_rankings; total from fei"
2026-09-19T23:30:00.000Z,3,LSU,Ole Miss,Vaught-Hemingway Stadium,no,64038,,,,,931.76,885.72,-1.5,57.5,4.617904896769334,55.400000000000006,home,high,under,medium,home,0.07081993885619886,"blend of 4 margin source(s) (fitted weights): sagarin_predictor, sagarin_rating, fei, team_rankings; total from fei"
2026-09-19T23:30:00.000Z,3,Colorado,Northwestern,Lanny and Sharon Martin Stadium,no,12023,,,,,731.62,688.32,,,6.6910601180084415,48.92,,,,,,,"blend of 4 margin source(s) (fitted weights): sagarin_predictor, sagarin_rating, fei, team_rankings; total from fei"
2026-09-19T23:45:00.000Z,3,Kennesaw State,Tennessee,Neyland Stadium,no,102455,,,,,502.86,885.9,,,25.43577975202735,57.08,,,,,,,"blend of 4 margin source(s) (fitted weights): sagarin_predictor, sagarin_rating, fei, team_rankings; total from fei"
2026-09-20T00:00:00.000Z,3,Arkansas State,TCU,Amon G. Carter Stadium,no,46000,,,,,606.22,730.79,,,19.243877344134575,52.4,,,,,,,"blend of 4 margin source(s) (fitted weights): sagarin_predictor, sagarin_rating, fei, team_rankings; total from fei"
2026-09-20T00:00:00.000Z,3,UAB,Louisiana,Cajun Field,no,41426,,,,,606.18,590.94,,,6.682748430097283,56.24,,,,,,,"blend of 4 margin source(s) (fitted weights): sagarin_predictor, sagarin_rating, fei, team_rankings; total from fei"
2026-09-20T00:00:00.000Z,3,UTSA,Texas,DKR-Texas Memorial Stadium,no,100119,,,,,655.82,985.17,,,21.114884952255466,52.519999999999996,,,,,,,"blend of 4 margin source(s) (fitted weights): sagarin_predictor, sagarin_rating, fei, team_rankings; total from fei"
2026-09-20T02:00:00.000Z,3,James Madison,San Diego State,Snapdragon Stadium,no,35000,,,,,588.31,609.22,,,-0.0795517996010246,45.56,,,,,,,"blend of 4 margin source(s) (fitted weights): sagarin_predictor, sagarin_rating, fei, team_rankings; total from fei"
2026-09-20T02:30:00.000Z,3,North Dakota State,Sacramento State,Hornet Stadium,no,21195,,,,,515.59,561.42,,,-4.085824211837529,56,,,,,,,"blend of 4 margin source(s) (fitted weights): sagarin_predictor, sagarin_rating, fei, team_rankings; total from fei"
2026-09-20T02:30:00.000Z,3,Northern Illinois,Arizona,Arizona Stadium,no,50782,,,,,536.58,699.59,,,21.686230293623037,51.08,,,,,,,"blend of 4 margin source(s) (fitted weights): sagarin_predictor, sagarin_rating, fei, team_rankings; total from fei"
2026-09-20T03:00:00.000Z,3,Purdue,UCLA,Rose Bowl,no,88565,,,,,698.33,774.45,,,6.541026170842809,54.2,,,,,,,"blend of 4 margin source(s) (fitted weights): sagarin_predictor, sagarin_rating, fei, team_rankings; total from fei"
2026-09-20T03:00:00.000Z,3,Fresno State,San José State,CEFCU Stadium,no,30456,,,,,609.75,569.25,,,-2.804190407967988,47,,,,,,,"blend of 4 margin source(s) (fitted weights): sagarin_predictor, sagarin_rating, fei, team_rankings; total from fei"
2026-09-24T23:30:00.000Z,4,Liberty,Coastal Carolina,Brooks Stadium (SC),no,21000,,,,,633.35,573.96,,,-0.4104387329764271,55.400000000000006,,,,,,,"blend of 4 margin source(s) (fitted weights): sagarin_predictor, sagarin_rating, fei, team_rankings; total from fei"
2026-09-25T20:00:00.000Z,4,Army,Temple,Lincoln Financial Field,no,69879,,,,,303.83,631.07,,,-4.3895998430335865,55.16,,,,,,,"blend of 4 margin source(s) (fitted weights): sagarin_predictor, sagarin_rating, fei, team_rankings; total from fei"
2026-09-25T23:00:00.000Z,4,Navy,UAB,Protective Stadium,no,45000,,,,,195.68,606.18,,,-8.492165907215114,57.8,,,,,,,"blend of 4 margin source(s) (fitted weights): sagarin_predictor, sagarin_rating, fei, team_rankings; total from fei"
2026-09-26T00:00:00.000Z,4,Northwestern,Indiana,"Memorial Stadium (Bloomington, IN)",no,52656,,,,,688.32,735.26,,,18.695332684061604,49.400000000000006,,,,,,,"blend of 4 margin source(s) (fitted weights): sagarin_predictor, sagarin_rating, fei, team_rankings; total from fei"
2026-09-26T02:30:00.000Z,4,Clemson,California,California Memorial Stadium,no,62467,,,,,862.85,751.92,,,-4.239700028634453,48.08,,,,,,,"blend of 4 margin source(s) (fitted weights): sagarin_predictor, sagarin_rating, fei, team_rankings; total from fei"
2026-09-26T04:00:00.000Z,4,Southern Miss,Tulane,Yulman Stadium,no,30000,,,,,602.63,665.11,,,14.262839013916569,49.28,,,,,,,"blend of 4 margin source(s) (fitted weights): sagarin_predictor, sagarin_rating, fei, team_rankings; total from fei"
2026-09-26T04:00:00.000Z,4,Minnesota,Washington,Husky Stadium,no,70138,,,,,728.79,777.63,,,9.779984288855978,52.879999999999995,,,,,,,"blend of 4 margin source(s) (fitted weights): sagarin_predictor, sagarin_rating, fei, team_rankings; total from fei"
2026-09-26T04:00:00.000Z,4,Missouri,Mississippi State,Davis Wade Stadium,no,61337,,,,,808.36,804.53,,,-2.0201268565219674,51.56,,,,,,,"blend of 4 margin source(s) (fitted weights): sagarin_predictor, sagarin_rating, fei, team_rankings; total from fei"
2026-09-26T04:00:00.000Z,4,Ball State,Kent State,Dix Stadium,no,25319,,,,,563.88,522.83,,,2.678463004524524,53.239999999999995,,,,,,,"blend of 4 margin source(s) (fitted weights): sagarin_predictor, sagarin_rating, fei, team_rankings; total from fei"
2026-09-26T04:00:00.000Z,4,Massachusetts,Sacramento State,Hornet Stadium,no,21195,,,,,525.94,561.42,,,9.809938478941291,56,,,,,,,"blend of 4 margin source(s) (fitted weights): sagarin_predictor, sagarin_rating, fei, team_rankings; total from fei"
2026-09-26T04:00:00.000Z,4,Notre Dame,Purdue,Ross-Ade Stadium,no,57282,,,,,953.03,698.33,,,-18.708508384821503,52.400000000000006,,,,,,,"blend of 4 margin source(s) (fitted weights): sagarin_predictor, sagarin_rating, fei, team_rankings; total from fei"
2026-09-26T04:00:00.000Z,4,Delaware,Virginia,Scott Stadium,no,61500,,,,,483.48,700.18,,,18.83475209277551,52.28,,,,,,,"blend of 4 margin source(s) (fitted weights): sagarin_predictor, sagarin_rating, fei, team_rankings; total from fei"
2026-09-26T04:00:00.000Z,4,Oklahoma State,West Virginia,Milan Puskar Stadium,no,60000,,,,,672.69,707.6,,,3.5652694921873653,50.120000000000005,,,,,,,"blend of 4 margin source(s) (fitted weights): sagarin_predictor, sagarin_rating, fei, team_rankings; total from fei"
2026-09-26T04:00:00.000Z,4,Louisiana,Charlotte,Jerry Richardson Stadium,no,15300,,,,,590.94,576.77,,,-5.850190662557253,51.32,,,,,,,"blend of 4 margin source(s) (fitted weights): sagarin_predictor, sagarin_rating, fei, team_rankings; total from fei"
2026-09-26T04:00:00.000Z,4,Iowa,Michigan,Michigan Stadium,no,107601,,,,,722.73,890.02,,,6.7266377172101395,46.28,,,,,,,"blend of 4 margin source(s) (fitted weights): sagarin_predictor, sagarin_rating, fei, team_rankings; total from fei"
2026-09-26T04:00:00.000Z,4,Missouri State,SMU,Gerald J. Ford Stadium,no,32000,,,,,549.92,764.5,,,23.4687180297836,57.56,,,,,,,"blend of 4 margin source(s) (fitted weights): sagarin_predictor, sagarin_rating, fei, team_rankings; total from fei"
2026-09-26T04:00:00.000Z,4,Boise State,Western Michigan,Waldo Stadium,no,30200,,,,,641.17,572.2,,,-4.749002663806702,48.32,,,,,,,"blend of 4 margin source(s) (fitted weights): sagarin_predictor, sagarin_rating, fei, team_rankings; total from fei"
2026-09-26T04:00:00.000Z,4,UNLV,Akron,InfoCision Stadium,no,30000,,,,,696.03,546.84,,,-9.214819612388258,53.6,,,,,,,"blend of 4 margin source(s) (fitted weights): sagarin_predictor, sagarin_rating, fei, team_rankings; total from fei"
2026-09-26T04:00:00.000Z,4,South Carolina,Alabama,Bryant-Denny Stadium,no,101821,,,,,862.87,973.53,,,10.674828735595689,48.92,,,,,,,"blend of 4 margin source(s) (fitted weights): sagarin_predictor, sagarin_rating, fei, team_rankings; total from fei"
2026-09-26T04:00:00.000Z,4,San Diego State,Toledo,Glass Bowl,no,26038,,,,,609.22,556.26,,,0.822150567660038,44.599999999999994,,,,,,,"blend of 4 margin source(s) (fitted weights): sagarin_predictor, sagarin_rating, fei, team_rankings; total from fei"
2026-09-26T04:00:00.000Z,4,Texas A&M,LSU,Tiger Stadium (LA),no,102321,,,,,933,931.76,-3,57.5,0.3008151945188902,49.519999999999996,away,medium,under,high,away,-0.07549255055254411,"blend of 4 margin source(s) (fitted weights): sagarin_predictor, sagarin_rating, fei, team_rankings; total from fei"
2026-09-26T04:00:00.000Z,4,Kansas State,Cincinnati,Nippert Stadium,no,40000,,,,,718.67,634.28,,,-3.3104920115234413,56.599999999999994,,,,,,,"blend of 4 margin source(s) (fitted weights): sagarin_predictor, sagarin_rating, fei, team_rankings; total from fei"
2026-09-26T04:00:00.000Z,4,TCU,UCF,FBC Mortgage Stadium,no,44206,,,,,730.79,672.14,,,-1.813563170650541,51.199999999999996,,,,,,,"blend of 2 margin source(s) (fitted weights): fei, team_rankings; total from fei"
2026-09-26T04:00:00.000Z,4,Illinois,Ohio State,Ohio Stadium,no,102780,,,,,704.01,964.27,,,18.412744568637976,54.08,,,,,,,"blend of 4 margin source(s) (fitted weights): sagarin_predictor, sagarin_rating, fei, team_rankings; total from fei"
2026-09-26T04:00:00.000Z,4,Air Force,Nevada,Mackay Stadium,no,27000,,,,,272.35,549.99,,,-4.140186534516744,57.2,,,,,,,"blend of 4 margin source(s) (fitted weights): sagarin_predictor, sagarin_rating, fei, team_rankings; total from fei"
2026-09-26T04:00:00.000Z,4,Virginia Tech,Boston College,"Alumni Stadium (Chestnut Hill, MA)",no,44500,,,,,769.12,660,,,-2.580766793882645,55.28,,,,,,,"blend of 4 margin source(s) (fitted weights): sagarin_predictor, sagarin_rating, fei, team_rankings; total from fei"
2026-09-26T04:00:00.000Z,4,Vanderbilt,Auburn,Jordan-Hare Stadium,no,87451,,,,,727.39,828.19,,,3.576911740075245,55.76,,,,,,,"blend of 4 margin source(s) (fitted weights): sagarin_predictor, sagarin_rating, fei, team_rankings; total from fei"
2026-09-26T04:00:00.000Z,4,Sam Houston,Texas Tech,Jones AT&T Stadium,no,60454,,,,,554.47,767.89,,,33.90324257789954,44.12,,,,,,,"blend of 4 margin source(s) (fitted weights): sagarin_predictor, sagarin_rating, fei, team_rankings; total from fei"
2026-09-26T04:00:00.000Z,4,Northern Illinois,Georgia State,Center Parc Stadium,no,25000,,,,,536.58,573.83,,,2.2392196268481905,53.36,,,,,,,"blend of 4 margin source(s) (fitted weights): sagarin_predictor, sagarin_rating, fei, team_rankings; total from fei"
2026-09-26T04:00:00.000Z,4,Oregon,USC,Los Angeles Memorial Coliseum,no,77500,,,,,984.33,899,5.5,58.5,-5.285946536754172,63.440000000000005,home,low,over,medium,home,0.0455908919739193,"blend of 4 margin source(s) (fitted weights): sagarin_predictor, sagarin_rating, fei, team_rankings; total from fei"
2026-09-26T04:00:00.000Z,4,App State,NC State,Carter-Finley Stadium,no,58000,,,,,621.61,757.14,,,17.096099650651112,55.76,,,,,,,"blend of 4 margin source(s) (fitted weights): sagarin_predictor, sagarin_rating, fei, team_rankings; total from fei"
2026-09-26T04:00:00.000Z,4,Oklahoma,Georgia,Sanford Stadium,no,92746,,,,,851.14,1003.67,-10,52.5,7.7614487856406456,49.519999999999996,away,medium,under,medium,away,-0.07099456288613348,"blend of 4 margin source(s) (fitted weights): sagarin_predictor, sagarin_rating, fei, team_rankings; total from fei"
2026-09-26T04:00:00.000Z,4,Houston,Georgia Southern,Allen E. Paulson Stadium,no,25000,,,,,695.93,634.19,,,-11.976572038531508,59.96,,,,,,,"blend of 3 margin source(s) (fitted weights): sagarin_predictor, sagarin_rating, fei; total from fei"
2026-09-26T04:00:00.000Z,4,Ole Miss,Florida,Ben Hill Griffin Stadium,no,88548,,,,,885.72,891.07,,,-3.395457344525864,55.879999999999995,,,,,,,"blend of 4 margin source(s) (fitted weights): sagarin_predictor, sagarin_rating, fei, team_rankings; total from fei"
2026-09-26T04:00:00.000Z,4,UConn,Miami (OH),Yager Stadium,no,24286,,,,,652.56,621.37,,,3.8638920650023283,52.400000000000006,,,,,,,"blend of 4 margin source(s) (fitted weights): sagarin_predictor, sagarin_rating, fei, team_rankings; total from fei"
2026-09-26T04:00:00.000Z,4,South Florida,Bowling Green,Doyt L. Perry Stadium,no,24000,,,,,703.81,568.33,,,-8.766214404018019,48.32,,,,,,,"blend of 4 margin source(s) (fitted weights): sagarin_predictor, sagarin_rating, fei, team_rankings; total from fei"
2026-09-26T04:00:00.000Z,4,Wake Forest,Louisville,L&N Federal Credit Union Stadium,no,60000,,,,,680.87,739.97,,,7.9593352047372345,46.04,,,,,,,"blend of 4 margin source(s) (fitted weights): sagarin_predictor, sagarin_rating, fei, team_rankings; total from fei"
2026-09-26T04:00:00.000Z,4,James Madison,Old Dominion,S.B. Ballard Stadium,no,20118,,,,,588.31,544.25,,,-0.379999953761182,47,,,,,,,"blend of 4 margin source(s) (fitted weights): sagarin_predictor, sagarin_rating, fei, team_rankings; total from fei"
2026-09-26T04:00:00.000Z,4,Nebraska,Michigan State,Spartan Stadium,no,75005,,,,,787.45,685.02,,,-2.014092803969821,53,,,,,,,"blend of 4 margin source(s) (fitted weights): sagarin_predictor, sagarin_rating, fei, team_rankings; total from fei"
2026-09-26T04:00:00.000Z,4,Florida Atlantic,UL Monroe,Malone Stadium,no,27617,,,,,593.36,505.49,,,-3.3955841635876567,54.08,,,,,,,"blend of 4 margin source(s) (fitted weights): sagarin_predictor, sagarin_rating, fei, team_rankings; total from fei"
2026-09-26T04:00:00.000Z,4,Utah,Iowa State,Jack Trice Stadium,no,61500,,,,,695.72,669.55,,,-5.483711891585505,53.24,,,,,,,"blend of 4 margin source(s) (fitted weights): sagarin_predictor, sagarin_rating, fei, team_rankings; total from fei"
2026-09-26T04:00:00.000Z,4,Wisconsin,Penn State,Beaver Stadium,no,106572,,,,,767.68,774.04,,,8.860561328373251,46.879999999999995,,,,,,,"blend of 4 margin source(s) (fitted weights): sagarin_predictor, sagarin_rating, fei, team_rankings; total from fei"
2026-09-26T04:00:00.000Z,4,UCLA,Maryland,SECU Stadium,no,51802,,,,,774.45,719.64,,,1.2560408027093048,51.2,,,,,,,"blend of 4 margin source(s) (fitted weights): sagarin_predictor, sagarin_rating, fei, team_rankings; total from fei"
2026-09-26T04:00:00.000Z,4,Colorado,Baylor,McLane Stadium,no,45140,,,,,731.62,723.28,,,6.398750840065524,54.56,,,,,,,"blend of 4 margin source(s) (fitted weights): sagarin_predictor, sagarin_rating, fei, team_rankings; total from fei"
2026-09-26T04:00:00.000Z,4,Colorado State,UTSA,Alamodome,yes,36582,,,,,640.31,655.82,,,10.890906082808758,54.92,,,,,,,"blend of 4 margin source(s) (fitted weights): sagarin_predictor, sagarin_rating, fei, team_rankings; total from fei"
2026-09-26T16:00:00.000Z,4,Texas,Tennessee,Neyland Stadium,no,102455,,,,,985.17,885.9,,,-1.2770122934418786,53.959999999999994,,,,,,,"blend of 4 margin source(s) (fitted weights): sagarin_predictor, sagarin_rating, fei, team_rankings; total from fei"
2026-09-26T16:45:00.000Z,4,South Alabama,Kentucky,Kroger Field,no,61000,,,,,573.38,786.65,,,16.927669914561594,51.2,,,,,,,"blend of 4 margin source(s) (fitted weights): sagarin_predictor, sagarin_rating, fei, team_rankings; total from fei"
2026-09-26T19:00:00.000Z,4,Hawai'i,Wyoming,War Memorial Stadium,no,29181,,,,,556.82,528.29,,,-0.09320785504591167,47.84,,,,,,,"blend of 4 margin source(s) (fitted weights): sagarin_predictor, sagarin_rating, fei, team_rankings; total from fei"
2026-09-26T19:30:00.000Z,4,New Mexico,New Mexico State,Aggie Memorial Stadium,no,28853,,,,,568.19,460.38,,,-6.14118148200012,50,,,,,,,"blend of 4 margin source(s) (fitted weights): sagarin_predictor, sagarin_rating, fei, team_rankings; total from fei"
2026-09-26T22:30:00.000Z,4,Central Michigan,Miami,Hard Rock Stadium,no,64767,,,,,540.01,885.94,,,29.396907186820982,49.88,,,,,,,"blend of 4 margin source(s) (fitted weights): sagarin_predictor, sagarin_rating, fei, team_rankings; total from fei"
2026-09-26T23:00:00.000Z,4,Kennesaw State,Arkansas State,Centennial Bank Stadium,no,30382,,,,,502.86,606.22,,,2.0620251232633704,52.400000000000006,,,,,,,"blend of 4 margin source(s) (fitted weights): sagarin_predictor, sagarin_rating, fei, team_rankings; total from fei"
2026-09-26T23:00:00.000Z,4,Middle Tennessee,Jacksonville State,AmFirst Stadium,no,24000,,,,,571.5,602.83,,,9.395682502179096,52.64,,,,,,,"blend of 4 margin source(s) (fitted weights): sagarin_predictor, sagarin_rating, fei, team_rankings; total from fei"
2026-09-26T23:30:00.000Z,4,Troy,Utah State,Maverik Stadium,no,25513,,,,,596.19,543.98,,,2.9858286359526525,49.52,,,,,,,"blend of 4 margin source(s) (fitted weights): sagarin_predictor, sagarin_rating, fei, team_rankings; total from fei"
2026-09-26T23:30:00.000Z,4,Arizona,Washington State,Gesa Field,no,32952,,,,,699.59,630.29,,,-4.602559347198844,49.16,,,,,,,"blend of 4 margin source(s) (fitted weights): sagarin_predictor, sagarin_rating, fei, team_rankings; total from fei"
2026-09-27T00:00:00.000Z,4,Tulsa,Arkansas,Razorback Stadium,no,80000,,,,,622.84,745.48,,,16.265923270178533,56.239999999999995,,,,,,,"blend of 4 margin source(s) (fitted weights): sagarin_predictor, sagarin_rating, fei, team_rankings; total from fei"
2026-09-27T01:00:00.000Z,4,Oregon State,UTEP,Sun Bowl,no,51500,,,,,635.79,585.76,,,-5.199085678625035,48.68,,,,,,,"blend of 4 margin source(s) (fitted weights): sagarin_predictor, sagarin_rating, fei, team_rankings; total from fei"
2026-09-27T02:00:00.000Z,4,Rice,Fresno State,Valley Children's Stadium,no,41031,,,,,589.89,609.75,,,10.436845108590752,44.84,,,,,,,"blend of 4 margin source(s) (fitted weights): sagarin_predictor, sagarin_rating, fei, team_rankings; total from fei"
2026-09-27T02:30:00.000Z,4,Georgia Tech,Stanford,Stanford Stadium,no,50424,,,,,751.65,705.81,,,-3.7044366274787723,53.120000000000005,,,,,,,"blend of 4 margin source(s) (fitted weights): sagarin_predictor, sagarin_rating, fei, team_rankings; total from fei"
2026-10-02T00:00:00.000Z,5,Western Kentucky,New Mexico State,Aggie Memorial Stadium,no,28853,,,,,611.52,460.38,,,-5.193283944329117,50.84,,,,,,,"blend of 4 margin source(s) (fitted weights): sagarin_predictor, sagarin_rating, fei, team_rankings; total from fei"
2026-10-02T01:00:00.000Z,5,North Texas,Tulsa,Chapman Stadium,no,30000,,,,,602.08,622.84,,,-3.2000233734385386,57.56,,,,,,,"blend of 4 margin source(s) (fitted weights): sagarin_predictor, sagarin_rating, fei, team_rankings; total from fei"
2026-10-02T23:00:00.000Z,5,Liberty,Delaware,Delaware Stadium,no,22000,,,,,633.35,483.48,,,-1.8058011449599003,57.2,,,,,,,"blend of 4 margin source(s) (fitted weights): sagarin_predictor, sagarin_rating, fei, team_rankings; total from fei"
2026-10-02T23:00:00.000Z,5,Pittsburgh,Virginia Tech,Lane Stadium,no,65632,,,,,675.02,769.12,,,-1.4999458049116752,49.760000000000005,,,,,,,"blend of 4 margin source(s) (fitted weights): sagarin_predictor, sagarin_rating, fei, team_rankings; total from fei"
2026-10-03T00:00:00.000Z,5,Penn State,Northwestern,Ryan Field,no,35000,,,,,774.04,688.32,,,-6.437131820863908,50.24,,,,,,,"blend of 4 margin source(s) (fitted weights): sagarin_predictor, sagarin_rating, fei, team_rankings; total from fei"
2026-10-03T04:00:00.000Z,5,Stanford,Wake Forest,Allegacy Federal Credit Union Stadium,no,31500,,,,,705.81,680.87,,,7.917156092513002,46.28,,,,,,,"blend of 4 margin source(s) (fitted weights): sagarin_predictor, sagarin_rating, fei, team_rankings; total from fei"
2026-10-03T04:00:00.000Z,5,Baylor,Arizona State,Mountain America Stadium,no,65870,,,,,723.28,722,,,4.766999619693485,54.8,,,,,,,"blend of 4 margin source(s) (fitted weights): sagarin_predictor, sagarin_rating, fei, team_rankings; total from fei"
2026-10-03T04:00:00.000Z,5,Auburn,Tennessee,Neyland Stadium,no,102455,,,,,828.19,885.9,,,6.365630076419755,52.400000000000006,,,,,,,"blend of 4 margin source(s) (fitted weights): sagarin_predictor, sagarin_rating, fei, team_rankings; total from fei"
2026-10-03T04:00:00.000Z,5,Kentucky,South Carolina,Williams-Brice Stadium,no,80250,,,,,786.65,862.87,,,5.426739625901172,44.48,,,,,,,"blend of 4 margin source(s) (fitted weights): sagarin_predictor, sagarin_rating, fei, team_rankings; total from fei"
2026-10-03T04:00:00.000Z,5,Toledo,Ball State,Scheumann Stadium,no,22500,,,,,556.26,563.88,,,-9.430397981523832,47.6,,,,,,,"blend of 4 margin source(s) (fitted weights): sagarin_predictor, sagarin_rating, fei, team_rankings; total from fei"
2026-10-03T04:00:00.000Z,5,Virginia,Florida State,Doak Campbell Stadium,no,67277,,,,,700.18,800.2,,,4.939194798991022,53.239999999999995,,,,,,,"blend of 4 margin source(s) (fitted weights): sagarin_predictor, sagarin_rating, fei, team_rankings; total from fei"
2026-10-03T04:00:00.000Z,5,Maryland,Nebraska,"Memorial Stadium (Lincoln, NE)",no,85458,,,,,719.64,787.45,,,5.720321463850777,49.760000000000005,,,,,,,"blend of 4 margin source(s) (fitted weights): sagarin_predictor, sagarin_rating, fei, team_rankings; total from fei"
2026-10-03T04:00:00.000Z,5,Texas Tech,Colorado,Folsom Field,no,50183,,,,,767.89,731.62,,,-12.50753060812066,45.2,,,,,,,"blend of 4 margin source(s) (fitted weights): sagarin_predictor, sagarin_rating, fei, team_rankings; total from fei"
2026-10-03T04:00:00.000Z,5,Marshall,James Madison,Bridgeforth Stadium,no,24877,,,,,594.71,588.31,,,9.028271525794583,49.16,,,,,,,"blend of 4 margin source(s) (fitted weights): sagarin_predictor, sagarin_rating, fei, team_rankings; total from fei"
2026-10-03T04:00:00.000Z,5,Georgia Southern,Coastal Carolina,Brooks Stadium (SC),no,21000,,,,,634.19,573.96,,,2.51064981662459,58.64,,,,,,,"blend of 3 margin source(s) (fitted weights): sagarin_predictor, sagarin_rating, fei; total from fei"
2026-10-03T04:00:00.000Z,5,UCF,Houston,TDECU Stadium,no,40000,,,,,672.14,695.93,,,3.900746983033811,51.44,,,,,,,"blend of 2 margin source(s) (fitted weights): fei, team_rankings; total from fei"
2026-10-03T04:00:00.000Z,5,UTEP,New Mexico,University Stadium (NM),no,39224,,,,,585.76,568.19,,,11.949445995460287,48.44,,,,,,,"blend of 4 margin source(s) (fitted weights): sagarin_predictor, sagarin_rating, fei, team_rankings; total from fei"
2026-10-03T04:00:00.000Z,5,Bowling Green,Miami (OH),Yager Stadium,no,24286,,,,,568.33,621.37,,,7.939214701424209,44.24,,,,,,,"blend of 4 margin source(s) (fitted weights): sagarin_predictor, sagarin_rating, fei, team_rankings; total from fei"
2026-10-03T04:00:00.000Z,5,UL Monroe,South Alabama,Hancock Whitney Stadium,no,25450,,,,,505.49,573.38,,,8.454562996261203,54.2,,,,,,,"blend of 4 margin source(s) (fitted weights): sagarin_predictor, sagarin_rating, fei, team_rankings; total from fei"
2026-10-03T04:00:00.000Z,5,West Virginia,Iowa State,Jack Trice Stadium,no,61500,,,,,707.6,669.55,,,4.795045306908838,50.599999999999994,,,,,,,"blend of 4 margin source(s) (fitted weights): sagarin_predictor, sagarin_rating, fei, team_rankings; total from fei"
2026-10-03T04:00:00.000Z,5,Florida,Missouri,Memorial Stadium,no,71168,,,,,891.07,808.36,,,3.809537931045207,49.16,,,,,,,"blend of 4 margin source(s) (fitted weights): sagarin_predictor, sagarin_rating, fei, team_rankings; total from fei"
2026-10-03T04:00:00.000Z,5,Boston College,SMU,Gerald J. Ford Stadium,no,32000,,,,,660,764.5,,,14.38929064722953,54.92,,,,,,,"blend of 4 margin source(s) (fitted weights): sagarin_predictor, sagarin_rating, fei, team_rankings; total from fei"
2026-10-03T04:00:00.000Z,5,Cincinnati,Arizona,Arizona Stadium,no,50782,,,,,634.28,699.59,,,7.023280723664541,56.24,,,,,,,"blend of 4 margin source(s) (fitted weights): sagarin_predictor, sagarin_rating, fei, team_rankings; total from fei"
2026-10-03T04:00:00.000Z,5,Memphis,Charlotte,Jerry Richardson Stadium,no,15300,,,,,670.31,576.77,,,-12.78794819932125,52.28,,,,,,,"blend of 4 margin source(s) (fitted weights): sagarin_predictor, sagarin_rating, fei, team_rankings; total from fei"
2026-10-03T04:00:00.000Z,5,UTSA,Rice,Rice Stadium,no,47000,,,,,655.82,589.89,,,-8.019945849876098,52.16,,,,,,,"blend of 4 margin source(s) (fitted weights): sagarin_predictor, sagarin_rating, fei, team_rankings; total from fei"
2026-10-03T04:00:00.000Z,5,Temple,South Florida,Raymond James Stadium,no,65828,,,,,631.07,703.81,,,10.89023331765133,56.239999999999995,,,,,,,"blend of 4 margin source(s) (fitted weights): sagarin_predictor, sagarin_rating, fei, team_rankings; total from fei"
2026-10-03T04:00:00.000Z,5,Western Michigan,Buffalo,UB Stadium,no,30270,,,,,572.2,549.31,,,-4.247106633131958,44,,,,,,,"blend of 4 margin source(s) (fitted weights): sagarin_predictor, sagarin_rating, fei, team_rankings; total from fei"
2026-10-03T04:00:00.000Z,5,Notre Dame,North Carolina,Kenan Stadium,no,50500,,,,,953.03,767.89,,,-19.843206182140058,53.96,,,,,,,"blend of 4 margin source(s) (fitted weights): sagarin_predictor, sagarin_rating, fei, team_rankings; total from fei"
2026-10-03T04:00:00.000Z,5,Old Dominion,Georgia State,Center Parc Stadium,no,25000,,,,,544.25,573.83,,,-7.496498383319604,50.48,,,,,,,"blend of 4 margin source(s) (fitted weights): sagarin_predictor, sagarin_rating, fei, team_rankings; total from fei"
2026-10-03T04:00:00.000Z,5,Arkansas State,Louisiana,Cajun Field,no,41426,,,,,606.22,590.94,,,4.7085366614077815,51.8,,,,,,,"blend of 4 margin source(s) (fitted weights): sagarin_predictor, sagarin_rating, fei, team_rankings; total from fei"
2026-10-03T04:00:00.000Z,5,Vanderbilt,Georgia,Sanford Stadium,no,92746,,,,,727.39,1003.67,,,13.695337103937554,61.04,,,,,,,"blend of 4 margin source(s) (fitted weights): sagarin_predictor, sagarin_rating, fei, team_rankings; total from fei"
2026-10-03T04:00:00.000Z,5,Michigan State,Wisconsin,Camp Randall Stadium,no,80321,,,,,685.02,767.68,,,8.181279986804146,46.879999999999995,,,,,,,"blend of 4 margin source(s) (fitted weights): sagarin_predictor, sagarin_rating, fei, team_rankings; total from fei"
2026-10-03T04:00:00.000Z,5,BYU,TCU,Amon G. Carter Stadium,no,46000,,,,,689.42,730.79,,,-1.3038836563245748,55.040000000000006,,,,,,,"blend of 4 margin source(s) (fitted weights): sagarin_predictor, sagarin_rating, fei, team_rankings; total from fei"
2026-10-03T04:00:00.000Z,5,Eastern Michigan,Massachusetts,Warren McGuirk Alumni Stadium,no,17000,,,,,580.64,525.94,,,-8.421590651412092,57.559999999999995,,,,,,,"blend of 4 margin source(s) (fitted weights): sagarin_predictor, sagarin_rating, fei, team_rankings; total from fei"
2026-10-03T04:00:00.000Z,5,Ohio,Kent State,Dix Stadium,no,25319,,,,,522.84,522.83,,,-6.423155263073974,56.36,,,,,,,"blend of 4 margin source(s) (fitted weights): sagarin_predictor, sagarin_rating, fei, team_rankings; total from fei"
2026-10-03T04:00:00.000Z,5,Middle Tennessee,Kansas,Memorial Stadium,no,47000,,,,,571.5,684.51,,,21.231727897117803,59.72,,,,,,,"blend of 4 margin source(s) (fitted weights): sagarin_predictor, sagarin_rating, fei, team_rankings; total from fei"
2026-10-03T04:00:00.000Z,5,Washington,USC,Los Angeles Memorial Coliseum,no,77500,,,,,777.63,899,,,4.2495051909819415,61.76,,,,,,,"blend of 4 margin source(s) (fitted weights): sagarin_predictor, sagarin_rating, fei, team_rankings; total from fei"
2026-10-03T04:00:00.000Z,5,Miami,Clemson,"Memorial Stadium (Clemson, SC)",no,81500,,,,,885.94,862.85,,,-5.815537999018075,48.56,,,,,,,"blend of 4 margin source(s) (fitted weights): sagarin_predictor, sagarin_rating, fei, team_rankings; total from fei"
2026-10-03T04:00:00.000Z,5,Alabama,Mississippi State,Davis Wade Stadium,no,61337,,,,,973.53,804.53,,,-8.6899725722559,54.08,,,,,,,"blend of 4 margin source(s) (fitted weights): sagarin_predictor, sagarin_rating, fei, team_rankings; total from fei"
2026-10-03T04:00:00.000Z,5,Louisville,NC State,Carter-Finley Stadium,no,58000,,,,,739.97,757.14,,,-0.2868600921407569,50.239999999999995,,,,,,,"blend of 4 margin source(s) (fitted weights): sagarin_predictor, sagarin_rating, fei, team_rankings; total from fei"
2026-10-03T04:00:00.000Z,5,Michigan,Minnesota,Huntington Bank Stadium,no,50850,,,,,890.02,728.79,,,-6.462696482912088,52.879999999999995,,,,,,,"blend of 4 margin source(s) (fitted weights): sagarin_predictor, sagarin_rating, fei, team_rankings; total from fei"
2026-10-03T04:00:00.000Z,5,Army,Louisiana Tech,Joe Aillet Stadium,no,28019,,,,,303.83,543.02,,,-4.128176910404443,50.84,,,,,,,"blend of 4 margin source(s) (fitted weights): sagarin_predictor, sagarin_rating, fei, team_rankings; total from fei"
2026-10-03T04:00:00.000Z,5,Arkansas,Texas A&M,Kyle Field,no,102733,,,,,745.48,933,,,13.048370797983697,56.84,,,,,,,"blend of 4 margin source(s) (fitted weights): sagarin_predictor, sagarin_rating, fei, team_rankings; total from fei"
2026-10-03T04:00:00.000Z,5,Akron,Central Michigan,Kelly/Shorts Stadium,no,30255,,,,,546.84,540.01,,,7.199462007129394,48.92,,,,,,,"blend of 4 margin source(s) (fitted weights): sagarin_predictor, sagarin_rating, fei, team_rankings; total from fei"
2026-10-03T04:00:00.000Z,5,Ohio State,Iowa,Kinnick Stadium,no,69250,,,,,964.27,722.73,,,-10.81665805325305,44.24,,,,,,,"blend of 4 margin source(s) (fitted weights): sagarin_predictor, sagarin_rating, fei, team_rankings; total from fei"
2026-10-03T04:00:00.000Z,5,Purdue,Illinois,"Memorial Stadium (Champaign, IL)",no,60670,,,,,698.33,704.01,,,10.814121231109038,54.8,,,,,,,"blend of 4 margin source(s) (fitted weights): sagarin_predictor, sagarin_rating, fei, team_rankings; total from fei"
2026-10-03T16:00:00.000Z,5,Navy,Air Force,Falcon Stadium,no,46692,,,,,195.68,272.35,,,-1.1173741457409163,61.879999999999995,,,,,,,"blend of 4 margin source(s) (fitted weights): sagarin_predictor, sagarin_rating, fei, team_rankings; total from fei"
2026-10-03T16:00:00.000Z,5,Syracuse,UConn,Pratt & Whitney Stadium,no,40000,,,,,745.61,652.56,,,-4.2194202275576975,52.64,,,,,,,"blend of 4 margin source(s) (fitted weights): sagarin_predictor, sagarin_rating, fei, team_rankings; total from fei"
2026-10-03T19:30:00.000Z,5,California,UNLV,Allegiant Stadium,yes,65000,,,,,751.92,696.03,,,-1.4931481216469393,54.08,,,,,,,"blend of 4 margin source(s) (fitted weights): sagarin_predictor, sagarin_rating, fei, team_rankings; total from fei"
2026-10-03T19:30:00.000Z,5,Wyoming,North Dakota State,Fargodome,yes,18700,,,,,528.29,515.59,,,2.281870745703735,49.04,,,,,,,"blend of 4 margin source(s) (fitted weights): sagarin_predictor, sagarin_rating, fei, team_rankings; total from fei"
2026-10-03T22:00:00.000Z,5,Oregon State,Colorado State,Canvas Stadium,no,36500,,,,,635.79,640.31,,,-0.667936723896573,52.28,,,,,,,"blend of 4 margin source(s) (fitted weights): sagarin_predictor, sagarin_rating, fei, team_rankings; total from fei"
2026-10-03T23:30:00.000Z,5,Utah State,Boise State,Albertsons Stadium,no,36387,,,,,543.98,641.17,,,11.19441716173835,53.36,,,,,,,"blend of 4 margin source(s) (fitted weights): sagarin_predictor, sagarin_rating, fei, team_rankings; total from fei"
2026-10-04T00:00:00.000Z,5,Indiana,Rutgers,SHI Stadium,no,52454,,,,,735.26,709.04,,,-15.695941301639717,58.28,,,,,,,"blend of 4 margin source(s) (fitted weights): sagarin_predictor, sagarin_rating, fei, team_rankings; total from fei"
2026-10-04T01:30:00.000Z,5,Fresno State,Washington State,Gesa Field,no,32952,,,,,609.75,630.29,,,6.398703916001836,44.24,,,,,,,"blend of 4 margin source(s) (fitted weights): sagarin_predictor, sagarin_rating, fei, team_rankings; total from fei"
2026-10-04T02:30:00.000Z,5,Texas State,San Diego State,Snapdragon Stadium,no,35000,,,,,624.81,609.22,,,4.32120072785661,51.44,,,,,,,"blend of 4 margin source(s) (fitted weights): sagarin_predictor, sagarin_rating, fei, team_rankings; total from fei"
2026-10-04T03:59:00.000Z,5,San José State,Hawai'i,Clarence T.C. Ching Athletics Complex,no,15194,,,,,569.25,556.82,,,6.235116837717892,52.760000000000005,,,,,,,"blend of 4 margin source(s) (fitted weights): sagarin_predictor, sagarin_rating, fei, team_rankings; total from fei"
2026-10-07T00:00:00.000Z,6,Southern Miss,Troy,Veterans Memorial Stadium (AL),no,30000,,,,,602.63,596.19,,,8.105518206072361,44.84,,,,,,,"blend of 4 margin source(s) (fitted weights): sagarin_predictor, sagarin_rating, fei, team_rankings; total from fei"
2026-10-07T23:00:00.000Z,6,Jacksonville State,Kennesaw State,Fifth Third Stadium,no,11040,,,,,602.83,502.86,,,0.8782819476943473,53,,,,,,,"blend of 4 margin source(s) (fitted weights): sagarin_predictor, sagarin_rating, fei, team_rankings; total from fei"
2026-10-07T23:30:00.000Z,6,New Mexico State,Florida International,Pitbull Stadium,no,20000,,,,,460.38,607.56,,,3.5085224386727996,48.32,,,,,,,blend of 1 margin source(s) (fitted weights): fei; total from fei
2026-10-08T23:00:00.000Z,6,Sam Houston,Liberty,Williams Stadium (VA),no,25000,,,,,554.47,633.35,,,12.240771756380074,53.36,,,,,,,"blend of 4 margin source(s) (fitted weights): sagarin_predictor, sagarin_rating, fei, team_rankings; total from fei"
2026-10-08T23:00:00.000Z,6,Missouri State,Western Kentucky,Houchens Industries-L.T. Smith Stadium,no,22113,,,,,549.92,611.52,,,8.669086835067361,56.72,,,,,,,"blend of 4 margin source(s) (fitted weights): sagarin_predictor, sagarin_rating, fei, team_rankings; total from fei"
2026-10-08T23:30:00.000Z,6,South Florida,UTSA,Alamodome,yes,36582,,,,,703.81,655.82,,,2.0228288964873906,55.760000000000005,,,,,,,"blend of 4 margin source(s) (fitted weights): sagarin_predictor, sagarin_rating, fei, team_rankings; total from fei"
2026-10-08T23:30:00.000Z,6,South Alabama,Arkansas State,Centennial Bank Stadium,no,30382,,,,,573.38,606.22,,,0.9834090000804815,53.84,,,,,,,"blend of 4 margin source(s) (fitted weights): sagarin_predictor, sagarin_rating, fei, team_rankings; total from fei"
2026-10-09T23:00:00.000Z,6,Florida State,Louisville,L&N Federal Credit Union Stadium,no,60000,,,,,800.2,739.97,,,3.6295414545192437,52.4,,,,,,,"blend of 4 margin source(s) (fitted weights): sagarin_predictor, sagarin_rating, fei, team_rankings; total from fei"
2026-10-10T01:00:00.000Z,6,Wyoming,San José State,CEFCU Stadium,no,30456,,,,,528.29,569.25,,,1.774672733459343,47,,,,,,,"blend of 4 margin source(s) (fitted weights): sagarin_predictor, sagarin_rating, fei, team_rankings; total from fei"
2026-10-10T01:00:00.000Z,6,Iowa,Washington,Husky Stadium,no,70138,,,,,722.73,777.63,,,4.766204379066476,46.28,,,,,,,"blend of 4 margin source(s) (fitted weights): sagarin_predictor, sagarin_rating, fei, team_rankings; total from fei"
2026-10-10T01:00:00.000Z,6,Washington State,Utah State,Maverik Stadium,no,25513,,,,,630.29,543.98,,,-3.3783968398242363,51.44,,,,,,,"blend of 4 margin source(s) (fitted weights): sagarin_predictor, sagarin_rating, fei, team_rankings; total from fei"
2026-10-10T02:15:00.000Z,6,Iowa State,BYU,LaVell Edwards Stadium,no,63470,,,,,669.55,689.42,,,9.417307984123653,52.879999999999995,,,,,,,"blend of 4 margin source(s) (fitted weights): sagarin_predictor, sagarin_rating, fei, team_rankings; total from fei"
2026-10-10T04:00:00.000Z,6,Kent State,Western Michigan,Waldo Stadium,no,30200,,,,,522.83,572.2,,,13.405446277499156,52.64,,,,,,,"blend of 4 margin source(s) (fitted weights): sagarin_predictor, sagarin_rating, fei, team_rankings; total from fei"
2026-10-10T04:00:00.000Z,6,LSU,Kentucky,Kroger Field,no,61000,,,,,931.76,786.65,,,-4.399737162474249,46.76,,,,,,,"blend of 4 margin source(s) (fitted weights): sagarin_predictor, sagarin_rating, fei, team_rankings; total from fei"
2026-10-10T04:00:00.000Z,6,Wake Forest,NC State,Carter-Finley Stadium,no,58000,,,,,680.87,757.14,,,5.033614540552704,49.400000000000006,,,,,,,"blend of 4 margin source(s) (fitted weights): sagarin_predictor, sagarin_rating, fei, team_rankings; total from fei"
2026-10-10T04:00:00.000Z,6,Houston,Kansas State,Bill Snyder Family Stadium,no,50000,,,,,695.93,718.67,,,5.894949138540092,53.84,,,,,,,"blend of 4 margin source(s) (fitted weights): sagarin_predictor, sagarin_rating, fei, team_rankings; total from fei"
2026-10-10T04:00:00.000Z,6,Coastal Carolina,Marshall,Joan C. Edwards Stadium,no,38016,,,,,573.96,594.71,,,6.5468422439019935,50.6,,,,,,,"blend of 4 margin source(s) (fitted weights): sagarin_predictor, sagarin_rating, fei, team_rankings; total from fei"
2026-10-10T04:00:00.000Z,6,Rice,East Carolina,Dowdy-Ficklen Stadium,no,50000,,,,,589.89,623.79,,,12.428414130534009,48.92,,,,,,,"blend of 4 margin source(s) (fitted weights): sagarin_predictor, sagarin_rating, fei, team_rankings; total from fei"
2026-10-10T04:00:00.000Z,6,UAB,Memphis,Simmons Bank Liberty Stadium,no,58325,,,,,606.18,670.31,,,13.620505966861284,57.2,,,,,,,"blend of 4 margin source(s) (fitted weights): sagarin_predictor, sagarin_rating, fei, team_rankings; total from fei"
2026-10-10T04:00:00.000Z,6,USC,Penn State,Beaver Stadium,no,106572,,,,,899,774.04,,,1.1192196320680774,60.68,,,,,,,"blend of 4 margin source(s) (fitted weights): sagarin_predictor, sagarin_rating, fei, team_rankings; total from fei"
2026-10-10T04:00:00.000Z,6,Virginia Tech,California,California Memorial Stadium,no,62467,,,,,769.12,751.92,,,1.6928570479265428,52.64,,,,,,,"blend of 4 margin source(s) (fitted weights): sagarin_predictor, sagarin_rating, fei, team_rankings; total from fei"
2026-10-10T04:00:00.000Z,6,Louisiana,Louisiana Tech,Joe Aillet Stadium,no,28019,,,,,590.94,543.02,,,2.008869459295684,51.2,,,,,,,"blend of 4 margin source(s) (fitted weights): sagarin_predictor, sagarin_rating, fei, team_rankings; total from fei"
2026-10-10T04:00:00.000Z,6,Texas A&M,Missouri,Memorial Stadium,no,71168,,,,,933,808.36,,,-2.583781038323757,49.64,,,,,,,"blend of 4 margin source(s) (fitted weights): sagarin_predictor, sagarin_rating, fei, team_rankings; total from fei"
2026-10-10T04:00:00.000Z,6,UConn,Temple,Lincoln Financial Field,no,69879,,,,,652.56,631.07,,,1.717240166076136,57.92,,,,,,,"blend of 4 margin source(s) (fitted weights): sagarin_predictor, sagarin_rating, fei, team_rankings; total from fei"
2026-10-10T04:00:00.000Z,6,Ole Miss,Vanderbilt,FirstBank Stadium,no,40351,,,,,885.72,727.39,,,-3.6141084453243906,64.28,,,,,,,"blend of 4 margin source(s) (fitted weights): sagarin_predictor, sagarin_rating, fei, team_rankings; total from fei"
2026-10-10T04:00:00.000Z,6,Kansas,Utah,Rice-Eccles Stadium,no,51444,,,,,684.51,695.72,,,10.357287155983784,60.92,,,,,,,"blend of 4 margin source(s) (fitted weights): sagarin_predictor, sagarin_rating, fei, team_rankings; total from fei"
2026-10-10T04:00:00.000Z,6,Hawai'i,Arizona State,Mountain America Stadium,no,65870,,,,,556.82,722,,,14.350143000413254,52.28,,,,,,,"blend of 4 margin source(s) (fitted weights): sagarin_predictor, sagarin_rating, fei, team_rankings; total from fei"
2026-10-10T04:00:00.000Z,6,UCF,Oklahoma State,Boone Pickens Stadium,no,55509,,,,,672.14,672.69,,,-0.8970144207255832,48.56,,,,,,,"blend of 2 margin source(s) (fitted weights): fei, team_rankings; total from fei"
2026-10-10T04:00:00.000Z,6,Miami (OH),Massachusetts,Warren McGuirk Alumni Stadium,no,17000,,,,,621.37,525.94,,,-13.564887800750334,51.32,,,,,,,"blend of 4 margin source(s) (fitted weights): sagarin_predictor, sagarin_rating, fei, team_rankings; total from fei"
2026-10-10T04:00:00.000Z,6,Sacramento State,Bowling Green,Doyt L. Perry Stadium,no,24000,,,,,561.42,568.33,,,6.37117690855993,48.92,,,,,,,"blend of 4 margin source(s) (fitted weights): sagarin_predictor, sagarin_rating, fei, team_rankings; total from fei"
2026-10-10T04:00:00.000Z,6,Indiana,Nebraska,"Memorial Stadium (Lincoln, NE)",no,85458,,,,,735.26,787.45,,,-11.452785942142615,52.16,,,,,,,"blend of 4 margin source(s) (fitted weights): sagarin_predictor, sagarin_rating, fei, team_rankings; total from fei"
2026-10-10T04:00:00.000Z,6,Old Dominion,App State,Kidd Brewer Stadium,no,30000,,,,,544.25,621.61,,,-3.931087052381189,51.2,,,,,,,"blend of 4 margin source(s) (fitted weights): sagarin_predictor, sagarin_rating, fei, team_rankings; total from fei"
2026-10-10T04:00:00.000Z,6,James Madison,Georgia Southern,Allen E. Paulson Stadium,no,25000,,,,,588.31,634.19,,,-7.486095862792987,57.2,,,,,,,"blend of 3 margin source(s) (fitted weights): sagarin_predictor, sagarin_rating, fei; total from fei"
2026-10-10T04:00:00.000Z,6,Georgia,Alabama,Bryant-Denny Stadium,no,101821,,,,,1003.67,973.53,,,-0.3584417843161166,54.8,,,,,,,"blend of 4 margin source(s) (fitted weights): sagarin_predictor, sagarin_rating, fei, team_rankings; total from fei"
2026-10-10T04:00:00.000Z,6,North Carolina,Pittsburgh,Acrisure Stadium,no,68400,,,,,767.89,675.02,,,10.22883171651472,50.12,,,,,,,"blend of 4 margin source(s) (fitted weights): sagarin_predictor, sagarin_rating, fei, team_rankings; total from fei"
2026-10-10T04:00:00.000Z,6,Arizona,West Virginia,Milan Puskar Stadium,no,60000,,,,,699.59,707.6,,,-2.702055066307753,51.44,,,,,,,"blend of 4 margin source(s) (fitted weights): sagarin_predictor, sagarin_rating, fei, team_rankings; total from fei"
2026-10-10T04:00:00.000Z,6,Charlotte,North Texas,DATCU Stadium,no,30850,,,,,576.77,602.08,,,16.181450765212446,57.56,,,,,,,"blend of 4 margin source(s) (fitted weights): sagarin_predictor, sagarin_rating, fei, team_rankings; total from fei"
2026-10-10T04:00:00.000Z,6,Tennessee,Arkansas,Razorback Stadium,no,80000,,,,,885.9,745.48,,,-5.823500256136115,61.400000000000006,,,,,,,"blend of 4 margin source(s) (fitted weights): sagarin_predictor, sagarin_rating, fei, team_rankings; total from fei"
2026-10-10T04:00:00.000Z,6,Illinois,Michigan State,Spartan Stadium,no,75005,,,,,704.01,685.02,,,-4.588546741763519,55.04,,,,,,,"blend of 4 margin source(s) (fitted weights): sagarin_predictor, sagarin_rating, fei, team_rankings; total from fei"
2026-10-10T04:00:00.000Z,6,Buffalo,Toledo,Glass Bowl,no,26038,,,,,549.31,556.26,,,10.787898192850989,44.599999999999994,,,,,,,"blend of 4 margin source(s) (fitted weights): sagarin_predictor, sagarin_rating, fei, team_rankings; total from fei"
2026-10-10T04:00:00.000Z,6,Syracuse,Virginia,Scott Stadium,no,61500,,,,,745.61,700.18,,,8.84508711188635,47.84,,,,,,,"blend of 4 margin source(s) (fitted weights): sagarin_predictor, sagarin_rating, fei, team_rankings; total from fei"
2026-10-10T04:00:00.000Z,6,Minnesota,Purdue,Ross-Ade Stadium,no,57282,,,,,728.79,698.33,,,-2.840985548529365,51.56,,,,,,,"blend of 4 margin source(s) (fitted weights): sagarin_predictor, sagarin_rating, fei, team_rankings; total from fei"
2026-10-10T04:00:00.000Z,6,Nevada,UTEP,Sun Bowl,no,51500,,,,,549.99,585.76,,,0.04773633436408864,46.519999999999996,,,,,,,"blend of 4 margin source(s) (fitted weights): sagarin_predictor, sagarin_rating, fei, team_rankings; total from fei"
2026-10-10T04:00:00.000Z,6,Ball State,Northwestern,Ryan Field,no,35000,,,,,563.88,688.32,,,22.563427368370796,47.480000000000004,,,,,,,"blend of 4 margin source(s) (fitted weights): sagarin_predictor, sagarin_rating, fei, team_rankings; total from fei"
2026-10-10T04:00:00.000Z,6,Central Michigan,Ohio,Peden Stadium,no,24000,,,,,540.01,522.84,,,5.506517163712806,51.2,,,,,,,"blend of 4 margin source(s) (fitted weights): sagarin_predictor, sagarin_rating, fei, team_rankings; total from fei"
2026-10-10T04:00:00.000Z,6,Maryland,Ohio State,Ohio Stadium,no,102780,,,,,719.64,964.27,,,24.068659398238676,48.92,,,,,,,"blend of 4 margin source(s) (fitted weights): sagarin_predictor, sagarin_rating, fei, team_rankings; total from fei"
2026-10-10T04:00:00.000Z,6,UCLA,Oregon,Autzen Stadium,no,54000,,,,,774.45,984.33,,,20.89311653836619,57.199999999999996,,,,,,,"blend of 4 margin source(s) (fitted weights): sagarin_predictor, sagarin_rating, fei, team_rankings; total from fei"
2026-10-10T04:00:00.000Z,6,South Carolina,Florida,Ben Hill Griffin Stadium,no,88548,,,,,862.87,891.07,,,2.8343056608603185,46.760000000000005,,,,,,,"blend of 4 margin source(s) (fitted weights): sagarin_predictor, sagarin_rating, fei, team_rankings; total from fei"
2026-10-10T04:00:00.000Z,6,Duke,Georgia Tech,Bobby Dodd Stadium,no,55000,,,,,668.47,751.65,,,4.226514477026586,60.32,,,,,,,"blend of 4 margin source(s) (fitted weights): sagarin_predictor, sagarin_rating, fei, team_rankings; total from fei"
2026-10-10T16:00:00.000Z,6,Tulane,Army,Michie Stadium,no,38000,,,,,665.11,303.83,,,1.3398631264174747,52.040000000000006,,,,,,,"blend of 4 margin source(s) (fitted weights): sagarin_predictor, sagarin_rating, fei, team_rankings; total from fei"
2026-10-10T19:30:00.000Z,6,Texas,Oklahoma,Cotton Bowl,no,92100,,,,,985.17,851.14,,,-0.007944647552423856,45.8,,,,,,,"blend of 4 margin source(s) (fitted weights): sagarin_predictor, sagarin_rating, fei, team_rankings; total from fei"
2026-10-10T19:30:00.000Z,6,Stanford,Notre Dame,Notre Dame Stadium,no,80795,,,,,705.81,953.03,,,26.475052832800532,49.760000000000005,,,,,,,"blend of 4 margin source(s) (fitted weights): sagarin_predictor, sagarin_rating, fei, team_rankings; total from fei"
2026-10-10T19:30:00.000Z,6,Tulsa,Navy,Navy-Marine Corps Memorial Stadium,no,34000,,,,,622.84,195.68,,,10.511344180163821,52.879999999999995,,,,,,,"blend of 4 margin source(s) (fitted weights): sagarin_predictor, sagarin_rating, fei, team_rankings; total from fei"
2026-10-10T19:30:00.000Z,6,Eastern Michigan,Akron,InfoCision Stadium,no,30000,,,,,580.64,546.84,,,0.1874763959759661,54.2,,,,,,,"blend of 4 margin source(s) (fitted weights): sagarin_predictor, sagarin_rating, fei, team_rankings; total from fei"
2026-10-10T22:00:00.000Z,6,San Diego State,Oregon State,Reser Stadium,no,43363,,,,,609.22,635.79,,,-1.4356254633573355,46.519999999999996,,,,,,,"blend of 4 margin source(s) (fitted weights): sagarin_predictor, sagarin_rating, fei, team_rankings; total from fei"
2026-10-10T23:00:00.000Z,6,North Dakota State,UNLV,Allegiant Stadium,yes,65000,,,,,515.59,696.03,,,9.20584511308505,56.96,,,,,,,"blend of 4 margin source(s) (fitted weights): sagarin_predictor, sagarin_rating, fei, team_rankings; total from fei"
2026-10-10T23:30:00.000Z,6,Air Force,Northern Illinois,Huskie Stadium,no,23595,,,,,272.35,536.58,,,-4.8550446504544595,58.760000000000005,,,,,,,"blend of 4 margin source(s) (fitted weights): sagarin_predictor, sagarin_rating, fei, team_rankings; total from fei"
2026-10-11T02:30:00.000Z,6,Boise State,Fresno State,Valley Children's Stadium,no,41031,,,,,641.17,609.75,,,-3.6592819497408504,46.16,,,,,,,"blend of 4 margin source(s) (fitted weights): sagarin_predictor, sagarin_rating, fei, team_rankings; total from fei"
2026-10-13T23:00:00.000Z,7,Delaware,Middle Tennessee,"Johnny ""Red"" Floyd Stadium",no,30788,,,,,483.48,571.5,,,-0.7490455536284344,54.92,,,,,,,"blend of 4 margin source(s) (fitted weights): sagarin_predictor, sagarin_rating, fei, team_rankings; total from fei"
2026-10-14T00:00:00.000Z,7,Florida International,Jacksonville State,AmFirst Stadium,no,24000,,,,,607.56,602.83,,,6.388522438672799,49.519999999999996,,,,,,,blend of 1 margin source(s) (fitted weights): fei; total from fei
2026-10-14T23:30:00.000Z,7,Kennesaw State,Missouri State,Plaster Sports Complex,no,17337,,,,,502.86,549.92,,,0.4248953945297834,57.68000000000001,,,,,,,"blend of 4 margin source(s) (fitted weights): sagarin_predictor, sagarin_rating, fei, team_rankings; total from fei"
2026-10-15T00:00:00.000Z,7,Western Kentucky,Sam Houston,Elliott T. Bowers Stadium,no,14000,,,,,611.52,554.47,,,-7.942987160912135,50.480000000000004,,,,,,,"blend of 4 margin source(s) (fitted weights): sagarin_predictor, sagarin_rating, fei, team_rankings; total from fei"
2026-10-15T23:30:00.000Z,7,East Carolina,UAB,Protective Stadium,no,45000,,,,,623.79,606.18,,,-7.279701447254033,54.68,,,,,,,"blend of 4 margin source(s) (fitted weights): sagarin_predictor, sagarin_rating, fei, team_rankings; total from fei"
2026-10-15T23:30:00.000Z,7,Georgia Southern,Old Dominion,S.B. Ballard Stadium,no,20118,,,,,634.19,544.25,,,9.759214836964336,54.68,,,,,,,"blend of 3 margin source(s) (fitted weights): sagarin_predictor, sagarin_rating, fei; total from fei"
2026-10-16T00:00:00.000Z,7,Colorado State,Texas State,Bobcat Stadium (TX),no,30000,,,,,640.31,624.81,,,8.337803747572401,57.2,,,,,,,"blend of 4 margin source(s) (fitted weights): sagarin_predictor, sagarin_rating, fei, team_rankings; total from fei"
2026-10-16T23:30:00.000Z,7,Memphis,Tulane,Yulman Stadium,no,30000,,,,,670.31,665.11,,,3.137146850606199,53.36,,,,,,,"blend of 4 margin source(s) (fitted weights): sagarin_predictor, sagarin_rating, fei, team_rankings; total from fei"
2026-10-17T00:00:00.000Z,7,App State,Coastal Carolina,Brooks Stadium (SC),no,21000,,,,,621.61,573.96,,,1.9302760966646697,55.16,,,,,,,"blend of 4 margin source(s) (fitted weights): sagarin_predictor, sagarin_rating, fei, team_rankings; total from fei"
2026-10-17T00:00:00.000Z,7,Washington,Purdue,Ross-Ade Stadium,no,57282,,,,,777.63,698.33,,,-9.982109265341567,53.96,,,,,,,"blend of 4 margin source(s) (fitted weights): sagarin_predictor, sagarin_rating, fei, team_rankings; total from fei"
2026-10-17T04:00:00.000Z,7,Cincinnati,West Virginia,Milan Puskar Stadium,no,60000,,,,,634.28,707.6,,,1.6823650853130137,55.760000000000005,,,,,,,"blend of 4 margin source(s) (fitted weights): sagarin_predictor, sagarin_rating, fei, team_rankings; total from fei"
2026-10-17T04:00:00.000Z,7,Louisiana Tech,UL Monroe,Malone Stadium,no,27617,,,,,543.02,505.49,,,-2.9610752568262764,50,,,,,,,"blend of 4 margin source(s) (fitted weights): sagarin_predictor, sagarin_rating, fei, team_rankings; total from fei"
2026-10-17T04:00:00.000Z,7,Mississippi State,LSU,Tiger Stadium (LA),no,102321,,,,,804.53,931.76,,,10.182444233452166,51.44,,,,,,,"blend of 4 margin source(s) (fitted weights): sagarin_predictor, sagarin_rating, fei, team_rankings; total from fei"
2026-10-17T04:00:00.000Z,7,Arizona State,Texas Tech,Jones AT&T Stadium,no,60454,,,,,722,767.89,,,11.897222436536747,45.44,,,,,,,"blend of 4 margin source(s) (fitted weights): sagarin_predictor, sagarin_rating, fei, team_rankings; total from fei"
2026-10-17T04:00:00.000Z,7,Oklahoma State,Houston,TDECU Stadium,no,40000,,,,,672.69,695.93,,,7.215028995989027,52.16,,,,,,,"blend of 4 margin source(s) (fitted weights): sagarin_predictor, sagarin_rating, fei, team_rankings; total from fei"
2026-10-17T04:00:00.000Z,7,Kansas,Kansas State,Bill Snyder Family Stadium,no,50000,,,,,684.51,718.67,,,6.984378027787413,59.120000000000005,,,,,,,"blend of 4 margin source(s) (fitted weights): sagarin_predictor, sagarin_rating, fei, team_rankings; total from fei"
2026-10-17T04:00:00.000Z,7,Florida,Texas,DKR-Texas Memorial Stadium,no,100119,,,,,891.07,985.17,,,11.000903009138352,48.92,,,,,,,"blend of 4 margin source(s) (fitted weights): sagarin_predictor, sagarin_rating, fei, team_rankings; total from fei"
2026-10-17T04:00:00.000Z,7,Georgia Tech,Virginia Tech,Lane Stadium,no,65632,,,,,751.65,769.12,,,1.1008536466096441,56.96,,,,,,,"blend of 4 margin source(s) (fitted weights): sagarin_predictor, sagarin_rating, fei, team_rankings; total from fei"
2026-10-17T04:00:00.000Z,7,Georgia State,James Madison,Bridgeforth Stadium,no,24877,,,,,573.83,588.31,,,15.793080053212105,53,,,,,,,"blend of 4 margin source(s) (fitted weights): sagarin_predictor, sagarin_rating, fei, team_rankings; total from fei"
2026-10-17T04:00:00.000Z,7,TCU,Baylor,McLane Stadium,no,45140,,,,,730.79,723.28,,,-0.2770263049998496,56.6,,,,,,,"blend of 4 margin source(s) (fitted weights): sagarin_predictor, sagarin_rating, fei, team_rankings; total from fei"
2026-10-17T04:00:00.000Z,7,Akron,Miami (OH),Yager Stadium,no,24286,,,,,546.84,621.37,,,10.233541897449822,47.959999999999994,,,,,,,"blend of 4 margin source(s) (fitted weights): sagarin_predictor, sagarin_rating, fei, team_rankings; total from fei"
2026-10-17T04:00:00.000Z,7,Ball State,Bowling Green,Doyt L. Perry Stadium,no,24000,,,,,563.88,568.33,,,6.606548008913236,44.72,,,,,,,"blend of 4 margin source(s) (fitted weights): sagarin_predictor, sagarin_rating, fei, team_rankings; total from fei"
2026-10-17T04:00:00.000Z,7,Alabama,Tennessee,Neyland Stadium,no,102455,,,,,973.53,885.9,,,-0.7554929310826615,56.72,,,,,,,"blend of 4 margin source(s) (fitted weights): sagarin_predictor, sagarin_rating, fei, team_rankings; total from fei"
2026-10-17T04:00:00.000Z,7,Arkansas,Vanderbilt,FirstBank Stadium,no,40351,,,,,745.48,727.39,,,6.436400727816208,64.75999999999999,,,,,,,"blend of 4 margin source(s) (fitted weights): sagarin_predictor, sagarin_rating, fei, team_rankings; total from fei"
2026-10-17T04:00:00.000Z,7,Navy,UTSA,Alamodome,yes,36582,,,,,195.68,655.82,,,2.295648975512332,56.6,,,,,,,"blend of 4 margin source(s) (fitted weights): sagarin_predictor, sagarin_rating, fei, team_rankings; total from fei"
2026-10-17T04:00:00.000Z,7,Missouri,Ole Miss,Vaught-Hemingway Stadium,no,64038,,,,,808.36,885.72,,,7.502501129611984,55.519999999999996,,,,,,,"blend of 4 margin source(s) (fitted weights): sagarin_predictor, sagarin_rating, fei, team_rankings; total from fei"
2026-10-17T04:00:00.000Z,7,Rutgers,Maryland,SECU Stadium,no,51802,,,,,709.04,719.64,,,3.800555039733877,55.88,,,,,,,"blend of 4 margin source(s) (fitted weights): sagarin_predictor, sagarin_rating, fei, team_rankings; total from fei"
2026-10-17T04:00:00.000Z,7,Auburn,Georgia,Sanford Stadium,no,92746,,,,,828.19,1003.67,,,12.757285935906083,50.480000000000004,,,,,,,"blend of 4 margin source(s) (fitted weights): sagarin_predictor, sagarin_rating, fei, team_rankings; total from fei"
2026-10-17T04:00:00.000Z,7,Kent State,South Florida,Raymond James Stadium,no,65828,,,,,522.83,703.81,,,17.972020552494286,56.839999999999996,,,,,,,"blend of 4 margin source(s) (fitted weights): sagarin_predictor, sagarin_rating, fei, team_rankings; total from fei"
2026-10-17T04:00:00.000Z,7,North Carolina,Duke,Wallace Wade Stadium,no,40004,,,,,767.89,668.47,,,6.040378360010593,58.760000000000005,,,,,,,"blend of 4 margin source(s) (fitted weights): sagarin_predictor, sagarin_rating, fei, team_rankings; total from fei"
2026-10-17T04:00:00.000Z,7,Wisconsin,UCLA,Rose Bowl,no,88565,,,,,767.68,774.45,,,0.05075341082446855,48.2,,,,,,,"blend of 4 margin source(s) (fitted weights): sagarin_predictor, sagarin_rating, fei, team_rankings; total from fei"
2026-10-17T04:00:00.000Z,7,Western Michigan,Central Michigan,Kelly/Shorts Stadium,no,30255,,,,,572.2,540.01,,,-1.9333658899628876,47.480000000000004,,,,,,,"blend of 4 margin source(s) (fitted weights): sagarin_predictor, sagarin_rating, fei, team_rankings; total from fei"
2026-10-17T04:00:00.000Z,7,Nebraska,Oregon,Autzen Stadium,no,54000,,,,,787.45,984.33,,,19.194475415893667,55.760000000000005,,,,,,,"blend of 4 margin source(s) (fitted weights): sagarin_predictor, sagarin_rating, fei, team_rankings; total from fei"
2026-10-17T04:00:00.000Z,7,Arkansas State,Southern Miss,M. M. Roberts Stadium,no,36000,,,,,606.22,602.63,,,0.520602034861411,48.68,,,,,,,"blend of 4 margin source(s) (fitted weights): sagarin_predictor, sagarin_rating, fei, team_rankings; total from fei"
2026-10-17T04:00:00.000Z,7,Florida State,Miami,Hard Rock Stadium,no,64767,,,,,800.2,885.94,,,12.223017223067824,54.56,,,,,,,"blend of 4 margin source(s) (fitted weights): sagarin_predictor, sagarin_rating, fei, team_rankings; total from fei"
2026-10-17T04:00:00.000Z,7,Ohio,Sacramento State,Hornet Stadium,no,21195,,,,,522.84,561.42,,,-6.227386595201424,54.92,,,,,,,"blend of 4 margin source(s) (fitted weights): sagarin_predictor, sagarin_rating, fei, team_rankings; total from fei"
2026-10-17T04:00:00.000Z,7,Tulsa,Rice,Rice Stadium,no,47000,,,,,622.84,589.89,,,-0.4906738382874951,48.44,,,,,,,"blend of 4 margin source(s) (fitted weights): sagarin_predictor, sagarin_rating, fei, team_rankings; total from fei"
2026-10-17T04:00:00.000Z,7,Louisville,Syracuse,JMA Wireless Dome,yes,49057,,,,,739.97,745.61,,,-6.858381077221515,47,,,,,,,"blend of 4 margin source(s) (fitted weights): sagarin_predictor, sagarin_rating, fei, team_rankings; total from fei"
2026-10-17T04:00:00.000Z,7,Troy,Louisiana,Cajun Field,no,41426,,,,,596.19,590.94,,,1.3601375645615588,47.96,,,,,,,"blend of 4 margin source(s) (fitted weights): sagarin_predictor, sagarin_rating, fei, team_rankings; total from fei"
2026-10-17T04:00:00.000Z,7,New Mexico,Hawai'i,Clarence T.C. Ching Athletics Complex,no,15194,,,,,568.19,556.82,,,1.4038530144101757,52.28,,,,,,,"blend of 4 margin source(s) (fitted weights): sagarin_predictor, sagarin_rating, fei, team_rankings; total from fei"
2026-10-17T04:00:00.000Z,7,Penn State,Michigan,Michigan Stadium,no,107601,,,,,774.04,890.02,,,4.508290231224964,54.2,,,,,,,"blend of 4 margin source(s) (fitted weights): sagarin_predictor, sagarin_rating, fei, team_rankings; total from fei"
2026-10-17T04:00:00.000Z,7,Toledo,Eastern Michigan,Rynearson Stadium,no,30200,,,,,556.26,580.64,,,-5.305653564612176,53.36,,,,,,,"blend of 4 margin source(s) (fitted weights): sagarin_predictor, sagarin_rating, fei, team_rankings; total from fei"
2026-10-17T04:00:00.000Z,7,Massachusetts,Buffalo,UB Stadium,no,30270,,,,,525.94,549.31,,,13.49478831134838,48.8,,,,,,,"blend of 4 margin source(s) (fitted weights): sagarin_predictor, sagarin_rating, fei, team_rankings; total from fei"
2026-10-17T04:00:00.000Z,7,Northwestern,Michigan State,Spartan Stadium,no,75005,,,,,688.32,685.02,,,-0.04926720613838559,50.239999999999995,,,,,,,"blend of 4 margin source(s) (fitted weights): sagarin_predictor, sagarin_rating, fei, team_rankings; total from fei"
2026-10-17T04:00:00.000Z,7,Virginia,SMU,Gerald J. Ford Stadium,no,32000,,,,,700.18,764.5,,,6.667198511651561,51.44,,,,,,,"blend of 4 margin source(s) (fitted weights): sagarin_predictor, sagarin_rating, fei, team_rankings; total from fei"
2026-10-17T04:00:00.000Z,7,Notre Dame,BYU,LaVell Edwards Stadium,no,63470,,,,,953.03,689.42,,,-8.506205433912317,53.84,,,,,,,"blend of 4 margin source(s) (fitted weights): sagarin_predictor, sagarin_rating, fei, team_rankings; total from fei"
2026-10-17T04:00:00.000Z,7,Pittsburgh,Boston College,"Alumni Stadium (Chestnut Hill, MA)",no,44500,,,,,675.02,660,,,-6.719573170838096,50,,,,,,,"blend of 4 margin source(s) (fitted weights): sagarin_predictor, sagarin_rating, fei, team_rankings; total from fei"
2026-10-17T04:00:00.000Z,7,Utah,Colorado,Folsom Field,no,50183,,,,,695.72,731.62,,,-9.323785852939348,53.36,,,,,,,"blend of 4 margin source(s) (fitted weights): sagarin_predictor, sagarin_rating, fei, team_rankings; total from fei"
2026-10-17T04:00:00.000Z,7,Kentucky,Oklahoma,"Memorial Stadium (Norman, OK)",no,86112,,,,,786.65,851.14,,,11.337421932216103,44.120000000000005,,,,,,,"blend of 4 margin source(s) (fitted weights): sagarin_predictor, sagarin_rating, fei, team_rankings; total from fei"
2026-10-17T04:00:00.000Z,7,Ohio State,Indiana,"Memorial Stadium (Bloomington, IN)",no,52656,,,,,964.27,735.26,,,-1.6178308481577393,51.32,,,,,,,"blend of 4 margin source(s) (fitted weights): sagarin_predictor, sagarin_rating, fei, team_rankings; total from fei"
2026-10-17T04:00:00.000Z,7,Wake Forest,California,California Memorial Stadium,no,62467,,,,,680.87,751.92,,,1.2198518015457336,47.72,,,,,,,"blend of 4 margin source(s) (fitted weights): sagarin_predictor, sagarin_rating, fei, team_rankings; total from fei"
2026-10-17T04:00:00.000Z,7,Charlotte,Temple,Lincoln Financial Field,no,69879,,,,,576.77,631.07,,,10.236497761267568,53.48,,,,,,,"blend of 4 margin source(s) (fitted weights): sagarin_predictor, sagarin_rating, fei, team_rankings; total from fei"
2026-10-17T16:00:00.000Z,7,Florida Atlantic,Army,Michie Stadium,no,38000,,,,,593.36,303.83,,,8.971389147730612,54.92,,,,,,,"blend of 4 margin source(s) (fitted weights): sagarin_predictor, sagarin_rating, fei, team_rankings; total from fei"
2026-10-17T19:30:00.000Z,7,Northern Illinois,Wyoming,War Memorial Stadium,no,29181,,,,,536.58,528.29,,,6.106103888995027,46.16,,,,,,,"blend of 4 margin source(s) (fitted weights): sagarin_predictor, sagarin_rating, fei, team_rankings; total from fei"
2026-10-17T19:30:00.000Z,7,UNLV,Air Force,Falcon Stadium,no,46692,,,,,696.03,272.35,,,0.4555277628895187,62.6,,,,,,,"blend of 4 margin source(s) (fitted weights): sagarin_predictor, sagarin_rating, fei, team_rankings; total from fei"
2026-10-17T22:00:00.000Z,7,Washington State,Oregon State,Reser Stadium,no,43363,,,,,630.29,635.79,,,-3.2054091013660315,48.92,,,,,,,"blend of 4 margin source(s) (fitted weights): sagarin_predictor, sagarin_rating, fei, team_rankings; total from fei"
2026-10-17T23:00:00.000Z,7,Nevada,North Dakota State,Fargodome,yes,18700,,,,,549.99,515.59,,,5.034255946717274,51.56,,,,,,,"blend of 4 margin source(s) (fitted weights): sagarin_predictor, sagarin_rating, fei, team_rankings; total from fei"
2026-10-18T01:00:00.000Z,7,San José State,UTEP,Sun Bowl,no,51500,,,,,569.25,585.76,,,-1.8404610280650195,48.92,,,,,,,"blend of 4 margin source(s) (fitted weights): sagarin_predictor, sagarin_rating, fei, team_rankings; total from fei"
2026-10-18T02:30:00.000Z,7,Fresno State,San Diego State,Snapdragon Stadium,no,35000,,,,,609.75,609.22,,,4.628920277993143,41.84,,,,,,,"blend of 4 margin source(s) (fitted weights): sagarin_predictor, sagarin_rating, fei, team_rankings; total from fei"
2026-10-20T23:00:00.000Z,8,Missouri State,Delaware,Delaware Stadium,no,22000,,,,,549.92,483.48,,,3.2444885694440777,58.4,,,,,,,"blend of 4 margin source(s) (fitted weights): sagarin_predictor, sagarin_rating, fei, team_rankings; total from fei"
2026-10-20T23:00:00.000Z,8,Middle Tennessee,Florida International,Pitbull Stadium,no,20000,,,,,571.5,607.56,,,3.748522438672801,50.72,,,,,,,blend of 1 margin source(s) (fitted weights): fei; total from fei
2026-10-20T23:30:00.000Z,8,South Alabama,Marshall,Joan C. Edwards Stadium,no,38016,,,,,573.38,594.71,,,5.2552513525888855,53.120000000000005,,,,,,,"blend of 4 margin source(s) (fitted weights): sagarin_predictor, sagarin_rating, fei, team_rankings; total from fei"
2026-10-22T00:00:00.000Z,8,New Mexico State,Sam Houston,Elliott T. Bowers Stadium,no,14000,,,,,460.38,554.47,,,-0.11084264453923975,48.68000000000001,,,,,,,"blend of 4 margin source(s) (fitted weights): sagarin_predictor, sagarin_rating, fei, team_rankings; total from fei"
2026-10-22T23:00:00.000Z,8,Liberty,Kennesaw State,Fifth Third Stadium,no,11040,,,,,633.35,502.86,,,-0.19746396484621287,56.48,,,,,,,"blend of 4 margin source(s) (fitted weights): sagarin_predictor, sagarin_rating, fei, team_rankings; total from fei"
2026-10-22T23:00:00.000Z,8,James Madison,App State,Kidd Brewer Stadium,no,30000,,,,,588.31,621.61,,,-6.949947578186146,53.72,,,,,,,"blend of 4 margin source(s) (fitted weights): sagarin_predictor, sagarin_rating, fei, team_rankings; total from fei"
2026-10-22T23:30:00.000Z,8,East Carolina,Memphis,Simmons Bank Liberty Stadium,no,58325,,,,,623.79,670.31,,,3.7019439475634774,52.760000000000005,,,,,,,"blend of 4 margin source(s) (fitted weights): sagarin_predictor, sagarin_rating, fei, team_rankings; total from fei"
2026-10-23T23:00:00.000Z,8,Duke,Virginia,Scott Stadium,no,61500,,,,,668.47,700.18,,,5.190972321244006,55.16,,,,,,,"blend of 4 margin source(s) (fitted weights): sagarin_predictor, sagarin_rating, fei, team_rankings; total from fei"
2026-10-23T23:00:00.000Z,8,Massachusetts,UConn,Pratt & Whitney Stadium,no,40000,,,,,525.94,652.56,,,17.617577451879328,57.080000000000005,,,,,,,"blend of 4 margin source(s) (fitted weights): sagarin_predictor, sagarin_rating, fei, team_rankings; total from fei"
2026-10-24T00:30:00.000Z,8,Army,Tulsa,Chapman Stadium,no,30000,,,,,303.83,622.84,,,-4.283530784571018,50.959999999999994,,,,,,,"blend of 4 margin source(s) (fitted weights): sagarin_predictor, sagarin_rating, fei, team_rankings; total from fei"
2026-10-24T01:00:00.000Z,8,Air Force,Wyoming,War Memorial Stadium,no,29181,,,,,272.35,528.29,,,-1.3878013335032025,54.68,,,,,,,"blend of 4 margin source(s) (fitted weights): sagarin_predictor, sagarin_rating, fei, team_rankings; total from fei"
2026-10-24T02:30:00.000Z,8,NC State,Stanford,Stanford Stadium,no,50424,,,,,757.14,705.81,,,-5.03418891693438,50.480000000000004,,,,,,,"blend of 4 margin source(s) (fitted weights): sagarin_predictor, sagarin_rating, fei, team_rankings; total from fei"
2026-10-24T04:00:00.000Z,8,Sacramento State,Ball State,Scheumann Stadium,no,22500,,,,,561.42,563.88,,,2.4034894716904716,51.8,,,,,,,"blend of 4 margin source(s) (fitted weights): sagarin_predictor, sagarin_rating, fei, team_rankings; total from fei"
2026-10-24T04:00:00.000Z,8,Oklahoma,Mississippi State,Davis Wade Stadium,no,61337,,,,,851.14,804.53,,,-6.564686715018919,48.8,,,,,,,"blend of 4 margin source(s) (fitted weights): sagarin_predictor, sagarin_rating, fei, team_rankings; total from fei"
2026-10-24T04:00:00.000Z,8,Western Michigan,Toledo,Glass Bowl,no,26038,,,,,572.2,556.26,,,3.901930987675251,47,,,,,,,"blend of 4 margin source(s) (fitted weights): sagarin_predictor, sagarin_rating, fei, team_rankings; total from fei"
2026-10-24T04:00:00.000Z,8,Bowling Green,Buffalo,UB Stadium,no,30270,,,,,568.33,549.31,,,2.5913940679347096,41.72,,,,,,,"blend of 4 margin source(s) (fitted weights): sagarin_predictor, sagarin_rating, fei, team_rankings; total from fei"
2026-10-24T04:00:00.000Z,8,California,SMU,Gerald J. Ford Stadium,no,32000,,,,,751.92,764.5,,,10.115666805420346,52.28,,,,,,,"blend of 4 margin source(s) (fitted weights): sagarin_predictor, sagarin_rating, fei, team_rankings; total from fei"
2026-10-24T04:00:00.000Z,8,Pittsburgh,Miami,Hard Rock Stadium,no,64767,,,,,675.02,885.94,,,12.887009842711173,47.84,,,,,,,"blend of 4 margin source(s) (fitted weights): sagarin_predictor, sagarin_rating, fei, team_rankings; total from fei"
2026-10-24T04:00:00.000Z,8,UTSA,Tulane,Yulman Stadium,no,30000,,,,,655.82,665.11,,,3.330977362696263,54.08,,,,,,,"blend of 4 margin source(s) (fitted weights): sagarin_predictor, sagarin_rating, fei, team_rankings; total from fei"
2026-10-24T04:00:00.000Z,8,West Virginia,TCU,Amon G. Carter Stadium,no,46000,,,,,707.6,730.79,,,7.630748490620367,52.760000000000005,,,,,,,"blend of 4 margin source(s) (fitted weights): sagarin_predictor, sagarin_rating, fei, team_rankings; total from fei"
2026-10-24T04:00:00.000Z,8,Vanderbilt,Kentucky,Kroger Field,no,61000,,,,,727.39,786.65,,,-0.12581246983164462,55.64,,,,,,,"blend of 4 margin source(s) (fitted weights): sagarin_predictor, sagarin_rating, fei, team_rankings; total from fei"
2026-10-24T04:00:00.000Z,8,Texas Tech,Cincinnati,Nippert Stadium,no,40000,,,,,767.89,634.28,,,-9.867145894901117,50.239999999999995,,,,,,,"blend of 4 margin source(s) (fitted weights): sagarin_predictor, sagarin_rating, fei, team_rankings; total from fei"
2026-10-24T04:00:00.000Z,8,UL Monroe,Troy,Veterans Memorial Stadium (AL),no,30000,,,,,505.49,596.19,,,10.147510521144131,46.760000000000005,,,,,,,"blend of 4 margin source(s) (fitted weights): sagarin_predictor, sagarin_rating, fei, team_rankings; total from fei"
2026-10-24T04:00:00.000Z,8,Colorado,Oklahoma State,Boone Pickens Stadium,no,55509,,,,,731.62,672.69,,,3.396340878388961,49.879999999999995,,,,,,,"blend of 4 margin source(s) (fitted weights): sagarin_predictor, sagarin_rating, fei, team_rankings; total from fei"
2026-10-24T04:00:00.000Z,8,Syracuse,North Carolina,Kenan Stadium,no,50500,,,,,745.61,767.89,,,2.891457574719296,51.44,,,,,,,"blend of 4 margin source(s) (fitted weights): sagarin_predictor, sagarin_rating, fei, team_rankings; total from fei"
2026-10-24T04:00:00.000Z,8,Tennessee,South Carolina,Williams-Brice Stadium,no,80250,,,,,885.9,862.87,,,-2.002754088381699,51.8,,,,,,,"blend of 4 margin source(s) (fitted weights): sagarin_predictor, sagarin_rating, fei, team_rankings; total from fei"
2026-10-24T04:00:00.000Z,8,Virginia Tech,Clemson,"Memorial Stadium (Clemson, SC)",no,81500,,,,,769.12,862.85,,,8.571417648604772,50.48,,,,,,,"blend of 4 margin source(s) (fitted weights): sagarin_predictor, sagarin_rating, fei, team_rankings; total from fei"
2026-10-24T04:00:00.000Z,8,Miami (OH),Central Michigan,Kelly/Shorts Stadium,no,30255,,,,,621.37,540.01,,,-0.3952193182766509,47.6,,,,,,,"blend of 4 margin source(s) (fitted weights): sagarin_predictor, sagarin_rating, fei, team_rankings; total from fei"
2026-10-24T04:00:00.000Z,8,Iowa State,Arizona,Arizona Stadium,no,50782,,,,,669.55,699.59,,,5.823591475530236,51.08,,,,,,,"blend of 4 margin source(s) (fitted weights): sagarin_predictor, sagarin_rating, fei, team_rankings; total from fei"
2026-10-24T04:00:00.000Z,8,Old Dominion,Louisiana Tech,Joe Aillet Stadium,no,28019,,,,,544.25,543.02,,,-3.5638472317945706,46.760000000000005,,,,,,,"blend of 4 margin source(s) (fitted weights): sagarin_predictor, sagarin_rating, fei, team_rankings; total from fei"
2026-10-24T04:00:00.000Z,8,Houston,Utah,Rice-Eccles Stadium,no,51444,,,,,695.93,695.72,,,9.267858266736464,55.64,,,,,,,"blend of 4 margin source(s) (fitted weights): sagarin_predictor, sagarin_rating, fei, team_rankings; total from fei"
2026-10-24T04:00:00.000Z,8,Baylor,Kansas,Memorial Stadium,no,47000,,,,,723.28,684.51,,,3.1231901450651427,62.120000000000005,,,,,,,"blend of 4 margin source(s) (fitted weights): sagarin_predictor, sagarin_rating, fei, team_rankings; total from fei"
2026-10-24T04:00:00.000Z,8,Texas A&M,Alabama,Bryant-Denny Stadium,no,101821,,,,,933,973.53,,,4.086064677410176,52.16,,,,,,,"blend of 4 margin source(s) (fitted weights): sagarin_predictor, sagarin_rating, fei, team_rankings; total from fei"
2026-10-24T04:00:00.000Z,8,Rice,Florida Atlantic,FAU Stadium,no,29419,,,,,589.89,593.36,,,6.358257763303003,52.4,,,,,,,"blend of 4 margin source(s) (fitted weights): sagarin_predictor, sagarin_rating, fei, team_rankings; total from fei"
2026-10-24T04:00:00.000Z,8,Indiana,Michigan,Michigan Stadium,no,107601,,,,,735.26,890.02,,,-2.472189487885177,53.36,,,,,,,"blend of 4 margin source(s) (fitted weights): sagarin_predictor, sagarin_rating, fei, team_rankings; total from fei"
2026-10-24T04:00:00.000Z,8,Louisiana,Southern Miss,M. M. Roberts Stadium,no,36000,,,,,590.94,602.63,,,-1.5490740545025947,50.239999999999995,,,,,,,"blend of 4 margin source(s) (fitted weights): sagarin_predictor, sagarin_rating, fei, team_rankings; total from fei"
2026-10-24T04:00:00.000Z,8,Eastern Michigan,Ohio,Peden Stadium,no,24000,,,,,580.64,522.84,,,7.61573442273062,56.480000000000004,,,,,,,"blend of 4 margin source(s) (fitted weights): sagarin_predictor, sagarin_rating, fei, team_rankings; total from fei"
2026-10-24T04:00:00.000Z,8,Akron,Kent State,Dix Stadium,no,25319,,,,,546.84,522.83,,,1.0051027636806755,54.08,,,,,,,"blend of 4 margin source(s) (fitted weights): sagarin_predictor, sagarin_rating, fei, team_rankings; total from fei"
2026-10-24T04:00:00.000Z,8,Iowa,Minnesota,Huntington Bank Stadium,no,50850,,,,,722.73,728.79,,,-2.3749193377457267,43.879999999999995,,,,,,,"blend of 4 margin source(s) (fitted weights): sagarin_predictor, sagarin_rating, fei, team_rankings; total from fei"
2026-10-24T04:00:00.000Z,8,USC,Wisconsin,Camp Randall Stadium,no,80321,,,,,899,767.68,,,-5.1024811242613906,54.44,,,,,,,"blend of 4 margin source(s) (fitted weights): sagarin_predictor, sagarin_rating, fei, team_rankings; total from fei"
2026-10-24T04:00:00.000Z,8,Kansas State,Arizona State,Mountain America Stadium,no,65870,,,,,718.67,722,,,-0.06284740907152003,51.8,,,,,,,"blend of 4 margin source(s) (fitted weights): sagarin_predictor, sagarin_rating, fei, team_rankings; total from fei"
2026-10-24T04:00:00.000Z,8,Ole Miss,Texas,DKR-Texas Memorial Stadium,no,100119,,,,,885.72,985.17,,,4.9665850925687165,55.28,,,,,,,"blend of 4 margin source(s) (fitted weights): sagarin_predictor, sagarin_rating, fei, team_rankings; total from fei"
2026-10-24T04:00:00.000Z,8,Hawai'i,Northern Illinois,Huskie Stadium,no,23595,,,,,556.82,536.58,,,-3.560451171997165,51.92,,,,,,,"blend of 4 margin source(s) (fitted weights): sagarin_predictor, sagarin_rating, fei, team_rankings; total from fei"
2026-10-24T04:00:00.000Z,8,Oregon,Illinois,"Memorial Stadium (Champaign, IL)",no,60670,,,,,984.33,704.01,,,-11.342300334012418,57.8,,,,,,,"blend of 4 margin source(s) (fitted weights): sagarin_predictor, sagarin_rating, fei, team_rankings; total from fei"
2026-10-24T04:00:00.000Z,8,Michigan State,UCLA,Rose Bowl,no,88565,,,,,685.02,774.45,,,5.593172825584838,54.44,,,,,,,"blend of 4 margin source(s) (fitted weights): sagarin_predictor, sagarin_rating, fei, team_rankings; total from fei"
2026-10-24T04:00:00.000Z,8,Boston College,Georgia Tech,Bobby Dodd Stadium,no,55000,,,,,660,751.65,,,9.396494863404328,57.2,,,,,,,"blend of 4 margin source(s) (fitted weights): sagarin_predictor, sagarin_rating, fei, team_rankings; total from fei"
2026-10-24T04:00:00.000Z,8,Rutgers,Northwestern,Ryan Field,no,35000,,,,,709.04,688.32,,,4.917190333709442,56.239999999999995,,,,,,,"blend of 4 margin source(s) (fitted weights): sagarin_predictor, sagarin_rating, fei, team_rankings; total from fei"
2026-10-24T04:00:00.000Z,8,BYU,UCF,FBC Mortgage Stadium,no,44206,,,,,689.42,672.14,,,-4.075195439973919,51.68,,,,,,,"blend of 2 margin source(s) (fitted weights): fei, team_rankings; total from fei"
2026-10-24T16:00:00.000Z,8,LSU,Auburn,Jordan-Hare Stadium,no,87451,,,,,931.76,828.19,,,-0.6970129525673623,46.879999999999995,,,,,,,"blend of 4 margin source(s) (fitted weights): sagarin_predictor, sagarin_rating, fei, team_rankings; total from fei"
2026-10-24T19:30:00.000Z,8,North Texas,Navy,Navy-Marine Corps Memorial Stadium,no,34000,,,,,602.08,195.68,,,4.672460234681508,61.16,,,,,,,"blend of 4 margin source(s) (fitted weights): sagarin_predictor, sagarin_rating, fei, team_rankings; total from fei"
2026-10-24T21:00:00.000Z,8,San José State,Nevada,Mackay Stadium,no,27000,,,,,569.25,549.99,,,0.7506632096146688,49.519999999999996,,,,,,,"blend of 4 margin source(s) (fitted weights): sagarin_predictor, sagarin_rating, fei, team_rankings; total from fei"
2026-10-24T22:00:00.000Z,8,Boise State,Washington State,Gesa Field,no,32952,,,,,641.17,630.29,,,0.10056139421720944,48.32,,,,,,,"blend of 4 margin source(s) (fitted weights): sagarin_predictor, sagarin_rating, fei, team_rankings; total from fei"
2026-10-24T22:30:00.000Z,8,San Diego State,Colorado State,Canvas Stadium,no,36500,,,,,609.22,640.31,,,-4.7424227592976855,47.36,,,,,,,"blend of 4 margin source(s) (fitted weights): sagarin_predictor, sagarin_rating, fei, team_rankings; total from fei"
2026-10-24T23:00:00.000Z,8,Georgia State,Arkansas State,Centennial Bank Stadium,no,30382,,,,,573.83,606.22,,,5.131826746952894,53.36,,,,,,,"blend of 4 margin source(s) (fitted weights): sagarin_predictor, sagarin_rating, fei, team_rankings; total from fei"
2026-10-24T23:30:00.000Z,8,Utah State,Texas State,Bobcat Stadium (TX),no,30000,,,,,543.98,624.81,,,5.203994190090257,58.879999999999995,,,,,,,"blend of 4 margin source(s) (fitted weights): sagarin_predictor, sagarin_rating, fei, team_rankings; total from fei"
2026-10-25T02:00:00.000Z,8,North Dakota State,New Mexico,University Stadium (NM),no,39224,,,,,515.59,568.19,,,6.9629263831070975,53.48,,,,,,,"blend of 4 margin source(s) (fitted weights): sagarin_predictor, sagarin_rating, fei, team_rankings; total from fei"
2026-10-27T23:00:00.000Z,9,Delaware,Western Kentucky,Houchens Industries-L.T. Smith Stadium,no,22113,,,,,483.48,611.52,,,8.063458837667056,54.32,,,,,,,"blend of 4 margin source(s) (fitted weights): sagarin_predictor, sagarin_rating, fei, team_rankings; total from fei"
2026-10-28T00:00:00.000Z,9,Sam Houston,Missouri State,Plaster Sports Complex,no,17337,,,,,554.47,549.92,,,7.190482041976097,54.56,,,,,,,"blend of 4 margin source(s) (fitted weights): sagarin_predictor, sagarin_rating, fei, team_rankings; total from fei"
2026-10-28T23:00:00.000Z,9,Kennesaw State,Middle Tennessee,"Johnny ""Red"" Floyd Stadium",no,30788,,,,,502.86,571.5,,,-2.357382733742122,54.2,,,,,,,"blend of 4 margin source(s) (fitted weights): sagarin_predictor, sagarin_rating, fei, team_rankings; total from fei"
2026-10-29T00:00:00.000Z,9,Jacksonville State,New Mexico State,Aggie Memorial Stadium,no,28853,,,,,602.83,460.38,,,-3.137601483168952,50.239999999999995,,,,,,,"blend of 4 margin source(s) (fitted weights): sagarin_predictor, sagarin_rating, fei, team_rankings; total from fei"
2026-10-29T23:30:00.000Z,9,Troy,James Madison,Bridgeforth Stadium,no,24877,,,,,596.19,588.31,,,9.951714781456769,46.040000000000006,,,,,,,"blend of 4 margin source(s) (fitted weights): sagarin_predictor, sagarin_rating, fei, team_rankings; total from fei"
2026-10-29T23:30:00.000Z,9,Florida Atlantic,North Texas,DATCU Stadium,no,30850,,,,,593.36,602.08,,,7.8878817365981275,61.519999999999996,,,,,,,"blend of 4 margin source(s) (fitted weights): sagarin_predictor, sagarin_rating, fei, team_rankings; total from fei"
2026-10-30T23:00:00.000Z,9,Tulane,Charlotte,Jerry Richardson Stadium,no,15300,,,,,665.11,576.77,,,-13.286234477883678,50.36,,,,,,,"blend of 4 margin source(s) (fitted weights): sagarin_predictor, sagarin_rating, fei, team_rankings; total from fei"
2026-10-30T23:30:00.000Z,9,Baylor,UCF,FBC Mortgage Stadium,no,44206,,,,,723.28,672.14,,,1.4568817382216603,53.239999999999995,,,,,,,"blend of 2 margin source(s) (fitted weights): fei, team_rankings; total from fei"
2026-10-31T02:30:00.000Z,9,Kent State,Sacramento State,Hornet Stadium,no,21195,,,,,522.83,561.42,,,2.83462923991633,57.44,,,,,,,"blend of 4 margin source(s) (fitted weights): sagarin_predictor, sagarin_rating, fei, team_rankings; total from fei"
2026-10-31T04:00:00.000Z,9,Oklahoma State,Iowa State,Jack Trice Stadium,no,61500,,,,,672.69,669.55,,,5.721454227052433,49.76,,,,,,,"blend of 4 margin source(s) (fitted weights): sagarin_predictor, sagarin_rating, fei, team_rankings; total from fei"
2026-10-31T04:00:00.000Z,9,Utah,Cincinnati,Nippert Stadium,no,40000,,,,,695.72,634.28,,,-6.683401139719811,58.400000000000006,,,,,,,"blend of 4 margin source(s) (fitted weights): sagarin_predictor, sagarin_rating, fei, team_rankings; total from fei"
2026-10-31T04:00:00.000Z,9,Army,Memphis,Simmons Bank Liberty Stadium,no,58325,,,,,303.83,670.31,,,3.439571739107648,53.96,,,,,,,"blend of 4 margin source(s) (fitted weights): sagarin_predictor, sagarin_rating, fei, team_rankings; total from fei"
2026-10-31T04:00:00.000Z,9,Arizona,Texas Tech,Jones AT&T Stadium,no,60454,,,,,699.59,767.89,,,10.760446887367905,45.92,,,,,,,"blend of 4 margin source(s) (fitted weights): sagarin_predictor, sagarin_rating, fei, team_rankings; total from fei"
2026-10-31T04:00:00.000Z,9,Auburn,Ole Miss,Vaught-Hemingway Stadium,no,64038,,,,,828.19,885.72,,,7.953778421380468,53.72,,,,,,,"blend of 4 margin source(s) (fitted weights): sagarin_predictor, sagarin_rating, fei, team_rankings; total from fei"
2026-10-31T04:00:00.000Z,9,Illinois,Maryland,SECU Stadium,no,51802,,,,,704.01,719.64,,,-3.0170542575569255,51.8,,,,,,,"blend of 4 margin source(s) (fitted weights): sagarin_predictor, sagarin_rating, fei, team_rankings; total from fei"
2026-10-31T04:00:00.000Z,9,App State,Georgia Southern,Allen E. Paulson Stadium,no,25000,,,,,621.61,634.19,,,2.0966166087294225,61.4,,,,,,,"blend of 3 margin source(s) (fitted weights): sagarin_predictor, sagarin_rating, fei; total from fei"
2026-10-31T04:00:00.000Z,9,Wisconsin,Iowa,Kinnick Stadium,no,69250,,,,,767.68,722.73,,,6.642213842388073,38.959999999999994,,,,,,,"blend of 4 margin source(s) (fitted weights): sagarin_predictor, sagarin_rating, fei, team_rankings; total from fei"
2026-10-31T04:00:00.000Z,9,Marshall,Old Dominion,S.B. Ballard Stadium,no,20118,,,,,594.71,544.25,,,6.009410999989627,46.64,,,,,,,"blend of 4 margin source(s) (fitted weights): sagarin_predictor, sagarin_rating, fei, team_rankings; total from fei"
2026-10-31T04:00:00.000Z,9,Miami,North Carolina,Kenan Stadium,no,50500,,,,,885.94,767.89,,,-15.19925984309457,53.480000000000004,,,,,,,"blend of 4 margin source(s) (fitted weights): sagarin_predictor, sagarin_rating, fei, team_rankings; total from fei"
2026-10-31T04:00:00.000Z,9,Oregon State,Fresno State,Valley Children's Stadium,no,41031,,,,,635.79,609.75,,,4.723286901495519,46.760000000000005,,,,,,,"blend of 4 margin source(s) (fitted weights): sagarin_predictor, sagarin_rating, fei, team_rankings; total from fei"
2026-10-31T04:00:00.000Z,9,Purdue,Penn State,Beaver Stadium,no,106572,,,,,698.33,774.04,,,15.35083408839159,52.879999999999995,,,,,,,"blend of 4 margin source(s) (fitted weights): sagarin_predictor, sagarin_rating, fei, team_rankings; total from fei"
2026-10-31T04:00:00.000Z,9,Northwestern,Oregon,Autzen Stadium,no,54000,,,,,688.32,984.33,,,21.159301013725102,53,,,,,,,"blend of 4 margin source(s) (fitted weights): sagarin_predictor, sagarin_rating, fei, team_rankings; total from fei"
2026-10-31T04:00:00.000Z,9,Arizona State,BYU,LaVell Edwards Stadium,no,63470,,,,,722,689.42,,,7.369352629806036,53.239999999999995,,,,,,,"blend of 4 margin source(s) (fitted weights): sagarin_predictor, sagarin_rating, fei, team_rankings; total from fei"
2026-10-31T04:00:00.000Z,9,Clemson,Florida State,Doak Campbell Stadium,no,67277,,,,,862.85,800.2,,,1.5091024920815779,51.92,,,,,,,"blend of 4 margin source(s) (fitted weights): sagarin_predictor, sagarin_rating, fei, team_rankings; total from fei"
2026-10-31T04:00:00.000Z,9,Washington,Nebraska,"Memorial Stadium (Lincoln, NE)",no,85458,,,,,777.63,787.45,,,-4.38130254407,54.08,,,,,,,"blend of 4 margin source(s) (fitted weights): sagarin_predictor, sagarin_rating, fei, team_rankings; total from fei"
2026-10-31T04:00:00.000Z,9,Kansas State,Colorado,Folsom Field,no,50183,,,,,718.67,731.62,,,-5.950876724742982,51.56,,,,,,,"blend of 4 margin source(s) (fitted weights): sagarin_predictor, sagarin_rating, fei, team_rankings; total from fei"
2026-10-31T04:00:00.000Z,9,Nevada,UCLA,Rose Bowl,no,88565,,,,,549.99,774.45,,,18.26495133416859,51.44,,,,,,,"blend of 4 margin source(s) (fitted weights): sagarin_predictor, sagarin_rating, fei, team_rankings; total from fei"
2026-10-31T04:00:00.000Z,9,Stanford,Louisville,L&N Federal Credit Union Stadium,no,60000,,,,,705.81,739.97,,,13.237630725206461,47.120000000000005,,,,,,,"blend of 4 margin source(s) (fitted weights): sagarin_predictor, sagarin_rating, fei, team_rankings; total from fei"
2026-10-31T04:00:00.000Z,9,California,NC State,Carter-Finley Stadium,no,58000,,,,,751.92,757.14,,,6.452623311050747,51.92,,,,,,,"blend of 4 margin source(s) (fitted weights): sagarin_predictor, sagarin_rating, fei, team_rankings; total from fei"
2026-10-31T04:00:00.000Z,9,South Carolina,Oklahoma,"Memorial Stadium (Norman, OK)",no,86112,,,,,862.87,851.14,,,8.549542878358704,43.64,,,,,,,"blend of 4 margin source(s) (fitted weights): sagarin_predictor, sagarin_rating, fei, team_rankings; total from fei"
2026-10-31T04:00:00.000Z,9,Missouri,Arkansas,Razorback Stadium,no,80000,,,,,808.36,745.48,,,-2.548008043528618,56,,,,,,,"blend of 4 margin source(s) (fitted weights): sagarin_predictor, sagarin_rating, fei, team_rankings; total from fei"
2026-10-31T04:00:00.000Z,9,Georgia Tech,Pittsburgh,Acrisure Stadium,no,68400,,,,,751.65,675.02,,,5.239660023565092,51.68,,,,,,,"blend of 4 margin source(s) (fitted weights): sagarin_predictor, sagarin_rating, fei, team_rankings; total from fei"
2026-10-31T04:00:00.000Z,9,Boston College,Duke,Wallace Wade Stadium,no,40004,,,,,660,668.47,,,7.808840958421517,58.64,,,,,,,"blend of 4 margin source(s) (fitted weights): sagarin_predictor, sagarin_rating, fei, team_rankings; total from fei"
2026-10-31T04:00:00.000Z,9,Minnesota,Indiana,"Memorial Stadium (Bloomington, IN)",no,52656,,,,,728.79,735.26,,,16.85146768692859,50.96,,,,,,,"blend of 4 margin source(s) (fitted weights): sagarin_predictor, sagarin_rating, fei, team_rankings; total from fei"
2026-10-31T04:00:00.000Z,9,UAB,South Florida,Raymond James Stadium,no,65828,,,,,606.18,703.81,,,14.0427071303276,56.959999999999994,,,,,,,"blend of 4 margin source(s) (fitted weights): sagarin_predictor, sagarin_rating, fei, team_rankings; total from fei"
2026-10-31T04:00:00.000Z,9,Southern Miss,UL Monroe,Malone Stadium,no,27617,,,,,602.63,505.49,,,0.596868256972003,49.04,,,,,,,"blend of 4 margin source(s) (fitted weights): sagarin_predictor, sagarin_rating, fei, team_rankings; total from fei"
2026-10-31T04:00:00.000Z,9,New Mexico,San José State,CEFCU Stadium,no,30456,,,,,568.19,569.25,,,-2.192403251263942,51.44,,,,,,,"blend of 4 margin source(s) (fitted weights): sagarin_predictor, sagarin_rating, fei, team_rankings; total from fei"
2026-10-31T04:00:00.000Z,9,Michigan,Rutgers,SHI Stadium,no,52454,,,,,890.02,709.04,,,-10.584891241710768,60.2,,,,,,,"blend of 4 margin source(s) (fitted weights): sagarin_predictor, sagarin_rating, fei, team_rankings; total from fei"
2026-10-31T04:00:00.000Z,9,Virginia,Wake Forest,Allegacy Federal Credit Union Stadium,no,31500,,,,,700.18,680.87,,,0.6094010487730306,46.879999999999995,,,,,,,"blend of 4 margin source(s) (fitted weights): sagarin_predictor, sagarin_rating, fei, team_rankings; total from fei"
2026-10-31T04:00:00.000Z,9,SMU,Syracuse,JMA Wireless Dome,yes,49057,,,,,764.5,745.61,,,-7.595703907406582,50.72,,,,,,,"blend of 4 margin source(s) (fitted weights): sagarin_predictor, sagarin_rating, fei, team_rankings; total from fei"
2026-10-31T04:00:00.000Z,9,Ohio State,USC,Los Angeles Memorial Coliseum,no,77500,,,,,964.27,899,,,-7.078669627292182,59.72,,,,,,,"blend of 4 margin source(s) (fitted weights): sagarin_predictor, sagarin_rating, fei, team_rankings; total from fei"
2026-10-31T04:00:00.000Z,9,Coastal Carolina,Georgia State,Center Parc Stadium,no,25000,,,,,573.96,573.83,,,-0.21796628351553549,54.44,,,,,,,"blend of 4 margin source(s) (fitted weights): sagarin_predictor, sagarin_rating, fei, team_rankings; total from fei"
2026-10-31T04:00:00.000Z,9,Louisiana Tech,South Alabama,Hancock Whitney Stadium,no,25450,,,,,543.02,573.38,,,2.854627167391155,53.24,,,,,,,"blend of 4 margin source(s) (fitted weights): sagarin_predictor, sagarin_rating, fei, team_rankings; total from fei"
2026-10-31T04:00:00.000Z,9,Kansas,TCU,Amon G. Carter Stadium,no,46000,,,,,684.51,730.79,,,5.07041787606603,60.08,,,,,,,"blend of 4 margin source(s) (fitted weights): sagarin_predictor, sagarin_rating, fei, team_rankings; total from fei"
2026-10-31T04:00:00.000Z,9,Mississippi State,Texas,DKR-Texas Memorial Stadium,no,100119,,,,,804.53,985.17,,,14.489213078702665,51.31999999999999,,,,,,,"blend of 4 margin source(s) (fitted weights): sagarin_predictor, sagarin_rating, fei, team_rankings; total from fei"
2026-10-31T04:00:00.000Z,9,Temple,East Carolina,Dowdy-Ficklen Stadium,no,50000,,,,,631.07,623.79,,,9.404948778665311,53.959999999999994,,,,,,,"blend of 4 margin source(s) (fitted weights): sagarin_predictor, sagarin_rating, fei, team_rankings; total from fei"
2026-10-31T16:00:00.000Z,9,Notre Dame,Navy,Gillette Stadium,no,68756,,,,,953.03,195.68,,,-19.897151723802075,54.32000000000001,,,,,,,"blend of 4 margin source(s) (fitted weights): sagarin_predictor, sagarin_rating, fei, team_rankings; total from fei"
2026-10-31T16:00:00.000Z,9,Bowling Green,Western Michigan,Waldo Stadium,no,30200,,,,,568.33,572.2,,,9.477361273110443,44.120000000000005,,,,,,,"blend of 4 margin source(s) (fitted weights): sagarin_predictor, sagarin_rating, fei, team_rankings; total from fei"
2026-10-31T19:00:00.000Z,9,UConn,Air Force,Falcon Stadium,no,46692,,,,,652.56,272.35,,,5.939558114874063,62.72,,,,,,,"blend of 4 margin source(s) (fitted weights): sagarin_predictor, sagarin_rating, fei, team_rankings; total from fei"
2026-10-31T19:30:00.000Z,9,Florida International,Liberty,Williams Stadium (VA),no,25000,,,,,607.56,633.35,,,6.7485224386728015,53,,,,,,,blend of 1 margin source(s) (fitted weights): fei; total from fei
2026-10-31T19:30:00.000Z,9,UTEP,North Dakota State,Fargodome,yes,18700,,,,,585.76,515.59,,,7.62538018439696,50.96,,,,,,,"blend of 4 margin source(s) (fitted weights): sagarin_predictor, sagarin_rating, fei, team_rankings; total from fei"
2026-10-31T19:30:00.000Z,9,Florida,Georgia,Mercedes-Benz Stadium,yes,75000,,,,,891.07,1003.67,,,13.476686003139033,52.64,,,,,,,"blend of 4 margin source(s) (fitted weights): sagarin_predictor, sagarin_rating, fei, team_rankings; total from fei"
2026-10-31T19:30:00.000Z,9,Colorado State,Utah State,Maverik Stadium,no,25513,,,,,640.31,543.98,,,5.772670129525917,54.8,,,,,,,"blend of 4 margin source(s) (fitted weights): sagarin_predictor, sagarin_rating, fei, team_rankings; total from fei"
2026-10-31T23:00:00.000Z,9,Washington State,San Diego State,Snapdragon Stadium,no,35000,,,,,630.29,609.22,,,0.8690769340350784,44,,,,,,,"blend of 4 margin source(s) (fitted weights): sagarin_predictor, sagarin_rating, fei, team_rankings; total from fei"
2026-11-01T02:00:00.000Z,9,Texas State,Boise State,Albertsons Stadium,no,36387,,,,,624.81,641.17,,,8.62928354369187,55.760000000000005,,,,,,,"blend of 4 margin source(s) (fitted weights): sagarin_predictor, sagarin_rating, fei, team_rankings; total from fei"
2026-11-01T02:30:00.000Z,9,Northern Illinois,UNLV,Allegiant Stadium,yes,65000,,,,,536.58,696.03,,,12.316098603696261,54.08,,,,,,,"blend of 4 margin source(s) (fitted weights): sagarin_predictor, sagarin_rating, fei, team_rankings; total from fei"
2026-11-04T00:00:00.000Z,10,Buffalo,Miami (OH),Yager Stadium,no,24286,,,,,549.31,621.37,,,7.98668120553327,44.120000000000005,,,,,,,"blend of 4 margin source(s) (fitted weights): sagarin_predictor, sagarin_rating, fei, team_rankings; total from fei"
2026-11-04T00:00:00.000Z,10,Ohio,Akron,InfoCision Stadium,no,30000,,,,,522.84,546.84,,,-4.789397454710879,51.56,,,,,,,"blend of 4 margin source(s) (fitted weights): sagarin_predictor, sagarin_rating, fei, team_rankings; total from fei"
2026-11-04T05:00:00.000Z,10,Toledo,Sacramento State,Hornet Stadium,no,21195,,,,,556.26,561.42,,,-9.19502688117053,51.8,,,,,,,"blend of 4 margin source(s) (fitted weights): sagarin_predictor, sagarin_rating, fei, team_rankings; total from fei"
2026-11-04T05:00:00.000Z,10,Ball State,Massachusetts,Warren McGuirk Alumni Stadium,no,17000,,,,,563.88,525.94,,,-4.296846234500439,51.8,,,,,,,"blend of 4 margin source(s) (fitted weights): sagarin_predictor, sagarin_rating, fei, team_rankings; total from fei"
2026-11-04T05:00:00.000Z,10,Central Michigan,Eastern Michigan,Ford Field,yes,64500,,,,,540.01,580.64,,,0.5296433130259625,53.84,,,,,,,"blend of 4 margin source(s) (fitted weights): sagarin_predictor, sagarin_rating, fei, team_rankings; total from fei"
2026-11-06T01:00:00.000Z,10,UTSA,Florida Atlantic,FAU Stadium,no,29419,,,,,655.82,593.36,,,-4.300548658616871,56.959999999999994,,,,,,,"blend of 4 margin source(s) (fitted weights): sagarin_predictor, sagarin_rating, fei, team_rankings; total from fei"
2026-11-06T01:00:00.000Z,10,James Madison,Southern Miss,M. M. Roberts Stadium,no,36000,,,,,588.31,602.63,,,-10.140651271397804,48.32,,,,,,,"blend of 4 margin source(s) (fitted weights): sagarin_predictor, sagarin_rating, fei, team_rankings; total from fei"
2026-11-07T00:00:00.000Z,10,Virginia Tech,SMU,Gerald J. Ford Stadium,no,32000,,,,,769.12,764.5,,,9.169663281303112,54.68,,,,,,,"blend of 4 margin source(s) (fitted weights): sagarin_predictor, sagarin_rating, fei, team_rankings; total from fei"
2026-11-07T00:30:00.000Z,10,South Florida,East Carolina,Dowdy-Ficklen Stadium,no,50000,,,,,703.81,623.79,,,1.1535760330577527,52.519999999999996,,,,,,,"blend of 4 margin source(s) (fitted weights): sagarin_predictor, sagarin_rating, fei, team_rankings; total from fei"
2026-11-07T01:00:00.000Z,10,Nebraska,Illinois,"Memorial Stadium (Champaign, IL)",no,60670,,,,,787.45,704.01,,,5.2133145098374705,54.92,,,,,,,"blend of 4 margin source(s) (fitted weights): sagarin_predictor, sagarin_rating, fei, team_rankings; total from fei"
2026-11-07T02:00:00.000Z,10,New Mexico,Nevada,Mackay Stadium,no,27000,,,,,568.19,549.99,,,-4.080600613693047,49.04,,,,,,,"blend of 4 margin source(s) (fitted weights): sagarin_predictor, sagarin_rating, fei, team_rankings; total from fei"
2026-11-07T03:15:00.000Z,10,TCU,Arizona,Arizona Stadium,no,50782,,,,,730.79,699.59,,,2.9878882918187077,53.239999999999995,,,,,,,"blend of 4 margin source(s) (fitted weights): sagarin_predictor, sagarin_rating, fei, team_rankings; total from fei"
2026-11-07T05:00:00.000Z,10,Texas,Missouri,Memorial Stadium,no,71168,,,,,985.17,808.36,,,-4.552504506049376,48.559999999999995,,,,,,,"blend of 4 margin source(s) (fitted weights): sagarin_predictor, sagarin_rating, fei, team_rankings; total from fei"
2026-11-07T05:00:00.000Z,10,Oklahoma State,Kansas State,Bill Snyder Family Stadium,no,50000,,,,,672.69,718.67,,,10.471117562485343,50.96,,,,,,,"blend of 4 margin source(s) (fitted weights): sagarin_predictor, sagarin_rating, fei, team_rankings; total from fei"
2026-11-07T05:00:00.000Z,10,Old Dominion,Coastal Carolina,Brooks Stadium (SC),no,21000,,,,,544.25,573.96,,,-4.639671527760294,48.44,,,,,,,"blend of 4 margin source(s) (fitted weights): sagarin_predictor, sagarin_rating, fei, team_rankings; total from fei"
2026-11-07T05:00:00.000Z,10,Penn State,Washington,Husky Stadium,no,70138,,,,,774.04,777.63,,,2.547856893081303,54.2,,,,,,,"blend of 4 margin source(s) (fitted weights): sagarin_predictor, sagarin_rating, fei, team_rankings; total from fei"
2026-11-07T05:00:00.000Z,10,Duke,NC State,Carter-Finley Stadium,no,58000,,,,,668.47,757.14,,,5.556266766482194,57.68,,,,,,,"blend of 4 margin source(s) (fitted weights): sagarin_predictor, sagarin_rating, fei, team_rankings; total from fei"
2026-11-07T05:00:00.000Z,10,Georgia State,App State,Kidd Brewer Stadium,no,30000,,,,,573.83,621.61,,,6.204271902982187,57.2,,,,,,,"blend of 4 margin source(s) (fitted weights): sagarin_predictor, sagarin_rating, fei, team_rankings; total from fei"
2026-11-07T05:00:00.000Z,10,Rice,North Texas,DATCU Stadium,no,30850,,,,,589.89,602.08,,,11.607278927857358,56.72,,,,,,,"blend of 4 margin source(s) (fitted weights): sagarin_predictor, sagarin_rating, fei, team_rankings; total from fei"
2026-11-07T05:00:00.000Z,10,Iowa State,Baylor,McLane Stadium,no,45140,,,,,669.55,723.28,,,2.5586768787116805,54.44,,,,,,,"blend of 4 margin source(s) (fitted weights): sagarin_predictor, sagarin_rating, fei, team_rankings; total from fei"
2026-11-07T05:00:00.000Z,10,Louisville,Georgia Tech,Bobby Dodd Stadium,no,55000,,,,,739.97,751.65,,,-1.6166123815963647,52.879999999999995,,,,,,,"blend of 4 margin source(s) (fitted weights): sagarin_predictor, sagarin_rating, fei, team_rankings; total from fei"
2026-11-07T05:00:00.000Z,10,Kentucky,Tennessee,Neyland Stadium,no,102455,,,,,786.65,885.9,,,10.068354286326645,52.28,,,,,,,"blend of 4 margin source(s) (fitted weights): sagarin_predictor, sagarin_rating, fei, team_rankings; total from fei"
2026-11-07T05:00:00.000Z,10,Texas A&M,South Carolina,Williams-Brice Stadium,no,80250,,,,,933,862.87,,,-3.9499034861417357,47.239999999999995,,,,,,,"blend of 4 margin source(s) (fitted weights): sagarin_predictor, sagarin_rating, fei, team_rankings; total from fei"
2026-11-07T05:00:00.000Z,10,Tulsa,Tulane,Yulman Stadium,no,30000,,,,,622.84,665.11,,,10.860249374284866,50.36,,,,,,,"blend of 4 margin source(s) (fitted weights): sagarin_predictor, sagarin_rating, fei, team_rankings; total from fei"
2026-11-07T05:00:00.000Z,10,Louisiana Tech,Troy,Veterans Memorial Stadium (AL),no,30000,,,,,543.02,596.19,,,4.5475746922740825,45.8,,,,,,,"blend of 4 margin source(s) (fitted weights): sagarin_predictor, sagarin_rating, fei, team_rankings; total from fei"
2026-11-07T05:00:00.000Z,10,Florida State,Boston College,"Alumni Stadium (Chestnut Hill, MA)",no,44500,,,,,800.2,660,,,-7.383565790481442,56.72,,,,,,,"blend of 4 margin source(s) (fitted weights): sagarin_predictor, sagarin_rating, fei, team_rankings; total from fei"
2026-11-07T05:00:00.000Z,10,South Alabama,Louisiana,Cajun Field,no,41426,,,,,573.38,590.94,,,3.053085089444485,55.400000000000006,,,,,,,"blend of 4 margin source(s) (fitted weights): sagarin_predictor, sagarin_rating, fei, team_rankings; total from fei"
2026-11-07T05:00:00.000Z,10,Oregon,Ohio State,Ohio Stadium,no,102780,,,,,984.33,964.27,,,4.431583662581786,54.92,,,,,,,"blend of 4 margin source(s) (fitted weights): sagarin_predictor, sagarin_rating, fei, team_rankings; total from fei"
2026-11-07T05:00:00.000Z,10,Northern Illinois,San José State,CEFCU Stadium,no,30456,,,,,536.58,569.25,,,5.241916050410596,51.08,,,,,,,"blend of 4 margin source(s) (fitted weights): sagarin_predictor, sagarin_rating, fei, team_rankings; total from fei"
2026-11-07T05:00:00.000Z,10,Vanderbilt,Mississippi State,Davis Wade Stadium,no,61337,,,,,727.39,804.53,,,-0.6307983967220128,60.32000000000001,,,,,,,"blend of 4 margin source(s) (fitted weights): sagarin_predictor, sagarin_rating, fei, team_rankings; total from fei"
2026-11-07T05:00:00.000Z,10,Iowa,Northwestern,Ryan Field,no,35000,,,,,722.73,688.32,,,-4.2187843348787375,42.32,,,,,,,"blend of 4 margin source(s) (fitted weights): sagarin_predictor, sagarin_rating, fei, team_rankings; total from fei"
2026-11-07T05:00:00.000Z,10,Oklahoma,Florida,Ben Hill Griffin Stadium,no,88548,,,,,851.14,891.07,,,-3.076376645454612,46.4,,,,,,,"blend of 4 margin source(s) (fitted weights): sagarin_predictor, sagarin_rating, fei, team_rankings; total from fei"
2026-11-07T05:00:00.000Z,10,Michigan State,Michigan,Michigan Stadium,no,107601,,,,,685.02,890.02,,,16.27241040231481,54.2,,,,,,,"blend of 4 margin source(s) (fitted weights): sagarin_predictor, sagarin_rating, fei, team_rankings; total from fei"
2026-11-07T05:00:00.000Z,10,UCF,Kansas,Memorial Stadium,no,47000,,,,,672.14,684.51,,,4.707179280928437,56.72,,,,,,,"blend of 2 margin source(s) (fitted weights): fei, team_rankings; total from fei"
2026-11-07T05:00:00.000Z,10,Arkansas,Auburn,Jordan-Hare Stadium,no,87451,,,,,745.48,828.19,,,7.37445189584768,54.2,,,,,,,"blend of 4 margin source(s) (fitted weights): sagarin_predictor, sagarin_rating, fei, team_rankings; total from fei"
2026-11-07T05:00:00.000Z,10,Charlotte,UAB,Protective Stadium,no,45000,,,,,576.77,606.18,,,7.084023948591293,54.2,,,,,,,"blend of 4 margin source(s) (fitted weights): sagarin_predictor, sagarin_rating, fei, team_rankings; total from fei"
2026-11-07T05:00:00.000Z,10,Marshall,Georgia Southern,Allen E. Paulson Stadium,no,25000,,,,,594.71,634.19,,,-1.1042540930599296,56.84,,,,,,,"blend of 3 margin source(s) (fitted weights): sagarin_predictor, sagarin_rating, fei; total from fei"
2026-11-07T05:00:00.000Z,10,Colorado,Arizona State,Mountain America Stadium,no,65870,,,,,731.62,722,,,8.526889887715232,50.72,,,,,,,"blend of 4 margin source(s) (fitted weights): sagarin_predictor, sagarin_rating, fei, team_rankings; total from fei"
2026-11-07T05:00:00.000Z,10,Rutgers,Wisconsin,Camp Randall Stadium,no,80321,,,,,709.04,767.68,,,7.771481970287655,52.879999999999995,,,,,,,"blend of 4 margin source(s) (fitted weights): sagarin_predictor, sagarin_rating, fei, team_rankings; total from fei"
2026-11-07T05:00:00.000Z,10,UCLA,Minnesota,Huntington Bank Stadium,no,50850,,,,,774.45,728.79,,,4.216541093817882,53.120000000000005,,,,,,,"blend of 4 margin source(s) (fitted weights): sagarin_predictor, sagarin_rating, fei, team_rankings; total from fei"
2026-11-07T05:00:00.000Z,10,Cincinnati,Houston,TDECU Stadium,no,40000,,,,,634.28,695.93,,,5.332124589114676,57.8,,,,,,,"blend of 4 margin source(s) (fitted weights): sagarin_predictor, sagarin_rating, fei, team_rankings; total from fei"
2026-11-07T05:00:00.000Z,10,Georgia,Ole Miss,Vaught-Hemingway Stadium,no,64038,,,,,1003.67,885.72,,,-2.1646469424818435,59,,,,,,,"blend of 4 margin source(s) (fitted weights): sagarin_predictor, sagarin_rating, fei, team_rankings; total from fei"
2026-11-07T05:00:00.000Z,10,Maryland,Purdue,Ross-Ade Stadium,no,57282,,,,,719.64,698.33,,,0.11951474257921413,49.64,,,,,,,"blend of 4 margin source(s) (fitted weights): sagarin_predictor, sagarin_rating, fei, team_rankings; total from fei"
2026-11-07T05:00:00.000Z,10,BYU,Utah,Rice-Eccles Stadium,no,51444,,,,,689.42,695.72,,,3.9829856235931778,55.879999999999995,,,,,,,"blend of 4 margin source(s) (fitted weights): sagarin_predictor, sagarin_rating, fei, team_rankings; total from fei"
2026-11-07T05:00:00.000Z,10,Clemson,Syracuse,JMA Wireless Dome,yes,49057,,,,,862.85,745.61,,,-6.997458274708239,46.52,,,,,,,"blend of 4 margin source(s) (fitted weights): sagarin_predictor, sagarin_rating, fei, team_rankings; total from fei"
2026-11-07T05:00:00.000Z,10,Alabama,LSU,Tiger Stadium (LA),no,102321,,,,,973.53,931.76,,,-1.1463889108475087,51.2,,,,,,,"blend of 4 margin source(s) (fitted weights): sagarin_predictor, sagarin_rating, fei, team_rankings; total from fei"
2026-11-07T05:00:00.000Z,10,West Virginia,Texas Tech,Jones AT&T Stadium,no,60454,,,,,707.6,767.89,,,16.101362525719427,45.44,,,,,,,"blend of 4 margin source(s) (fitted weights): sagarin_predictor, sagarin_rating, fei, team_rankings; total from fei"
2026-11-07T05:00:00.000Z,10,Hawai'i,UTEP,Sun Bowl,no,51500,,,,,556.82,585.76,,,-5.436717293739138,49.760000000000005,,,,,,,"blend of 4 margin source(s) (fitted weights): sagarin_predictor, sagarin_rating, fei, team_rankings; total from fei"
2026-11-07T17:00:00.000Z,10,North Carolina,UConn,Pratt & Whitney Stadium,no,40000,,,,,767.89,652.56,,,-4.472017230233217,56.96,,,,,,,"blend of 4 margin source(s) (fitted weights): sagarin_predictor, sagarin_rating, fei, team_rankings; total from fei"
2026-11-07T20:00:00.000Z,10,Delaware,Kennesaw State,Fifth Third Stadium,no,11040,,,,,483.48,502.86,,,4.247197752157465,55.28,,,,,,,"blend of 4 margin source(s) (fitted weights): sagarin_predictor, sagarin_rating, fei, team_rankings; total from fei"
2026-11-07T20:00:00.000Z,10,UL Monroe,Arkansas State,Centennial Bank Stadium,no,30382,,,,,505.49,606.22,,,6.7991114242979105,50.6,,,,,,,"blend of 4 margin source(s) (fitted weights): sagarin_predictor, sagarin_rating, fei, team_rankings; total from fei"
2026-11-07T20:30:00.000Z,10,Temple,Navy,Navy-Marine Corps Memorial Stadium,no,34000,,,,,631.07,195.68,,,10.61741323862639,57.08,,,,,,,"blend of 4 margin source(s) (fitted weights): sagarin_predictor, sagarin_rating, fei, team_rankings; total from fei"
2026-11-07T20:30:00.000Z,10,Western Kentucky,Middle Tennessee,"Johnny ""Red"" Floyd Stadium",no,30788,,,,,611.52,571.5,,,-6.1736438192517165,53.239999999999995,,,,,,,"blend of 4 margin source(s) (fitted weights): sagarin_predictor, sagarin_rating, fei, team_rankings; total from fei"
2026-11-07T21:00:00.000Z,10,Missouri State,Florida International,Pitbull Stadium,no,20000,,,,,549.92,607.56,,,0.5085224386727956,54.2,,,,,,,blend of 1 margin source(s) (fitted weights): fei; total from fei
2026-11-07T22:00:00.000Z,10,Liberty,New Mexico State,Aggie Memorial Stadium,no,28853,,,,,633.35,460.38,,,-4.213347395709512,53.72,,,,,,,"blend of 4 margin source(s) (fitted weights): sagarin_predictor, sagarin_rating, fei, team_rankings; total from fei"
2026-11-07T23:00:00.000Z,10,Boise State,Colorado State,Canvas Stadium,no,36500,,,,,641.17,640.31,,,-9.050505575132942,51.68000000000001,,,,,,,"blend of 4 margin source(s) (fitted weights): sagarin_predictor, sagarin_rating, fei, team_rankings; total from fei"
2026-11-08T00:00:00.000Z,10,Sam Houston,Jacksonville State,AmFirst Stadium,no,24000,,,,,554.47,602.83,,,11.16502584383952,49.879999999999995,,,,,,,"blend of 4 margin source(s) (fitted weights): sagarin_predictor, sagarin_rating, fei, team_rankings; total from fei"
2026-11-08T00:30:00.000Z,10,Miami,Notre Dame,Notre Dame Stadium,no,80795,,,,,885.94,953.03,,,7.282806911089264,51.68,,,,,,,"blend of 4 margin source(s) (fitted weights): sagarin_predictor, sagarin_rating, fei, team_rankings; total from fei"
2026-11-08T00:30:00.000Z,10,Air Force,Army,Michie Stadium,no,38000,,,,,272.35,303.83,,,5.445003038323209,59.96,,,,,,,"blend of 4 margin source(s) (fitted weights): sagarin_predictor, sagarin_rating, fei, team_rankings; total from fei"
2026-11-08T02:30:00.000Z,10,Fresno State,Utah State,Maverik Stadium,no,25513,,,,,609.75,543.98,,,0.3814465041338253,49.28,,,,,,,"blend of 4 margin source(s) (fitted weights): sagarin_predictor, sagarin_rating, fei, team_rankings; total from fei"
2026-11-08T03:30:00.000Z,10,Wyoming,UNLV,Allegiant Stadium,yes,65000,,,,,528.29,696.03,,,8.84885528674501,50,,,,,,,"blend of 4 margin source(s) (fitted weights): sagarin_predictor, sagarin_rating, fei, team_rankings; total from fei"
2026-11-08T03:30:00.000Z,10,Texas State,Oregon State,Reser Stadium,no,43363,,,,,624.81,635.79,,,0.24671469245549754,56.36,,,,,,,"blend of 4 margin source(s) (fitted weights): sagarin_predictor, sagarin_rating, fei, team_rankings; total from fei"
2026-11-11T00:00:00.000Z,11,Kent State,Bowling Green,Doyt L. Perry Stadium,no,24000,,,,,522.83,568.33,,,6.5669455764324836,50.36,,,,,,,"blend of 4 margin source(s) (fitted weights): sagarin_predictor, sagarin_rating, fei, team_rankings; total from fei"
2026-11-11T00:00:00.000Z,11,Ohio,Miami (OH),Yager Stadium,no,24286,,,,,522.84,621.37,,,2.805283870695167,50.24,,,,,,,"blend of 4 margin source(s) (fitted weights): sagarin_predictor, sagarin_rating, fei, team_rankings; total from fei"
2026-11-11T00:00:00.000Z,11,Western Michigan,Akron,InfoCision Stadium,no,30000,,,,,572.2,546.84,,,-6.493967325048506,47.84,,,,,,,"blend of 4 margin source(s) (fitted weights): sagarin_predictor, sagarin_rating, fei, team_rankings; total from fei"
2026-11-11T05:00:00.000Z,11,Massachusetts,Toledo,Glass Bowl,no,26038,,,,,525.94,556.26,,,21.643825932155597,51.8,,,,,,,"blend of 4 margin source(s) (fitted weights): sagarin_predictor, sagarin_rating, fei, team_rankings; total from fei"
2026-11-11T05:00:00.000Z,11,Buffalo,Ball State,Scheumann Stadium,no,22500,,,,,549.31,563.88,,,-1.281360360716624,44.6,,,,,,,"blend of 4 margin source(s) (fitted weights): sagarin_predictor, sagarin_rating, fei, team_rankings; total from fei"
2026-11-11T05:00:00.000Z,11,Sacramento State,Central Michigan,Kelly/Shorts Stadium,no,30255,,,,,561.42,540.01,,,8.637451147619942,52.28,,,,,,,"blend of 4 margin source(s) (fitted weights): sagarin_predictor, sagarin_rating, fei, team_rankings; total from fei"
2026-11-13T01:00:00.000Z,11,Memphis,South Florida,Raymond James Stadium,no,65828,,,,,670.31,703.81,,,3.0610617355100938,55.04,,,,,,,"blend of 4 margin source(s) (fitted weights): sagarin_predictor, sagarin_rating, fei, team_rankings; total from fei"
2026-11-13T02:00:00.000Z,11,Louisiana,UL Monroe,Malone Stadium,no,27617,,,,,590.94,505.49,,,-3.5910663695743663,52.16,,,,,,,"blend of 4 margin source(s) (fitted weights): sagarin_predictor, sagarin_rating, fei, team_rankings; total from fei"
2026-11-14T00:00:00.000Z,11,Florida State,Pittsburgh,Acrisure Stadium,no,68400,,,,,800.2,675.02,,,1.9748679524004213,51.2,,,,,,,"blend of 4 margin source(s) (fitted weights): sagarin_predictor, sagarin_rating, fei, team_rankings; total from fei"
2026-11-14T02:00:00.000Z,11,Illinois,UCLA,Rose Bowl,no,88565,,,,,704.01,774.45,,,-1.6342344882224538,56.36,,,,,,,"blend of 4 margin source(s) (fitted weights): sagarin_predictor, sagarin_rating, fei, team_rankings; total from fei"
2026-11-14T03:15:00.000Z,11,Houston,Colorado,Folsom Field,no,50183,,,,,695.93,731.62,,,-2.6947881582466646,52.76,,,,,,,"blend of 4 margin source(s) (fitted weights): sagarin_predictor, sagarin_rating, fei, team_rankings; total from fei"
2026-11-14T05:00:00.000Z,11,Minnesota,Penn State,Beaver Stadium,no,106572,,,,,728.79,774.04,,,9.870987967818447,51.8,,,,,,,"blend of 4 margin source(s) (fitted weights): sagarin_predictor, sagarin_rating, fei, team_rankings; total from fei"
2026-11-14T05:00:00.000Z,11,Utah,Arizona,Arizona Stadium,no,50782,,,,,695.72,699.59,,,-2.2989809880990446,54.08,,,,,,,"blend of 4 margin source(s) (fitted weights): sagarin_predictor, sagarin_rating, fei, team_rankings; total from fei"
2026-11-14T05:00:00.000Z,11,Michigan,Oregon,Autzen Stadium,no,54000,,,,,890.02,984.33,,,10.213878961636226,56.96,,,,,,,"blend of 4 margin source(s) (fitted weights): sagarin_predictor, sagarin_rating, fei, team_rankings; total from fei"
2026-11-14T05:00:00.000Z,11,Missouri,Georgia,Sanford Stadium,no,92746,,,,,808.36,1003.67,,,12.306008644137599,52.28,,,,,,,"blend of 4 margin source(s) (fitted weights): sagarin_predictor, sagarin_rating, fei, team_rankings; total from fei"
2026-11-14T05:00:00.000Z,11,Georgia Tech,Clemson,"Memorial Stadium (Clemson, SC)",no,81500,,,,,751.65,862.85,,,7.033410723170639,52.400000000000006,,,,,,,"blend of 4 margin source(s) (fitted weights): sagarin_predictor, sagarin_rating, fei, team_rankings; total from fei"
2026-11-14T05:00:00.000Z,11,Arizona State,UCF,FBC Mortgage Stadium,no,44206,,,,,722,672.14,,,-0.5052038711016771,49.4,,,,,,,"blend of 2 margin source(s) (fitted weights): fei, team_rankings; total from fei"
2026-11-14T05:00:00.000Z,11,UAB,Temple,Lincoln Financial Field,no,69879,,,,,606.18,631.07,,,5.791334384720047,58.4,,,,,,,"blend of 4 margin source(s) (fitted weights): sagarin_predictor, sagarin_rating, fei, team_rankings; total from fei"
2026-11-14T05:00:00.000Z,11,Cincinnati,Iowa State,Jack Trice Stadium,no,61500,,,,,634.28,669.55,,,3.838549820178078,55.4,,,,,,,"blend of 4 margin source(s) (fitted weights): sagarin_predictor, sagarin_rating, fei, team_rankings; total from fei"
2026-11-14T05:00:00.000Z,11,Duke,Miami,Hard Rock Stadium,no,64767,,,,,668.47,885.94,,,17.075463199215303,56.480000000000004,,,,,,,"blend of 4 margin source(s) (fitted weights): sagarin_predictor, sagarin_rating, fei, team_rankings; total from fei"
2026-11-14T05:00:00.000Z,11,Nevada,Northern Illinois,Huskie Stadium,no,23595,,,,,549.99,536.58,,,1.9240024561060607,48.67999999999999,,,,,,,"blend of 4 margin source(s) (fitted weights): sagarin_predictor, sagarin_rating, fei, team_rankings; total from fei"
2026-11-14T05:00:00.000Z,11,Southern Miss,Louisiana Tech,Joe Aillet Stadium,no,28019,,,,,602.63,543.02,,,6.196804085842054,48.08,,,,,,,"blend of 4 margin source(s) (fitted weights): sagarin_predictor, sagarin_rating, fei, team_rankings; total from fei"
2026-11-14T05:00:00.000Z,11,North Texas,UTSA,Alamodome,yes,36582,,,,,602.08,655.82,,,4.329248638150068,61.28,,,,,,,"blend of 4 margin source(s) (fitted weights): sagarin_predictor, sagarin_rating, fei, team_rankings; total from fei"
2026-11-14T05:00:00.000Z,11,California,Virginia,Scott Stadium,no,61500,,,,,751.92,700.18,,,6.087328865812559,49.400000000000006,,,,,,,"blend of 4 margin source(s) (fitted weights): sagarin_predictor, sagarin_rating, fei, team_rankings; total from fei"
2026-11-14T05:00:00.000Z,11,Florida Atlantic,Tulsa,Chapman Stadium,no,30000,,,,,593.36,622.84,,,2.0489977911158164,53.24,,,,,,,"blend of 4 margin source(s) (fitted weights): sagarin_predictor, sagarin_rating, fei, team_rankings; total from fei"
2026-11-14T05:00:00.000Z,11,USC,Indiana,"Memorial Stadium (Bloomington, IN)",no,52656,,,,,899,735.26,,,8.09969935117822,59.84,,,,,,,"blend of 4 margin source(s) (fitted weights): sagarin_predictor, sagarin_rating, fei, team_rankings; total from fei"
2026-11-14T05:00:00.000Z,11,Arkansas State,Coastal Carolina,Brooks Stadium (SC),no,21000,,,,,606.22,573.96,,,3.002721252693965,51.32,,,,,,,"blend of 4 margin source(s) (fitted weights): sagarin_predictor, sagarin_rating, fei, team_rankings; total from fei"
2026-11-14T05:00:00.000Z,11,Ole Miss,Oklahoma,"Memorial Stadium (Norman, OK)",no,86112,,,,,885.72,851.14,,,2.3197798729725196,52.76,,,,,,,"blend of 4 margin source(s) (fitted weights): sagarin_predictor, sagarin_rating, fei, team_rankings; total from fei"
2026-11-14T05:00:00.000Z,11,Louisville,North Carolina,Kenan Stadium,no,50500,,,,,739.97,767.89,,,-6.6057840745459915,51.32,,,,,,,"blend of 4 margin source(s) (fitted weights): sagarin_predictor, sagarin_rating, fei, team_rankings; total from fei"
2026-11-14T05:00:00.000Z,11,Texas Tech,Oklahoma State,Boone Pickens Stadium,no,55509,,,,,767.89,672.69,,,-11.750050301775474,44.6,,,,,,,"blend of 4 margin source(s) (fitted weights): sagarin_predictor, sagarin_rating, fei, team_rankings; total from fei"
2026-11-14T05:00:00.000Z,11,South Carolina,Arkansas,Razorback Stadium,no,80000,,,,,862.87,745.48,,,-1.181885595710639,53.599999999999994,,,,,,,"blend of 4 margin source(s) (fitted weights): sagarin_predictor, sagarin_rating, fei, team_rankings; total from fei"
2026-11-14T05:00:00.000Z,11,Wake Forest,SMU,Gerald J. Ford Stadium,no,32000,,,,,680.87,764.5,,,8.696658034922304,49.76,,,,,,,"blend of 4 margin source(s) (fitted weights): sagarin_predictor, sagarin_rating, fei, team_rankings; total from fei"
2026-11-14T05:00:00.000Z,11,Auburn,Mississippi State,Davis Wade Stadium,no,61337,,,,,828.19,804.53,,,-1.5688495647534828,49.760000000000005,,,,,,,"blend of 4 margin source(s) (fitted weights): sagarin_predictor, sagarin_rating, fei, team_rankings; total from fei"
2026-11-14T05:00:00.000Z,11,Alabama,Vanderbilt,FirstBank Stadium,no,40351,,,,,973.53,727.39,,,-5.420313603490115,60.08,,,,,,,"blend of 4 margin source(s) (fitted weights): sagarin_predictor, sagarin_rating, fei, team_rankings; total from fei"
2026-11-14T05:00:00.000Z,11,Tennessee,Texas A&M,Kyle Field,no,102733,,,,,885.9,933,,,4.586009969803812,55.04,,,,,,,"blend of 4 margin source(s) (fitted weights): sagarin_predictor, sagarin_rating, fei, team_rankings; total from fei"
2026-11-14T05:00:00.000Z,11,Tulane,Rice,Rice Stadium,no,47000,,,,,665.11,589.89,,,-8.71206264052859,49.519999999999996,,,,,,,"blend of 4 margin source(s) (fitted weights): sagarin_predictor, sagarin_rating, fei, team_rankings; total from fei"
2026-11-14T05:00:00.000Z,11,Wisconsin,Maryland,SECU Stadium,no,51802,,,,,767.68,719.64,,,-1.3320663585100057,43.64,,,,,,,"blend of 4 margin source(s) (fitted weights): sagarin_predictor, sagarin_rating, fei, team_rankings; total from fei"
2026-11-14T05:00:00.000Z,11,Kansas,West Virginia,Milan Puskar Stadium,no,60000,,,,,684.51,707.6,,,0.07852995748943636,58.28,,,,,,,"blend of 4 margin source(s) (fitted weights): sagarin_predictor, sagarin_rating, fei, team_rankings; total from fei"
2026-11-14T05:00:00.000Z,11,East Carolina,Charlotte,Jerry Richardson Stadium,no,15300,,,,,623.79,576.77,,,-11.724864823801553,49.760000000000005,,,,,,,"blend of 4 margin source(s) (fitted weights): sagarin_predictor, sagarin_rating, fei, team_rankings; total from fei"
2026-11-14T05:00:00.000Z,11,Purdue,Iowa,Kinnick Stadium,no,69250,,,,,698.33,722.73,,,13.132486602406416,44.96,,,,,,,"blend of 4 margin source(s) (fitted weights): sagarin_predictor, sagarin_rating, fei, team_rankings; total from fei"
2026-11-14T05:00:00.000Z,11,Stanford,Virginia Tech,Lane Stadium,no,65632,,,,,705.81,769.12,,,7.4441508461321915,51.2,,,,,,,"blend of 4 margin source(s) (fitted weights): sagarin_predictor, sagarin_rating, fei, team_rankings; total from fei"
2026-11-14T05:00:00.000Z,11,Baylor,BYU,LaVell Edwards Stadium,no,63470,,,,,723.28,689.42,,,9.497491677455745,57.08,,,,,,,"blend of 4 margin source(s) (fitted weights): sagarin_predictor, sagarin_rating, fei, team_rankings; total from fei"
2026-11-14T05:00:00.000Z,11,Northwestern,Ohio State,Ohio Stadium,no,102780,,,,,688.32,964.27,,,22.95202410426311,49.28,,,,,,,"blend of 4 margin source(s) (fitted weights): sagarin_predictor, sagarin_rating, fei, team_rankings; total from fei"
2026-11-14T05:00:00.000Z,11,App State,Marshall,Joan C. Edwards Stadium,no,38016,,,,,621.61,594.71,,,5.838257768522888,53.36,,,,,,,"blend of 4 margin source(s) (fitted weights): sagarin_predictor, sagarin_rating, fei, team_rankings; total from fei"
2026-11-14T05:00:00.000Z,11,Washington,Michigan State,Spartan Stadium,no,75005,,,,,777.63,685.02,,,-9.034255920083599,54.2,,,,,,,"blend of 4 margin source(s) (fitted weights): sagarin_predictor, sagarin_rating, fei, team_rankings; total from fei"
2026-11-14T05:00:00.000Z,11,Kansas State,TCU,Amon G. Carter Stadium,no,46000,,,,,718.67,730.79,,,0.7249004203223915,53.6,,,,,,,"blend of 4 margin source(s) (fitted weights): sagarin_predictor, sagarin_rating, fei, team_rankings; total from fei"
2026-11-14T05:00:00.000Z,11,Florida,Kentucky,Kroger Field,no,61000,,,,,891.07,786.65,,,-0.3444635706301693,47.24,,,,,,,"blend of 4 margin source(s) (fitted weights): sagarin_predictor, sagarin_rating, fei, team_rankings; total from fei"
2026-11-14T05:00:00.000Z,11,Troy,South Alabama,Hancock Whitney Stadium,no,25450,,,,,596.19,573.38,,,0.9459130471608461,50,,,,,,,"blend of 4 margin source(s) (fitted weights): sagarin_predictor, sagarin_rating, fei, team_rankings; total from fei"
2026-11-14T05:00:00.000Z,11,Wyoming,UTEP,Sun Bowl,no,51500,,,,,528.29,585.76,,,-2.7046488666494506,44,,,,,,,"blend of 4 margin source(s) (fitted weights): sagarin_predictor, sagarin_rating, fei, team_rankings; total from fei"
2026-11-14T05:00:00.000Z,11,Syracuse,NC State,Carter-Finley Stadium,no,58000,,,,,745.61,757.14,,,9.210381557124535,50.36,,,,,,,"blend of 4 margin source(s) (fitted weights): sagarin_predictor, sagarin_rating, fei, team_rankings; total from fei"
2026-11-14T05:00:00.000Z,11,Texas,LSU,Tiger Stadium (LA),no,102321,,,,,985.17,931.76,,,-1.6679082732067236,48.44,,,,,,,"blend of 4 margin source(s) (fitted weights): sagarin_predictor, sagarin_rating, fei, team_rankings; total from fei"
2026-11-14T05:00:00.000Z,11,Nebraska,Rutgers,SHI Stadium,no,52454,,,,,787.45,709.04,,,-1.6042947874533264,59,,,,,,,"blend of 4 margin source(s) (fitted weights): sagarin_predictor, sagarin_rating, fei, team_rankings; total from fei"
2026-11-14T05:00:00.000Z,11,Georgia Southern,Georgia State,Center Parc Stadium,no,25000,,,,,634.19,573.83,,,-0.3158881919177149,60.68,,,,,,,"blend of 3 margin source(s) (fitted weights): sagarin_predictor, sagarin_rating, fei; total from fei"
2026-11-14T17:00:00.000Z,11,James Madison,UConn,Pratt & Whitney Stadium,no,40000,,,,,588.31,652.56,,,-5.922510284261032,53.84,,,,,,,"blend of 4 margin source(s) (fitted weights): sagarin_predictor, sagarin_rating, fei, team_rankings; total from fei"
2026-11-14T19:00:00.000Z,11,Kennesaw State,Sam Houston,Elliott T. Bowers Stadium,no,14000,,,,,502.86,554.47,,,-4.126726075402541,51.44,,,,,,,"blend of 4 margin source(s) (fitted weights): sagarin_predictor, sagarin_rating, fei, team_rankings; total from fei"
2026-11-14T20:00:00.000Z,11,Florida International,Delaware,Delaware Stadium,no,22000,,,,,607.56,483.48,,,2.188522438672799,51.8,,,,,,,blend of 1 margin source(s) (fitted weights): fei; total from fei
2026-11-14T20:00:00.000Z,11,New Mexico State,Missouri State,Plaster Sports Complex,no,17337,,,,,460.38,549.92,,,4.440778825393082,54.92,,,,,,,"blend of 4 margin source(s) (fitted weights): sagarin_predictor, sagarin_rating, fei, team_rankings; total from fei"
2026-11-14T20:30:00.000Z,11,Jacksonville State,Western Kentucky,Houchens Industries-L.T. Smith Stadium,no,22113,,,,,602.83,611.52,,,4.694543033203941,52.04,,,,,,,"blend of 4 margin source(s) (fitted weights): sagarin_predictor, sagarin_rating, fei, team_rankings; total from fei"
2026-11-14T20:30:00.000Z,11,Middle Tennessee,Liberty,Williams Stadium (VA),no,25000,,,,,571.5,633.35,,,10.47142841471966,56.120000000000005,,,,,,,"blend of 4 margin source(s) (fitted weights): sagarin_predictor, sagarin_rating, fei, team_rankings; total from fei"
2026-11-14T20:30:00.000Z,11,Boston College,Notre Dame,Notre Dame Stadium,no,80795,,,,,660,953.03,,,26.889389924638532,53.84,,,,,,,"blend of 4 margin source(s) (fitted weights): sagarin_predictor, sagarin_rating, fei, team_rankings; total from fei"
2026-11-14T21:00:00.000Z,11,Fresno State,Texas State,Bobcat Stadium (TX),no,30000,,,,,609.75,624.81,,,2.94658012218031,51.68,,,,,,,"blend of 4 margin source(s) (fitted weights): sagarin_predictor, sagarin_rating, fei, team_rankings; total from fei"
2026-11-14T23:00:00.000Z,11,Oregon State,Boise State,Albertsons Stadium,no,36387,,,,,635.79,641.17,,,11.021429423280146,50.84,,,,,,,"blend of 4 margin source(s) (fitted weights): sagarin_predictor, sagarin_rating, fei, team_rankings; total from fei"
2026-11-15T00:00:00.000Z,11,San José State,Air Force,Falcon Stadium,no,46692,,,,,569.25,272.35,,,7.5297103161751835,59.6,,,,,,,"blend of 4 margin source(s) (fitted weights): sagarin_predictor, sagarin_rating, fei, team_rankings; total from fei"
2026-11-15T00:30:00.000Z,11,UNLV,New Mexico,University Stadium (NM),no,39224,,,,,696.03,568.19,,,0.3959418420658223,54.44,,,,,,,"blend of 4 margin source(s) (fitted weights): sagarin_predictor, sagarin_rating, fei, team_rankings; total from fei"
2026-11-15T02:30:00.000Z,11,Utah State,San Diego State,Snapdragon Stadium,no,35000,,,,,543.98,609.22,,,6.886334345903091,49.040000000000006,,,,,,,"blend of 4 margin source(s) (fitted weights): sagarin_predictor, sagarin_rating, fei, team_rankings; total from fei"
2026-11-15T03:30:00.000Z,11,Colorado State,Washington State,Gesa Field,no,32952,,,,,640.31,630.29,,,11.78992754139393,49.760000000000005,,,,,,,"blend of 4 margin source(s) (fitted weights): sagarin_predictor, sagarin_rating, fei, team_rankings; total from fei"
2026-11-15T04:59:00.000Z,11,North Dakota State,Hawai'i,Clarence T.C. Ching Athletics Complex,no,15194,,,,,515.59,556.82,,,5.727918825473498,54.8,,,,,,,"blend of 4 margin source(s) (fitted weights): sagarin_predictor, sagarin_rating, fei, team_rankings; total from fei"
2026-11-18T00:00:00.000Z,12,Eastern Michigan,Western Michigan,Waldo Stadium,no,30200,,,,,580.64,572.2,,,9.320304293068247,52.760000000000005,,,,,,,"blend of 4 margin source(s) (fitted weights): sagarin_predictor, sagarin_rating, fei, team_rankings; total from fei"
2026-11-18T00:00:00.000Z,12,Miami (OH),Kent State,Dix Stadium,no,25319,,,,,621.37,522.83,,,-6.589578561725368,52.760000000000005,,,,,,,"blend of 4 margin source(s) (fitted weights): sagarin_predictor, sagarin_rating, fei, team_rankings; total from fei"
2026-11-18T00:00:00.000Z,12,Ball State,Ohio,Peden Stadium,no,24000,,,,,563.88,522.84,,,11.740478839642279,50.72,,,,,,,"blend of 4 margin source(s) (fitted weights): sagarin_predictor, sagarin_rating, fei, team_rankings; total from fei"
2026-11-18T05:00:00.000Z,12,Akron,Massachusetts,Warren McGuirk Alumni Stadium,no,17000,,,,,546.84,525.94,,,-5.970206475344287,52.64,,,,,,,"blend of 4 margin source(s) (fitted weights): sagarin_predictor, sagarin_rating, fei, team_rankings; total from fei"
2026-11-18T05:00:00.000Z,12,Central Michigan,Buffalo,UB Stadium,no,30270,,,,,540.01,549.31,,,0.3251198288747012,45.08,,,,,,,"blend of 4 margin source(s) (fitted weights): sagarin_predictor, sagarin_rating, fei, team_rankings; total from fei"
2026-11-20T00:30:00.000Z,12,Rice,Temple,Lincoln Financial Field,no,69879,,,,,589.89,631.07,,,5.662325923912476,52.64,,,,,,,"blend of 4 margin source(s) (fitted weights): sagarin_predictor, sagarin_rating, fei, team_rankings; total from fei"
2026-11-20T23:00:00.000Z,12,Iowa State,UCF,FBC Mortgage Stadium,no,44206,,,,,669.55,672.14,,,-1.828808108093988,49.04,,,,,,,"blend of 2 margin source(s) (fitted weights): fei, team_rankings; total from fei"
2026-11-21T00:30:00.000Z,12,Clemson,Duke,Wallace Wade Stadium,no,40004,,,,,862.85,668.47,,,-3.343343484065902,53.84,,,,,,,"blend of 4 margin source(s) (fitted weights): sagarin_predictor, sagarin_rating, fei, team_rankings; total from fei"
2026-11-21T00:30:00.000Z,12,Bowling Green,Toledo,Glass Bowl,no,26038,,,,,568.33,556.26,,,10.740431688741925,44.72,,,,,,,"blend of 4 margin source(s) (fitted weights): sagarin_predictor, sagarin_rating, fei, team_rankings; total from fei"
2026-11-21T01:00:00.000Z,12,Oregon,Michigan State,Spartan Stadium,no,75005,,,,,984.33,685.02,,,-18.569707647819712,55.879999999999995,,,,,,,"blend of 4 margin source(s) (fitted weights): sagarin_predictor, sagarin_rating, fei, team_rankings; total from fei"
2026-11-21T01:00:00.000Z,12,UTEP,Air Force,Falcon Stadium,no,46692,,,,,585.76,272.35,,,12.009031916283984,56.6,,,,,,,"blend of 4 margin source(s) (fitted weights): sagarin_predictor, sagarin_rating, fei, team_rankings; total from fei"
2026-11-21T05:00:00.000Z,12,Hawai'i,Nevada,Mackay Stadium,no,27000,,,,,556.82,549.99,,,-2.845593056059449,50.36,,,,,,,"blend of 4 margin source(s) (fitted weights): sagarin_predictor, sagarin_rating, fei, team_rankings; total from fei"
2026-11-21T05:00:00.000Z,12,Virginia Tech,Miami,Hard Rock Stadium,no,64767,,,,,769.12,885.94,,,17.025816219666627,53.12,,,,,,,"blend of 4 margin source(s) (fitted weights): sagarin_predictor, sagarin_rating, fei, team_rankings; total from fei"
2026-11-21T05:00:00.000Z,12,Charlotte,Tulsa,Chapman Stadium,no,30000,,,,,576.77,622.84,,,10.342566819730134,49.28,,,,,,,"blend of 4 margin source(s) (fitted weights): sagarin_predictor, sagarin_rating, fei, team_rankings; total from fei"
2026-11-21T05:00:00.000Z,12,Pittsburgh,Louisville,L&N Federal Credit Union Stadium,no,60000,,,,,675.02,739.97,,,4.2935340741625945,45.68,,,,,,,"blend of 4 margin source(s) (fitted weights): sagarin_predictor, sagarin_rating, fei, team_rankings; total from fei"
2026-11-21T05:00:00.000Z,12,NC State,Florida State,Doak Campbell Stadium,no,67277,,,,,757.14,800.2,,,4.573900353752834,55.76,,,,,,,"blend of 4 margin source(s) (fitted weights): sagarin_predictor, sagarin_rating, fei, team_rankings; total from fei"
2026-11-21T05:00:00.000Z,12,Texas A&M,Oklahoma,"Memorial Stadium (Norman, OK)",no,86112,,,,,933,851.14,,,1.9607788201731946,46.88,,,,,,,"blend of 4 margin source(s) (fitted weights): sagarin_predictor, sagarin_rating, fei, team_rankings; total from fei"
2026-11-21T05:00:00.000Z,12,Colorado,Cincinnati,Nippert Stadium,no,40000,,,,,731.62,634.28,,,5.279245285263313,55.519999999999996,,,,,,,"blend of 4 margin source(s) (fitted weights): sagarin_predictor, sagarin_rating, fei, team_rankings; total from fei"
2026-11-21T05:00:00.000Z,12,Kentucky,Missouri,Memorial Stadium,no,71168,,,,,786.65,808.36,,,6.792862073719152,46.879999999999995,,,,,,,"blend of 4 margin source(s) (fitted weights): sagarin_predictor, sagarin_rating, fei, team_rankings; total from fei"
2026-11-21T05:00:00.000Z,12,Ohio State,Nebraska,"Memorial Stadium (Lincoln, NE)",no,85458,,,,,964.27,787.45,,,-15.709477362344124,52.04,,,,,,,"blend of 4 margin source(s) (fitted weights): sagarin_predictor, sagarin_rating, fei, team_rankings; total from fei"
2026-11-21T05:00:00.000Z,12,Rutgers,Penn State,Beaver Stadium,no,106572,,,,,709.04,774.04,,,13.993182726617128,59.12,,,,,,,"blend of 4 margin source(s) (fitted weights): sagarin_predictor, sagarin_rating, fei, team_rankings; total from fei"
2026-11-21T05:00:00.000Z,12,Arkansas State,Louisiana Tech,Joe Aillet Stadium,no,28019,,,,,606.22,543.02,,,4.07854554865969,49.64,,,,,,,"blend of 4 margin source(s) (fitted weights): sagarin_predictor, sagarin_rating, fei, team_rankings; total from fei"
2026-11-21T05:00:00.000Z,12,Wake Forest,Georgia Tech,Bobby Dodd Stadium,no,55000,,,,,680.87,751.65,,,3.7038622510970978,52.04,,,,,,,"blend of 4 margin source(s) (fitted weights): sagarin_predictor, sagarin_rating, fei, team_rankings; total from fei"
2026-11-21T05:00:00.000Z,12,Utah,TCU,Amon G. Carter Stadium,no,46000,,,,,695.72,730.79,,,-2.648008707873978,55.4,,,,,,,"blend of 4 margin source(s) (fitted weights): sagarin_predictor, sagarin_rating, fei, team_rankings; total from fei"
2026-11-21T05:00:00.000Z,12,Texas Tech,Baylor,McLane Stadium,no,45140,,,,,767.89,723.28,,,-8.747640340098908,49.28,,,,,,,"blend of 4 margin source(s) (fitted weights): sagarin_predictor, sagarin_rating, fei, team_rankings; total from fei"
2026-11-21T05:00:00.000Z,12,UL Monroe,App State,Kidd Brewer Stadium,no,30000,,,,,505.49,621.61,,,7.871556580327205,54.44,,,,,,,"blend of 4 margin source(s) (fitted weights): sagarin_predictor, sagarin_rating, fei, team_rankings; total from fei"
2026-11-21T05:00:00.000Z,12,Houston,West Virginia,Milan Puskar Stadium,no,60000,,,,,695.93,707.6,,,-1.0108989317578874,53,,,,,,,"blend of 4 margin source(s) (fitted weights): sagarin_predictor, sagarin_rating, fei, team_rankings; total from fei"
2026-11-21T05:00:00.000Z,12,Iowa,Illinois,"Memorial Stadium (Champaign, IL)",no,60670,,,,,722.73,704.01,,,0.3204952007463959,47.120000000000005,,,,,,,"blend of 4 margin source(s) (fitted weights): sagarin_predictor, sagarin_rating, fei, team_rankings; total from fei"
2026-11-21T05:00:00.000Z,12,Indiana,Washington,Husky Stadium,no,70138,,,,,735.26,777.63,,,-4.43262282602884,53.36,,,,,,,"blend of 4 margin source(s) (fitted weights): sagarin_predictor, sagarin_rating, fei, team_rankings; total from fei"
2026-11-21T05:00:00.000Z,12,BYU,Kansas,Memorial Stadium,no,47000,,,,,689.42,684.51,,,-3.7354409603468284,60.56,,,,,,,"blend of 4 margin source(s) (fitted weights): sagarin_predictor, sagarin_rating, fei, team_rankings; total from fei"
2026-11-21T05:00:00.000Z,12,Vanderbilt,Florida,Ben Hill Griffin Stadium,no,88548,,,,,727.39,891.07,,,2.8575116728422993,57.92,,,,,,,"blend of 4 margin source(s) (fitted weights): sagarin_predictor, sagarin_rating, fei, team_rankings; total from fei"
2026-11-21T05:00:00.000Z,12,Coastal Carolina,Louisiana,Cajun Field,no,41426,,,,,573.96,590.94,,,4.344675980757589,52.879999999999995,,,,,,,"blend of 4 margin source(s) (fitted weights): sagarin_predictor, sagarin_rating, fei, team_rankings; total from fei"
2026-11-21T05:00:00.000Z,12,Wisconsin,Purdue,Ross-Ade Stadium,no,57282,,,,,767.68,698.33,,,-3.8514121879745655,46.64,,,,,,,"blend of 4 margin source(s) (fitted weights): sagarin_predictor, sagarin_rating, fei, team_rankings; total from fei"
2026-11-21T05:00:00.000Z,12,Oklahoma State,Arizona State,Mountain America Stadium,no,65870,,,,,672.69,722,,,7.7694095813700494,50.12,,,,,,,"blend of 4 margin source(s) (fitted weights): sagarin_predictor, sagarin_rating, fei, team_rankings; total from fei"
2026-11-21T05:00:00.000Z,12,Georgia Southern,Troy,Veterans Memorial Stadium (AL),no,30000,,,,,634.19,596.19,,,5.446038453725375,53.72,,,,,,,"blend of 3 margin source(s) (fitted weights): sagarin_predictor, sagarin_rating, fei; total from fei"
2026-11-21T05:00:00.000Z,12,South Florida,Florida Atlantic,FAU Stadium,no,29419,,,,,703.81,593.36,,,-4.916580334173256,56,,,,,,,"blend of 4 margin source(s) (fitted weights): sagarin_predictor, sagarin_rating, fei, team_rankings; total from fei"
2026-11-21T05:00:00.000Z,12,North Texas,Tulane,Yulman Stadium,no,30000,,,,,602.08,665.11,,,5.021365428802554,58.64,,,,,,,"blend of 4 margin source(s) (fitted weights): sagarin_predictor, sagarin_rating, fei, team_rankings; total from fei"
2026-11-21T05:00:00.000Z,12,Arizona,Kansas State,Bill Snyder Family Stadium,no,50000,,,,,699.59,718.67,,,4.203793003990226,52.28,,,,,,,"blend of 4 margin source(s) (fitted weights): sagarin_predictor, sagarin_rating, fei, team_rankings; total from fei"
2026-11-21T05:00:00.000Z,12,Northwestern,Minnesota,Huntington Bank Stadium,no,50850,,,,,688.32,728.79,,,4.482725569176784,48.92,,,,,,,"blend of 4 margin source(s) (fitted weights): sagarin_predictor, sagarin_rating, fei, team_rankings; total from fei"
2026-11-21T05:00:00.000Z,12,Maryland,USC,Los Angeles Memorial Coliseum,no,77500,,,,,719.64,899,,,14.351129198902719,57.44,,,,,,,"blend of 4 margin source(s) (fitted weights): sagarin_predictor, sagarin_rating, fei, team_rankings; total from fei"
2026-11-21T05:00:00.000Z,12,Arkansas,Texas,DKR-Texas Memorial Stadium,no,100119,,,,,745.48,985.17,,,15.017094265709314,55.760000000000005,,,,,,,"blend of 4 margin source(s) (fitted weights): sagarin_predictor, sagarin_rating, fei, team_rankings; total from fei"
2026-11-21T05:00:00.000Z,12,UTSA,UAB,Protective Stadium,no,45000,,,,,655.82,606.18,,,-8.14895431068367,57.92,,,,,,,"blend of 4 margin source(s) (fitted weights): sagarin_predictor, sagarin_rating, fei, team_rankings; total from fei"
2026-11-21T05:00:00.000Z,12,North Carolina,Virginia,Scott Stadium,no,61500,,,,,767.89,700.18,,,8.592490109210825,52.16,,,,,,,"blend of 4 margin source(s) (fitted weights): sagarin_predictor, sagarin_rating, fei, team_rankings; total from fei"
2026-11-21T05:00:00.000Z,12,Georgia,South Carolina,Williams-Brice Stadium,no,80250,,,,,1003.67,862.87,,,-8.394409947868027,49.88,,,,,,,"blend of 4 margin source(s) (fitted weights): sagarin_predictor, sagarin_rating, fei, team_rankings; total from fei"
2026-11-21T05:00:00.000Z,12,Georgia State,Marshall,Joan C. Edwards Stadium,no,38016,,,,,573.83,594.71,,,9.4036690994613,52.64,,,,,,,"blend of 4 margin source(s) (fitted weights): sagarin_predictor, sagarin_rating, fei, team_rankings; total from fei"
2026-11-21T05:00:00.000Z,12,UCLA,Michigan,Michigan Stadium,no,107601,,,,,774.45,890.02,,,13.318098148773746,55.52,,,,,,,"blend of 4 margin source(s) (fitted weights): sagarin_predictor, sagarin_rating, fei, team_rankings; total from fei"
2026-11-21T05:00:00.000Z,12,Stanford,California,California Memorial Stadium,no,62467,,,,,705.81,751.92,,,6.498147322014961,48.8,,,,,,,"blend of 4 margin source(s) (fitted weights): sagarin_predictor, sagarin_rating, fei, team_rankings; total from fei"
2026-11-21T05:00:00.000Z,12,South Alabama,Southern Miss,M. M. Roberts Stadium,no,36000,,,,,573.38,602.63,,,-1.1348495371018845,52.28,,,,,,,"blend of 4 margin source(s) (fitted weights): sagarin_predictor, sagarin_rating, fei, team_rankings; total from fei"
2026-11-21T05:00:00.000Z,12,Syracuse,Boston College,"Alumni Stadium (Chestnut Hill, MA)",no,44500,,,,,745.61,660,,,1.1229949763083722,51.32,,,,,,,"blend of 4 margin source(s) (fitted weights): sagarin_predictor, sagarin_rating, fei, team_rankings; total from fei"
2026-11-21T05:00:00.000Z,12,LSU,Tennessee,Neyland Stadium,no,102455,,,,,931.76,885.9,,,3.0297565518086222,54.08,,,,,,,"blend of 4 margin source(s) (fitted weights): sagarin_predictor, sagarin_rating, fei, team_rankings; total from fei"
2026-11-21T17:00:00.000Z,12,East Carolina,Army,Michie Stadium,no,38000,,,,,623.79,303.83,,,2.901232780499604,51.44,,,,,,,"blend of 4 margin source(s) (fitted weights): sagarin_predictor, sagarin_rating, fei, team_rankings; total from fei"
2026-11-21T17:00:00.000Z,12,Memphis,Navy,Navy-Marine Corps Memorial Stadium,no,34000,,,,,670.31,195.68,,,2.7882416564851544,55.88,,,,,,,"blend of 4 margin source(s) (fitted weights): sagarin_predictor, sagarin_rating, fei, team_rankings; total from fei"
2026-11-21T18:00:00.000Z,12,Western Kentucky,Liberty,Williams Stadium (VA),no,25000,,,,,611.52,633.35,,,1.6589240234241691,55.52,,,,,,,"blend of 4 margin source(s) (fitted weights): sagarin_predictor, sagarin_rating, fei, team_rankings; total from fei"
2026-11-21T19:00:00.000Z,12,Missouri State,Jacksonville State,AmFirst Stadium,no,24000,,,,,549.92,602.83,,,6.613404373907192,56.120000000000005,,,,,,,"blend of 4 margin source(s) (fitted weights): sagarin_predictor, sagarin_rating, fei, team_rankings; total from fei"
2026-11-21T19:00:00.000Z,12,Middle Tennessee,Sam Houston,Elliott T. Bowers Stadium,no,14000,,,,,571.5,554.47,,,0.8695172303833576,51.08,,,,,,,"blend of 4 margin source(s) (fitted weights): sagarin_predictor, sagarin_rating, fei, team_rankings; total from fei"
2026-11-21T20:00:00.000Z,12,Delaware,New Mexico State,Aggie Memorial Stadium,no,28853,,,,,483.48,460.38,,,0.23131432129416563,52.519999999999996,,,,,,,"blend of 4 margin source(s) (fitted weights): sagarin_predictor, sagarin_rating, fei, team_rankings; total from fei"
2026-11-21T20:00:00.000Z,12,Florida International,Kennesaw State,Fifth Third Stadium,no,11040,,,,,607.56,502.86,,,5.068522438672798,51.08,,,,,,,blend of 1 margin source(s) (fitted weights): fei; total from fei
2026-11-21T20:30:00.000Z,12,Old Dominion,UConn,Pratt & Whitney Stadium,no,40000,,,,,544.25,652.56,,,-2.9036497584560785,51.32,,,,,,,"blend of 4 margin source(s) (fitted weights): sagarin_predictor, sagarin_rating, fei, team_rankings; total from fei"
2026-11-21T21:00:00.000Z,12,Northern Illinois,North Dakota State,Fargodome,yes,18700,,,,,536.58,515.59,,,5.749114062654988,53.120000000000005,,,,,,,"blend of 4 margin source(s) (fitted weights): sagarin_predictor, sagarin_rating, fei, team_rankings; total from fei"
2026-11-21T23:00:00.000Z,12,Washington State,Texas State,Bobcat Stadium (TX),no,30000,,,,,630.29,624.81,,,-0.8132632217777542,53.84,,,,,,,"blend of 4 margin source(s) (fitted weights): sagarin_predictor, sagarin_rating, fei, team_rankings; total from fei"
2026-11-22T00:00:00.000Z,12,UNLV,San José State,CEFCU Stadium,no,30456,,,,,696.03,569.25,,,-4.435321981241892,54.92,,,,,,,"blend of 4 margin source(s) (fitted weights): sagarin_predictor, sagarin_rating, fei, team_rankings; total from fei"
2026-11-22T00:30:00.000Z,12,SMU,Notre Dame,Notre Dame Stadium,no,80795,,,,,764.5,953.03,,,15.138959849452775,53.239999999999995,,,,,,,"blend of 4 margin source(s) (fitted weights): sagarin_predictor, sagarin_rating, fei, team_rankings; total from fei"
2026-11-22T00:30:00.000Z,12,Colorado State,Fresno State,Valley Children's Stadium,no,41031,,,,,640.31,609.75,,,8.030084197435867,47.599999999999994,,,,,,,"blend of 4 margin source(s) (fitted weights): sagarin_predictor, sagarin_rating, fei, team_rankings; total from fei"
2026-11-22T02:00:00.000Z,12,New Mexico,Wyoming,War Memorial Stadium,no,29181,,,,,568.19,528.29,,,-1.3282154126795103,46.519999999999996,,,,,,,"blend of 4 margin source(s) (fitted weights): sagarin_predictor, sagarin_rating, fei, team_rankings; total from fei"
2026-11-22T02:30:00.000Z,12,San Diego State,Boise State,Albertsons Stadium,no,36387,,,,,609.22,641.17,,,6.946943387879034,45.92,,,,,,,"blend of 4 margin source(s) (fitted weights): sagarin_predictor, sagarin_rating, fei, team_rankings; total from fei"
2026-11-22T03:30:00.000Z,12,Utah State,Oregon State,Reser Stadium,no,43363,,,,,543.98,635.79,,,2.8118483105019823,53.96,,,,,,,"blend of 4 margin source(s) (fitted weights): sagarin_predictor, sagarin_rating, fei, team_rankings; total from fei"
2026-11-24T05:00:00.000Z,13,Miami (OH),Western Michigan,Waldo Stadium,no,30200,,,,,621.37,572.2,,,4.177007143730011,46.519999999999996,,,,,,,"blend of 4 margin source(s) (fitted weights): sagarin_predictor, sagarin_rating, fei, team_rankings; total from fei"
2026-11-25T00:00:00.000Z,13,Kent State,Eastern Michigan,Rynearson Stadium,no,30200,,,,,522.83,580.64,,,6.724002556474682,59,,,,,,,"blend of 4 margin source(s) (fitted weights): sagarin_predictor, sagarin_rating, fei, team_rankings; total from fei"
2026-11-27T01:00:00.000Z,13,TCU,Texas Tech,Jones AT&T Stadium,no,60454,,,,,730.79,767.89,,,11.109474607142833,47.24,,,,,,,"blend of 4 margin source(s) (fitted weights): sagarin_predictor, sagarin_rating, fei, team_rankings; total from fei"
2026-11-27T05:00:00.000Z,13,Florida Atlantic,East Carolina,Dowdy-Ficklen Stadium,no,50000,,,,,593.36,623.79,,,8.709016939274782,53.72,,,,,,,"blend of 4 margin source(s) (fitted weights): sagarin_predictor, sagarin_rating, fei, team_rankings; total from fei"
2026-11-27T05:00:00.000Z,13,Tulane,South Florida,Raymond James Stadium,no,65828,,,,,665.11,703.81,,,2.5627754569476697,53.12,,,,,,,"blend of 4 margin source(s) (fitted weights): sagarin_predictor, sagarin_rating, fei, team_rankings; total from fei"
2026-11-27T05:00:00.000Z,13,Temple,Memphis,Simmons Bank Liberty Stadium,no,58325,,,,,631.07,670.31,,,10.46803215418501,56.480000000000004,,,,,,,"blend of 4 margin source(s) (fitted weights): sagarin_predictor, sagarin_rating, fei, team_rankings; total from fei"
2026-11-27T17:00:00.000Z,13,Toledo,Ohio,Peden Stadium,no,24000,,,,,556.26,522.84,,,-0.32877971392533323,50.72,,,,,,,"blend of 4 margin source(s) (fitted weights): sagarin_predictor, sagarin_rating, fei, team_rankings; total from fei"
2026-11-27T17:00:00.000Z,13,Nebraska,Iowa,Kinnick Stadium,no,69250,,,,,787.45,722.73,,,7.531679881134852,45.08,,,,,,,"blend of 4 margin source(s) (fitted weights): sagarin_predictor, sagarin_rating, fei, team_rankings; total from fei"
2026-11-27T17:00:00.000Z,13,Mississippi State,Ole Miss,Vaught-Hemingway Stadium,no,64038,,,,,804.53,885.72,,,12.161488558177723,58.28,,,,,,,"blend of 4 margin source(s) (fitted weights): sagarin_predictor, sagarin_rating, fei, team_rankings; total from fei"
2026-11-27T17:00:00.000Z,13,Buffalo,Akron,InfoCision Stadium,no,30000,,,,,549.31,546.84,,,0.3919998801272273,45.44,,,,,,,"blend of 4 margin source(s) (fitted weights): sagarin_predictor, sagarin_rating, fei, team_rankings; total from fei"
2026-11-27T20:00:00.000Z,13,App State,South Alabama,Hancock Whitney Stadium,no,25450,,,,,621.61,573.38,,,3.221866987977775,57.68,,,,,,,"blend of 4 margin source(s) (fitted weights): sagarin_predictor, sagarin_rating, fei, team_rankings; total from fei"
2026-11-27T20:30:00.000Z,13,Florida,Florida State,Doak Campbell Stadium,no,67277,,,,,891.07,800.2,,,1.1759995312344138,53.72,,,,,,,"blend of 4 margin source(s) (fitted weights): sagarin_predictor, sagarin_rating, fei, team_rankings; total from fei"
2026-11-27T20:30:00.000Z,13,North Dakota State,San José State,CEFCU Stadium,no,30456,,,,,515.59,569.25,,,2.1316625597993832,53.96,,,,,,,"blend of 4 margin source(s) (fitted weights): sagarin_predictor, sagarin_rating, fei, team_rankings; total from fei"
2026-11-28T00:30:00.000Z,13,Minnesota,Wisconsin,Camp Randall Stadium,no,80321,,,,,728.79,767.68,,,3.6492872114889754,45.56,,,,,,,"blend of 4 margin source(s) (fitted weights): sagarin_predictor, sagarin_rating, fei, team_rankings; total from fei"
2026-11-28T00:30:00.000Z,13,Texas,Texas A&M,Kyle Field,no,102733,,,,,985.17,933,,,0.6701371043181563,49.4,,,,,,,"blend of 4 margin source(s) (fitted weights): sagarin_predictor, sagarin_rating, fei, team_rankings; total from fei"
2026-11-28T02:00:00.000Z,13,West Virginia,Utah,Rice-Eccles Stadium,no,51444,,,,,707.6,695.72,,,12.917617770538119,53.599999999999994,,,,,,,"blend of 4 margin source(s) (fitted weights): sagarin_predictor, sagarin_rating, fei, team_rankings; total from fei"
2026-11-28T05:00:00.000Z,13,Penn State,Maryland,SECU Stadium,no,51802,,,,,774.04,719.64,,,-7.553767114839474,49.879999999999995,,,,,,,"blend of 4 margin source(s) (fitted weights): sagarin_predictor, sagarin_rating, fei, team_rankings; total from fei"
2026-11-28T05:00:00.000Z,13,Michigan State,Rutgers,SHI Stadium,no,52454,,,,,685.02,709.04,,,3.048658588560267,59.12,,,,,,,"blend of 4 margin source(s) (fitted weights): sagarin_predictor, sagarin_rating, fei, team_rankings; total from fei"
2026-11-28T05:00:00.000Z,13,Marshall,UL Monroe,Malone Stadium,no,27617,,,,,594.71,505.49,,,-5.793232632718767,49.879999999999995,,,,,,,"blend of 4 margin source(s) (fitted weights): sagarin_predictor, sagarin_rating, fei, team_rankings; total from fei"
2026-11-28T05:00:00.000Z,13,Pittsburgh,California,California Memorial Stadium,no,62467,,,,,675.02,751.92,,,-2.4459493290289065,47.36,,,,,,,"blend of 4 margin source(s) (fitted weights): sagarin_predictor, sagarin_rating, fei, team_rankings; total from fei"
2026-11-28T05:00:00.000Z,13,Georgia Tech,Georgia,Sanford Stadium,no,92746,,,,,751.65,1003.67,,,18.204339115113058,57.32,,,,,,,"blend of 4 margin source(s) (fitted weights): sagarin_predictor, sagarin_rating, fei, team_rankings; total from fei"
2026-11-28T05:00:00.000Z,13,SMU,Stanford,Stanford Stadium,no,50424,,,,,764.5,705.81,,,-8.697232411303979,50.84,,,,,,,"blend of 4 margin source(s) (fitted weights): sagarin_predictor, sagarin_rating, fei, team_rankings; total from fei"
2026-11-28T05:00:00.000Z,13,Army,Rice,Rice Stadium,no,47000,,,,,303.83,589.89,,,-7.413065194902287,50.120000000000005,,,,,,,"blend of 4 margin source(s) (fitted weights): sagarin_predictor, sagarin_rating, fei, team_rankings; total from fei"
2026-11-28T05:00:00.000Z,13,Duke,Wake Forest,Allegacy Federal Credit Union Stadium,no,31500,,,,,668.47,680.87,,,3.161512797973261,53.480000000000004,,,,,,,"blend of 4 margin source(s) (fitted weights): sagarin_predictor, sagarin_rating, fei, team_rankings; total from fei"
2026-11-28T05:00:00.000Z,13,NC State,North Carolina,Kenan Stadium,no,50500,,,,,757.14,767.89,,,-3.680063410361461,54.68,,,,,,,"blend of 4 margin source(s) (fitted weights): sagarin_predictor, sagarin_rating, fei, team_rankings; total from fei"
2026-11-28T05:00:00.000Z,13,Coastal Carolina,James Madison,Bridgeforth Stadium,no,24877,,,,,573.96,588.31,,,12.9362531976528,50.96,,,,,,,"blend of 4 margin source(s) (fitted weights): sagarin_predictor, sagarin_rating, fei, team_rankings; total from fei"
2026-11-28T05:00:00.000Z,13,South Carolina,Clemson,"Memorial Stadium (Clemson, SC)",no,81500,,,,,862.87,862.85,,,2.501202700013157,44.959999999999994,,,,,,,"blend of 4 margin source(s) (fitted weights): sagarin_predictor, sagarin_rating, fei, team_rankings; total from fei"
2026-11-28T05:00:00.000Z,13,Cincinnati,BYU,LaVell Edwards Stadium,no,63470,,,,,634.28,689.42,,,10.616997232257955,58.04,,,,,,,"blend of 4 margin source(s) (fitted weights): sagarin_predictor, sagarin_rating, fei, team_rankings; total from fei"
2026-11-28T05:00:00.000Z,13,UTEP,Northern Illinois,Huskie Stadium,no,23595,,,,,585.76,536.58,,,4.515126693785747,48.08,,,,,,,"blend of 4 margin source(s) (fitted weights): sagarin_predictor, sagarin_rating, fei, team_rankings; total from fei"
2026-11-28T05:00:00.000Z,13,Auburn,Alabama,Bryant-Denny Stadium,no,101821,,,,,828.19,973.53,,,9.759983579546194,49.519999999999996,,,,,,,"blend of 4 margin source(s) (fitted weights): sagarin_predictor, sagarin_rating, fei, team_rankings; total from fei"
2026-11-28T05:00:00.000Z,13,Virginia,Virginia Tech,Lane Stadium,no,65632,,,,,700.18,769.12,,,0.13639580239222338,51.8,,,,,,,"blend of 4 margin source(s) (fitted weights): sagarin_predictor, sagarin_rating, fei, team_rankings; total from fei"
2026-11-28T05:00:00.000Z,13,Kansas State,Iowa State,Jack Trice Stadium,no,61500,,,,,718.67,669.55,,,-2.110802763389139,51.44,,,,,,,"blend of 4 margin source(s) (fitted weights): sagarin_predictor, sagarin_rating, fei, team_rankings; total from fei"
2026-11-28T05:00:00.000Z,13,Kansas,Oklahoma State,Boone Pickens Stadium,no,55509,,,,,684.51,672.69,,,-0.8478789626541559,57.44,,,,,,,"blend of 4 margin source(s) (fitted weights): sagarin_predictor, sagarin_rating, fei, team_rankings; total from fei"
2026-11-28T05:00:00.000Z,13,Washington,Oregon,Autzen Stadium,no,54000,,,,,777.63,984.33,,,12.174312299779888,56.96,,,,,,,"blend of 4 margin source(s) (fitted weights): sagarin_predictor, sagarin_rating, fei, team_rankings; total from fei"
2026-11-28T05:00:00.000Z,13,USC,UCLA,Rose Bowl,no,88565,,,,,899,774.45,,,-7.6905882854806995,62,,,,,,,"blend of 4 margin source(s) (fitted weights): sagarin_predictor, sagarin_rating, fei, team_rankings; total from fei"
2026-11-28T05:00:00.000Z,13,Southern Miss,Old Dominion,S.B. Ballard Stadium,no,20118,,,,,602.63,544.25,,,12.3995118896804,45.8,,,,,,,"blend of 4 margin source(s) (fitted weights): sagarin_predictor, sagarin_rating, fei, team_rankings; total from fei"
2026-11-28T05:00:00.000Z,13,Boston College,Miami,Hard Rock Stadium,no,64767,,,,,660,885.94,,,22.245443585593037,53.36,,,,,,,"blend of 4 margin source(s) (fitted weights): sagarin_predictor, sagarin_rating, fei, team_rankings; total from fei"
2026-11-28T05:00:00.000Z,13,Arizona State,Arizona,Arizona Stadium,no,50782,,,,,722,699.59,,,3.7756361212126195,51.44,,,,,,,"blend of 4 margin source(s) (fitted weights): sagarin_predictor, sagarin_rating, fei, team_rankings; total from fei"
2026-11-28T05:00:00.000Z,13,Louisiana,Georgia State,Center Parc Stadium,no,25000,,,,,590.94,573.83,,,-1.9237816922293511,54.92,,,,,,,"blend of 4 margin source(s) (fitted weights): sagarin_predictor, sagarin_rating, fei, team_rankings; total from fei"
2026-11-28T05:00:00.000Z,13,Navy,Charlotte,Jerry Richardson Stadium,no,15300,,,,,195.68,576.77,,,-12.937329283762637,52.88,,,,,,,"blend of 4 margin source(s) (fitted weights): sagarin_predictor, sagarin_rating, fei, team_rankings; total from fei"
2026-11-28T05:00:00.000Z,13,UAB,North Texas,DATCU Stadium,no,30850,,,,,606.18,602.08,,,11.73628738866493,62.480000000000004,,,,,,,"blend of 4 margin source(s) (fitted weights): sagarin_predictor, sagarin_rating, fei, team_rankings; total from fei"
2026-11-28T05:00:00.000Z,13,Purdue,Indiana,"Memorial Stadium (Bloomington, IN)",no,52656,,,,,698.33,735.26,,,22.331313807501733,52.040000000000006,,,,,,,"blend of 4 margin source(s) (fitted weights): sagarin_predictor, sagarin_rating, fei, team_rankings; total from fei"
2026-11-28T05:00:00.000Z,13,UCF,Colorado,Folsom Field,no,50183,,,,,672.14,731.62,,,0.47136174107878703,49.160000000000004,,,,,,,"blend of 2 margin source(s) (fitted weights): fei, team_rankings; total from fei"
2026-11-28T05:00:00.000Z,13,Oklahoma,Missouri,Memorial Stadium,no,71168,,,,,851.14,808.36,,,-1.9056992864531774,46.04,,,,,,,"blend of 4 margin source(s) (fitted weights): sagarin_predictor, sagarin_rating, fei, team_rankings; total from fei"
2026-11-28T05:00:00.000Z,13,Baylor,Houston,TDECU Stadium,no,40000,,,,,723.28,695.93,,,4.212619034312464,56.84,,,,,,,"blend of 4 margin source(s) (fitted weights): sagarin_predictor, sagarin_rating, fei, team_rankings; total from fei"
2026-11-28T05:00:00.000Z,13,Illinois,Northwestern,Ryan Field,no,35000,,,,,704.01,688.32,,,-1.900418963581358,52.160000000000004,,,,,,,"blend of 4 margin source(s) (fitted weights): sagarin_predictor, sagarin_rating, fei, team_rankings; total from fei"
2026-11-28T05:00:00.000Z,13,Tennessee,Vanderbilt,FirstBank Stadium,no,40351,,,,,885.9,727.39,,,-2.025960100363679,62.96,,,,,,,"blend of 4 margin source(s) (fitted weights): sagarin_predictor, sagarin_rating, fei, team_rankings; total from fei"
2026-11-28T05:00:00.000Z,13,UConn,Wyoming,War Memorial Stadium,no,29181,,,,,652.56,528.29,,,1.9128962093270812,50.120000000000005,,,,,,,"blend of 4 margin source(s) (fitted weights): sagarin_predictor, sagarin_rating, fei, team_rankings; total from fei"
2026-11-28T05:00:00.000Z,13,Louisville,Kentucky,Kroger Field,no,61000,,,,,739.97,786.65,,,0.1277165877037203,45.92,,,,,,,"blend of 4 margin source(s) (fitted weights): sagarin_predictor, sagarin_rating, fei, team_rankings; total from fei"
2026-11-28T05:00:00.000Z,13,LSU,Arkansas,Razorback Stadium,no,80000,,,,,931.76,745.48,,,-5.432604276371265,55.879999999999995,,,,,,,"blend of 4 margin source(s) (fitted weights): sagarin_predictor, sagarin_rating, fei, team_rankings; total from fei"
2026-11-28T05:00:00.000Z,13,Louisiana Tech,Georgia Southern,Allen E. Paulson Stadium,no,25000,,,,,543.02,634.19,,,1.7476517368834457,56.959999999999994,,,,,,,"blend of 3 margin source(s) (fitted weights): sagarin_predictor, sagarin_rating, fei; total from fei"
2026-11-28T05:00:00.000Z,13,Tulsa,UTSA,Alamodome,yes,36582,,,,,622.84,655.82,,,10.168132583632381,53,,,,,,,"blend of 4 margin source(s) (fitted weights): sagarin_predictor, sagarin_rating, fei, team_rankings; total from fei"
2026-11-28T05:00:00.000Z,13,Notre Dame,Syracuse,JMA Wireless Dome,yes,49057,,,,,953.03,745.61,,,-20.095803184815583,49.64,,,,,,,"blend of 4 margin source(s) (fitted weights): sagarin_predictor, sagarin_rating, fei, team_rankings; total from fei"
2026-11-28T17:00:00.000Z,13,Michigan,Ohio State,Ohio Stadium,no,102780,,,,,890.02,964.27,,,12.006602052174237,53.24,,,,,,,"blend of 4 margin source(s) (fitted weights): sagarin_predictor, sagarin_rating, fei, team_rankings; total from fei"
2026-11-28T17:00:00.000Z,13,Massachusetts,Bowling Green,Doyt L. Perry Stadium,no,24000,,,,,525.94,568.33,,,13.542254815457447,48.92,,,,,,,"blend of 4 margin source(s) (fitted weights): sagarin_predictor, sagarin_rating, fei, team_rankings; total from fei"
2026-11-28T17:00:00.000Z,13,Central Michigan,Ball State,Scheumann Stadium,no,22500,,,,,540.01,563.88,,,-3.5951011038856953,48.08,,,,,,,"blend of 4 margin source(s) (fitted weights): sagarin_predictor, sagarin_rating, fei, team_rankings; total from fei"
2026-11-28T18:00:00.000Z,13,Kennesaw State,Western Kentucky,Houchens Industries-L.T. Smith Stadium,no,22113,,,,,502.86,611.52,,,6.455121657553368,53.6,,,,,,,"blend of 4 margin source(s) (fitted weights): sagarin_predictor, sagarin_rating, fei, team_rankings; total from fei"
2026-11-28T19:00:00.000Z,13,Liberty,Missouri State,Plaster Sports Complex,no,17337,,,,,633.35,549.92,,,-2.411429142360204,59.599999999999994,,,,,,,"blend of 4 margin source(s) (fitted weights): sagarin_predictor, sagarin_rating, fei, team_rankings; total from fei"
2026-11-28T19:00:00.000Z,13,Sam Houston,Florida International,Pitbull Stadium,no,20000,,,,,554.47,607.56,,,5.068522438672798,47.959999999999994,,,,,,,blend of 1 margin source(s) (fitted weights): fei; total from fei
2026-11-28T19:00:00.000Z,13,New Mexico State,Middle Tennessee,"Johnny ""Red"" Floyd Stadium",no,30788,,,,,460.38,571.5,,,1.658500697121177,51.44,,,,,,,"blend of 4 margin source(s) (fitted weights): sagarin_predictor, sagarin_rating, fei, team_rankings; total from fei"
2026-11-28T20:00:00.000Z,13,Troy,Arkansas State,Centennial Bank Stadium,no,30382,,,,,596.19,606.22,,,-0.7095385248024471,46.400000000000006,,,,,,,"blend of 4 margin source(s) (fitted weights): sagarin_predictor, sagarin_rating, fei, team_rankings; total from fei"
2026-11-28T20:30:00.000Z,13,Jacksonville State,Delaware,Delaware Stadium,no,22000,,,,,602.83,483.48,,,-0.7300552324193428,53.72,,,,,,,"blend of 4 margin source(s) (fitted weights): sagarin_predictor, sagarin_rating, fei, team_rankings; total from fei"
2026-11-28T21:30:00.000Z,13,Air Force,New Mexico,University Stadium (NM),no,39224,,,,,272.35,568.19,,,2.579274651220078,59.120000000000005,,,,,,,"blend of 4 margin source(s) (fitted weights): sagarin_predictor, sagarin_rating, fei, team_rankings; total from fei"
2026-11-29T02:00:00.000Z,13,Nevada,UNLV,Allegiant Stadium,yes,65000,,,,,549.99,696.03,,,11.601240487758549,52.519999999999996,,,,,,,"blend of 4 margin source(s) (fitted weights): sagarin_predictor, sagarin_rating, fei, team_rankings; total from fei"
2026-11-29T04:00:00.000Z,13,Sacramento State,Hawai'i,Clarence T.C. Ching Athletics Complex,no,15194,,,,,561.42,556.82,,,12.452603609354806,54.8,,,,,,,"blend of 4 margin source(s) (fitted weights): sagarin_predictor, sagarin_rating, fei, team_rankings; total from fei"
2026-12-12T20:00:00.000Z,15,Navy,Army,MetLife Stadium,no,82500,,,,,195.68,303.83,,,1.6887683205385207,54.56,,,,,,,"blend of 4 margin source(s) (fitted weights): sagarin_predictor, sagarin_rating, fei, team_rankings; total from fei"
